Abstract,Methods,Results,Discussion,Abstract+Methods,Abstract+Results,Abstract+Discussion,Methods+Results,Methods+Discussion,Results+Discussion,Abstract+Methods+Results,Abstract+Methods+Discussion,Abstract+Results+Discussion,Methods+Results+Discussion,Full Text
0.30249447426586673,0.3026460859977949,0.36739380022962115,0.36883780332056193,0.39990002499375155,0.43360905528950805,0.40139442231075695,0.4395648670427075,0.4276109367996414,0.40667094291212313,0.4530082579630358,0.4452204277608031,0.43956043956043955,0.44315992292870904,0.4769585253456221
0.3176043557168784,0.2737382378100941,0.4137775776677172,0.38852097130242824,0.381000762001524,0.4786288616165891,0.43572267920094004,0.4532955923978973,0.4318488529014845,0.46476510067114096,0.4786490683229814,0.43945607597668895,0.48863636363636365,0.47038191738113794,0.4875356803044719
0.2736644798500469,0.2798559157661402,0.40301819795827787,0.3619584721866188,0.3682112605879422,0.43373493975903615,0.3897889052528228,0.4399369830641985,0.42706699529464487,0.4438860971524288,0.4379310344827586,0.42322749021313616,0.44354348266774785,0.45144257967188384,0.44926442851754056
0.3214930764599639,0.28455941794664513,0.4206008583690987,0.37681159420289856,0.41234084231145934,0.4760878931495045,0.42739079102715466,0.4692982456140351,0.4261213720316623,0.460667086217747,0.47449078564500485,0.4370748299319728,0.4820554649265905,0.46253328261696464,0.49809596344249807
0.2964099416999079,0.3146314631463146,0.37556766575840145,0.33615601744932,0.39320866141732286,0.4373799871986345,0.38130021913805695,0.4414648789273564,0.42341332137250504,0.3983945923109421,0.4505622334238077,0.4337611485751577,0.4367722165474974,0.43828230310032734,0.4513692162417375
0.3120048750761731,0.30764920145699076,0.40054495912806537,0.3471204188481675,0.39414246711342765,0.4522526406553136,0.3934022648941408,0.44590818363273454,0.4246823956442831,0.4194708994708995,0.4704728271532274,0.43841610150951654,0.4506287363430221,0.4649004061110037,0.48660030627871365
0.2781136638452237,0.30471204188481676,0.3833150384193194,0.3534018600097895,0.38367154318074564,0.42674491720813246,0.3809748057452319,0.442193770303841,0.4252577319587629,0.4063388866314506,0.45908331786973466,0.4336099585062241,0.4425770308123249,0.44092165898617514,0.4658545588778147
0.3070320237702212,0.29794826048171275,0.38256658595641646,0.3676195565054769,0.3894319682959049,0.44291609353507566,0.39948387096774196,0.4263894781501909,0.42836946277097077,0.41420911528150134,0.45012366034624895,0.42679339217017426,0.44833625218914186,0.43469303667078696,0.4711401182949215
0.25868842550619525,0.2870514820592824,0.41744413104794964,0.35641598411516506,0.3615549725733365,0.45868465430016864,0.3778409090909091,0.46023818670764505,0.4150283966797728,0.4440769071738681,0.4708994708994709,0.42085187539732993,0.4554255748285599,0.44584336234030736,0.47309833024118736
0.28053733208372383,0.3064516129032258,0.36329762459245457,0.36121770273727294,0.37061183550651955,0.4124582869855395,0.38493723849372385,0.4364527993461381,0.43032228778937814,0.40971766250820746,0.4297619047619048,0.4174523130892348,0.431660718034852,0.4262358894511483,0.4465457352373601
0.2985170857511283,0.26907396622015145,0.37274453941120606,0.3652919121585431,0.3851967683085744,0.41963685272360457,0.3984516129032258,0.41843088418430885,0.413664014974263,0.40053226879574183,0.4245855236554792,0.43509888611047964,0.4377147766323024,0.42330796956347616,0.45634920634920634
0.2694332610715392,0.2754424778761062,0.3865886588658866,0.3454865476489816,0.372,0.4285404467577532,0.3751528491073612,0.44312326595323026,0.40689346463742165,0.4154103852596315,0.4524869363266886,0.4003466204506066,0.4321089558398679,0.44440220490401067,0.45143072289156627
0.28961424332344216,0.2739059967585089,0.3755328218243819,0.390255552901839,0.38474535360849627,0.4343185550082102,0.4364805881001608,0.42743161094224924,0.42782834850455137,0.4476847290640394,0.4464385866517106,0.44868035190615835,0.4630237497586407,0.460804112355425,0.4634769905040175
0.30846654825340436,0.29337539432176657,0.3662617465046986,0.39217628125773707,0.40282021151586367,0.43891891891891893,0.4225951311746632,0.4493886550410904,0.43827956989247313,0.44077134986225897,0.4459355828220859,0.4353628023352794,0.4551610917299405,0.4346336822074215,0.4553057052592455
0.2931090262051116,0.27606635071090047,0.4121065375302663,0.37550362610797744,0.3655117693731817,0.44935543278084716,0.3901815392482741,0.43076267575628463,0.4198581560283688,0.4292929292929293,0.45422016417596295,0.43838193791157104,0.4495229642777901,0.4522279792746114,0.46332046332046334
0.32049763033175355,0.2728476821192053,0.4005406623113314,0.35985985985985985,0.37832744405182567,0.44142036997661066,0.40209125475285173,0.4422662223093511,0.413732779357096,0.4273789649415693,0.4547015067709327,0.4304649694929518,0.4606650446066504,0.45821489482660605,0.4806786050895382
0.27679697351828497,0.28803905614320585,0.37290409121395035,0.3411885245901639,0.37663944568176194,0.41307133703545496,0.3766552231486023,0.4205388520109332,0.42133098281181136,0.3995802728226653,0.4345134455407235,0.42804587751568923,0.422517911975435,0.4299810246679317,0.4471253534401508
0.2835272504592774,0.24032351242056615,0.3735070575461455,0.3613193403298351,0.35146228835300153,0.4382703154376436,0.38391136801541426,0.4117878192534381,0.4123063103525713,0.42271165892099416,0.4372594303310239,0.4246665208834463,0.4389954518489223,0.440798060786873,0.4500556999628667
0.2828535669586984,0.3181446111869031,0.3702325581395349,0.375416133162612,0.4025622074402562,0.4294038547736441,0.40069686411149824,0.4386887899635775,0.44033013606959626,0.42153846153846153,0.4448842271917673,0.4400345125107852,0.4459632635625801,0.4401783982935815,0.46532351801627275
0.30919645585090133,0.29924770130955697,0.402512901054521,0.3682051282051282,0.3949139865370232,0.4490582191780822,0.3816114681166584,0.43333333333333335,0.41153758800817625,0.42845046570702794,0.45034146341463416,0.41802916482545294,0.46048537647790916,0.4300407529594411,0.45977450793044145
0.2912565141864505,0.270575578267886,0.3723566601264443,0.32617813964964226,0.3763132760267431,0.44129301355578726,0.3926206244087039,0.4499515972894482,0.39561883899233297,0.4254448762528124,0.4439060752888558,0.4111295681063123,0.45667125171939477,0.4421168687982359,0.47860134765980694
0.3024817518248175,0.2762747138397503,0.37735849056603776,0.3744963261436359,0.3878220140515222,0.43829962855963683,0.41520600956066467,0.43018578816318714,0.42312526183493926,0.41650138833796113,0.46315001870557426,0.44108637941596895,0.456594160297864,0.44545786209412624,0.4722172271174249
0.2903871829105474,0.3268635724331927,0.3764705882352941,0.3493282149712092,0.40224318123884784,0.42638179284718997,0.3918883328943903,0.4612427930813581,0.4316888045540797,0.41647597254004576,0.449095712253607,0.41427603343121755,0.43314082629942247,0.4309995953055443,0.4570973521799721
0.3055473153366953,0.26296296296296295,0.41391304347826086,0.3904923599320883,0.3763696998570748,0.4560965459841864,0.41190363722248463,0.4602687140115163,0.4208935894668681,0.46594836348851393,0.45537885874649203,0.4160337552742616,0.4681603773584906,0.4444444444444444,0.47296058661778184
0.2870071105365223,0.2880870561282932,0.4265116279069767,0.401376754037596,0.3853976531942634,0.4572072072072072,0.40446021287379624,0.45688413253755916,0.4392304082590333,0.46107003044802086,0.47335103124361855,0.43349304129591604,0.47752204775220475,0.47456279809220986,0.4778934957752014
0.29502151198524895,0.29793028322440085,0.39356884057971014,0.3660424469413233,0.4058679706601467,0.4454091599739527,0.40388349514563104,0.4688128772635815,0.4404269222391636,0.44293304994686505,0.455842653297339,0.44101905373581674,0.4511993382961125,0.4461362771221926,0.46130952380952384
0.25578406169665807,0.2755997659449971,0.3854460093896714,0.36686699764828845,0.3614712887007145,0.42716711349419123,0.37647650163357627,0.42940441482715536,0.4233542684345197,0.41974230181262284,0.43909348441926344,0.4174932371505861,0.4451089278086288,0.45304744887830056,0.4716535433070866
0.31627108950529026,0.24944567627494457,0.4007060900264784,0.37723106608779544,0.3986519017814155,0.4514543219991807,0.41385597082953507,0.42504970178926443,0.4211446046308432,0.4264825345247766,0.46335427374833427,0.4457070707070707,0.46914541561222506,0.4481123126541453,0.4718567251461988
0.2545018007202881,0.2913659449345095,0.38639876352395675,0.3501259445843829,0.38187545432517567,0.44364406779661014,0.3862268239826631,0.4353055286129971,0.410734087380794,0.4348540896013153,0.45970836531082115,0.427428077006273,0.4643724696356275,0.4587881068874671,0.48544054104828105
0.2842006855718292,0.26772546795235397,0.3926654740608229,0.3624711612407075,0.37870722433460074,0.4350607805502239,0.38781027279429836,0.43847241867043846,0.4134438305709024,0.4387452310300975,0.4434529582929195,0.42010138858276397,0.4520854526958291,0.43242202541393915,0.46200492704187984
0.3122006198929276,0.28361344537815125,0.4030782029950083,0.4025186567164179,0.39953271028037385,0.44527854602923744,0.44459429085187685,0.44419433502157196,0.44649214659685865,0.4518763367684231,0.45530523255813954,0.4686926371609219,0.4673178061607814,0.4557371161788472,0.476678445229682
0.296998420221169,0.2896825396825397,0.3846880907372401,0.3545168067226891,0.3850618218521322,0.4383500557413601,0.39979808177688037,0.4452798663324979,0.4173027989821883,0.4367666232073012,0.4422882555083889,0.4199192462987887,0.4669509594882729,0.4418558736426456,0.46219964836882205
0.30580539656582173,0.26061349693251534,0.3987502440929506,0.3873656503619215,0.3843120070113935,0.4518906776488207,0.4290569243840272,0.43841768871998615,0.42474465214877627,0.45757795503988397,0.4443697478991597,0.43486375513251213,0.46689034080875863,0.44258530183727035,0.451171875
0.3052538890519519,0.29505623855610774,0.39298392148674044,0.36381370397464036,0.41154029566046735,0.4440023871096081,0.4024024024024024,0.4552183567727609,0.4299226139294927,0.4242779078844653,0.460676188754294,0.4396694214876033,0.44566244566244567,0.4535644790376791,0.479181369089626
0.291319857312723,0.2849859801172572,0.412900488011882,0.36748436748436747,0.3958139534883721,0.457154488092815,0.4083333333333333,0.4406401190919241,0.4176372712146423,0.44800950683303625,0.4589318600368324,0.4389149500305935,0.4680030840400925,0.4694936482376096,0.49488238462919737
0.24992111076049228,0.28369565217391307,0.411386593204775,0.3516312791299845,0.3641331346249379,0.4444933920704846,0.38534396809571286,0.4625960372017792,0.43019554342883126,0.4456969434207674,0.4631454473787939,0.4178908134181101,0.4534005037783375,0.4550203134068485,0.4748840803709428
0.2936848559166156,0.28686977622000537,0.39343535151918385,0.34411838475043893,0.3852898197759376,0.4351112977740445,0.3791537174276835,0.4406450359432679,0.41333627732391254,0.41627479043140464,0.46591560053465725,0.42998707453683754,0.45128824476650564,0.4519606021185653,0.4651851851851852
0.28872366790582404,0.2769058295964126,0.36469221835075494,0.33985581874356335,0.38323353293413176,0.42521414452009665,0.39782823297137215,0.4154828083178917,0.40916454524415646,0.4135094176228621,0.4313569438917628,0.41609551182843246,0.44735746982937996,0.42750197005516155,0.4673807205452775
0.29785853341985724,0.31612162937464144,0.40086935522820577,0.39140686402934244,0.39617768595041325,0.4409521608504738,0.4225708502024291,0.4625393494228751,0.4474418604651163,0.4367816091954023,0.44852191641182465,0.44110388153466457,0.45517241379310347,0.45729145829165835,0.46111330438215553
0.2902621722846442,0.24949928469241775,0.38202744577246567,0.38930163447251115,0.36284096757591355,0.4486986448698645,0.4259527255185721,0.4289772727272727,0.3984691580369203,0.43707518022657055,0.4429342394563262,0.41837178929037877,0.46068569082323957,0.45168800931315484,0.45626656569481255
0.2650918635170604,0.27417519908987487,0.3881735813066285,0.37307078233102714,0.3541882109617373,0.4336851766865535,0.4036838066001535,0.43704169285564637,0.4161849710982659,0.431858407079646,0.43389970990468296,0.40885238421172715,0.4333260822275397,0.4301810865191147,0.44502617801047123
0.28757012105107765,0.29525576464351977,0.3771086910100363,0.3806343906510851,0.3925454116536919,0.43575418994413406,0.39935064935064934,0.4268849961919269,0.4223811527135044,0.43019772318753746,0.4481730052199851,0.43044189852700493,0.4427123928293063,0.44517906336088153,0.4509874326750449
0.29785874081176095,0.2907740645529849,0.4073811213626686,0.3655282817502668,0.38461538461538464,0.4740740740740741,0.3945890760592139,0.45832462920409445,0.42389030908668374,0.44795090948937105,0.4580983078162772,0.43290627107215107,0.47965921192758254,0.4568345323741007,0.49652984334721395
0.2849213691026827,0.28055555555555556,0.418129304598978,0.3575275711720954,0.3808095952023988,0.4521219876306249,0.3848595848595849,0.45408880851918826,0.41360419995434833,0.45260960334029227,0.4791260241904019,0.4193832599118943,0.4598821856591509,0.45536571318871183,0.46874409820585455
0.31199278629395855,0.2852581160191591,0.3920208152645273,0.37025948103792417,0.40105414470531864,0.43187982474441894,0.3918114734587003,0.42969198392959634,0.4255133245958934,0.4338474025974026,0.43860629774548165,0.43885955649419217,0.45487220447284343,0.4421944035346097,0.46945454545454546
0.27236315086782376,0.2593162919618109,0.397834274952919,0.3367734926670288,0.36154478225143794,0.4340909090909091,0.3692468619246862,0.4218981187909533,0.4062347783731125,0.42180518319928506,0.4434818481848185,0.4145710928319624,0.4390138408304498,0.4360382346959528,0.44663713250100684
0.31585365853658537,0.2725548631807098,0.4120999561595791,0.38738515023590764,0.3783120706575074,0.4412559783738823,0.4136933461909354,0.43644150282265914,0.42434858769432887,0.43414634146341463,0.4379867046533713,0.4429702546543976,0.46166134185303515,0.4439895794566431,0.4558688041275106
0.31792424694303606,0.27435064935064934,0.38553173056097034,0.3798262548262548,0.384652278177458,0.45508250152780605,0.4133426638675064,0.42636103151862464,0.42200647249190937,0.43330029732408326,0.4545958942112077,0.43686290825878926,0.47643064985451017,0.4358555616040646,0.47033671833244256
0.2552415679124886,0.2566534914361001,0.3898566703417861,0.37857142857142856,0.3442465093885412,0.43422459893048126,0.3854239663629993,0.4300234558248632,0.40488431876606684,0.4514157669586474,0.4369230769230769,0.39723733779824194,0.456686626746507,0.4381376368020775,0.43741959198676716
0.2593465813405187,0.26911850554582606,0.38975817923186346,0.3786510886882634,0.35182679296346414,0.4341653308907717,0.3868312757201646,0.4236243892075632,0.40785064624222117,0.4273767605633803,0.43628779979144944,0.42262043286013495,0.44937949052906595,0.44109253974724827,0.46965376782077395
0.2953809944101206,0.2841736317066595,0.3948906689759688,0.37518177411536596,0.3908484270734032,0.4404123711340206,0.4107184107184107,0.44568782558363884,0.42028675369141877,0.42717258261933905,0.4534517860447899,0.4460074472486554,0.4558011049723757,0.44510166358595193,0.4727339047966442
0.25786359389598257,0.3016639828234031,0.39562890276538804,0.3791492500614704,0.3744825906988069,0.4284185747913546,0.3950558592821488,0.44387351778656126,0.43233895373973197,0.43734439834024896,0.4525096525096525,0.42685243825205826,0.4595918367346939,0.45013172751223185,0.45577211394302847
0.29645476772616136,0.2944653412144009,0.37823004802195287,0.37695017614494214,0.3827011355399855,0.42935618545374643,0.4017278617710583,0.44479936114993013,0.43959877889228083,0.4309650053022269,0.4389675916941587,0.4343930019202048,0.4451397580308719,0.4285175405507356,0.4496531033189574
0.2848682262363044,0.27238805970149255,0.40402273721031917,0.3839652257908718,0.3777830979171654,0.46403326403326406,0.4142288790077229,0.45465071401003476,0.42969916791124385,0.44412782414003665,0.46378439079169004,0.4379166666666667,0.4743765953269193,0.4528233151183971,0.46773902042291704
0.32444035571910457,0.27163323782234955,0.39862857142857144,0.36335483870967744,0.38922155688622756,0.45263386082809454,0.42030407062285435,0.44233870967741934,0.4209563029055136,0.43889006566405425,0.45146198830409356,0.4394736842105263,0.4728921871779015,0.44101391271202595,0.4761005101076894
0.2898550724637681,0.26387771520514886,0.42234392113910185,0.3931068931068931,0.3879582422918184,0.4738384261197154,0.4262295081967213,0.45313398504887864,0.40921939552076536,0.4556806550665302,0.4589489433327099,0.4356268467707894,0.4850910546327797,0.45556577736890524,0.47269406392694063
0.3061084420041181,0.2737864077669903,0.4090909090909091,0.36677814938684505,0.3719338277239019,0.4522659305268001,0.4024422617467481,0.4403390567267985,0.4326223337515684,0.4299703939877021,0.4690677966101695,0.44801558315071827,0.4465381244522349,0.4531380753138075,0.48672019765287217
0.29224904701397714,0.2610386003887809,0.4178970917225951,0.39587525150905434,0.37662007623888183,0.46900736887732986,0.431591737545565,0.4601456406219248,0.422966082908446,0.4544894185329772,0.4506125574272588,0.4188276312922205,0.47259991759373715,0.43530743115805354,0.4583812811660913
0.288738606292267,0.2970550576184379,0.401618398637138,0.40217391304347827,0.39503904455672945,0.4528301886792453,0.4399092970521542,0.45966685382743777,0.44430459408432976,0.4636150234741784,0.4474918801876579,0.4581231079717457,0.48469872647785595,0.4566514566514567,0.48816412414518673
0.27584059775840597,0.2748487467588591,0.3487179487179487,0.35680280631420697,0.35246110686049476,0.4050739957716702,0.3777615926195679,0.41090398877530565,0.4202635165833712,0.3995880535530381,0.4227263913127787,0.41569831177373384,0.4243512974051896,0.42720270524140525,0.448681996634885
0.2549903412749517,0.2723623853211009,0.3789843921741042,0.36097806906982605,0.3663493696938513,0.4241904353420545,0.3757838880849011,0.4283157685424538,0.41925959573018395,0.4327774346304303,0.43892017867547095,0.4216287215411559,0.42581423401688784,0.43360640121927985,0.4492342597844583
0.3011031797534069,0.31809256661991586,0.39144893111638956,0.37710084033613445,0.3983635898747124,0.45014762661821484,0.4113940005041593,0.45613305613305616,0.4377880184331797,0.4469964664310954,0.4683105767271245,0.449518692634878,0.4667947896647448,0.4601348671162237,0.4908802537668517
0.29280552937480364,0.2869757174392936,0.40559440559440557,0.37044585987261147,0.37487335359675783,0.4628099173553719,0.39932236205227495,0.44779157337675557,0.4251754584559656,0.45698347993992705,0.47617132515584154,0.4283837056504599,0.467223382045929,0.46085271317829457,0.4727061556329849
0.30211851396991096,0.27098189797037847,0.38745063624396664,0.3911310413552566,0.38438735177865613,0.4527983104540655,0.41530317613089507,0.4481002741872307,0.4313899357127023,0.4429392446633826,0.46776379477250724,0.4337452066467831,0.46706098307158883,0.45819966031326664,0.4727750657153586
0.32202871982890313,0.3055052985267511,0.43286573146292584,0.37831084457771114,0.3997171812396889,0.4722932651321398,0.4072463768115942,0.46382404013119816,0.4321067355282978,0.4570957095709571,0.47624477385024705,0.43219450848878643,0.4814512841418671,0.46476761619190404,0.48850148367952523
0.29851688229725465,0.290181020296215,0.41368584758942456,0.3809766022380468,0.38611388611388614,0.457713557161071,0.4105701003180817,0.4417057902973396,0.4178036233504809,0.4542626011200996,0.46287033474413236,0.43703378674857396,0.46253282165219145,0.4522232734153264,0.4723618090452261
0.265906362545018,0.3049645390070922,0.3659147869674185,0.3469087340529931,0.38524398785897734,0.4002408671216379,0.3793999527521852,0.42939107903016843,0.43381581707572897,0.4070935960591133,0.44630201708159184,0.44249949114593934,0.417904688404399,0.44182726623840113,0.4500713266761769
0.2851952770208901,0.3208259884160161,0.3834740926729057,0.381139489194499,0.4042452830188679,0.4466652183358679,0.39491046182846373,0.4563600782778865,0.429000429000429,0.4350389555695936,0.4474833808167141,0.4293366295838484,0.4600651996740016,0.4578086825784627,0.4801925212884117
0.2763201594154766,0.3065355696934644,0.3862171541893902,0.3509444292362442,0.38810641627543035,0.4306447775398525,0.3752665245202559,0.4444444444444444,0.4203069657615112,0.41427571728481455,0.47076271186440677,0.43692449355432783,0.44000907235200726,0.4563758389261745,0.4760140004117768
0.3099940155595452,0.2597854450565381,0.3839090511587232,0.39641434262948205,0.3832874655991994,0.43850931677018634,0.42214860388073827,0.42084562438544737,0.43752839618355294,0.4183112919633774,0.4308510638297872,0.458005249343832,0.44944259730099745,0.436996817075454,0.4623041474654378
0.2810777709736681,0.2667762256915913,0.37395053324256866,0.3729240060392552,0.36122699386503065,0.4245303390196502,0.3997089497938394,0.4271806079872839,0.4252418645558487,0.4208526804558886,0.4298810220401794,0.42924126172208016,0.4403897988803649,0.43142426525998495,0.45920303605313095
0.3326848249027237,0.3061654135338346,0.39120770560632256,0.35310814646608,0.4139926354550237,0.4476987447698745,0.4213602550478215,0.4624101111353236,0.4228571428571429,0.4142890280677337,0.46125,0.4444967074317968,0.4515698062792251,0.451505016722408,0.48235782482357825
0.2762836185819071,0.30181418361737217,0.38754932047347657,0.35540950455005055,0.39078751857355126,0.4442574673958772,0.39352969579913083,0.4328387734915925,0.4201142857142857,0.4261560399266653,0.4493003641939812,0.43576881134133044,0.4565390749601276,0.43732327992459946,0.45915703095859756
0.289077828646174,0.30708215297450425,0.36931268151016455,0.3742658836091831,0.40153256704980844,0.42589595375722544,0.4072856058689603,0.4332909783989835,0.43498596819457436,0.4262734584450402,0.45965058236272877,0.44132306298142276,0.4479756203744014,0.4511034622393197,0.4660897564902395
0.2901911626449389,0.3339617559924589,0.4018629407850965,0.39833210694137844,0.4179764243614931,0.44101905373581674,0.4261664261664262,0.47102584181675805,0.45837837837837836,0.45471349353049906,0.4694113120430935,0.44960912740333825,0.4568755085435313,0.4561793589030943,0.4740740740740741
0.3211635500148412,0.29045417459885775,0.40233760395594514,0.38037405878066555,0.41342412451361865,0.4739538855678907,0.4208801498127341,0.4665218250049378,0.4285093437635811,0.4483406386975579,0.45846797186846605,0.4343026958182976,0.47227263561201854,0.443479901868277,0.47563499529633113
0.29125037844383894,0.29529208774956867,0.394311570782159,0.38323940210732665,0.3773933102652826,0.43600912673719144,0.40946745562130177,0.43382899628252786,0.43037974683544306,0.4387279724529066,0.44157758938444525,0.4126984126984127,0.4613237639553429,0.4290607535604831,0.4622556930249238
0.2962962962962963,0.265179677819083,0.3902564102564103,0.38823529411764707,0.37559473831514134,0.43198439785470505,0.4133588831097728,0.43611048731192453,0.42424242424242425,0.44115540701838146,0.4302579798863139,0.4165029469548134,0.43609371375550915,0.42945836009419824,0.4479278505475628
0.28821506720850265,0.28513940787582637,0.4031638418079096,0.36745138178096215,0.37770425044540595,0.44746494066882414,0.3913788880724957,0.439489154672613,0.42749486184060287,0.44720758693361434,0.45377488665483934,0.42809953754679586,0.46153846153846156,0.46084924035839503,0.47783534830166957
0.304725168756027,0.3148199832542562,0.3886300093196645,0.3627425614489004,0.4061866125760649,0.4311001568451714,0.3965560901494049,0.4410801963993453,0.426702751465945,0.42932166301969366,0.44955044955044954,0.43743151435459127,0.44830544830544833,0.4422287390029325,0.4763023893458676
0.2978126752664049,0.30055193176116407,0.407871198568873,0.3761883205070167,0.38632246376811596,0.44516746411483255,0.39625517091225776,0.46047745358090186,0.4486205517792883,0.44332587621178227,0.46383866481223923,0.44828255385212495,0.44963768115942027,0.470189701897019,0.48273504273504275
0.29873417721518986,0.31806073521576983,0.40849525530953457,0.4032983508245877,0.3907707412862052,0.45157039314737535,0.40617462614568256,0.4581320450885668,0.44140625,0.4498829538199617,0.4690865576386119,0.43491250533504056,0.4538236523192645,0.4723735408560311,0.4868522815158546
0.2999701224977592,0.29704016913319237,0.39870689655172414,0.36905052477422506,0.3920265780730897,0.45562859490550534,0.41018453632328894,0.4637073728329206,0.42134590655807974,0.450501002004008,0.4625023032983232,0.4352720450281426,0.46814296814296813,0.4621557541491884,0.4701830705093348
0.30141010575793187,0.2780005346164127,0.40238196512122504,0.3896165753750893,0.3932912007778318,0.4458178821590441,0.3975931497338579,0.4518489984591679,0.4168819982773471,0.4411764705882353,0.4458622630887596,0.4335635070098347,0.4552621206148995,0.4557008657211273,0.46560264171711613
0.30239179954441914,0.2743091095189355,0.37869062901155326,0.3535257927117842,0.40634201585503965,0.4379443428803575,0.40454029511918277,0.4355655599324705,0.4204191741025109,0.41769139230464103,0.45055735346997483,0.43943324685691476,0.4417249417249417,0.43092931467527806,0.4564256673148312
0.29521697814380743,0.28885037550548814,0.40092378752886837,0.3540720961281709,0.38548636129696345,0.4404840484048405,0.38711327026335973,0.4510288065843621,0.4131147540983607,0.4188752424046542,0.46163045644807654,0.4248868778280543,0.4527983104540655,0.4586866495760205,0.47348855409900215
0.3192488262910798,0.3063012150324951,0.3817292006525285,0.34498834498834496,0.3936571860055374,0.43993759750390016,0.3925609449610455,0.45467685319017137,0.42661179698216734,0.4180092694769367,0.4624900239425379,0.4425757911042266,0.439701173959445,0.45373489201505846,0.47143412359113873
0.32397529477821446,0.24915121441629667,0.3755755755755756,0.3992623328722914,0.38874798247636616,0.4438553304298428,0.43389683571738186,0.4159626101024627,0.4245925314627605,0.4207180254300673,0.4494809688581315,0.4507263447192776,0.4470673688033412,0.4306253247878053,0.4633113031689544
0.2877871825876663,0.2858716606995318,0.3970880211780278,0.36625310173697273,0.3837493881546745,0.439907387918333,0.40871418422922096,0.4344262295081967,0.41961733010776336,0.43044189852700493,0.43216650898770104,0.4198424526293379,0.4540583449097043,0.42806887613404926,0.4575550212687257
0.29225137278828556,0.27474310438074634,0.3919947792038286,0.370648635111445,0.39485186983972803,0.4374342797055731,0.4010643444605709,0.4345991561181435,0.4238263950398583,0.4321340964840556,0.44088026855650875,0.42375053395984624,0.4457418965170123,0.43694690265486724,0.4566227010960431
0.2842406876790831,0.2736469398077896,0.39226519337016574,0.37488284910965325,0.3760761214318079,0.4446688206785137,0.4088050314465409,0.4466740988480119,0.4258037922506183,0.45066615176675034,0.4474020054694622,0.42666134504091,0.4691075514874142,0.45547342485040476,0.4772241992882562
0.30287539936102237,0.2925577416595381,0.3949988423246122,0.3627760252365931,0.401948218405537,0.4393939393939394,0.39122762793042604,0.44363341443633414,0.4329801934592354,0.4321148825065274,0.4667609618104668,0.439891940567312,0.4352791878172589,0.4561543050308212,0.4668102604268651
0.2564599483204134,0.2418260333127699,0.36590038314176243,0.34293478260869564,0.34170305676855894,0.4239401496259352,0.37640449438202245,0.4121871599564744,0.39165009940357853,0.4079446552108904,0.43278550358196377,0.4114607797087835,0.4334996745497939,0.42162615255658004,0.45242874347651546
0.3187555033754036,0.2982086406743941,0.39389978213507626,0.3922211808809747,0.4077486416253248,0.44696969696969696,0.4225352112676056,0.44023713903231976,0.44674119384096184,0.4389366380171897,0.46486076908505397,0.4551809210526316,0.4607185155941571,0.4528440366972477,0.47321265313585664
0.2705634227176861,0.2925798785318194,0.38063364569388664,0.36282083229504114,0.3855306996668253,0.4220806794055202,0.37669441141498217,0.4328125,0.42248062015503873,0.4215726636475916,0.4490960989533777,0.42321391158600463,0.4377404332860903,0.44975536319156945,0.4774841831038333
0.2917331631024577,0.29191659525849756,0.3812661802777124,0.3925619834710744,0.4047983665135273,0.44712182061579653,0.40367884663186676,0.453505304763886,0.44272375313140516,0.43117453347969265,0.46402586903799514,0.43733333333333335,0.45128422840161325,0.4544728434504792,0.46705653021442495
0.3124612523248605,0.2905405405405405,0.38257745846430175,0.3549222797927461,0.4122520713030379,0.44574907588606216,0.3991064780342517,0.45754527162977865,0.41223464962337364,0.43638676844783714,0.45142411236831836,0.4214876033057851,0.4574622231422066,0.4385496183206107,0.4568432877738251
0.3127294981640147,0.2866836301950806,0.4283154121863799,0.3901689708141321,0.3852376137512639,0.48134569764934226,0.4223722275795564,0.46759639048400325,0.4179635393508226,0.45429362880886426,0.4640380424014266,0.44143356643356646,0.475,0.45479239425688783,0.48084696823869105
0.2833715972449984,0.28336272780717225,0.390745501285347,0.3704288345172323,0.3793562117584464,0.43865168539325844,0.4013141268637857,0.44846970643347905,0.44018691588785047,0.4319040213285936,0.4611292962356792,0.44102331899479286,0.44744744744744747,0.45280764635603343,0.4685714285714286
0.30334346504559273,0.26475455046883617,0.4052405692342444,0.37255400254129606,0.3768045020797651,0.4448298287448515,0.4043848964677223,0.43932472691161867,0.4272930648769575,0.43389121338912134,0.4431229618262037,0.42758620689655175,0.46001239925604465,0.4406651549508692,0.46278500094215186
0.25663980901223515,0.3086225026288118,0.420827998292787,0.34854771784232363,0.38534278959810875,0.44873096446700506,0.3972763559521014,0.46713128649463176,0.44078804936133364,0.4470777264510946,0.47024461482292806,0.44868035190615835,0.46673095467695275,0.45161290322580644,0.4833869239013934
0.30371272063298843,0.300581088219757,0.38581758805691624,0.376587795765878,0.3929507025482258,0.43644444444444447,0.41204819277108434,0.444972288202692,0.43561346362649295,0.4363791631084543,0.45855173752669387,0.4391073326248672,0.46381031613976703,0.4529735892076762,0.4859276278001149
0.29814814814814816,0.25295774647887326,0.4019584984844952,0.3519625682349883,0.37158746208291205,0.4469496021220159,0.4026712837002226,0.4383561643835616,0.41603665521191296,0.42509161457210604,0.4634971155758902,0.44008810572687224,0.47157541430669186,0.45029469548133594,0.4810664605873261
0.29904232313870865,0.29964779192630725,0.4059838895281933,0.3631168831168831,0.38811881188118813,0.4563085639572892,0.3928125779885201,0.4358353510895884,0.4157252598282874,0.427428077006273,0.46211228896741263,0.4200530035335689,0.4615067079463364,0.44544037412314885,0.4696620583717358
0.2949194547707559,0.2979757085020243,0.4103293058516939,0.363873662229183,0.3886162904808636,0.46112600536193027,0.4071106659989985,0.4554984583761562,0.4125890190673099,0.44670499778858913,0.45447347585114806,0.4227892652881654,0.48490004253509145,0.4572218929065402,0.48063516653756777
0.2779204107830552,0.2967309304274937,0.3313150883991281,0.3665977249224405,0.38822633849276833,0.40606338998621955,0.3901468026872356,0.42364737831627325,0.4157539035189932,0.3956386292834891,0.42188771358828314,0.42150247413405306,0.42162162162162165,0.4156722354813047,0.4351778656126482
0.28836374513909663,0.26079687935358037,0.4030520646319569,0.3599801390268123,0.3666504144319844,0.45835968796120596,0.38526912181303113,0.4485235434956105,0.39103139013452914,0.44733044733044736,0.46630518977536795,0.40500323485011863,0.4651536453103033,0.43458388878308896,0.44797309919671213
0.3274468721939539,0.2901960784313726,0.4021304926764314,0.3631815907953977,0.42112742775935574,0.4493336154008885,0.40860215053763443,0.438197920677705,0.41616509028374893,0.4370232941661513,0.4584440227703985,0.43913778529163144,0.4558853220270543,0.4479495268138801,0.4725133296561868
0.31346153846153846,0.28513940787582637,0.39056776556776557,0.35215769845498135,0.39191290824261277,0.43577163247100803,0.39673635900050996,0.45625,0.4344205412907703,0.42580925483380405,0.44866299244743824,0.4450462649514782,0.4427061310782241,0.45388397246804324,0.46607669616519176
0.32113698215905656,0.3157610164909435,0.3997277676950998,0.366502972344275,0.4043795620437956,0.45741257240935423,0.416911045943304,0.46828879138412444,0.4418394950405771,0.4449152542372881,0.4746676940859179,0.45997842502696873,0.459825946164744,0.4543711656441718,0.4827197595792637
0.29804849201655825,0.2922181048173637,0.40259179265658745,0.3892329680800381,0.38461538461538464,0.45445113094002904,0.42262589100942743,0.4524411593075277,0.42743496022360783,0.44640352634742536,0.44956554590102005,0.42181969602331876,0.47475538160469666,0.4467849223946785,0.4663496708119971
0.3246193622522264,0.28142292490118576,0.43620546810273403,0.392443919716647,0.3887443840151336,0.4829500396510706,0.43299908842297175,0.46856508875739644,0.4361968306922435,0.45953307392996107,0.4783640679203944,0.45114645734352404,0.4812116564417178,0.47184224551430093,0.47230113636363635
0.325497287522604,0.2882981638805152,0.38872991415364294,0.3710819009100101,0.41206769683590877,0.4500210881484606,0.41526045487894353,0.43785365853658537,0.43910042306835895,0.42504118616144976,0.45849952516619186,0.4596756756756757,0.46299657188949384,0.4408764639214205,0.46746002231312755
0.2878205128205128,0.2820366132723112,0.42036787797218483,0.36940686784599375,0.3846949327817994,0.458759521218716,0.4110913253625032,0.4698942229454841,0.42446539434352726,0.45826235093696766,0.46427856714028415,0.43320653390020136,0.4755741127348643,0.45945422875943487,0.48279860842674915
0.3104862331575864,0.32062256809338524,0.3814054054054054,0.3872513779055835,0.41687920241131465,0.4292560950197958,0.41876430205949655,0.44545111362778406,0.43721318314559865,0.44426494345718903,0.4544784371544416,0.46265938069216755,0.4574342879560612,0.45672990063233965,0.47539527447148694
0.2814580031695721,0.2848119437266724,0.3768049507219803,0.358681546846613,0.36237113402061855,0.42374751710439196,0.395424023874658,0.4342532467532468,0.4228310502283105,0.41608465608465606,0.43083630598493855,0.4246331702979102,0.43844716628607017,0.4421820975797157,0.45898475197838257
0.29017857142857145,0.3047404063205418,0.3914719891131776,0.36635706914344685,0.3913267940113578,0.4516688339835284,0.397,0.44502617801047123,0.44148215092634435,0.4251801610852056,0.45997259737717755,0.4390677025527192,0.4622166246851385,0.45178955603363974,0.46727167406835296
0.3199509653692921,0.3091106290672451,0.42334771746536454,0.38040943249546516,0.423500611995104,0.47380901056262126,0.4312590448625181,0.48091603053435117,0.4472915261856597,0.46226012793176974,0.48729792147806006,0.4621703415477735,0.47257037189233614,0.4733909702209414,0.4934720908230842
0.314510833880499,0.3188999414862493,0.40408357075023743,0.3801261829652997,0.4041204437400951,0.4485260770975057,0.41626429479034305,0.4529734289329397,0.4316109422492401,0.44737420347176443,0.45866666666666667,0.44146848302932346,0.46110751993104937,0.4433734939759036,0.4772727272727273
0.3247648902821317,0.3063806380638064,0.3787551069454458,0.3869782095038068,0.4102051025512756,0.453551912568306,0.4293246296761235,0.44261281681434167,0.4225479143179256,0.44938820912124583,0.45859359258512994,0.42894736842105263,0.46100966702470464,0.43774781919111816,0.4598909657320872
0.30367446097783174,0.2860298177802319,0.4163246694026448,0.3637284701114488,0.36051715564395825,0.45537657814540705,0.40761810536730153,0.4557739557739558,0.4322393391382005,0.44,0.4429583005507474,0.4260099373514798,0.4700996677740864,0.4453978159126365,0.46864686468646866
0.31074481074481075,0.31643543223052295,0.38711151736745886,0.3790715568094383,0.4267241379310345,0.4631262094173296,0.4301389904901244,0.4534461910519952,0.4471830985915493,0.4397680910457376,0.47022783840704574,0.45389473684210524,0.46075640504270027,0.44724770642201833,0.48934163365402755
0.31866197183098594,0.2708002119766826,0.36969420356001825,0.3693239152371342,0.38472418670438474,0.42940288855356756,0.4060114503816794,0.4345060624130392,0.4114685926898665,0.42306061890631624,0.4311008468052348,0.4313643052343914,0.45161290322580644,0.4429530201342282,0.46541353383458645
0.30937592428275656,0.29549644456149593,0.38404208680403334,0.34606741573033706,0.38842779226938584,0.4418604651162791,0.3942262186464742,0.44199109045128804,0.40113611535940574,0.4154786150712831,0.45481814773153356,0.43126456259267104,0.444311377245509,0.4266913809082484,0.4591000182182547
0.2780612244897959,0.2572421784472769,0.3803884414969209,0.34630451815095326,0.35324675324675325,0.41566674213266924,0.37228123419322207,0.41086587436332767,0.38989851309889073,0.411190053285968,0.4220258886377645,0.40291372638288186,0.4279532669839896,0.39862542955326463,0.42788461538461536
0.29744866210329807,0.29127292940522514,0.3839850152189183,0.35509138381201044,0.3900990099009901,0.42600089968511023,0.4012928891098956,0.4427104722792608,0.43238270469181234,0.4211691762621789,0.43314873417721517,0.4282560706401766,0.4416027280477408,0.42918961447678994,0.46174863387978143
0.30050280981958,0.29013854930725347,0.38602697324784435,0.4,0.4009603841536615,0.43919915700737616,0.41574357765731795,0.457347385166037,0.4454565170245066,0.4372150849564857,0.455730164814105,0.43460091934809864,0.4526166902404526,0.4590537716131484,0.47334200260078024
0.27570492737111935,0.2764387604525332,0.3864461476401775,0.38618524332810045,0.38330341113105926,0.42406542056074764,0.4162280701754386,0.46013911182450506,0.43176470588235294,0.4366747256834666,0.43907526507908917,0.43471640654739246,0.4589865111192125,0.44229163186904963,0.4719932716568545
0.2963877740043223,0.2713431212615552,0.3834412580943571,0.3705763397371082,0.38237454100367196,0.43544078361531613,0.39814814814814814,0.45122197535851344,0.42422907488986783,0.43214362043171617,0.43841007477371113,0.42406015037593986,0.4639327024185068,0.44244397624976056,0.47135969141755063
0.27656298121342776,0.26205742960691386,0.38930293730819815,0.38858560794044666,0.3807615230460922,0.44018534119629316,0.4104127579737336,0.4262166405023548,0.4192256341789052,0.43272949318135556,0.4380843350505629,0.4113263785394933,0.45145825009988017,0.43832020997375326,0.4530386740331492
0.2849264705882353,0.2952300310471352,0.37207207207207205,0.3675949367088608,0.40425531914893614,0.4213252751996546,0.4034875272463066,0.41656614394853236,0.4391998201843111,0.42045454545454547,0.45404771216269063,0.4589086127547666,0.44875232006599297,0.4350142721217888,0.46586193889098454
0.2835633626097867,0.28514171199541943,0.37622409473923935,0.3602865916069601,0.3660965024253255,0.42489734169008,0.402970297029703,0.42171359124974683,0.4344056582249601,0.39662802950474185,0.4332939787485242,0.42832167832167833,0.43562719570159125,0.43559354964056735,0.44947267497603066
0.3106796116504854,0.2896145610278373,0.379107725788901,0.38428158148505304,0.4040205932826673,0.42489626556016596,0.40766138567037125,0.4309623430962343,0.43246753246753245,0.4238517324738114,0.4380704041720991,0.439602284747197,0.443211100099108,0.4307578830905403,0.447973713033954
0.27218563813107555,0.2802927622661968,0.3589981447124304,0.3677811550151976,0.3770573566084788,0.4119601328903654,0.37642963699651916,0.4391330767672676,0.4272890484739677,0.41226941226941227,0.44195639363582795,0.4176111595466434,0.4321167883211679,0.4410911201392919,0.47253169419900115
0.3076923076923077,0.2883190883190883,0.4186360567184335,0.37433155080213903,0.3862420382165605,0.4643084092353315,0.41996142719382834,0.4376261606782398,0.41942805265546984,0.44734625105307496,0.4637910565888405,0.4333555111998226,0.4691914022517912,0.4540286218388551,0.4678340312143129
0.3443337484433375,0.30465051517683095,0.4278252611585945,0.38167539267015704,0.4129942080080584,0.48531060775958734,0.43008631319358814,0.4772867420349435,0.44285384437774183,0.45924627519719546,0.4810789049919485,0.4705361098803722,0.501062473438164,0.4633523285517783,0.5007722007722007
0.27422419252691577,0.3127018299246502,0.380009004952724,0.3625819465456379,0.38244667810737926,0.43457538994800693,0.3932336356950233,0.4518562636489974,0.45224344735673033,0.43858547813350074,0.46308854873086613,0.4551130247578041,0.44942434210526316,0.45331812131583954,0.4806026365348399
0.292997542997543,0.2810291207237772,0.4029170464904284,0.3803558005512403,0.38608077216154435,0.4413943355119826,0.41042812724228656,0.46210418794688457,0.42882882882882883,0.42462845010615713,0.4474308300395257,0.44037497274907345,0.4385601985932975,0.43906219724859524,0.4600760456273764
0.3103864734299517,0.28834870075440067,0.41264188738036944,0.3548872180451128,0.3851451057550418,0.4561997460854846,0.4012509020928554,0.45003996802557955,0.41343784994400895,0.4245204336947456,0.4634193673588201,0.4322678843226788,0.45277665180381027,0.4351993865030675,0.4635078333970195
0.29384182557049077,0.3009845288326301,0.3732410611303345,0.36610343061955963,0.4,0.4375,0.39842790469172196,0.43305651205185336,0.435723951285521,0.4315068493150685,0.4519728975687525,0.44063324538258575,0.4480167014613779,0.4625930278104191,0.4745045218395228
0.29896907216494845,0.26832641770401106,0.41744413104794964,0.4113817217265493,0.39473684210526316,0.4578563995837669,0.4291984291984292,0.4521193092621664,0.4389179755671902,0.4564081960626758,0.4742583732057416,0.45595414986202504,0.468407414789715,0.4555160142348754,0.46708579881656803
0.2631743062051762,0.28372739916550765,0.3829979651820032,0.3427122940430925,0.3780641900429618,0.4275237273511648,0.3856546303119627,0.44287729196050774,0.4148382718841891,0.4125370605675561,0.4515366430260047,0.41590214067278286,0.43543356207111666,0.4530365163054091,0.4719617224880383
0.2935901693789439,0.304270462633452,0.40574162679425835,0.40668232837379276,0.38695884553714593,0.4610792192881745,0.429873417721519,0.4444444444444444,0.4493023255813953,0.4628685435601862,0.4655819774718398,0.46741883490674646,0.4664509169363538,0.4534510433386838,0.4738004416783778
0.30270591733571217,0.28372962864012824,0.3795620437956204,0.35421383647798743,0.38698955365622034,0.43760469011725295,0.4022609514837494,0.4379505162672901,0.39582407818747223,0.4366721854304636,0.452709080611667,0.41823169445030595,0.46535843011613937,0.4418648193222243,0.4736070381231672
0.29498164014687883,0.2993717563507238,0.38312985571587127,0.368044920877999,0.40487804878048783,0.4357943727522742,0.40592376790483126,0.4410601265822785,0.42212389380530974,0.4250783699059561,0.45454545454545453,0.4475703324808184,0.45332262597871914,0.44258555133079847,0.4623833058758924
0.26593931128537335,0.2978848413631022,0.37535953978907,0.33062937062937064,0.3846767757382282,0.4172461752433936,0.3711340206185567,0.43373493975903615,0.4063414634146341,0.4156545209176788,0.4393348388421269,0.40756302521008403,0.4323613242709932,0.4227476559315124,0.43719611021069693
0.2646778800380831,0.2890602684947158,0.37697022767075306,0.37354471141937085,0.36147689129873484,0.4235936188077246,0.4014423076923077,0.44799054373522457,0.43374578177727785,0.4226044226044226,0.4509466437177281,0.4386040499784576,0.4361744697879152,0.44377811094452774,0.4493845305897483
0.2635933806146572,0.2780720338983051,0.3892849427522143,0.3570561088170998,0.3716646989374262,0.43135662063363117,0.39730483271375466,0.4110641567422205,0.42303528902359816,0.4259634888438134,0.4349759170062986,0.4302374010828821,0.4568190699491989,0.42503259452411996,0.4419989175536713
0.30168970814132107,0.2834298318169286,0.385616589455107,0.3626428216592151,0.3831152801777339,0.43437960817358334,0.39514401333015947,0.4199066874027994,0.3969804618117229,0.4222314392368312,0.43826687116564417,0.4148084000865988,0.44642857142857145,0.4206948640483384,0.44302848575712145
0.27817745803357313,0.2785471648811079,0.3475661827497865,0.37054860442733395,0.3934813415210203,0.4017216642754663,0.3898746155665957,0.4005225830533781,0.4275656069980798,0.40317145688800793,0.43089430894308944,0.4359875904860393,0.43141852286049237,0.42642533936651583,0.45871559633027525
0.31850699844479,0.2764180823495537,0.41203491042719337,0.3737041719342604,0.40183579806221315,0.4688311688311688,0.4199706314243759,0.4535026628430971,0.42013729977116704,0.450288646568313,0.4655376132335565,0.43549097313958607,0.4828014919187733,0.4664711632453568,0.49382716049382713
0.3456718157971437,0.29114611624117326,0.3983809118023008,0.3782178217821782,0.4132469402447804,0.46451355661881977,0.42964352720450283,0.46130090716077976,0.44247404844290655,0.43560377737592926,0.484375,0.45172054223149116,0.4793388429752066,0.46363468974406186,0.49368914532996755
0.318796992481203,0.28825910931174087,0.3831948291782087,0.3640020110608346,0.3923865300146413,0.4466739367502726,0.41658722592945663,0.4305669679539852,0.42105263157894735,0.41113490364025695,0.43380614657210403,0.4297591131954807,0.4543383723338165,0.42640776699029126,0.44976258309591644
0.3019202363367799,0.31422505307855625,0.39512979554330346,0.354014598540146,0.4043767840152236,0.44187540141297366,0.3991185112634672,0.45490822027134875,0.41698494720287577,0.43299406276505514,0.4505703422053232,0.4185747913545902,0.46592775041050905,0.4406651549508692,0.45976584278015237
0.27517198248905567,0.2786394557823129,0.3703011907541443,0.3841126194067371,0.37509229633275903,0.42901234567901236,0.40194884287454324,0.4207171314741036,0.4220430107526882,0.4272300469483568,0.4373911360557383,0.4044357469015003,0.44370029300962743,0.42939592150827244,0.45040619686378236
0.2914572864321608,0.270979020979021,0.3667348329925017,0.3912716328066215,0.374869109947644,0.4345342706502636,0.40326060896667465,0.43194415931020325,0.42899611250857533,0.4129743481026076,0.45214257108530237,0.42663706992230854,0.43634858207410476,0.4247164646069613,0.4638635923270684
0.30155979202772965,0.2900882200311365,0.3773269190545911,0.3492292870905588,0.3838477605012764,0.43885034687809715,0.39963039963039965,0.42718089990817265,0.41039729501267963,0.41759968571989786,0.44460509669257187,0.4320098745114174,0.4384245917387128,0.4330778827303511,0.4619497415790412
0.3113690679412769,0.2742373905164603,0.42200452147701584,0.38416504042375244,0.37709346299297675,0.46568160152526217,0.41174885475613043,0.443859649122807,0.41504794688959923,0.46257554625755465,0.44765187419215857,0.4203944203944204,0.47127996381727727,0.44546979865771813,0.4609914243882033
0.2905982905982906,0.2929769392033543,0.39104220499569337,0.3750307200786434,0.40479041916167663,0.4546018614270941,0.42073170731707316,0.4379645511720983,0.4363793475912724,0.43009430094300943,0.4590469099032018,0.4447220487195503,0.46153846153846156,0.43683241252302024,0.4569028487947407
0.28499843407453807,0.2933038184836746,0.39097387173396675,0.362532981530343,0.39370472145890584,0.44414535666218036,0.40427647936350075,0.43709167544783983,0.4249016431381625,0.41976407745381705,0.48153438073862476,0.4470380973353887,0.455847765661749,0.45054945054945056,0.47392425143763633
0.29774252593044537,0.28733459357277885,0.3968067621507396,0.37750385208012327,0.37859071937147065,0.44854762440891693,0.41489101151114377,0.4254440313919868,0.42227689554909414,0.4480208786428882,0.46175466773740215,0.4331515812431843,0.475765306122449,0.43416370106761565,0.45849495733126455
0.31917551530293564,0.27959413754227735,0.3723502304147465,0.3686868686868687,0.37203432609793036,0.4383502483264954,0.4205153135634419,0.4238708358880033,0.4172727272727273,0.4253412969283277,0.42042755344418054,0.413400481716663,0.4539800995024876,0.4225793806350451,0.4601632335794792
0.29760795278036656,0.28974288084047556,0.3940795559666975,0.38783649052841473,0.40169028088491177,0.4402708014850404,0.41475765613696647,0.43847241867043846,0.4444444444444444,0.4342273307790549,0.43890959011570896,0.42386117136659435,0.45424430641821945,0.4411076443057722,0.44627466002681476
0.2866707242848448,0.2850901146914255,0.40365376250543716,0.3870967741935484,0.36493474513666585,0.44867549668874174,0.4081343107117522,0.4401244167962675,0.4415127528583993,0.4470300061236987,0.444275966641395,0.42241014799154336,0.4686258935663225,0.435202376531749,0.46877895126922364
0.3397807865892972,0.31862028646594565,0.4262295081967213,0.3781148429035753,0.42507242559915726,0.4698383792396995,0.42643262777490964,0.47073737587154024,0.44587813620071687,0.46351172047766476,0.4733264675592173,0.45523941707147814,0.48350226439508304,0.4805668016194332,0.4904093335969943
0.2988654781199352,0.31832167832167835,0.40168145726296123,0.3971889640812077,0.390194075587334,0.4423717521652232,0.41912869303955935,0.44863645683822023,0.4440383736866149,0.4493848478307792,0.45808263136782995,0.451063829787234,0.46802202456586195,0.4588557993730408,0.4821011673151751
0.3166407465007776,0.274434014356709,0.4177638919883955,0.3727672793165933,0.3968095712861416,0.46272824919441463,0.41794684223360157,0.4688189292159615,0.40680272108843535,0.4541815883716031,0.4614191547111283,0.43076248904469766,0.47139020863457964,0.44491120870727513,0.47173708920187796
0.31353337415799143,0.3027730616864743,0.3820689655172414,0.3664580725907384,0.41182415361293584,0.4226781380983896,0.41103848946986205,0.4394655704008222,0.4297483856602093,0.412779552715655,0.4467957676182871,0.4471143531431023,0.4408044785403276,0.4393289114319157,0.463129145532579
0.28802698145025296,0.32691218130311617,0.38780064468137865,0.3883391281091201,0.42031975244971637,0.43546099290780144,0.4130890052356021,0.47237038617452526,0.43147326640205463,0.42920046349942065,0.46953999171156235,0.4452505100884153,0.44263775971093045,0.45824763471822294,0.4681640222542757
0.2958179581795818,0.2917139614074915,0.387140902872777,0.3337672481124707,0.3963918817339013,0.43514279485502505,0.38364167478091526,0.43168397475056,0.4091223220456116,0.39387402933563415,0.4563279857397504,0.44194260485651216,0.4337250051535766,0.4391575663026521,0.47606382978723405
0.3170341962288271,0.2938278759779774,0.37936852253555076,0.3768038482095136,0.4079290558163798,0.46597096188747733,0.42334669338677355,0.42881427964300894,0.4243707362973418,0.4401631912964642,0.456734693877551,0.45431874858308774,0.47899523603291466,0.45209947003668977,0.4873982933121651
0.2753012048192771,0.2822838847385272,0.4097728246892413,0.38067492109735374,0.37454100367197063,0.4536125654450262,0.41239063608418064,0.45517506733358987,0.4289416846652268,0.4477124183006536,0.43802281368821294,0.42732123799359656,0.4516385302879841,0.44073455759599334,0.4590469099032018
0.25961538461538464,0.2678665960825834,0.37164667393675027,0.35887672536887194,0.3540462427745665,0.4229405630865485,0.3848301535597953,0.4192558496355965,0.4029335634167386,0.42487462387161484,0.43086696562032883,0.4018264840182648,0.43682664054848186,0.42747252747252745,0.44990892531876137
0.27566357531180047,0.2897506925207756,0.411413404114134,0.3854762496891321,0.37858411570667344,0.4491725768321513,0.4106090373280943,0.45324446187022155,0.42284702235997346,0.44075534343224737,0.4435452793834297,0.4323382000435825,0.4644742184328055,0.4436174171938965,0.46243207794641183
0.3167271527548664,0.28370044052863436,0.35869294088301323,0.3637842233667661,0.39491794600317626,0.43872198378636146,0.3933141812483677,0.42320966350301986,0.40703275529865124,0.4130335016062414,0.45222929936305734,0.4368840919755983,0.4356699201419698,0.43028547786512206,0.46487603305785125
0.2745729938768933,0.28112449799196787,0.37893231649189707,0.34970635344367323,0.3894899536321484,0.42973708068902994,0.3816793893129771,0.4296760710553814,0.41985088536812676,0.4230769230769231,0.4567926455566905,0.4252431576566388,0.45139186295503214,0.4448938321536906,0.469678953626635
0.2679718568369532,0.30023578726748756,0.36465074760098193,0.38322487346348516,0.38866396761133604,0.4201537147736977,0.3923555146212296,0.4352850539291217,0.4305027460920997,0.4221949221949222,0.44419391206313413,0.4343163538873995,0.42774335398760743,0.4272593681116826,0.4341311894756075
0.296274217585693,0.2872134769400718,0.4045495093666369,0.3788788788788789,0.3847297967278136,0.45630448649798,0.41893830703012913,0.4645496305172758,0.4255508568884932,0.444629129441097,0.46201311222522173,0.4367469879518072,0.4670585850395297,0.45777607948032095,0.46771183277342293
0.32112332112332115,0.31201764057331866,0.3950837988826816,0.3774917991420641,0.43377646479566717,0.45355074018450975,0.4280936454849498,0.4508990318118949,0.43534675615212526,0.4333821376281113,0.4750575594781274,0.4600473831574413,0.44893015744852643,0.44097156844285446,0.4727408513816281
0.33160937024642534,0.298465829846583,0.4327032566613528,0.38424396442185516,0.419,0.4748263888888889,0.42957236047354436,0.47703823588913613,0.44439481911567663,0.46880907372400754,0.49646781789638933,0.46540056756166776,0.48408950934099776,0.47844495765973827,0.4956190476190476
0.31861931629605045,0.28355607205113303,0.39312883435582824,0.3691401017948031,0.3960084033613445,0.4263219741480611,0.38040943249546516,0.43498716852010266,0.4277896740423507,0.4327379606601854,0.4396895322005454,0.42636552200967964,0.4393370165745856,0.4315897435897436,0.4543973941368078
0.2653190145293746,0.29372937293729373,0.3881439661256175,0.3619197482297404,0.38197211155378485,0.4255224544241885,0.394776494224008,0.4390044879640963,0.43563902885936784,0.4359086918349429,0.452291212061099,0.44104134762633995,0.4495701404906689,0.4557011539213769,0.4730515703761148
0.30764507215228737,0.3008086253369272,0.39282470481380566,0.372445117335352,0.3988480921526278,0.44058344058344057,0.3897978825794033,0.44843935203476887,0.43038528896672507,0.4286016500951978,0.443716268311488,0.4300064116264159,0.4464468564407127,0.43719351188230854,0.453646024184683
0.2993361496680748,0.29296235679214405,0.4149079479119892,0.38427299703264095,0.3961259079903148,0.4552880481513328,0.4078542701679678,0.4409448818897638,0.43743199129488575,0.4491386382280558,0.46557377049180326,0.45549626467449306,0.4741604665192037,0.46536144578313254,0.48721804511278194
0.2885927851803705,0.29049344856425985,0.36646415552855405,0.35440976933514245,0.3907637655417407,0.41150545117142195,0.3981191222570533,0.43364327979712597,0.4236224133922344,0.410915651781687,0.42705786471067647,0.43571909356069105,0.43606701940035275,0.42132796780684106,0.44189723320158103
0.29144797777091697,0.25453498416354736,0.3423548461716401,0.3528513238289206,0.36874677668901495,0.414125904803685,0.39559902200489,0.39239197849906965,0.4074074074074074,0.40146299483648884,0.4105011933174224,0.41252220248667854,0.4390852390852391,0.3960629921259842,0.43257779485209374
0.2888229475766568,0.280466472303207,0.3771908170822019,0.38273229797315084,0.37446808510638296,0.421421889616464,0.4036885245901639,0.4377277599142551,0.424625468164794,0.43511796733212343,0.44043919618810856,0.41852961511869097,0.45141342756183744,0.4384678076609617,0.4595028067361668
0.2846394984326019,0.2997847147470398,0.38553113553113555,0.3562133197244195,0.3901004655721637,0.42729452801395246,0.38224593742420565,0.4650974025974026,0.4254473161033797,0.4134841049711969,0.43202475343260494,0.4277481323372465,0.43541971948921915,0.4278910268622595,0.4518939393939394
0.2917267223983857,0.29186351706036745,0.384061042814752,0.3521923620933522,0.37719093246085533,0.44211797865915037,0.39057544177616677,0.4430909783022459,0.4249947401641069,0.4331384015594542,0.4553324737520722,0.42494413975218365,0.45765627987000573,0.4493853940708604,0.45393575714789974
0.3038657476775547,0.27827050997782704,0.4071910112359551,0.37512588116817724,0.3972468043264503,0.4661269706007669,0.42065009560229444,0.4570289132602193,0.43171219187208526,0.43556485355648533,0.463006230529595,0.44715969989281884,0.46685761047463176,0.4582776398701547,0.498292220113852
0.2854517611026034,0.2884250474383302,0.3944037308461026,0.3564954682779456,0.36875612144955927,0.43433696348494555,0.39557266602502406,0.4397781299524564,0.4283519859556726,0.43613707165109034,0.43690430804422414,0.43861892583120204,0.4550010022048507,0.43734643734643736,0.4543768545994065
0.27712749130022146,0.2623331398723157,0.3916849015317287,0.36824752726350496,0.3555670905787698,0.45002126754572525,0.40840254030288226,0.4412755000990295,0.430622009569378,0.4268142681426814,0.46147844743514727,0.4432647644326476,0.4556655221167441,0.4600651216242099,0.47484756097560976
0.28668310727496915,0.3029978586723769,0.4026086956521739,0.3588729609490855,0.3848780487804878,0.44012539184952976,0.3960255500354862,0.45396394650125993,0.44343105320304016,0.44263297330344403,0.45468221135765324,0.4519940915805022,0.4498699219531719,0.438871473354232,0.45814167433302666
0.31603913430180847,0.3243386243386243,0.40963855421686746,0.3674096848578017,0.4144830871843735,0.46825223652629283,0.4093878538591822,0.4508,0.4489885664028144,0.44630584192439865,0.47019867549668876,0.4496288441145281,0.4735632183908046,0.46510728784071137,0.4686968034802345
0.2746081504702194,0.2909090909090909,0.38866930171277997,0.3701863354037267,0.37557721908671116,0.4359464627151052,0.4032101167315175,0.4425803874575594,0.4206241519674355,0.4382255389718076,0.44839024390243903,0.4429678848283499,0.4408817635270541,0.4508274681377211,0.4690298507462687
0.3027914614121511,0.26823967711890717,0.40842787682333875,0.38354700854700857,0.3829208593962469,0.45942350332594234,0.4143405889884763,0.45873116910672607,0.41476444876153473,0.4531891891891892,0.45460135273621644,0.4363042463835744,0.46809403862300586,0.45119742402897967,0.489191353082466
0.2781413612565445,0.27315634218289087,0.4089559058716016,0.3868801652892562,0.37749933351106374,0.4642936104355516,0.41172088403277873,0.46251276813074566,0.4227304227304227,0.45132365499573013,0.4617229662202678,0.4358222422738552,0.4493447056376118,0.4649793996468511,0.4801241031607524
0.3038976857490865,0.28100513374763575,0.396875,0.35807192042846214,0.38508113344635503,0.4304818509870516,0.40796503156872266,0.4411244348338903,0.4225663716814159,0.4304581097812629,0.4449096098953378,0.43487484089944844,0.45417515274949083,0.44850746268656716,0.47493989273164416
0.2993315896541703,0.28038897893030795,0.3776,0.3495630461922597,0.3905803996194101,0.4301258800938767,0.39095619406500237,0.4288840262582057,0.4131829241318292,0.41825095057034223,0.44896392939370683,0.41346153846153844,0.44369009584664537,0.43393708293612965,0.46096654275092935
0.28422023992617657,0.2799788695192816,0.40018294077292477,0.36790505675954593,0.37366375121477163,0.457117979973879,0.40433390790445706,0.4471803018268467,0.4180939833113746,0.44056984903253243,0.4456038647342995,0.41736514076939607,0.46002922145689834,0.4496951219512195,0.47770334928229663
0.32575521644347555,0.31940040357451716,0.39777210489672776,0.37752928647497336,0.42595930981200103,0.44667832167832167,0.41316913797436544,0.45984644117036727,0.4392304082590333,0.43944636678200694,0.45777866083846613,0.43107319263583294,0.46267087276551,0.45206822191727114,0.4806683504954342
0.3075957313245449,0.2871287128712871,0.4074410163339383,0.37336747759282973,0.38308457711442784,0.444299674267101,0.41662615459406904,0.456734693877551,0.4221284159075761,0.42938328772889917,0.4466248037676609,0.44064864864864867,0.46966245599503004,0.44603205251979144,0.46914526638558834
0.2928975487115022,0.2653834937299504,0.38337497161026574,0.35850025680534153,0.3695316520844056,0.44968621510495566,0.39782823297137215,0.4217161447742985,0.40780306549001394,0.42990654205607476,0.4475496949419406,0.4206259851384823,0.4527445315724309,0.44383454224661834,0.4786390875700754
0.29951397326852974,0.27175141242937856,0.381887129154584,0.3406732472791698,0.3755891838253535,0.43444730077120824,0.38641914997557403,0.43310288735258234,0.4029884537016074,0.4136614340263046,0.44713226687475616,0.4141238012205754,0.43860369609856265,0.4398838334946757,0.4640335813775997
0.2796558082360172,0.30083715906022146,0.3882327678763152,0.36713798147245247,0.394601226993865,0.43233237350884407,0.3952403173121792,0.44022770398481975,0.43287790067230536,0.4286579212916246,0.4563708012760368,0.43954179041154007,0.44593793239770707,0.44698085419734906,0.46128798842257596
0.2707882534775889,0.2967457253171539,0.3997293029551094,0.37122736418511065,0.3705346144370535,0.4304394426580922,0.4031868662481893,0.44782168186423504,0.4216144096064043,0.4340461571035359,0.44475029492725127,0.4364820846905538,0.457747912848707,0.4351512815571401,0.4728177641653905
0.294770206022187,0.2544190089829035,0.3690926275992439,0.3626943005181347,0.35294117647058826,0.4306241580601706,0.4042818023400548,0.4288128432615125,0.4035250463821892,0.40097151689114596,0.44108637941596895,0.42857142857142855,0.43435635123614663,0.43190428713858425,0.452660406885759
0.28519746759119685,0.28873611845584346,0.3887757411179,0.36860940695296524,0.3932235743259365,0.4427217915590009,0.3962863425360371,0.43621236133122027,0.4305010893246187,0.42994241842610365,0.454876413105959,0.44349861672696317,0.4503284072249589,0.44010514457378896,0.456408345752608
0.300269703326341,0.3055555555555556,0.3982207159500106,0.3681640625,0.40058550866064896,0.4395471087747675,0.40897405935966347,0.44874202027788207,0.436112906701142,0.42389362968843025,0.45703771849126035,0.4398080534112247,0.44371245882580895,0.451694761645822,0.45039929015084296
0.3191038449894036,0.2846527579308374,0.40009062075215224,0.3665399239543726,0.38608695652173913,0.43459552495697074,0.41125541125541126,0.4472934472934473,0.4245477444469888,0.43160327799957976,0.44033811676823276,0.41465009810333553,0.44742821731047305,0.4239861618297136,0.45771527643999227
0.3027786649632705,0.2929528246942341,0.379482308240323,0.3444414822713943,0.38894628099173556,0.43199276999548125,0.3814143477150881,0.4233115926783084,0.4199438202247191,0.4073015174840554,0.45079104170947193,0.43032228778937814,0.4425949637217243,0.4348355663824604,0.45660828025477707
0.2797897196261682,0.31266979501111386,0.3985175495966863,0.3658420551855376,0.40289396337327604,0.4330496159435333,0.4122067866089729,0.4628315278296601,0.4470150795290229,0.4462507620402357,0.4601899196493791,0.45930115128256915,0.4571090514691382,0.46223346584748826,0.4751221277365659
0.2890397672162949,0.2755607340518497,0.3897288216942645,0.34829346949744694,0.37289915966386555,0.4228809634089856,0.39123630672926446,0.4292063492063492,0.4029356060606061,0.42752171008684037,0.4237217099748533,0.405080831408776,0.43823657791357484,0.41879303361684894,0.44646098003629764
0.32064376354069946,0.2910958904109589,0.3814814814814815,0.3577449947312961,0.3869653767820774,0.44541675782104573,0.40678799803246435,0.44064303380049463,0.42547235829251223,0.4295503211991435,0.4576,0.4337940258582256,0.4661371237458194,0.45353894820086993,0.48021722265321953
0.28829880361832505,0.28549262994569435,0.3906878306878307,0.34776192818494833,0.38090781469349555,0.43672157492969066,0.38621982657604875,0.42854438765852737,0.4233390119250426,0.42019154030327216,0.45474532795895933,0.4293085655314757,0.44504435017354416,0.4420553935860058,0.4585895117540687
0.30440251572327043,0.3378895571350465,0.3993498955189227,0.37307297019527236,0.4103585657370518,0.44851157662624036,0.40088213673119333,0.45199835187474247,0.43983957219251335,0.43393360815795184,0.45828343313373254,0.43674176776429807,0.45399792315680165,0.4539925446340985,0.46582768635043564
0.30954587581093607,0.2738799661876585,0.4115114434624972,0.3773006134969325,0.3750310867943298,0.45867589787970575,0.40819312362838334,0.4346602332127061,0.4266851980542043,0.45663265306122447,0.4544564152791381,0.4442466058312931,0.4625739343259229,0.44627782041442826,0.4676748582230624
0.2826917425800764,0.260427807486631,0.40034035311635824,0.35101636093207733,0.36899299686066167,0.4611937258097372,0.3758515386422363,0.4457968809433245,0.3909410729991205,0.44288857771554313,0.4472140762463343,0.40221088435374147,0.45695364238410596,0.43438749545619776,0.45202787207432554
0.3308583308583309,0.33237070097138355,0.4330521306510924,0.38553628145614466,0.4127364136940388,0.4734339466611536,0.4347417840375587,0.46588954710491115,0.44647797403702916,0.43947100712105797,0.4887619047619048,0.45676182538028753,0.4705412422608348,0.47472118959107806,0.48912642830814596
0.3373934226552984,0.27089175546831185,0.37963173448511023,0.3666838576585869,0.3986237404767756,0.42476726564191386,0.41034398633813124,0.43612955139810905,0.41438202247191014,0.4180187873612297,0.4260011607661056,0.41422413793103446,0.4353208170002063,0.40877025738798856,0.4551148225469729
0.32354703415218694,0.28029034059184815,0.3790937640197398,0.3828085957021489,0.4102941176470588,0.4390141141773752,0.42489978778589954,0.40937065713718485,0.4395702775290958,0.4189048511347075,0.4504331087584216,0.4603854389721627,0.45487220447284343,0.43140243902439024,0.4692526017029328
0.30079622530227074,0.3141492837396331,0.3943345323741007,0.39471788715486195,0.41446005065622843,0.44411006018916593,0.43448275862068964,0.45275667251120205,0.4448637316561845,0.4474171640255197,0.4551697825257535,0.44873638791863574,0.4701163257119936,0.45762081784386616,0.4746197544438336
0.29701765063907487,0.3024594453165882,0.4008705114254625,0.38505891200802206,0.3948984411903637,0.4592157685049277,0.41986020727886236,0.4570433436532508,0.4257045260461144,0.44613174635748,0.4572722127900396,0.4344381905357515,0.46612576064908723,0.46986607142857145,0.4790397045244691
0.2725609756097561,0.26935146443514646,0.3802559414990859,0.35617784328174895,0.3607639707616128,0.4252036005143592,0.37850467289719625,0.4209056453221624,0.39164835164835166,0.42604298356510745,0.43401647194024134,0.40109083280889446,0.4537712895377129,0.4259434856817751,0.4568038561364479
0.2988364972443356,0.28230184581976114,0.4190391459074733,0.37053682896379525,0.3844831819297815,0.4619907601847963,0.39884532114505655,0.4703541583764425,0.4239610963748895,0.4407131011608624,0.4707233065442021,0.4319488817891374,0.47092084006462037,0.45506912442396313,0.47760632292058713
0.30151706700379266,0.29375351716375914,0.38642424242424245,0.3695308381655245,0.40051150895140664,0.4284067327645838,0.4022233451237999,0.435751840168244,0.4447009928422997,0.41962468912502826,0.4349601797018583,0.43484072176431277,0.45001098659635247,0.4232718426920738,0.4642282958199357
0.272756105296543,0.28736263736263734,0.39551897576588935,0.35674822415153906,0.3632253202712886,0.43470639789658194,0.3699332991277578,0.44797458300238285,0.4121758737316798,0.4279606669516888,0.4379988320031147,0.3979947689625109,0.4409282700421941,0.44215349369988544,0.4549471661863593
0.332634102487264,0.2961313665460618,0.39885159010600707,0.4048661800486618,0.41175006223549915,0.45535714285714285,0.4432355723746452,0.4391679748822606,0.46523946148753037,0.4572127139364303,0.4649360712901976,0.46903032891926527,0.47657349688316913,0.46023049310409975,0.4822934232715008
0.2979527559055118,0.29144002290294874,0.42687559354226023,0.3765625,0.3812691914022518,0.4756975697569757,0.40670335167583793,0.45286971093422707,0.43945769050958394,0.4563787812362999,0.4630159378831222,0.43802212689094605,0.4674394099051633,0.46939602756384274,0.4827860696517413
0.28306115914185076,0.3134246575342466,0.39076630176106614,0.3515439429928741,0.39359839959989995,0.43214936247723135,0.3762677484787018,0.4334225149207656,0.43651861821444593,0.4158547387068202,0.4350090126176647,0.4283506292779863,0.42829415570411905,0.4305230288836846,0.46277115497361737
0.3111801242236025,0.26875,0.3585284280936455,0.3616273229532898,0.4013258541560428,0.4097872340425532,0.40164330594490094,0.4176176176176176,0.42376327083803933,0.4008324661810614,0.43197213083026903,0.43948906689759687,0.43421852827893775,0.4229955777735051,0.4470054789344417
0.2915398660986001,0.3125643666323378,0.39228723404255317,0.39101456430510984,0.38917892738490745,0.4297274275979557,0.40932889100428366,0.44211329391569715,0.43813993174061433,0.4194150591163659,0.43712797619047616,0.43787721123829343,0.43758879642784654,0.4310186037944373,0.450267577043735
0.2992859360447066,0.28159645232815966,0.39454870420017873,0.37631184407796103,0.3798100949525237,0.43713980789754536,0.3929434509424843,0.42927794263105834,0.4155844155844156,0.44549763033175355,0.4496995541771661,0.4172972972972973,0.4616329036218539,0.44153875307940116,0.46194324375117457
0.29666876178504087,0.2763425253991292,0.4019180470793374,0.3660737303428719,0.3543970510795155,0.4345991561181435,0.3972194637537239,0.4449312885879307,0.42391304347826086,0.44239819930427665,0.44141158120491325,0.41109595270577537,0.4612909712447215,0.44933920704845814,0.46471600688468157
0.31242078580481625,0.286053412462908,0.4213663457129757,0.4024297646165528,0.3872150903851192,0.4750384869144491,0.4333414574701438,0.46153846153846156,0.45429362880886426,0.4641025641025641,0.4700220573491077,0.4492785793562708,0.4762895174708819,0.4558048780487805,0.48130841121495327
0.3005310840362387,0.2533256217466744,0.4132306298142275,0.38195334529607794,0.36895740789129866,0.4624377570902793,0.40402552773686795,0.4383730484798685,0.4075785582255083,0.44762305427008836,0.4528753993610224,0.42650011153245593,0.483784342078083,0.4393289114319157,0.4680356450987989
0.3010204081632653,0.3023857430296062,0.3843382176315157,0.3837118245888802,0.40751222022125033,0.44323094425483506,0.4218127490039841,0.44799327589829796,0.4325452016689847,0.4365885992045957,0.47277227722772275,0.46004951609273015,0.45296764516820226,0.4596122778675283,0.4759624975064831
0.2701363073110285,0.28176645895421293,0.3711563447379818,0.371712158808933,0.361545988258317,0.41678847358529963,0.3846703165912878,0.42794593565581573,0.44590739521615097,0.4161943319838057,0.4317673378076063,0.4190556492411467,0.42817460317460315,0.43657058931521936,0.45223392662549944
0.30249447426586673,0.29757412398921834,0.38596491228070173,0.3759360958562157,0.39901840490797547,0.43045641358425263,0.4218637129785697,0.4500798722044728,0.4477080551846907,0.4263402279442803,0.4529389166346523,0.44143763213530657,0.45392702535559676,0.44486547934823795,0.4627201198950918
0.32908318154219796,0.2947250907061122,0.41589939366719064,0.3989962358845671,0.39513526929759246,0.4747711305088354,0.4356294536817102,0.4507324904675898,0.435322831151542,0.45285385741166634,0.4667185675360062,0.4453943150245779,0.48712791633145613,0.4660529344073648,0.4939485627836611
0.27817745803357313,0.28961175236096537,0.4005080440304826,0.39221341023792355,0.3803798990141861,0.4379324379324379,0.4135831381733021,0.46827050577760937,0.440536013400335,0.45324446187022155,0.452977184195882,0.44966028412600373,0.46900786797159855,0.46510797786899877,0.49199208205866474
0.29821913673407785,0.2844925883694413,0.3827072997873848,0.38247213779128675,0.39686552072800807,0.4320035265594005,0.43073229291716686,0.46024753513740296,0.44109033566118494,0.43268817204301074,0.45670865826834633,0.4485819441437541,0.4617926476662536,0.4579790389559027,0.46815834767641995
0.30077519379844964,0.2796352583586626,0.3965756594169366,0.36104028556858747,0.38989348526133266,0.45692883895131087,0.4095629075102632,0.4366883116883117,0.42526690391459077,0.42799575821845176,0.4446193192996262,0.43246753246753245,0.467195988299206,0.43466564181398926,0.4542873367404884
0.313125,0.2731571627260083,0.39364773820981713,0.37918410041841005,0.39119683481701284,0.4527272727272727,0.4118084842470851,0.4440282979608822,0.42696122633002703,0.43635551585529253,0.45051194539249145,0.43455611026698504,0.46899563318777293,0.42831788601853676,0.4665889665889666
0.28726942848503173,0.2833607907742998,0.3756906077348066,0.34810126582278483,0.37920937042459735,0.42731547740748316,0.383368569415081,0.43458388878308896,0.3956627572471786,0.42007140023800077,0.4401486988847584,0.41404255319148936,0.4340993910823021,0.42627791105369994,0.4357822884857194
0.29785913744958115,0.30066079295154186,0.3582089552238806,0.3713013877978528,0.4024691358024691,0.41912097870412324,0.4178804620793571,0.4294938554467819,0.43555353489429416,0.4239202657807309,0.44395250553431276,0.4321341867137497,0.43858131487889274,0.4287420382165605,0.4794246903715541
0.28982843137254904,0.28398458998348924,0.4226618705035971,0.40119313944817303,0.3763837638376384,0.4692785270819953,0.4270931326434619,0.4631578947368421,0.43414956982131037,0.4716941717150616,0.4681603773584906,0.4385927045111159,0.4729124236252546,0.4686224985428405,0.47293447293447294
0.2637434554973822,0.2856344326439352,0.353470741530443,0.3866837387964149,0.366513527309852,0.40312571822569526,0.3964053919121318,0.41282316442606,0.4315765663876951,0.4258807888322624,0.42171105730427766,0.42410910690717113,0.4322469982847341,0.41192517537022605,0.44805709754163364
0.3145065398335315,0.276369582992641,0.3813503408840994,0.37196631996037643,0.3690821256038647,0.44416666666666665,0.412593984962406,0.42445759368836294,0.41238012205754143,0.4255147355672184,0.45182217134134706,0.43860386879730867,0.47323383084577114,0.44619127830806665,0.469440353460972
0.30378177309361437,0.29623567921440264,0.38497874350495986,0.3573278094251683,0.39764069796018675,0.44155844155844154,0.39731476877175537,0.43270592997368956,0.42801733972165185,0.41114982578397213,0.4600827912477824,0.4426515481901439,0.45364308342133053,0.43894899536321486,0.4730226261844904
0.3104172921044731,0.27948080640706985,0.4163156727998227,0.40603363006923837,0.378727634194831,0.46946564885496184,0.427855950393513,0.4669950738916256,0.4363953742090334,0.46905940594059403,0.4536876564606201,0.4340822382365409,0.4721324717285945,0.4599473486273035,0.4758723088344469
0.3059777102330294,0.3332334432124663,0.41919686581782567,0.37251561612720047,0.4143512274076072,0.4617196702002356,0.3980608672232696,0.4636246233318984,0.43748470760949354,0.44429097605893186,0.46531483457844186,0.4504034171808258,0.4738973897389739,0.47789430392761667,0.4972882770129328
0.2625846335001472,0.2636045931103345,0.392315901814301,0.3704583234386132,0.35807860262008734,0.4328879753340185,0.38758231420507994,0.4330547818012999,0.41211869682506747,0.43413951629022585,0.44576791192925463,0.41621073961499494,0.4612085769980507,0.4320371031038173,0.4330653617616218
0.2955747286390203,0.2939156035328754,0.39379324806039,0.37595024187975123,0.38139329805996475,0.4505692031156381,0.3981254184333854,0.44411710550543176,0.4154218813080339,0.4339365635337614,0.4627479006610684,0.4224087448760492,0.4592704592704593,0.4520353982300885,0.4818516570226197
0.2902690136167386,0.30339666090961426,0.3754200672107537,0.3790322580645161,0.38497652582159625,0.41745120551090703,0.39671120246659813,0.43239768587958005,0.41927825261158597,0.4205586592178771,0.43885191347753744,0.4251207729468599,0.42925140631761144,0.4334012219959267,0.44399919855740333
0.3092721232256116,0.28952991452991456,0.4010852362649785,0.3724310776942356,0.4020221473278767,0.46629454701588663,0.41636582430806257,0.4529742765273312,0.4336224149432955,0.44124497141647256,0.4956862745098039,0.44278394534585824,0.4756646216768916,0.46156832298136646,0.484262419416003
0.3139825218476904,0.28680688336520077,0.40072529465095197,0.36415436415436414,0.3848454636091725,0.44997834560415767,0.39759639459188784,0.4590426597236131,0.4247787610619469,0.4406056728513542,0.4561198676785367,0.41946088099934253,0.45553235908141965,0.45131375579598143,0.47911077041011885
0.29211414544338754,0.30635188308038225,0.39037800687285223,0.3698946827639353,0.3965734441924918,0.44439655172413794,0.3949766067471066,0.4373630750846445,0.4374429223744292,0.41732451461489223,0.47017268445839877,0.44562334217506633,0.456575682382134,0.4673552913662054,0.48254460822342904
0.3288017704710718,0.27553041018387553,0.44745151105096975,0.3729253112033195,0.39938869077941924,0.4755912345411152,0.422817112834626,0.47736959610310536,0.4317241379310345,0.4629005059021922,0.46873126873126875,0.4447900466562986,0.4815970056144729,0.46235087033053,0.47602407299553484
0.2917631491895468,0.27464352138871667,0.40121155638397016,0.39636752136752135,0.3801201529219006,0.46153846153846156,0.4193466700430489,0.4486178518674826,0.4263811146264298,0.45,0.44741166803615445,0.431026474686484,0.4715482070002147,0.44471445929526127,0.4837153196622437
0.32089994079336887,0.2720255523023689,0.40154605969508267,0.3721043647890758,0.38608198284080075,0.4627791563275434,0.39655973965597396,0.4592764557941575,0.41476046611998274,0.43873041382081157,0.45924267860473794,0.4289600334798075,0.45620940759692974,0.451529671949871,0.48428362573099415
0.2897947039571556,0.29062996294335625,0.3974165769644779,0.36717594874322323,0.39114746211210005,0.44790369447903694,0.389604308124561,0.4501249279261964,0.41514304151430415,0.4313411952828303,0.45766848132156934,0.4359512809743805,0.46466640347414134,0.44671906415646134,0.4675419401896426
0.2770618556701031,0.27806267806267804,0.37846732487070994,0.37233221907945485,0.39815762538382804,0.41144901610017887,0.4086288122985371,0.4066115702479339,0.41687571265678447,0.41800219538968164,0.4421052631578947,0.4414036636504083,0.44375,0.4273032156243835,0.4658713084294934
0.289707750952986,0.2753988245172124,0.39168343393695504,0.3555672268907563,0.36828774062816616,0.44070720137990516,0.38928210313447925,0.44869985889941544,0.40571817562968004,0.42323825503355705,0.45041885836742646,0.4215187071064866,0.44729226953286483,0.43527846417030985,0.4587328445196466
0.2866626433313217,0.3081761006289308,0.38345695661946505,0.36742607852641784,0.3920171062009979,0.4262365591397849,0.39464411557434814,0.46602324207208984,0.4391578947368421,0.4387310802405142,0.44733818460360014,0.42966329270811815,0.4469820554649266,0.4373134328358209,0.4547486033519553
0.3388604160385891,0.3249581239530988,0.3931895573212259,0.376629889669007,0.4199655765920826,0.4477675710318308,0.4144100580270793,0.47017831522853043,0.44284103720405865,0.4392819429778247,0.4740799366838148,0.4415640527111687,0.4540253371475276,0.4610314075222955,0.4808096238304373
0.297316384180791,0.28425748884639895,0.3725593667546174,0.38474672737620946,0.3819523269012486,0.4149149149149149,0.4101583833970508,0.4256505576208178,0.4142312579415502,0.41859333171087854,0.43196060877350045,0.4266470732304678,0.43031440638198026,0.42876047640052933,0.446618830180474
0.28236744759556104,0.30846560846560844,0.3784037558685446,0.38292622748581295,0.40057292910002384,0.43204641821022094,0.41423487544483983,0.44426526909897196,0.4569939183318853,0.43852106620808257,0.45961275180911404,0.45871559633027525,0.4576342281879195,0.4516996351065873,0.48221797323135757
0.2899813316739266,0.28726877040261156,0.3899430740037951,0.36875,0.39960870628515527,0.44128274616079494,0.4155455904334828,0.43643807574206755,0.4446937401839803,0.44148471615720525,0.45713156854998027,0.4666666666666667,0.47785744411640657,0.46124031007751937,0.5000967679504548
0.2808988764044944,0.2933109431849986,0.37444831591173056,0.3561573837506387,0.3868374780205978,0.4478348665021315,0.410143867349427,0.4502852485737571,0.4144226380648106,0.4394657475226196,0.4490363600238426,0.41199478487614083,0.46030405405405406,0.4433190494740943,0.46069826409206166
0.29464861379755,0.27613412228796846,0.36138259833134684,0.37355718782791186,0.38080653394589076,0.41847826086956524,0.41685477802859294,0.4254691123761333,0.42620657495919795,0.42997168372903505,0.43122070511514166,0.42528478892115257,0.44458571731299,0.4282852564102564,0.4473377380489701
0.2827390343957084,0.2618562700029095,0.3907621247113164,0.3618248557944415,0.3520167627029859,0.4416445623342175,0.3904856293359762,0.4455114822546973,0.4036611124149261,0.4282006920415225,0.4451639012545528,0.4177215189873418,0.44532720050177715,0.4456824512534819,0.4586186656231657
0.30514488468361917,0.3051028586695164,0.39377566457748003,0.3743289409468033,0.4015369836695485,0.4413821472645002,0.4110929853181077,0.4482361963190184,0.4479549880978143,0.4339471577261809,0.46765422838927434,0.4543355028343481,0.466015625,0.46876727473742397,0.49724972497249725
0.2697787208244923,0.29528795811518327,0.4146551724137931,0.3472495088408644,0.37770897832817335,0.46893123446561724,0.3973541223718403,0.48510474726119546,0.42546784254678427,0.4570970328789094,0.4787154592979836,0.4265402843601896,0.46998823067869755,0.47937488642558607,0.5030785947120608
0.27614533965244864,0.29563330621101164,0.40547320410490306,0.36826042726347913,0.3847478474784748,0.43397046046915727,0.3845396356474643,0.4400708521944499,0.4274977895667551,0.4418799832144356,0.4575315840621963,0.43594728883128103,0.44814814814814813,0.4511963539688568,0.4605832549388523
0.27070063694267515,0.3032293377120963,0.39586271744240714,0.3739243807040417,0.4008006004503378,0.4570268441236183,0.4100899100899101,0.46683250414593697,0.4401805869074492,0.45220427760803145,0.45855801877371677,0.42660850599781897,0.46777635510029875,0.46343854146245833,0.49686520376175547
0.2988011066707654,0.28547809313860567,0.3889147647880764,0.37152334779280427,0.38738738738738737,0.45022222222222225,0.4003949642063688,0.4345699143905422,0.4195583596214511,0.43554981708629226,0.4508716323296355,0.42369916921731526,0.44967154058063147,0.4531496062992126,0.4652250146113384
0.30804298274177794,0.30869442084395354,0.38250348999534667,0.36693866807054487,0.40601120733571067,0.42443296653941165,0.4045918367346939,0.4493786921980037,0.4340445056205552,0.42392717815344605,0.4495192307692308,0.4283506292779863,0.43688065489013356,0.43502267797278643,0.45691854759568207
0.350546780072904,0.32025207676883416,0.4036740461610928,0.3588093322606597,0.4331564316401314,0.4703296703296703,0.43976667512046663,0.4732856541859487,0.4423344140805929,0.4439013552543879,0.4787190920145926,0.4667114996637525,0.46744930629669157,0.4672330097087379,0.4967449201025843
0.32382704691812325,0.287378640776699,0.4109090909090909,0.39877769289533993,0.405183154747072,0.4667246628969117,0.4301234567901235,0.441851106639839,0.45205784204671856,0.45311167945439046,0.46888624653190647,0.46899563318777293,0.47103274559193953,0.46870170015455953,0.48078401229823214
0.2840130991366478,0.29029671210906177,0.4094558429973238,0.38584585555016965,0.3996166746526114,0.4693186627168853,0.407202216066482,0.4548835388530045,0.43655913978494626,0.4574358974358974,0.47368421052631576,0.4388819357530246,0.4651905046878117,0.47027840481565086,0.48765088207985147
0.2925,0.276570757486788,0.39075249320036265,0.3849960927324824,0.3862880532105398,0.44824599393676917,0.4107676969092722,0.43691302572478563,0.41929499072356213,0.4341772151898734,0.4521393034825871,0.44414475162957967,0.44771174156139987,0.45165071302988863,0.4582375478927203
0.2980859742704738,0.3104297837393923,0.42102867546654527,0.3969620253164557,0.40149812734082396,0.47283085013146364,0.43356299212598426,0.4807925596441569,0.4579775280898876,0.48036059240180295,0.4826216484607746,0.45907319185794715,0.47976637463496036,0.46621490803484994,0.506319268909197
0.2796104304115614,0.2918552036199095,0.39662639617050377,0.36387434554973824,0.3878481012658228,0.4310043668122271,0.40380285213910433,0.46000812017864395,0.4256198347107438,0.43666107382550334,0.45406046235921754,0.43264764432647645,0.4387838948233361,0.4490891658676894,0.47177726926010677
0.30078238191828455,0.27969846633740575,0.3829787234042553,0.3757375501534104,0.384740637357525,0.4306772908366534,0.40459242250287025,0.4411926102066947,0.42794940908148454,0.4173076923076923,0.4366576819407008,0.43360323886639673,0.44285445302202975,0.4467341949004541,0.4570931244560487
0.3168376584188292,0.30158730158730157,0.3835437527209404,0.37863354037267083,0.4026290165530672,0.441807203830939,0.42773207990599293,0.4509232264334305,0.44089316987740806,0.4224893053575066,0.45683930942895085,0.4530293434663289,0.44462025316455694,0.4356067645419067,0.46684053651266766
0.2957521558607474,0.28698801894678183,0.40703517587939697,0.3799539759652263,0.37061514997458056,0.4568036931193669,0.396044499381953,0.44992802796627596,0.41687571265678447,0.4452069483165344,0.4588045234248788,0.41843971631205673,0.45794197453558755,0.45425867507886436,0.4676753782668501
0.30169888693614527,0.3075302790942601,0.40353143841515937,0.37532997360211184,0.4217909749824643,0.45215987081146547,0.42498302783435166,0.46513395401862057,0.4453528399311532,0.4469140702520341,0.47554744525547443,0.4503911074516262,0.469655972168535,0.45497803806734993,0.47772988505747127
0.3124786324786325,0.28263546798029554,0.3906646372399797,0.338294218660561,0.3894244009914624,0.44188280499519694,0.3995662781241529,0.42901925660546353,0.3991008991008991,0.4173748819641171,0.4519650655021834,0.4263322884012539,0.4447015270708006,0.43635580443678657,0.47237038617452526
0.31950745301360983,0.29193059763150647,0.39122936683912296,0.361228813559322,0.410062893081761,0.4455837800046609,0.40747376503711286,0.445881126173097,0.4125890190673099,0.4428507395786643,0.4469867211440245,0.42246587603490715,0.46543372963452223,0.43821349889845784,0.47325833826721925
0.2994230185241421,0.3127194166891709,0.3997346893654654,0.38296812749003983,0.40832123850991775,0.44150943396226416,0.42406876790830944,0.45919562670831704,0.44545258155109096,0.43014256619144603,0.4572076327224636,0.45318352059925093,0.46358933545563075,0.4449331134322888,0.4669204277687149
0.2768102658111824,0.24619718309859154,0.373806275579809,0.35172587553539936,0.33955510099718744,0.43905607274301794,0.3865991805254278,0.4204918032786885,0.39083619702176403,0.4193821413457469,0.4356986682568078,0.3957922419460881,0.448559670781893,0.4241951219512195,0.44926979246733284
0.2952007244189556,0.3012439156300703,0.39869138495092693,0.38220918866080156,0.3985419198055893,0.4462084813035304,0.426060464026248,0.4513497766556613,0.4343891402714932,0.44828286933550093,0.45853103055608274,0.4374738603094939,0.4615687045409868,0.45318004821064345,0.48412552761974675
0.2544891640866873,0.29854554733350347,0.36280087527352295,0.36443361753958586,0.3848341232227488,0.4077751954362983,0.40046838407494145,0.4342988682140802,0.42670598146588035,0.4220032840722496,0.4400527009222661,0.446229913473424,0.44220700765203386,0.44027930907754503,0.46243194192377496
0.32026800670016753,0.30005941770647654,0.4165858389912706,0.3788086741696404,0.3952547856565112,0.45710299930248777,0.3995754842133192,0.46400341807306134,0.42922816356157756,0.45011286681715573,0.4702886247877759,0.4267500601395237,0.4503311258278146,0.47148445542515954,0.4753214433844878
0.25928074245939675,0.27790432801822323,0.39824304538799415,0.3562559694364852,0.3726218097447796,0.4495781438328646,0.3982604715037766,0.4539425202652911,0.42014690451206715,0.44543863061661154,0.4668109668109668,0.417940876656473,0.4611016467915957,0.4597214877489864,0.4810706110230674
0.2738301559792028,0.2446311858076564,0.3862807102894673,0.34056761268781305,0.34714003944773175,0.4196365352843993,0.37888531618435156,0.4054937867887508,0.38854296388542964,0.4192455387395527,0.4146868250539957,0.39202334630350194,0.4265232974910394,0.4292560950197958,0.439014288672603
0.27738998482549315,0.2881495738245807,0.3939658941845212,0.3530002510670349,0.3696078431372549,0.4413502109704641,0.3852813852813853,0.43827039718254746,0.42037652270210407,0.42877816828612775,0.44003026863412786,0.4219318911972585,0.4433792690233673,0.43572496263079225,0.4681167503253393
0.30565428109854603,0.2939787485242031,0.3721369539551358,0.3751311647429171,0.3879581151832461,0.436241610738255,0.4128024193548387,0.44136460554371004,0.41776315789473684,0.42063492063492064,0.44882860665844637,0.44126984126984126,0.45007451564828616,0.43719611021069693,0.4712166172106825
0.3416130021465808,0.3012928611579539,0.3984481971702419,0.36699182704982863,0.42299079372978354,0.44584876879494445,0.4092276830491474,0.4456499899537874,0.42351307567692664,0.42911714770797965,0.46271886681093843,0.44004400440044006,0.4404835074779758,0.46168693302451264,0.4810126582278481
0.29725562750539625,0.28080067662813646,0.38285838590385035,0.3754750443374715,0.39603960396039606,0.42677824267782427,0.4134875707605218,0.43498542274052476,0.43037404236142407,0.4241189651660216,0.4410197869101979,0.436172542150208,0.4403560830860534,0.4369873228933632,0.45221530574880997
0.30866141732283464,0.2942671561705733,0.4097831102907245,0.3856569709127382,0.39156932453021837,0.46062733055494626,0.42359249329758714,0.45294599018003273,0.4161588806138569,0.45806451612903226,0.462713567839196,0.4384170742552245,0.4715481171548117,0.4711897738446411,0.4872244977569729
0.27242744063324537,0.2964012468121281,0.3968656372436045,0.34189883689477957,0.39177377892030846,0.4449448322449899,0.369848721961398,0.4710204081632653,0.41754632887637816,0.44253253915729096,0.45625249700359566,0.41540203850509627,0.4379280821917808,0.4420105613142969,0.47613365155131265
0.26556836902800657,0.288272157564906,0.38673253352152437,0.33864965443912814,0.3643162393162393,0.43005415162454874,0.3626177743824803,0.44425604069520985,0.39867109634551495,0.42502218278615794,0.4524793388429752,0.4217561650149804,0.43524871355060035,0.4353299492385787,0.46166263115415657
0.2790555044464888,0.2714805485586342,0.38651388276773907,0.37674536684437676,0.37319848293299623,0.4173876345220511,0.39902676399026765,0.4232994215040894,0.42105263157894735,0.44544524053224155,0.4252273166956858,0.4210069444444444,0.4536246276067527,0.44294294294294295,0.4559259259259259
0.3170804666467245,0.2968036529680365,0.4061580258093729,0.3784901758014478,0.4290346719880269,0.4642241379310345,0.41197778314416805,0.45099242889298136,0.4327431593469763,0.45122985581000846,0.47730426164519324,0.4532150776053215,0.4779591836734694,0.44935471255377396,0.4773820981713186
0.2943201376936317,0.3034313725490196,0.38954468802698144,0.3691383691383691,0.39991122947181534,0.4303746744139451,0.3876416981551456,0.4621323529411765,0.42136854741896757,0.4334822295591377,0.44925479063165363,0.4264905806952806,0.4503613541270445,0.4389484607402283,0.462738301559792
0.29161290322580646,0.30846325167037864,0.38163902907954816,0.38306991695687115,0.40241752707126666,0.42351860358291227,0.40253485424588087,0.44463157894736843,0.4410751206064783,0.43534967393748597,0.4249129276787543,0.4284118829573375,0.4305973356252686,0.4424352019288728,0.44409199048374304
0.28238897396630935,0.30065717415115006,0.360885770664328,0.378839590443686,0.38968058968058966,0.412900488011882,0.38837703756201275,0.4209288653733098,0.43752740026304254,0.40769545640605814,0.44726224783861673,0.43208828522920206,0.4220257234726688,0.4226415094339623,0.4396423248882265
0.32446987546280714,0.31370227878070434,0.40247383444338725,0.39302949061662196,0.411032990805841,0.4497716894977169,0.4305732484076433,0.46500644053241735,0.4279225436289744,0.45737301409711345,0.45688035080392564,0.42112578179291177,0.466198419666374,0.4415264669675831,0.45005086469989825
0.299658066521604,0.2920476586311998,0.4047186932849365,0.3890424729831616,0.3854636591478697,0.447124703855266,0.40941062333252487,0.45148356054530875,0.4288622483600995,0.45032556185675277,0.43993759750390016,0.4318732115342285,0.4524590163934426,0.44124976039869657,0.45737021599090566
0.29488703923900117,0.2983632948752348,0.36496350364963503,0.3748476724348038,0.38705137227304715,0.4254691123761333,0.3939038686987104,0.4369254840602386,0.42233632862644416,0.41295379537953797,0.44088855421686746,0.4269847799259564,0.4373741441804269,0.4344776670358066,0.4568081991215227
0.29701765063907487,0.2848616386326641,0.3968888888888889,0.40058622374206154,0.38776995874787673,0.4548903878583474,0.41183431952662725,0.44014697350609167,0.43340659340659343,0.45302287581699346,0.45132075471698113,0.421674045962471,0.4778972520908005,0.44600852009631414,0.48176263654878726
0.2678874194642252,0.28300207653515275,0.38640684410646386,0.3669527896995708,0.3659390999730531,0.4439390493518308,0.39391595772106214,0.43511289301540407,0.43732057416267944,0.43458980044345896,0.43548387096774194,0.42198416394969723,0.4517515581345369,0.4385221078134464,0.4632
0.2798814619690484,0.2920353982300885,0.38643571602829957,0.359508547008547,0.37201822567676224,0.4244705882352941,0.3844570252187339,0.43808284536976794,0.4247619047619048,0.4273308957952468,0.4620307167235495,0.40884996542982255,0.4519849190507873,0.45005213764337854,0.4638097190896043
0.3012085528354509,0.27068917796844727,0.3869546055531071,0.3534156793546761,0.36096589494647746,0.44284808789351365,0.4013426036921601,0.4249950719495368,0.41013108198178183,0.4184715978749489,0.43119266055045874,0.41664860177758506,0.45175705870404226,0.4242763772175537,0.45149322945650155
0.338585109669447,0.28158640226628895,0.39139486467730744,0.3830884248517659,0.39919959979989994,0.4439598778892281,0.4218325512472215,0.4203458799593082,0.4262068965517241,0.43235168587281264,0.4414914716382388,0.4345118968201023,0.4601404378356051,0.429877455747909,0.47551373151526793
0.3009198423127464,0.27539236008291385,0.39041745730550287,0.36132177681473454,0.38138297872340426,0.44195099610716737,0.39617768595041325,0.4321565291365376,0.41300735817707096,0.42250389148321105,0.4378964599959075,0.41020881670533643,0.4420916162489196,0.42874444893015745,0.45478454379931216
0.3181953101810626,0.3164321741438811,0.3934138309549945,0.37624726210756876,0.3959076849869141,0.44242674370614943,0.4242002781641168,0.4491771539206196,0.4638425331621737,0.43472931562819206,0.45381300356005244,0.46324435318275153,0.45741324921135645,0.4497873127427409,0.47991153704386286
0.2930927193528314,0.2798866855524079,0.4008714596949891,0.35804701627486435,0.377856780091417,0.45073375262054505,0.3946210268948655,0.4253194888178914,0.40046728971962614,0.42913142149783373,0.4549523253551275,0.4288256227758007,0.4618152738904438,0.4350674373795761,0.4810126582278481
0.3231835996382273,0.2697881828316611,0.39739851984749947,0.377601585728444,0.3763522012578616,0.4682657609849289,0.4166076904930408,0.4388474712875277,0.4186046511627907,0.4401673640167364,0.460639127045986,0.4326424870466321,0.4726617264169838,0.45713172252533124,0.4739301065221454
0.296048632218845,0.2642918701522551,0.37831758884390465,0.38040775733465937,0.36948808920425746,0.4410564741249732,0.41539923954372626,0.4292053247277128,0.42388863942523575,0.4221712856845176,0.4478491455509723,0.4402952670429874,0.4476035743298132,0.4312596006144393,0.4448633364750236
0.27599243856332706,0.2865720524017467,0.3812982296867907,0.35699693564862106,0.37945649463974074,0.41893955924067205,0.38664066309117506,0.4300860172034407,0.4278475435117867,0.4243434764485202,0.4419062623079953,0.4333189469141131,0.44421614957879596,0.44499334980049404,0.46387832699619774
0.30373230373230375,0.30220417633410673,0.38056486357108665,0.3466453674121406,0.4020779220779221,0.4434861552428507,0.39541984732824426,0.44265422938308246,0.41582293383564867,0.41696750902527074,0.4521276595744681,0.4250902527075812,0.4554712892741062,0.44344262295081965,0.4582415381534148
0.27543035993740217,0.2730855855855856,0.37096415052326875,0.3850050658561297,0.36477987421383645,0.4335604770017036,0.40886106429087404,0.4151696606786427,0.4147611501018791,0.40957336108220604,0.42493688094775683,0.4326210204971653,0.4482477587612062,0.4235965746907707,0.45475028163725123
0.2812964614927148,0.2877507919746568,0.38075225887791553,0.37146311970979445,0.39245283018867927,0.42839707078925954,0.3974953617810761,0.4386686611817502,0.43137254901960786,0.4225128814902893,0.4529401055889314,0.4549531186302487,0.4443153205500678,0.44257903196999465,0.46068421995343006
0.3137614678899083,0.27906976744186046,0.4072418417523469,0.3907351460221551,0.39391634980988594,0.4766375080008534,0.4284023668639053,0.46072874493927124,0.4477340013664313,0.4588926174496644,0.475499803998432,0.46902847207128884,0.482479238403889,0.4681510164569216,0.500190186382655
0.3081882656350741,0.3385915492957747,0.3604275416355953,0.38707926167209555,0.44309252217997463,0.4169227133065469,0.41904761904761906,0.4419507984462667,0.44607726949514104,0.41728280961182995,0.4746118338229123,0.4666207845836201,0.42863595302619695,0.43612151477320016,0.4510969858519582
0.28338430173292556,0.28597122302158273,0.3953887662496934,0.34231731036399,0.3633369923161361,0.42747726184777407,0.3605514316012725,0.4266493055555556,0.4126600628171056,0.4080592867068087,0.4519458181036336,0.42228040942632705,0.4335981838819523,0.43120033458803847,0.45759533236090855
0.31112507856693905,0.29737931034482756,0.38651994497936726,0.3691906005221932,0.39980034938857,0.45268034414295166,0.4080604534005038,0.4404738004416784,0.448400180261379,0.4320827943078913,0.4682024020476472,0.4675496688741722,0.45864184472181085,0.46126829268292685,0.4711298676385958
0.2633663366336634,0.2969850662158354,0.3752675386444709,0.35523504273504275,0.38781306480764266,0.4354876071345842,0.38487265243118085,0.43476457166562954,0.4104721832632071,0.4361678258918555,0.4491783323189288,0.43462246777163904,0.4396946564885496,0.4374129353233831,0.4619038195131605
0.30749354005167956,0.29357266936884774,0.4101858224363386,0.36940686784599375,0.4030478192327903,0.4530141843971631,0.41183910953706043,0.44709757101687936,0.42375601926163725,0.45336225596529284,0.4672859450726979,0.43365406131125533,0.4555205047318612,0.45909451945988883,0.47245017584994137
0.3103448275862069,0.27802929427430095,0.40891389009086976,0.3773766546329723,0.3845036319612591,0.4633589370977787,0.4282734646581692,0.4639437170216924,0.44218716230819105,0.45408880851918826,0.46109948639908693,0.44261949884186147,0.4777232580961727,0.45986745213549335,0.48002972320267506
0.29902912621359223,0.3161849710982659,0.3846334036074022,0.36802575107296137,0.41152049818370523,0.4245409762651142,0.39927310488058154,0.45590062111801244,0.4394889663182346,0.42278203723986857,0.4573502722323049,0.44383436284603067,0.43582601242768376,0.4515371059330331,0.46809346161397997
0.29329173166926675,0.2732270478284772,0.4312251216275984,0.35763271526543056,0.3709001233045623,0.47030981067125643,0.39233038348082594,0.4684720300454635,0.411293908403735,0.45974620345329725,0.4508448540706605,0.4208703182507036,0.46981788418252507,0.4550582925911997,0.4706987227648385
0.2919317040508872,0.2949061662198391,0.41326652350274395,0.3738368910782704,0.3863574351978172,0.4618198445358939,0.4136850352572473,0.4651460243018546,0.43419463897609273,0.4462809917355372,0.4723618090452261,0.45394426074633915,0.48,0.4765432098765432,0.4783496732026144
0.31098520616934217,0.2706019871420222,0.38575393154486587,0.3720569210866753,0.3833931317273193,0.4362755888179617,0.3985383678440926,0.4293366295838484,0.41190036900369004,0.4276245456489203,0.44018374276013583,0.4271501216007075,0.4491560312885961,0.44146629877808435,0.46221710778672803
0.2685897435897436,0.3124120461581762,0.4481046931407942,0.3719115734720416,0.3875968992248062,0.47332897888090575,0.40692423482187656,0.49201277955271566,0.446556920936703,0.4798480692129141,0.4870732188671798,0.43616537937301225,0.4858921161825726,0.4864140834290088,0.5076299014873479
0.27570492737111935,0.2874341610233258,0.4005805515239477,0.3949943117178612,0.3854710556186152,0.4495723095285459,0.41498685363716037,0.45438022537259176,0.44165316045380876,0.4480279774625996,0.46651187712091446,0.4431637519872814,0.4583254938852305,0.46143130767891344,0.48977433004231313
0.2976154542710534,0.2657195474875033,0.38649900727994707,0.38555392874572963,0.37367915465898177,0.43805496828752644,0.39809296781883197,0.43057422700211256,0.41541755888650966,0.43061430010070495,0.4349943799175721,0.41928015154704273,0.44307078763708874,0.44111192392099485,0.464011691633175
0.29409846755787417,0.2582307472087031,0.39177142857142855,0.3726255529534218,0.3644835619984468,0.42554122020555435,0.39970171513795677,0.43540474243663124,0.4196675900277008,0.42501074344649764,0.44537815126050423,0.43243243243243246,0.44439825400124716,0.43682239306130494,0.4562560620756547
0.2778761061946903,0.28251599147121537,0.41216069489685125,0.3603031043754583,0.3600764087870105,0.45,0.3925716972261401,0.45054517133956384,0.4245858761987794,0.43765281173594134,0.4391164810269964,0.4206098843322818,0.46346804698387417,0.44510385756676557,0.4670944087992667
0.2791732909379968,0.2481971153846154,0.40843091334894616,0.3698665969134188,0.3670212765957447,0.45486725663716815,0.38904109589041097,0.42261274613593053,0.4202591283863369,0.439877568867512,0.44426229508196724,0.4231115107913669,0.4633529907329402,0.4536249493722155,0.48458325044758305
0.3042944785276074,0.3173763554615181,0.38926174496644295,0.3698209718670077,0.40588093516510004,0.4355144119503471,0.42074506939371803,0.4497344088136927,0.43852640923213493,0.43399409531843103,0.4448661985196432,0.4300661968823404,0.45772357723577234,0.43153685012378595,0.46319365798414497
0.3039306716186939,0.27665544332211,0.38171428571428573,0.3837920489296636,0.38260432378079434,0.44101001306051374,0.41575492341356673,0.4407263823709447,0.4298683613254653,0.4518722233975037,0.43315820198482197,0.428633784373636,0.46292873279934277,0.4354993291163504,0.47909906470700514
0.29117745722911775,0.29510191664131424,0.392349190779794,0.3781284004352557,0.3986765922249793,0.44980107652703016,0.41256544502617803,0.4535217487304041,0.42367906066536204,0.4418447694038245,0.4672657252888318,0.43288191969588974,0.4670073317040658,0.4470198675496689,0.46923235233587157
0.2928409459021704,0.2463768115942029,0.3795020546289582,0.3582169709989259,0.3746971736204576,0.43960577584231036,0.4098867147270855,0.41672025723472667,0.39179734620024126,0.40483654276757725,0.4446280991735537,0.4264264264264264,0.4495889225443531,0.40867253016976884,0.43689710610932475
0.30287859824780977,0.27522935779816515,0.37679048312697255,0.3712948517940718,0.3849885116160327,0.4497232472324723,0.4106786427145709,0.42887563884156726,0.41805003507131167,0.42578912021490933,0.450446791226645,0.42390579871139744,0.47265708771177356,0.4221774193548387,0.46462264150943394
0.3025656148628723,0.29558441558441556,0.3891267123287671,0.3566940550990817,0.4012073368934293,0.4259824882915903,0.3901532745006967,0.44095665171898357,0.4251870324189526,0.4180655475619504,0.43546617915904934,0.4390542193232776,0.4270853778213935,0.435457663838238,0.4642082429501085
0.2878111040204212,0.3089295618413755,0.3753971856559237,0.3646723646723647,0.4117058529264632,0.4175010883761428,0.3876586215476487,0.445748987854251,0.437020316027088,0.4196103618068936,0.4369780539910662,0.43989547038327526,0.4487259167184587,0.44153875307940116,0.46651532349602726
0.2909316001238007,0.33042137718396714,0.41215914170764417,0.38266967192587026,0.39533777354900096,0.45310492505353317,0.4126753749395259,0.4537487828627069,0.4368994234465087,0.4449560485558811,0.46775745909528393,0.44509886411442995,0.47075782537067545,0.45614035087719296,0.4689138576779026
0.29241547365214743,0.2577752871952928,0.4122340425531915,0.3780794369029663,0.35829009142574747,0.46016949152542375,0.4061978545887962,0.4379905808477237,0.4289868038470141,0.45435684647302904,0.4549079172204291,0.43673205432205214,0.46564429396534557,0.45193929173693087,0.46674140508221224
0.3110419906687403,0.25549915397631134,0.3804448563484708,0.3750956876754274,0.3913913913913914,0.45236523652365235,0.4102311854402361,0.43122070511514166,0.3944558054987503,0.4363172443121412,0.4380539688792594,0.4147952443857332,0.4579650565262076,0.44122756224667053,0.4615091463414634
0.29984825493171474,0.3109024517475222,0.398752506126086,0.3848051307350765,0.3962219598583235,0.4469680737090208,0.40947141832097583,0.45735524256651017,0.44305705059203443,0.45594347464671653,0.46950869814567003,0.43146254955142915,0.4652777777777778,0.448971892095831,0.47058823529411764
0.28726655348047536,0.25737754791603284,0.37551020408163266,0.36467391304347824,0.3553243909115795,0.4231298760899495,0.3872999212805038,0.42573199401581535,0.39961061085422245,0.4102795311091073,0.43213761275435286,0.4089728453364817,0.4300552486187845,0.43675319324268647,0.4469525959367946
0.26860943934114667,0.2733238231098431,0.36662106703146374,0.34151382071816067,0.3823227132579651,0.4187170474516696,0.3830423940149626,0.4153690596562184,0.41114982578397213,0.41355641355641354,0.4325609031491384,0.40597147950089124,0.4393279402613566,0.4155081261014294,0.4331654397520341
0.3054938075579549,0.2831908831908832,0.4085720941066853,0.4035851472471191,0.40450012784454104,0.4506672500546926,0.42288801571709234,0.4453625284032225,0.4320733104238259,0.44964262508122155,0.46163093568423164,0.4370652905541844,0.4623115577889447,0.4395866454689984,0.4798743373257412
0.29781021897810217,0.2880283472538598,0.39606126914660833,0.35554462748955,0.3976958525345622,0.44766708701134933,0.4007534730397928,0.4483288513253938,0.4168943055263711,0.44489629930866204,0.45706883789785346,0.4163961038961039,0.45488796351378147,0.4638741540149991,0.4717595944967415
0.31238670694864046,0.275178866263071,0.3864406779661017,0.3802133850630456,0.3869371598218704,0.4502999143101971,0.42685185185185187,0.4462612163509472,0.4425587467362924,0.44204403822185295,0.4497018657434122,0.45116572148708256,0.46706098307158883,0.436867740726864,0.46030860754787134
0.2894168466522678,0.2924137931034483,0.40619389587073607,0.35756486000513743,0.3827252419955324,0.44903225806451613,0.3969390274006418,0.461110005967774,0.4380351509689049,0.4341183959261617,0.4581005586592179,0.43889618922470436,0.45637305699481867,0.4469230769230769,0.4690888339357048
0.28216772630941567,0.29197480142426735,0.3811204234671372,0.35991923271075216,0.38569667077681874,0.43561872909698995,0.39212862970962326,0.43488372093023253,0.4317673378076063,0.422235847128551,0.4576271186440678,0.4415640527111687,0.4461691542288557,0.4502715864394081,0.463544536271809
0.2800627943485086,0.2701678397401191,0.4286671131949096,0.3894290700573423,0.36869308392813194,0.4633723450368444,0.40756914119359533,0.45713156854998027,0.42470536883457005,0.46596638655462186,0.4576863354037267,0.4195205479452055,0.48207253886010365,0.4636037058044999,0.47455061494796597
0.30101302460202606,0.27135135135135136,0.38596491228070173,0.384115523465704,0.3716346153846154,0.42863002461033634,0.40018169429934136,0.42123619453594263,0.4152097902097902,0.42248995983935744,0.43204792212654436,0.41327489041953663,0.45406464250734574,0.422550831792976,0.4415443175638934
0.2718808193668529,0.2973856209150327,0.3586451184414434,0.3702243036726645,0.3804614629356897,0.4090328078397955,0.3879454675914853,0.4245413296508187,0.4308169138808944,0.4070904645476773,0.4320397629516345,0.42554103278337263,0.4261182108626198,0.43456976087365845,0.4451876625789669
0.2906419674225487,0.3145366959478606,0.4021842355175689,0.39084048920114495,0.39937839937839936,0.45920217588395285,0.4175824175824176,0.4496506370735717,0.4531929503318837,0.44405130473241927,0.4774298495323302,0.47235955056179774,0.4716777945293991,0.46983874178777624,0.48344239539956374
0.3221517074644908,0.3155094440010641,0.4141932604329391,0.37853949329359166,0.4092957078491819,0.4638115631691649,0.4073536526366715,0.47772806846916943,0.44492722137736257,0.44513073913938644,0.47883597883597884,0.4429981104346,0.46867371847030104,0.46472875393445656,0.4889630866258579
0.2707057686110216,0.28184760223595173,0.39616911936463445,0.3713235294117647,0.3680756103964295,0.43621585007902464,0.3866565579984837,0.4530757925677094,0.425,0.43953185955786733,0.4349775784753363,0.42150635208711434,0.45139332057009146,0.4331870761866773,0.45191740412979353
0.28553459119496855,0.2765957446808511,0.39645776566757496,0.34383066597831696,0.36875612144955927,0.4275711159737418,0.38330451963447765,0.4351129774045191,0.42254143646408837,0.41684572410829396,0.4372328021764477,0.42480154473288995,0.431633714880333,0.428131021194605,0.4455879550219173
0.3064155761251197,0.30777839955232233,0.3721841332027424,0.3744,0.4047856430707876,0.43773408239700373,0.42617107942973526,0.43034188034188037,0.4297635605006954,0.42171945701357466,0.44172542513479884,0.44179775280898875,0.4617063059131573,0.44264288609647345,0.47025836170638896
0.3020114079855899,0.2673406346531873,0.40610756608933457,0.3790650406504065,0.39112207151664613,0.4543697659437406,0.4112287613888205,0.4478381594605315,0.43720298710115413,0.4352222456288182,0.4665384615384615,0.43170466883821934,0.46005735354362964,0.46352759552296413,0.47027840481565086
0.29691211401425177,0.29446473728575445,0.4055614973262032,0.3922859830667921,0.40138751238850345,0.45558739255014324,0.410865099292399,0.4526987811955891,0.4586482401209242,0.4392878575715143,0.47147714393653195,0.4618296529968454,0.4646543330087634,0.4681008902077151,0.48214285714285715
0.2770795930580491,0.27838052394813445,0.3935226264418811,0.3671100362756953,0.3733397730016904,0.4397616006811409,0.4,0.4492610837438424,0.43010291595197253,0.441995841995842,0.4455918913750239,0.43130654323585105,0.4558912999391604,0.46400906858114493,0.4695717505634861
0.29457831325301204,0.24092219020172911,0.3925637699956766,0.36895111766150823,0.36368260427263477,0.45463896317630115,0.4265224547378321,0.42823250296559906,0.4180049762497173,0.4511308562197092,0.4520837334357595,0.4326195111399524,0.4659582841401023,0.42569222075720475,0.46978377379412306
0.290282131661442,0.2679886685552408,0.41596452328159644,0.36946182728410515,0.3608829568788501,0.45360388924117523,0.4146753560222061,0.44052684903748734,0.4348993288590604,0.44209654029417855,0.44970414201183434,0.44716692189892804,0.47719014937424303,0.45219737856592135,0.47494305239179957
0.2792332268370607,0.28204379562043796,0.4023722627737226,0.369440083725798,0.3822292323869611,0.4469763365468887,0.3881793137991485,0.4437615242778119,0.4213968698902126,0.43275604019670727,0.4691457286432161,0.43298040099121426,0.45531197301854975,0.4521087899093417,0.4707698244260081
0.25827176357211695,0.29592123769338957,0.39944521497919555,0.36805376066166967,0.37719298245614036,0.44394918653889015,0.37735849056603776,0.46946254071661236,0.44059293044469783,0.44410876132930516,0.4691209012271173,0.41277641277641275,0.45611052072263547,0.4768081761006289,0.4809486780715397
0.2955112219451372,0.28326417704011064,0.38107987505577867,0.3563394683026585,0.38389788905252825,0.43123148539991535,0.3956151035322777,0.4415736934820904,0.4141616566466266,0.42916493560448693,0.4458841463414634,0.4172509029105587,0.4570620327338856,0.4371605169507398,0.4707198806415517
0.27562712914214926,0.28785773826062794,0.3742249778565102,0.3306112348428607,0.3661338661338661,0.4126849894291755,0.3741250301713734,0.4316831683168317,0.41941228851291185,0.4097682119205298,0.4240898528272657,0.41254054054054057,0.43434343434343436,0.4239457831325301,0.4450736126840317
0.29583333333333334,0.27728134308150554,0.38196757717077506,0.38266283524904215,0.3874574623237725,0.4234757362090419,0.41423948220064727,0.4241359109548916,0.43199651264167394,0.42592968908758383,0.4337121212121212,0.43021072397245985,0.4515621929652191,0.4323111443530292,0.46875579454848876
0.27920049968769517,0.2755267423014587,0.3878761256314518,0.3553299492385787,0.35908865775136206,0.4376601195559351,0.3969428007889546,0.4454581515271718,0.40728403286697756,0.43030050083472454,0.4437524328532503,0.40777537796976243,0.44335578689528476,0.4474745534856923,0.4637848222862632
0.31137724550898205,0.27100723427935447,0.368,0.36733629011218366,0.4015964080818159,0.43313763861709065,0.4074634392334846,0.4175205947357846,0.4162062615101289,0.41909590198563584,0.4539282250242483,0.4358300481822164,0.4475666870291183,0.43277553375649164,0.47040971168437024
0.3193700787401575,0.28885672937771345,0.3981170141223941,0.37251356238698013,0.3950617283950617,0.4491725768321513,0.4077328646748682,0.44390243902439025,0.4284077892325315,0.4325807132306394,0.45335450575625247,0.43745819397993313,0.45357436318816763,0.44254658385093165,0.47373447946513847
0.2977545370655183,0.28454619787408014,0.41310282074613286,0.33987603305785125,0.38038925843803895,0.4649026897004155,0.38666666666666666,0.4573643410852713,0.39908987485779296,0.43647108484592656,0.47413620930697026,0.42819030680302356,0.46937919463087246,0.46555446516192345,0.48951863354037267
0.3205910697076775,0.2874852420306966,0.39639211962971754,0.4098613251155624,0.4126902244003095,0.45639991033400584,0.4303607214428858,0.45006165228113443,0.4559466298596733,0.4330446369087275,0.4738858640855011,0.450810570730624,0.4593136196848694,0.4671768022553363,0.48566343682024915
0.24687685901249257,0.29521410579345087,0.39334470989761094,0.3644067796610169,0.37115296279283416,0.42185253645512427,0.39265472681931535,0.4452649067749677,0.43478260869565216,0.43776992540243426,0.45274725274725275,0.4326056479070699,0.4497883801462101,0.4585714285714286,0.4737402413058907
0.2836741317753976,0.2797408716136631,0.3846880907372401,0.38136047134440276,0.3890784982935154,0.4488493962178173,0.4237974683544304,0.455901150404772,0.4206995687589842,0.44503664223850764,0.45480808914568716,0.43839409321642825,0.4469467301862278,0.4498057656920875,0.45977011494252873
0.3013698630136986,0.2788514632799558,0.3731375512848197,0.38647806281467273,0.40029182879377434,0.4324768756423433,0.4188093583507065,0.43839816056715847,0.443819008443386,0.415941735787983,0.44440346671583997,0.44724674232870953,0.447265625,0.42355523043160204,0.4632113084450888
0.2953105196451204,0.28779918272037364,0.3931663936344489,0.35978288963556476,0.3867116532572022,0.43955555555555553,0.3841093117408907,0.4531380753138075,0.40654970760233916,0.41347826086956524,0.4453457716487528,0.412856496152105,0.4417073688681249,0.4381484437350359,0.4476449980537174
0.32448377581120946,0.27972413793103446,0.4234627126035761,0.383996096608929,0.38910505836575876,0.4667492771581991,0.43454167628723156,0.4615084778795556,0.42358078602620086,0.4589027126249235,0.4579633478178727,0.4362558238034731,0.48929421094369546,0.4595300261096606,0.48369865536931295
0.2960024412572475,0.29505494505494506,0.424774873709642,0.3697645600991326,0.399900274245824,0.4621212121212121,0.4171779141104294,0.47109712937475423,0.4406407724380075,0.45136186770428016,0.47235023041474655,0.467498923805424,0.46278381046396844,0.4683111954459203,0.4946236559139785
0.3268101761252446,0.2883884176659842,0.40780394955983823,0.3918067226890756,0.39079257127910016,0.4587323301413589,0.4308310318855134,0.4428419936373277,0.4396112910689496,0.4373766176793156,0.46381578947368424,0.45044227716035384,0.48244274809160304,0.4639740207022529,0.4787319422150883
0.2799744897959184,0.28104212860310424,0.3862482694970005,0.37001514386673395,0.37882589061716004,0.4292297564186965,0.40457643622200584,0.4378794010522056,0.42182956832923285,0.43023255813953487,0.4542239685658153,0.4327485380116959,0.4522466039707419,0.44380292532717475,0.46944971537001895
0.3093167701863354,0.31022727272727274,0.41332116788321166,0.3742988271290158,0.4105793450881612,0.46187175043327555,0.41109219168085626,0.47677764077270857,0.4299615297578638,0.4479278505475628,0.4757726819541376,0.45529176836032836,0.46390041493775935,0.46452371618972954,0.4926184926184926
0.29978321461752866,0.28220173232746576,0.41092327698309494,0.38706540238268905,0.3938631790744467,0.4575273338940286,0.4146341463414634,0.47517039922103216,0.4248636859323882,0.45236656596173214,0.4510509373224768,0.4322704900492189,0.46479154199082384,0.4483841181902124,0.473781388478582
0.3026511766458147,0.29097704217832354,0.4055178454127436,0.3689706613625062,0.39412897016361886,0.45232172470978443,0.4096443065170685,0.44632225849817553,0.4337401918047079,0.4419688069677942,0.4737834779328555,0.4527584020291693,0.4720127034537515,0.46897573624745326,0.49400921658986174
0.283844094019637,0.27240725697265095,0.3806065783853054,0.3511560693641618,0.37345003646973013,0.42475328947368424,0.3902326652844967,0.4319177299561988,0.40482862685923693,0.41701451003776585,0.44994417566058803,0.4271029997902245,0.4451386177274502,0.4342629482071713,0.4563563926113727
0.3126760563380282,0.28481345244351025,0.3750784026761447,0.35697399527186763,0.4074505238649593,0.437414030261348,0.410535876475931,0.42870491496916463,0.43195898312326425,0.41624166339741075,0.4532853285328533,0.4436762911752745,0.453444360333081,0.4306529951430113,0.4652875175315568
0.29017723039951937,0.2837427546232404,0.41203806151803496,0.3666423535132507,0.37409713574097136,0.4572396274343776,0.4058306339657566,0.46616541353383456,0.42211940956157745,0.46272912423625256,0.4530471444998084,0.4160506863780359,0.47247524752475245,0.4496820052375608,0.46747519294377066
0.2932677528435291,0.26031746031746034,0.40840035746201964,0.3630103295622233,0.3578383641674781,0.4539851222104144,0.38774055595153245,0.44331309966712357,0.4192215699065014,0.4433923425277892,0.44384615384615383,0.4216943451755308,0.465670436187399,0.4555347091932458,0.47753434831043445
0.31703519152911863,0.26393300606410625,0.3772550810687372,0.38819800048768593,0.3781145646031338,0.44173382705292963,0.42105263157894735,0.4360871352240033,0.4282238442822384,0.4322742474916388,0.4410480349344978,0.4419164296652811,0.44239819930427665,0.4326736515327901,0.4548060386011848
0.31784684396026913,0.27535377358490565,0.3641379310344828,0.38590956887486855,0.39730639730639733,0.42035398230088494,0.41548582995951416,0.42410436943466556,0.43097014925373134,0.40881590319792566,0.42894472361809044,0.4434409573267103,0.43201013513513514,0.4250980392156863,0.45160031225604996
0.2993479549496147,0.30658491069048255,0.4085925262922354,0.3805331376864759,0.4025849688846338,0.46357894736842103,0.406198638177976,0.47492682926829266,0.45732620320855616,0.4427798585101956,0.4862611332196324,0.45153168275283256,0.44857199920111845,0.48851224105461394,0.4946276398666173
0.3050216986980781,0.3059210526315789,0.37542817994976024,0.38463508322663253,0.4030969030969031,0.421120969487124,0.3994176170832322,0.4278526866572751,0.4285063752276867,0.4260555909187354,0.43592767295597484,0.43358507330075524,0.4434907010014306,0.4433190494740943,0.4592564053168946
0.2885057471264368,0.27340031729243786,0.38505869797225184,0.358286252354049,0.36840871806890085,0.4281678773204197,0.39784463403682085,0.4273732367518109,0.41354945968412304,0.4285992596921878,0.4327292696320703,0.4162129461584997,0.4626266488243166,0.43456525620424924,0.4410698878343399
0.28019323671497587,0.25196850393700787,0.3958197256694971,0.39509733237202593,0.3594245306022921,0.4596042868920033,0.431247144814984,0.4343453877393154,0.43431520103203614,0.4490207954774884,0.4550383249205459,0.43804392871943637,0.4693601391842258,0.4383712399119589,0.4651246837730394
0.3121894182987431,0.30650319829424305,0.42271959459459457,0.3706259241005421,0.4040690797255737,0.47456948338005606,0.41481134286383875,0.46325757575757576,0.4315744315744316,0.45019762845849803,0.4838769804287046,0.43328491388254825,0.48416988416988416,0.47387650712458895,0.48947273708835703
0.3053722902921772,0.30202272097533944,0.3808870598994056,0.3622330846411114,0.40437702064163145,0.43220158018364296,0.3967789165446559,0.4250648573139094,0.4192455387395527,0.4157446808510638,0.44017094017094016,0.4265154819014392,0.44609053497942386,0.43409046787031647,0.44630298422353165
0.31597425394967815,0.23632866172025283,0.3918015102481122,0.378839590443686,0.3845785440613027,0.4379979570990807,0.41435562805872755,0.42549131845067734,0.4161849710982659,0.4302836596084698,0.43861916189772937,0.4344398340248963,0.45313710302091403,0.43065161994903534,0.4611240797270605
0.3286066584463625,0.2904707233065442,0.40658102321388323,0.36335403726708076,0.41529501139528996,0.4666666666666667,0.41773399014778323,0.45781153767193594,0.42370167009837567,0.4408145948239287,0.4539282250242483,0.44001751313485116,0.4645426515930113,0.43523316062176165,0.46461596527646726
0.31786833855799373,0.2764273600904466,0.38810939357907254,0.3672431332655137,0.3848307457368287,0.4425934263845115,0.4221894943544428,0.42171983942531166,0.4061302681992337,0.4255602396272465,0.4455727051177904,0.4353982300884956,0.44771033013844513,0.41886490807354115,0.4510923046644361
0.28019925280199254,0.27285204501784244,0.398972602739726,0.3865256946151955,0.37118012422360247,0.43283582089552236,0.40767045454545453,0.43828715365239296,0.42733937041828374,0.4279652455041423,0.4321969696969697,0.429024751427967,0.44792079207920793,0.4299686288983207,0.4540282620664342
0.3079824010056568,0.2548962291727565,0.39596054485674026,0.35660130718954247,0.37156201349247536,0.43352601156069365,0.396235760277365,0.41906361536846526,0.4034717335209946,0.417082159115543,0.4344645397276976,0.4053691275167785,0.4445388865278368,0.42329317269076305,0.431496062992126
0.2615979381443299,0.2831756950415592,0.3900841908325538,0.3556142668428005,0.3764463872460787,0.4252565818830879,0.3789687579375159,0.443472829481574,0.4083450539146742,0.41595441595441596,0.4492085754357844,0.43170397441754227,0.43470863462356446,0.4326999208234363,0.45821782178217824
0.2805872756933116,0.26071428571428573,0.39645373948624685,0.37779491133384735,0.3583690987124464,0.44370419720186544,0.39146800501882056,0.43902439024390244,0.42897065673032136,0.43812780508655697,0.4353248843291088,0.41927493807700966,0.4506509869802604,0.4471369943326168,0.45105033690051527
0.25770992366412215,0.24520021941854087,0.3809736489504243,0.3486743371685843,0.3485559121204641,0.42727464640067553,0.37930215998101113,0.4144464179988159,0.39255649091714667,0.42756330427563305,0.42667173252279633,0.3977055449330784,0.4417910447761194,0.4250559284116331,0.4566900110578695
0.27918781725888325,0.2755043227665706,0.39910614525139665,0.3661188369152971,0.36476362696977527,0.43686006825938567,0.40741644303488656,0.44578798871422814,0.4374569658021574,0.4482263686692639,0.4452654092941863,0.42482940788025536,0.4577777777777778,0.4557732547080084,0.47099236641221376
0.2688821752265861,0.27205882352941174,0.3790763843291749,0.3593052109181141,0.37598660607510165,0.41356074963150136,0.3839200761179829,0.431757016532103,0.4144651364226938,0.4207941056078592,0.4332897928718044,0.4100418410041841,0.4381484437350359,0.42278805642058986,0.4484826458295475
0.2949924127465857,0.27845982142857145,0.3968048359240069,0.3729156139464376,0.37453183520599254,0.4357334433670311,0.4065668759053597,0.4380769230769231,0.41517957985091486,0.44028950542822676,0.43463624462315315,0.4154777345438824,0.4563335955940205,0.4348302300109529,0.4635130179684635
0.30290332235857526,0.25712004258717064,0.41317747077577044,0.38415366146458585,0.3513844645920118,0.4708059210526316,0.41266926784484737,0.43506370032325536,0.41074523396880414,0.4516001580403003,0.4570678665166854,0.4330941325453778,0.4726845506168005,0.4531766434080059,0.4675324675324675
0.2728077945084145,0.2697870102550618,0.39063488715460876,0.3646175504458001,0.3509103807046583,0.43777867855695174,0.3888263122324848,0.425244177310293,0.4112937210282343,0.4317695152812926,0.4451387612571219,0.4149479273024301,0.4546502690238278,0.4392792792792793,0.45893980233602877
0.28515240904621436,0.30786580208627007,0.38204393505253104,0.3666755107455559,0.39609053497942387,0.4403292181069959,0.3868354430379747,0.4659019812304484,0.43605189990732157,0.44272445820433437,0.4700872034070168,0.44554678692220967,0.46140577835273827,0.4718879463405011,0.4914822792245937
0.3202458176852168,0.2933249764963961,0.37518987341772153,0.3633227939062949,0.4012174875484228,0.4300970873786408,0.3924877517691889,0.43421349582487023,0.43089430894308944,0.4258645191852203,0.45128877238968984,0.4371053909664886,0.44342226310947563,0.4333478072079896,0.45622217511129953
0.3,0.2697516930022573,0.3984339014279134,0.38076051372450265,0.3857893420065049,0.453286436579468,0.41780986762936223,0.43481814466693913,0.4232851985559567,0.4441138971525712,0.44515484515484516,0.42647692971108236,0.46574208238459947,0.4509273570324575,0.4744399770246984
0.31705846895720313,0.31188251001335116,0.40287446665169546,0.37521599605035794,0.41210100047641735,0.44897093146615746,0.41206977840641207,0.4466481554938517,0.4268502581755594,0.4399832705980761,0.46002273588480486,0.44343141317861584,0.4720145483936149,0.44866198519643197,0.4700697759823724
0.3103225806451613,0.2891566265060241,0.3941368078175896,0.3757358587151267,0.4031746031746032,0.4489157165213503,0.41394769613947696,0.45693678404751803,0.42780748663101603,0.43873775843307944,0.45824763471822294,0.4445454545454545,0.45402176232131425,0.4533172010485985,0.48467854996995796
0.2855380820228184,0.2658676110051757,0.37477313974591653,0.35270440251572327,0.3546871135295573,0.4353393085787452,0.3954991620780464,0.4134387351778656,0.40258582255907266,0.4163162321278385,0.43743993849702095,0.4207567567567568,0.44681287149005944,0.428380187416332,0.4652314726614593
0.27836524721348954,0.28820066547222933,0.36324510436840973,0.3515587529976019,0.3866481223922114,0.4210094378334017,0.3953488372093023,0.4341854254101488,0.39651878582042027,0.41613418530351437,0.43143751150377324,0.4112456392366099,0.4408623033598757,0.4417334304442826,0.45610239769244637
0.2523274478330658,0.2739264664608476,0.37485448195576254,0.34599375650364206,0.3594871794871795,0.42433767400089806,0.38618988902589396,0.4319769831483765,0.41543700340522133,0.4440612200905368,0.4513256425824732,0.4307828394515701,0.4541649225617413,0.4597428288822948,0.456854760519682
0.2706491923194148,0.3114456267843239,0.3933628318584071,0.3721044849679645,0.39962344080960227,0.43294614572333684,0.40697948597029004,0.4604535925290642,0.43968287979430043,0.4309143091430914,0.449237634808479,0.43017456359102246,0.4478625649220935,0.4480755265068991,0.4781888459414688
0.26643952299829643,0.3031369099970683,0.3898345720450731,0.38159675236806495,0.38358369098712447,0.42037335791657066,0.40380549682875266,0.4539903137502632,0.43944471038774535,0.43776631531733573,0.44915782907049284,0.43478260869565216,0.4463065049614112,0.45458265139116205,0.467005076142132
0.2743280815569972,0.29509100937672367,0.3932411674347158,0.3629838502947962,0.3686818632309217,0.44118878191712013,0.4018600097895252,0.4518259518259518,0.4251361161524501,0.43275577557755773,0.4465799886941775,0.4256800870511425,0.4486205517792883,0.4387168551826442,0.4527537299686867
0.3121529919802591,0.30864895421141886,0.3850782190132371,0.36430834213305174,0.4178498985801217,0.45297769602207405,0.3959214125839343,0.4563475326866301,0.4445469218353701,0.4278629395852119,0.4683388157894737,0.4362908605737158,0.4397655741263295,0.46197757390417943,0.48711755233494364
0.31005505650536075,0.2943495400788436,0.42300778909526665,0.3899668717463322,0.40816326530612246,0.4530175706646295,0.41736758354171405,0.44971264367816094,0.4434082238236541,0.4542056074766355,0.4633586438283595,0.4455404849979449,0.4615948670944088,0.45107564191533656,0.4724841419509686
0.3160655737704918,0.30044977511244375,0.39268955297604347,0.38887388603834727,0.4041924213920989,0.4512022630834512,0.4305413687436159,0.4546259406817176,0.452081316553727,0.43994540491355777,0.47459086993970717,0.46404468233651386,0.4754316069057105,0.4691823899371069,0.48769483182936835
0.307185628742515,0.29765435427338904,0.3888888888888889,0.3587236232629954,0.40806529044647144,0.43049522154648134,0.3948767520541324,0.44086021505376344,0.42875931608943446,0.4302030456852792,0.45296838858905164,0.4476781510806762,0.45683601817430813,0.42042042042042044,0.4636913767019667
0.28928800513149455,0.2775821596244131,0.4139177586985992,0.3410388903997824,0.3802559414990859,0.44982698961937717,0.40237910524954745,0.4532403609515997,0.41586538461538464,0.4370607028753994,0.450501002004008,0.4210769586318465,0.45316085958689756,0.453547628381027,0.4790964929661185
0.2685749086479903,0.26684350132625995,0.38944885266995494,0.3739130434782609,0.3629380700912146,0.41107692307692306,0.3987971316215591,0.42632277640811683,0.4171699741156169,0.42937399678972715,0.4352810650887574,0.42857142857142855,0.4371966608425548,0.424507658643326,0.4600326264274062
0.2857142857142857,0.28338028169014085,0.40329617062530293,0.3913155854225898,0.3816326530612245,0.44216895508494297,0.4044265593561368,0.4454795680711412,0.4430783242258652,0.42796704520151413,0.4480492813141684,0.4377224199288256,0.4577739281074058,0.45103977387441957,0.47205971353641313
0.2840087967326422,0.2815397583590896,0.3779271968467424,0.35807860262008734,0.38471209454362587,0.4324443464844611,0.39618856569709127,0.4416222859483818,0.4210285714285714,0.41602728047740833,0.4257154057232458,0.43058616130453947,0.44611843481899977,0.42391304347826086,0.4614490507555211
0.28370156900416266,0.27096025529445894,0.40831240009134506,0.3858847423203859,0.3607317701623293,0.4456641053787047,0.4077432001960304,0.436168011587006,0.42557077625570777,0.4403239556692242,0.45078344716753715,0.43726320481390685,0.45926849542809645,0.4506713368359603,0.45793850319087215
0.32161125319693096,0.29246676514032494,0.3879677877783041,0.3716766142159523,0.4176225234619395,0.45320643553138457,0.4186287192755498,0.44223023107907566,0.43048256091734355,0.42523158359064844,0.4715547340316287,0.4532407407407407,0.4582884242293598,0.458478572893172,0.47913322632423755
0.2960244648318043,0.26986754966887416,0.4196025293586269,0.37547312641937924,0.38514173998044965,0.460813704496788,0.417910447761194,0.447190115583898,0.4269162210338681,0.45748903279715897,0.46325940212150435,0.4267979452054795,0.4654679199019207,0.4476987447698745,0.4599888080581981
0.27343506695733416,0.28131991051454136,0.3857307249712313,0.3510971786833856,0.37845998993457475,0.43201040988939493,0.37686939182452645,0.436971405557793,0.42129417163836624,0.42215122470713523,0.45472518782127325,0.4308978873239437,0.4360428481411468,0.45239491691104594,0.4590909090909091
0.3266004792879151,0.2876148242001901,0.42439266236985623,0.39029768467475195,0.39885877318116975,0.48872727272727273,0.42258064516129035,0.46844823714349876,0.4450508558670305,0.45100299746368455,0.4935064935064935,0.4427108727450024,0.48821779913063373,0.47612930849925067,0.49554140127388535
0.2944312796208531,0.2658406082793579,0.38604240282685515,0.35334645669291337,0.37342727730246605,0.44232804232804235,0.39942938659058486,0.45013905442987684,0.4234875444839858,0.4295136026380874,0.4592074592074592,0.4261658031088083,0.46274667740636327,0.45918562416363984,0.47411033703633965
0.2901178603807797,0.2674986435160065,0.37329931972789115,0.3693516699410609,0.3782483156881617,0.42029580936729666,0.3954695611137329,0.4167291822955739,0.43069627074800604,0.40979076194236086,0.4418604651162791,0.4353484466834593,0.43071526018320017,0.43084721216509775,0.45447976878612717
0.2831916285153695,0.25331724969843183,0.3909322229932917,0.3494944257194711,0.35640886965927526,0.4471885336273429,0.3819655521783181,0.4316757208524864,0.3955785512699906,0.4313557506960805,0.4403818809668901,0.3936755270394134,0.4540495174150231,0.4351297405189621,0.44894747196537477
0.290519877675841,0.2788910238814164,0.4432576769025367,0.38260009886307467,0.36124223602484473,0.4770992366412214,0.4148148148148148,0.46620959843290893,0.4464791802921299,0.4604825291181364,0.47006737247353225,0.441591784338896,0.48322147651006714,0.47419171866137266,0.49943117178612056
0.291537986411365,0.28984700973574407,0.3993766696349065,0.37040739815046236,0.39473030077056925,0.4574693186627169,0.40218164571970594,0.45546921697549314,0.416021243637973,0.43753910323253387,0.46696376671187756,0.44649763644177054,0.4705644345539146,0.4509394572025052,0.47687370209552576
0.31931330472103003,0.2837588839168202,0.4069319640564827,0.3727923627684964,0.3950094161958569,0.46350884326082537,0.4093513637405455,0.4448727833461835,0.41919191919191917,0.44320223597524455,0.45675377254324623,0.43210128650193996,0.4766859344894027,0.44818747711461004,0.4760200429491768
0.3116335141651597,0.2803738317757009,0.3829971806549555,0.388433734939759,0.402285170197572,0.4410362694300518,0.4239181014425314,0.43393708293612965,0.42431972789115646,0.43175487465181056,0.45737889598197523,0.43983402489626555,0.44474814525575945,0.44081482840888236,0.46187683284457476
0.2677774471883368,0.29448491155046824,0.39423942394239425,0.35860706347246235,0.37852975495915986,0.45151644596326357,0.4084440227703985,0.4568467211480965,0.4247484478698352,0.4483985765124555,0.456,0.43195749897834085,0.48008088978766433,0.4641175362591825,0.4840182648401826
0.29671801741460146,0.2998236331569665,0.38001958863858964,0.3559504577275175,0.3961248654467169,0.4246096481006758,0.38030382399161866,0.4411828189078351,0.41556603773584905,0.4108967082860386,0.432114333753678,0.4159741458910434,0.43013149097392467,0.4336954293912687,0.4557165861513688
0.3115429917550059,0.30383631713554987,0.3789912077741786,0.3702042850024913,0.4175374829622899,0.4358752166377816,0.41168022977501195,0.442781169982273,0.4408783783783784,0.42509603072983354,0.44169478815148105,0.4340581182686446,0.4575645756457565,0.4291588785046729,0.4687441686881881
0.2765751211631664,0.29421673217293653,0.39000467071461936,0.36629272110618316,0.3770364623739333,0.422897714666075,0.3936223218734429,0.44639934533551556,0.42973708068902994,0.42375109553023665,0.4330518697225573,0.41815377836527867,0.4527012598761478,0.4365561874877427,0.4691309476995674
0.2737237707485124,0.27088274044795785,0.3746724890829694,0.3619570644033949,0.36946637951663075,0.41101152368758004,0.4022428083861531,0.40813997717763406,0.4008648648648649,0.4157371729872237,0.4231634182908546,0.4162629028860333,0.436466317063332,0.40890023709648005,0.4411818682327032
0.2840119165839126,0.2965281730221969,0.39871530167469604,0.4064058808086112,0.39633507853403144,0.4364284123803162,0.41442824251726784,0.4521492295214923,0.4479407681628875,0.4426550598476605,0.4516773162939297,0.4435937851835172,0.4524267692965576,0.4512218963831867,0.459918080748976
0.2992079788794368,0.30068457082675093,0.37330415754923413,0.3749700311675857,0.39345029239766083,0.4242925015492667,0.3966441388953624,0.42202186840590833,0.44650961746271883,0.41030803301791824,0.44139974078874283,0.43356643356643354,0.42734709777950913,0.43667642752562225,0.46092763039162604
0.32085253456221197,0.2790448081566944,0.4004237288135593,0.36233269598470363,0.3827864954826438,0.45656970912738215,0.41596733953277387,0.44836081106689407,0.4230686464385625,0.430993690851735,0.457425379967039,0.42833539859562164,0.46870170015455953,0.4425932633103948,0.4772482981010391
0.29952830188679247,0.2939958592132505,0.3832549809715693,0.36959761549925485,0.4024390243902439,0.4521253756977243,0.4005648387855966,0.4449235593884751,0.4156236512731981,0.4345658496053178,0.46364674533688616,0.4332704797821077,0.4543987086359968,0.4393149664929263,0.4718062488445184
0.32220160791589364,0.28195804195804197,0.40823715772799274,0.40725806451612906,0.40717352866885576,0.4588744588744589,0.4330804991436261,0.4588258865958726,0.4461332141260617,0.44988394175986496,0.46856023506366307,0.45311130587204207,0.467882304185661,0.4493731918997107,0.4650630011454754
0.3207990599294947,0.2953631734119539,0.40578458881933954,0.37809712586719524,0.420334196281478,0.48056537102473496,0.42565320665083134,0.4598052320030552,0.422279792746114,0.4521564694082247,0.4679593721144968,0.4403631861328931,0.47402725656725264,0.45674740484429066,0.4694869486948695
0.3480278422273782,0.3106744556558683,0.42356548401226457,0.3883211678832117,0.43595825426944973,0.4780323733445449,0.42635119461841803,0.4731848983543078,0.45964316057774,0.4548260959045071,0.47957438723161694,0.4746324290743425,0.4839814628249043,0.47983721790603034,0.5074792243767313
0.29286846275752776,0.28087431693989073,0.40200775724389687,0.35859234523503725,0.3772469835016006,0.4482001755926251,0.39510403916768666,0.45036319612590797,0.42923794712286156,0.4403318442884493,0.44081632653061226,0.4210753616929389,0.45727386411004584,0.45168756027000967,0.4679633867276888
0.2876148242001901,0.29069767441860467,0.3987372510927635,0.36397548627764453,0.3950680708964809,0.4622727272727273,0.3990895295902883,0.46212441811256877,0.4099173553719008,0.4485310607759587,0.4632263307598537,0.4161195381480643,0.47234226447709593,0.45007089325501315,0.48118811881188117
0.31539782484258727,0.28383012397784224,0.3795805973310739,0.3583870198043426,0.3881994848981503,0.4271255060728745,0.4051211705532693,0.42095238095238097,0.4093296911115781,0.41427155599603566,0.4249396919651141,0.4201268152996523,0.44616576297443844,0.41938389479373084,0.44849134083199427
0.2763852242744063,0.27737665463297234,0.3776739611507253,0.3511652542372881,0.3684782608695652,0.41606350688769556,0.39856004114168164,0.4413186813186813,0.4123462744152399,0.42283675289919714,0.44093142490920745,0.42432748538011694,0.44425049094479596,0.4419368075502667,0.46507904742845707
0.26895306859205775,0.266284523189161,0.3729316928298685,0.3470517448856799,0.3564691656590085,0.4224260958205912,0.37636659688299606,0.43086816720257237,0.4012779552715655,0.4120342697748555,0.42670108795869444,0.3926507018992568,0.43671009138635036,0.4281852586051541,0.44404719342152305
0.23891987085412386,0.29043392504930965,0.3639767054908486,0.3430451127819549,0.3722963644730787,0.4070118879709853,0.3683132255861598,0.43418181818181817,0.4107399057183849,0.4152046783625731,0.4205292132836086,0.41134185303514376,0.42955589586523735,0.4219703574542284,0.44019642230796213
0.34279096699478867,0.2826541274817137,0.39101317779217976,0.3772954924874791,0.4133426638675064,0.44677353062063296,0.42951793465844185,0.4640799077986938,0.4137205387205387,0.4375628393323949,0.4473586996675286,0.44376528117359415,0.4644754969494194,0.4394160583941606,0.457596535546734
0.27932960893854747,0.2976190476190476,0.414324569356301,0.3732576148683531,0.3849960927324824,0.4597396867416722,0.40412682435832914,0.45379504731226095,0.43931159420289856,0.45697202647875296,0.4805482765571457,0.42806707855251547,0.4773784355179704,0.48490749756572543,0.4935115243075731
0.29534313725490197,0.2912462503408781,0.3907993623320428,0.37202072538860104,0.4037466107961548,0.44041450777202074,0.4134709931170108,0.4572468162522741,0.4203850509626274,0.4402730375426621,0.4511565666220608,0.4233513513513513,0.46643542134258315,0.4399092970521542,0.472945141359296
0.24788732394366197,0.29521492295214924,0.3785602152949092,0.33870567815521946,0.35513103110457994,0.4194241512677267,0.35760948463585773,0.42331768388106417,0.4180164189039272,0.42692388341371357,0.43031123139377536,0.40302049622437974,0.43571281629294384,0.4174867524602574,0.44701860995062664
0.259927797833935,0.2734192037470726,0.3676402410755679,0.348922753547031,0.34355828220858897,0.41229250785105426,0.3682219419924338,0.4200743494423792,0.4197992061639038,0.4138227087357802,0.4276422764227642,0.41187214611872147,0.4295670538542767,0.42679802955665025,0.4446632532493108
0.2844747443445925,0.25775938516109964,0.3981461046126683,0.3342161016949153,0.36236028073823756,0.4427934621099554,0.3611111111111111,0.4385929648241206,0.40534733826688946,0.402757468142887,0.46027718133905915,0.41481144934120856,0.43848325937878174,0.4381652796593768,0.4716190476190476
0.2725217952857604,0.28038439796495196,0.372082274092905,0.34677206851119896,0.38179969496695476,0.4266256590509666,0.3865630483830534,0.4166837887815903,0.40864169156515745,0.4129171151776103,0.43779904306220097,0.42847638057218895,0.4298078952923791,0.42924901185770753,0.4442730428075588
0.27358490566037735,0.26409747803910455,0.3975521305530372,0.3655859075823334,0.34811249049911325,0.4368421052631579,0.3915187376725838,0.4490374873353597,0.4079098643366291,0.4293640631668801,0.4460658647209623,0.4118301089615299,0.4441213128375571,0.43910939012584704,0.4501731435167372
0.2999102065249925,0.3007832898172324,0.41941309255079007,0.3581267217630854,0.4018867924528302,0.46599872095502026,0.4084271007900407,0.45650067816314666,0.4245689655172414,0.4434237995824635,0.48291571753986334,0.4444910807974816,0.46754281162883315,0.4657019357263672,0.4678729689807976
0.27130774235523747,0.2630057803468208,0.3958333333333333,0.36411058946270214,0.35893375560833995,0.4337560122431133,0.388097024256064,0.4337982615726703,0.38966384632975076,0.42769165427904016,0.44962166467542813,0.4176021553659632,0.4358867610324729,0.449633346198379,0.4585403133358808
0.29402661714639433,0.30154012429073224,0.3456391324411629,0.3750964754309236,0.4044171779141104,0.40981810212579445,0.4134215037962283,0.40969696969696967,0.42934293429342935,0.40679405520169853,0.42505854800936765,0.44174441310479495,0.44051049814738574,0.40710013505691683,0.4440677966101695
0.30520865062442887,0.29700796047213834,0.4034103657168499,0.3608040201005025,0.40315815445349124,0.46774882528833833,0.40752351097178685,0.46574257425742577,0.41357466063348414,0.431405303821257,0.47809377401998465,0.4372133653636165,0.4582055998365011,0.4457056375331063,0.47695167286245355
0.26389320086929524,0.3029981427434333,0.3781116842341332,0.3651557356292732,0.38659543467702767,0.42319342276070965,0.38962310327949096,0.4478719250292854,0.42747757602275216,0.4171548117154812,0.4550019312475859,0.44115755627009645,0.4377946300471408,0.45707831325301207,0.47354497354497355
0.2674177290246072,0.28639365918097753,0.38250680058589664,0.36337961873381974,0.3875894988066826,0.42440210782326715,0.3845802919708029,0.4541549953314659,0.4394129979035639,0.4249854057209574,0.4566010211524435,0.43918367346938775,0.4403528960490986,0.46197684772929654,0.4815664138295996
0.30129557095510695,0.3042884457798416,0.373374476526339,0.3547246083880748,0.40465793304221254,0.4206955046649703,0.40418947869554867,0.435998424576605,0.4336655592469546,0.4158210809691448,0.4466501240694789,0.44260555909187355,0.4297017650639075,0.4361043347720023,0.4498346196251378
0.31667165519305596,0.30993999478215495,0.3986059681986495,0.38057085628442666,0.40780394955983823,0.46121505150304815,0.4080856123662307,0.4482891195693964,0.4231770833333333,0.4488124488124488,0.46698202459791865,0.4387776606954689,0.47049409881976395,0.4577868095326067,0.4797061524334252
0.2904636920384952,0.28622448979591836,0.3917204540396172,0.3776391554702495,0.3949367088607595,0.43478260869565216,0.40570377184912604,0.4343839541547278,0.4372112557748845,0.41756894790602656,0.44556677890011226,0.43540183112919634,0.44586241276171484,0.43964562569213733,0.47058823529411764
0.2939742250087078,0.2868217054263566,0.39373601789709173,0.34902411021814006,0.36853448275862066,0.41688528499880756,0.380479735318445,0.4140625,0.41384462151394424,0.4144767173812817,0.4237649063032368,0.416367552045944,0.4278986319802646,0.4175916230366492,0.4331874087971649
0.26971080669710806,0.30748945147679324,0.4059121994264284,0.37405878066553316,0.3812302455628495,0.45737254072350325,0.3939537080774681,0.46439024390243905,0.4294557097118463,0.4430456852791878,0.4681904761904762,0.4273937856689918,0.4674959871589085,0.4589066567497211,0.47259395050412467
0.267188009123493,0.290458767238953,0.3922740859967809,0.37257980115122974,0.37321063394683024,0.42812777284826975,0.3918245264207378,0.4414046549612087,0.4273621596888584,0.43748650399481753,0.4370251899240304,0.42942876194709934,0.439832285115304,0.44021952175617407,0.453588143525741
0.28991859737006886,0.28195282501371366,0.39990972692394494,0.3687580025608195,0.3727795846885164,0.4362618432385874,0.38482655353132017,0.4319526627218935,0.43235955056179776,0.4302203567681007,0.46262507357268984,0.4270353302611367,0.4535100434872644,0.45199922735174813,0.4699579027937237
0.26323661381992225,0.2764904972663369,0.3605758582502769,0.3493535008538668,0.37461373900641787,0.427061310782241,0.373190098085007,0.4305156220049837,0.3987220447284345,0.4319672131147541,0.4446104987857276,0.40106732348111657,0.44661354581673307,0.43410003650967505,0.4594102657444485
0.2883513685550605,0.3157894736842105,0.40656506447831187,0.37816662313920085,0.39285714285714285,0.45850340136054424,0.40748129675810474,0.4745905081898362,0.42550274223034734,0.45928555580208563,0.48105436573311366,0.43497558810474923,0.46513623685904315,0.46522878451925015,0.4820329561246774
0.28023952095808385,0.2943814297019256,0.39549041713641486,0.36836935166994106,0.38210801808232214,0.4378698224852071,0.3946939725389807,0.44554064719810577,0.4171673819742489,0.42361255456246105,0.44083969465648853,0.4252394835485214,0.4462215113954418,0.44478063540090773,0.4561079282942155
0.2721685689201054,0.2930036822724882,0.36306001690617073,0.33452466047176554,0.3756488909863143,0.42962056303549573,0.38071412326586307,0.4359464627151052,0.40008369951872774,0.4090999010880316,0.4347986021703145,0.42871669717307304,0.43436478954449353,0.4370477568740955,0.4508629799225079
0.29240806642941874,0.29234828496042214,0.3729026845637584,0.3548693586698337,0.3819047619047619,0.4260852170434087,0.4064245810055866,0.43729189789123196,0.438058748403576,0.4185502727981294,0.44404266859519076,0.4404885116953012,0.4540065021992733,0.44853852967227636,0.47947629157820243
0.32815829528158297,0.25572405590246805,0.40591872791519434,0.3777549974372117,0.40830982303154656,0.45956192080876157,0.4337231968810916,0.4403409090909091,0.424044734389562,0.4481033764068362,0.4618955512572534,0.44468880580602593,0.4731618391735872,0.43896848137535815,0.47161241483724453
0.2802983219390926,0.3235908141962422,0.40392514833409404,0.3462030171311685,0.4201281746973653,0.4373240961247023,0.3858267716535433,0.4630503144654088,0.439772229522558,0.43283582089552236,0.4699788989065797,0.4423320659062104,0.45367278797996663,0.4711501719526175,0.48226415094339625
0.2980769230769231,0.29955456570155903,0.3988803358992302,0.34955981356809945,0.38444051528163675,0.45689084895259097,0.3972979734801101,0.4607584668424255,0.4330316742081448,0.4245200698080279,0.4478719250292854,0.43558282208588955,0.466866182129115,0.43340421418905856,0.4444865479348238
0.33103033944127364,0.2919205298013245,0.41677704194260484,0.3746583850931677,0.4294159375738945,0.4600760456273764,0.4321488194610064,0.4434268269414234,0.42900172117039587,0.4521418323426932,0.45956019381289603,0.4493538974572739,0.47630522088353416,0.4448123620309051,0.486307664032347
0.2866428339291518,0.2912565141864505,0.4033535165346996,0.3599681444119989,0.3889034284218791,0.44780840488025303,0.3867658373942036,0.4556213017751479,0.4165876777251185,0.43350412118511916,0.4583929666734819,0.41216834400731933,0.4566861093108663,0.4392109500805153,0.474407488548098
0.272,0.2556802627977005,0.3994817534009933,0.35466998754669987,0.3515212471712346,0.4438458350600912,0.3898916967509025,0.4525462962962963,0.4173489710112857,0.43368592351505286,0.45402518122853874,0.4210753616929389,0.45395127748068925,0.45430906389301634,0.4665924276169265
0.29413515927359335,0.2966657915463376,0.38717228464419473,0.3695161694660316,0.3965110796793965,0.43743199129488575,0.40467668814125507,0.44773728474169,0.41444539982803097,0.4319488817891374,0.448062015503876,0.4255408527620248,0.45484536082474225,0.4482496194824962,0.4635145197319434
0.2862307924073516,0.2810810810810811,0.37552094757622284,0.33358153387937456,0.3705150109836466,0.4348008385744235,0.37600377893245157,0.42981945253348863,0.4143947655398037,0.41210139002452983,0.4399015710770396,0.42624338624338626,0.4490777866880513,0.4418691588785047,0.45441283734500365
0.292209760533495,0.28350799779371205,0.3917247582639982,0.37311251826595226,0.39349830179524503,0.4372866894197952,0.4001883239171375,0.4395734597156398,0.4275043936731107,0.43016069221260816,0.44620131122252216,0.4351535836177474,0.4463174794300622,0.4466491950580307,0.4778694673668417
0.2825,0.2896478686788456,0.35841313269493846,0.37622765046587764,0.3799950968374602,0.4115727648466391,0.400969696969697,0.42001186474194185,0.43073545554335896,0.4330543933054393,0.43594202898550727,0.41668440093636944,0.4443086947668499,0.4358152686145146,0.46690552517442957
0.29832474226804123,0.27420289855072466,0.40206416872335654,0.377640391550747,0.3778801843317972,0.4524167561761547,0.4149827501232134,0.43962226240707253,0.42621448212648944,0.44660194174757284,0.45749854113985605,0.43874643874643876,0.4729921100546227,0.4607469512195122,0.4958174904942966
0.33643699565487273,0.29985935302391,0.41632088520055327,0.38371791547835105,0.4019066733567486,0.47345326897762174,0.4212882367570256,0.4635842880523732,0.44236902050113897,0.4622621338464828,0.4883440514469453,0.44950276243093923,0.48720066061106526,0.4861769352290679,0.4942951073293367
0.323557847244602,0.2706019871420222,0.3768867924528302,0.3694906307732911,0.3876212955677944,0.44272375313140516,0.41347859133519127,0.40889075277836023,0.404739336492891,0.4300176056338028,0.4301871272876825,0.42274186153140764,0.4550379198266522,0.4255744255744256,0.439848876516206
0.28313447275072556,0.28353837141183363,0.40027014858171994,0.3866597186034393,0.38965787411856884,0.4658493870402802,0.41668748438671,0.46116207951070337,0.4123091161499306,0.4469439728353141,0.45085555113410264,0.42969275622336844,0.45841111802530593,0.45285965254733557,0.462877030162413
0.28778467908902694,0.2756892230576441,0.36578171091445427,0.35349611542730297,0.3611189601582368,0.43261074458058435,0.40236051502145925,0.4282864109953447,0.4056014003500875,0.4142038946162658,0.4188752424046542,0.4222276146566367,0.4284436493738819,0.4351499788762146,0.43285743844403063
0.3009217960154624,0.262714169159641,0.360550064460679,0.368471490177288,0.3743818001978239,0.43352601156069365,0.4119014411901441,0.4214216163583252,0.428728794888742,0.42407108239095315,0.4370286576168929,0.4301982285955293,0.44861273935130913,0.4175660588016375,0.46761922434588976
0.3056139297508256,0.31879460745440125,0.36553408838552076,0.37167701863354036,0.41517537580529706,0.4312141186476717,0.40570071258907364,0.4323387872954764,0.4196506550218341,0.42048517520215634,0.45063483039605834,0.430939226519337,0.44900446972775293,0.4402942840973401,0.457579712847287
0.27060270602706027,0.28840462738767825,0.37847533632286995,0.40724893027938586,0.3897560975609756,0.4321997417133018,0.41816870944484497,0.45546875,0.43688254665203075,0.4503832608245287,0.4318437852046564,0.4275715800636267,0.4504283965728274,0.4402724093502669,0.4586244942993748
0.29386503067484665,0.2783882783882784,0.3884057971014493,0.36213991769547327,0.36793164111585824,0.4416243654822335,0.405875152998776,0.4401743264659271,0.418961625282167,0.42745841229732573,0.43412322274881515,0.43190237524515146,0.43955600403632694,0.43221781055019853,0.44921583271097837
0.283595922150139,0.2825965304980414,0.39973410148460004,0.3598095715359559,0.3869837296620776,0.44905740309256514,0.3905038759689923,0.4616915422885572,0.41224761482138894,0.44195223260643823,0.4644567924889826,0.418494623655914,0.4443994328539599,0.44558210087220324,0.4734755521993581
0.3009966777408638,0.29142185663924797,0.3986338131251525,0.3830832196452933,0.38198103266596417,0.4540792540792541,0.39396304970075463,0.4470334412081985,0.4121768543126359,0.4480181200453001,0.45498224357635264,0.42034370645610775,0.46771688484579543,0.4504430249330311,0.4746038195855343
0.3413793103448276,0.31742738589211617,0.42566983578219536,0.4032645223235718,0.41730994152046785,0.46794475365903937,0.4374713696747595,0.46461949265687585,0.46231366785639305,0.4483942637850939,0.4813849590469099,0.4677716390423573,0.473767258382643,0.4830666170450316,0.4859437751004016
0.304857621440536,0.28428192273665587,0.4083515416363195,0.38038793103448276,0.3699328859060403,0.4494020239190432,0.4112632394730044,0.4315654405474765,0.42208883553421367,0.44067028985507245,0.44472520530638027,0.4191449814126394,0.4688741721854305,0.4430222956234517,0.46511627906976744
0.3048543689320388,0.3005512039454598,0.3947494033412888,0.3639282847203639,0.38559212231147966,0.43745789355490683,0.39856740854438477,0.4419633452706973,0.4314002828854314,0.411672278338945,0.4576131687242798,0.43703199455411845,0.4308360477741585,0.43651115618661257,0.45940514469453375
0.3117265763111373,0.29403902699812884,0.38530899494171983,0.37861482381530986,0.40133939248983497,0.4447210122381249,0.41601830663615563,0.4398258115597783,0.43255913062007245,0.4299447739824095,0.4490731893751194,0.4158945851348569,0.4584572674995043,0.43870237646171256,0.45949981336319523
0.29251269035532995,0.2934449093444909,0.38816674137158225,0.3697478991596639,0.37920489296636084,0.4236006051437216,0.3985365853658537,0.4310926036089629,0.41835181561208956,0.41871101871101873,0.42542503863987635,0.42208484331699,0.4446277583006806,0.4360421369450715,0.46349681767128414
0.29577892499240815,0.2516930022573363,0.39640429730322296,0.36523867809057525,0.3885143570536829,0.4589199411641101,0.4271250294325406,0.4442671984047856,0.4230096237970254,0.44126074498567336,0.4537461773700306,0.4454371410338226,0.4779674473997618,0.44587190629132817,0.4864864864864865
0.2891178364455892,0.26482440990213013,0.3900789177001127,0.3683377308707124,0.3808296830713734,0.4296909011754462,0.4059304703476483,0.45029358169669975,0.4048170449282075,0.4444444444444444,0.4342053885201093,0.41276978417266186,0.44417077175697867,0.44631257164692395,0.46881556360862103
0.2980110857515487,0.28771520280128393,0.42226397369657115,0.38637545501820075,0.38323668950975226,0.4566681634485855,0.414621932899349,0.44579576431117635,0.4488262910798122,0.4605664488017429,0.45025536261491317,0.4279574756842343,0.4825966260943839,0.4612302143858946,0.48242811501597443
0.2999133198497544,0.27620808027462374,0.3729184925503944,0.38811601037491156,0.38465138043986896,0.445142378559464,0.42889595638346206,0.4427510746385307,0.42425514057910196,0.43175879396984923,0.44072835377183206,0.4337741607324517,0.4485395020584199,0.4400879443019421,0.45714285714285713
0.2389353141442278,0.28383561643835614,0.37053182214472535,0.32681067344345616,0.3572496263079223,0.42818314865147394,0.35599022004889974,0.4398665881891309,0.3889512688075455,0.41065895476141295,0.4491916859122402,0.39080459770114945,0.43462396107845125,0.4346182917611489,0.4418300653594771
0.259214501510574,0.26472838561591433,0.37623762376237624,0.3761179598743051,0.3500833531793284,0.41928015154704273,0.3740871613663133,0.4217456734386757,0.4025974025974026,0.42589985923989543,0.4332210998877666,0.4013954442848348,0.4405705229793978,0.4376130198915009,0.44576791192925463
0.29528865295288653,0.30246189917936694,0.39876718824087243,0.37343291544411844,0.3913623033857638,0.44281793229643185,0.4088934321492461,0.44538169548713624,0.4120151371807001,0.43220526432205264,0.4468788755684167,0.42117376294591485,0.46187363834422657,0.45148193260251723,0.46076255799878957
0.29821717990275526,0.3046396264954771,0.4050875929925606,0.34983498349834985,0.39290373075919643,0.45108323831242875,0.3979328165374677,0.44903170887422855,0.420721374969741,0.428378985181859,0.46280651143622503,0.4398320895522388,0.45926904447380007,0.4515863205603626,0.46975520938701193
0.3008057296329454,0.2662337662337662,0.4104609929078014,0.39882697947214074,0.3880453121234032,0.46084724005134786,0.42770804277080426,0.4507874015748031,0.4122404371584699,0.4644102564102564,0.45466743339083765,0.446763202725724,0.4677804295942721,0.4568432877738251,0.4696997605452201
0.2770719903206292,0.2888830208608397,0.4418912947414936,0.3880450759431651,0.3747878787878788,0.47331490537954496,0.4,0.47631882941855985,0.4393063583815029,0.4711382113821138,0.49282571264587716,0.43985675163261007,0.4920666800562362,0.5069637883008357,0.4981631153563556
0.30456535334584117,0.2756849315068493,0.3945392491467577,0.3923348461926374,0.37701149425287356,0.4358130348913759,0.42405216131369233,0.438765078716009,0.4354077735340373,0.44032835192591036,0.4584651898734177,0.4516829533116178,0.46179196704428427,0.4365187051754216,0.4619482496194825
0.2793427230046948,0.2762778505897772,0.40563620836891545,0.35769980506822613,0.3793922127255461,0.4570608731297397,0.3952897714153775,0.4295880149812734,0.4172569220862846,0.4310897435897436,0.4516966437975153,0.4223834196891192,0.4604770352848413,0.44517423827768654,0.45909337186201915
0.2974963181148748,0.30922431865828093,0.3976169461606355,0.34522324769269147,0.40456238361266295,0.4359448899856056,0.39649455234486025,0.45222437137330757,0.4325977714660258,0.429948717948718,0.4585655890003716,0.43569333891914536,0.4436592069100903,0.45342187788230953,0.476931427537543
0.28046540110226575,0.27213578500707214,0.38792520838026584,0.35552231363749687,0.36532663316582914,0.4421637802009835,0.39080459770114945,0.42790697674418604,0.4142118281987857,0.41296716911005577,0.43262272638372773,0.41323024054982815,0.4314435062324085,0.43138010794140325,0.4452815972876248
0.301255230125523,0.27727645611156687,0.37974137931034485,0.3913676042677013,0.3995104039167687,0.4198036006546645,0.42270419935394554,0.4247148288973384,0.436054124836316,0.4282876440206595,0.43478260869565216,0.4440243646292796,0.44148833622517836,0.42446173330920933,0.44685775324906535
0.3118872549019608,0.3058201058201058,0.39669800504471453,0.35575175279148274,0.40344580043072503,0.4464993394980185,0.39416419386745793,0.458700882117081,0.42425578831312016,0.4242164018892228,0.468384074941452,0.44458846403110824,0.4438390611902766,0.4540519581233036,0.4642451759364359
0.3076458144454518,0.2743783179659123,0.4217512309997859,0.39855769230769234,0.3776464795667159,0.47504091653027825,0.43824701195219123,0.46593146908231586,0.4321257092972501,0.4605817452357071,0.47052154195011336,0.45286195286195285,0.48741463414634145,0.45933370556486136,0.48177842565597667
0.2948387096774194,0.2864553314121037,0.39727315467795016,0.3449758194519076,0.38215575038679733,0.44155261386582906,0.3893714869698518,0.453629878304658,0.4189443920829406,0.43132165260653255,0.4580553871032949,0.41956769055745163,0.46026700572155116,0.45461815273890444,0.46105675146771036
0.28498727735368956,0.26249282021826537,0.38963963963963966,0.3500258131130614,0.3715170278637771,0.4404269222391636,0.3874843554443054,0.4261281681434164,0.3992707383773929,0.42069693769799366,0.4482967143721024,0.41540516473731076,0.4434800578631949,0.4301288404360753,0.44152836742570434
0.2994385527136619,0.2787023977433004,0.39981701738334857,0.37276166456494325,0.38463495293818367,0.46048565121412804,0.41886608015640275,0.4551165146909828,0.42921348314606744,0.4626516280059587,0.44773760126457224,0.43650620779786536,0.4716902581182348,0.4479907710055758,0.47156352419510317
0.27906976744186046,0.26400655916917193,0.3537197626654496,0.3573762251822066,0.38008827856792543,0.41391155002146846,0.39819862526665084,0.41098636728147553,0.41521114304665047,0.40532667498959635,0.4429321407738674,0.4245762711864407,0.44109368717330116,0.43765420383374454,0.46567613315779577
0.28655142103721065,0.29356357927786497,0.3887707358570821,0.36145733461169705,0.39331135186057464,0.43373007867661895,0.3941908713692946,0.45597424730164743,0.42668371696504687,0.43603960396039604,0.4574876577070762,0.43002280738129794,0.45063967920565207,0.46045503791982667,0.4608879492600423
0.29459291485394656,0.306196165601556,0.4074474994587573,0.39838220424671383,0.4032536356913976,0.46509671993271656,0.4374539198820349,0.4562560620756547,0.4384170742552245,0.4620731956655081,0.452253628724217,0.43866809881847474,0.46904617866505344,0.4664429530201342,0.4791744840525328
0.29578727218404544,0.2847457627118644,0.39157427937915745,0.38022626660108216,0.37138150152977173,0.4391778523489933,0.39811542991755006,0.43603534383403764,0.42042042042042044,0.43462246777163904,0.44155844155844154,0.4161607703579652,0.4423115376924615,0.4348148148148148,0.4596937834347906
0.27941176470588236,0.26662725391664205,0.3710116250309176,0.35936233450418803,0.3524966261808367,0.42214860388073827,0.3767370046320124,0.42376152691400387,0.41047825042057196,0.4182475158084914,0.43230605738575983,0.4043589149084164,0.43684794672586014,0.4330660086366441,0.44352844187963725
0.30605187319884725,0.2629793895121315,0.399740428293316,0.37745678427658064,0.3783143939393939,0.4578958204653078,0.3979756153669197,0.44461538461538463,0.4174321726126896,0.4499192245557351,0.4311111111111111,0.42313293114208445,0.46984627512810406,0.43137254901960786,0.47130778917071414
0.3034309096632043,0.27840269966254216,0.3993558776167472,0.3783231083844581,0.3688013954647396,0.4449368491025925,0.40574069569447824,0.44723825226710634,0.42356115107913667,0.4489883770985794,0.4448441247002398,0.43203463203463205,0.4675324675324675,0.44899551394577725,0.4673259647081637
0.2907357759904677,0.27771679473106475,0.398110661268556,0.36537013801756585,0.39098837209302323,0.4600720186401186,0.41750358680057387,0.45146818923327897,0.43559510567296994,0.43877977434183035,0.45401174168297453,0.4398464163822526,0.4586634166158846,0.46042603087746725,0.473463153875525
0.2962219993313273,0.2929824561403509,0.40040444893832156,0.3710033076074972,0.40305584826132773,0.4533333333333333,0.40859644468028655,0.4707678883071553,0.4370031317754758,0.44288389513108617,0.47800085433575396,0.4369044852428538,0.4676145339652449,0.4665694646948552,0.48914858096828046
0.2956575300277179,0.29161082819619405,0.41358733073215515,0.39417524479035904,0.3886138613861386,0.4513157894736842,0.4228040127232689,0.4715577889447236,0.43054036315904615,0.46652542372881356,0.4652900688298918,0.4264328485885372,0.4796192840885578,0.47022547697051453,0.4916222391469916
0.30557335041639977,0.31101511879049676,0.39209302325581397,0.3708609271523179,0.39069767441860465,0.44636524822695034,0.4128369704749679,0.45490981963927857,0.43320480834656383,0.449365727800473,0.44682926829268294,0.43080308030803083,0.46663833404164895,0.45262754123513615,0.47198772064466615
0.28960155490767736,0.2640283520378027,0.41404977901837636,0.32291383528132644,0.35812964930924546,0.45480662983425413,0.39184952978056425,0.4592283628779979,0.40009675858732463,0.4378390106313734,0.45816409423233145,0.39804241435562804,0.47015886646629457,0.4477434679334917,0.48501686842627506
0.3077423552374756,0.30356616563513117,0.4180929095354523,0.3451917732073374,0.4080645161290323,0.45815180004586104,0.39790575916230364,0.4624228230785608,0.4101068999028183,0.4344262295081967,0.47271970012494796,0.43315382814329195,0.4756258234519104,0.45940347970173984,0.4920699471329809
0.2902338376891334,0.2878833890069845,0.39133681852128455,0.35102499297950013,0.3766767040788393,0.4459203036053131,0.39562783257797923,0.4521038495971352,0.3931203931203931,0.41438916141088533,0.4423529411764706,0.430952380952381,0.4451539338654504,0.4343930019202048,0.4591472379752153
0.31525207402680283,0.2809869375907112,0.38728989177987566,0.370946127043688,0.3952405587170202,0.43485915492957744,0.41219822109275733,0.4425956738768719,0.4261752893928656,0.4214409722222222,0.45671521035598706,0.44464609800362975,0.44566133108677336,0.4284288281094031,0.4453140285658384
0.30544323483670294,0.281443880428652,0.3746305978631507,0.3510939510939511,0.37887252412392075,0.4275832252485949,0.4014833127317676,0.4271649588105284,0.42018725736469514,0.4227504244482173,0.4441809918988342,0.4264117385504669,0.43673890608875127,0.431265798172273,0.4503772489843297
0.30376515634971285,0.2664319248826291,0.38603888498477396,0.3510693792383933,0.3764523625096824,0.4336224149432955,0.40944486309972367,0.44701429772918416,0.42880296364899284,0.43170466883821934,0.43189102564102566,0.4261640798226164,0.449654594934059,0.42969056012534274,0.4631907830501855
0.2985257985257985,0.32606941081517354,0.351439182915506,0.3832734735761929,0.41977702375181775,0.4120078311942571,0.4024183796856106,0.4246190858059342,0.4423289794111136,0.414498933901919,0.4595761381475667,0.4409685022498393,0.4414563508481589,0.44594594594594594,0.4668183541903678
0.31141256266588024,0.28188286808976465,0.3717948717948718,0.38073852295409183,0.400390625,0.4340150699677072,0.41552941176470587,0.42459443220508714,0.4343791427308882,0.41045090602612727,0.44208903449604936,0.45340157816165494,0.4441712763777914,0.4299772899318698,0.45499723909442297
0.32043842682140555,0.3176013325930039,0.399813823597859,0.3693196742842133,0.41025641025641024,0.4669191356649588,0.4211324570273003,0.4554133658338412,0.4487445289103893,0.43213897937024975,0.4741532976827095,0.4676483712628291,0.46846089150546677,0.46030190158792395,0.5012618908949719
0.3087529976019185,0.24585091420534458,0.40025740025740025,0.3504230960676954,0.3668491786958686,0.46509723643807577,0.39867580988413337,0.41631067961165047,0.39143179255918825,0.4340199877625943,0.45382585751978893,0.413034095813552,0.46777382364570974,0.44192634560906513,0.4585185185185185
0.29394626092586595,0.32678983833718245,0.39385474860335196,0.3402200160987389,0.4080145719489982,0.44272445820433437,0.38340633857253287,0.45249430759677084,0.4257913247362251,0.4180939833113746,0.4565085771947528,0.444648598989435,0.4534412955465587,0.44972067039106145,0.4649243466299862
0.2661917098445596,0.278118609406953,0.3682899207248018,0.3679631525076766,0.38335966298051605,0.4224099599822143,0.39445681761940116,0.43830570902394106,0.43054914628518687,0.43138900545530845,0.45041073933079545,0.4450414148197896,0.44283347141673574,0.4467632850241546,0.46898405991933934
0.28169014084507044,0.27882771843330595,0.3870967741935484,0.3711340206185567,0.3745336980850535,0.441485935151385,0.4102070293692826,0.44601769911504424,0.4269513008672448,0.4355444305381727,0.4442322383498854,0.43076258371138476,0.45401015228426395,0.446032342986085,0.47100371747211894
0.30140485312899107,0.2704894294816102,0.38263665594855306,0.3728214195503915,0.3709677419354839,0.4423743500866551,0.41268292682926827,0.4345140032948929,0.413730393271198,0.41980029742936054,0.4338455398124127,0.4164994425863991,0.4488778054862843,0.4377581120943953,0.462909161340306
0.3057485786481364,0.28937117417918756,0.373671115132323,0.3802123802123802,0.39858191947328436,0.43375053949072073,0.41389652586853287,0.43029329047810366,0.42538514601057714,0.42318346473471125,0.435152922957801,0.4114560559685177,0.4433844877644131,0.42614075792730083,0.45333846449874926
0.3182359952324195,0.2675124103695532,0.37182084177357644,0.35297029702970295,0.3790342149963601,0.44288449266113594,0.4008549038233199,0.4312297734627832,0.4189129474149359,0.4265777962924391,0.44,0.4294167371090448,0.45559376896621484,0.4186838124054463,0.4658303688447856
0.27530606151089876,0.30513833992094863,0.4101332168595763,0.3766359670382938,0.38688053627005026,0.4684759916492693,0.4118326785301595,0.4666666666666667,0.4263698630136986,0.45093268450932683,0.46552049877196294,0.44551349090148507,0.4798090312313507,0.4722838137472284,0.4833543278747526
0.30021531836358045,0.2786697247706422,0.4047780031552851,0.3512321660181582,0.3672431332655137,0.44129032258064516,0.39212827988338195,0.4279918864097363,0.40212128199216046,0.4244604316546763,0.44453233142179155,0.42231607023783063,0.4514273978229616,0.4405594405594406,0.4566780174044646
0.30075642965204236,0.29486500794070936,0.40580347329083316,0.36082474226804123,0.39397505295363616,0.45781611613717654,0.3882132834424696,0.45618703668504085,0.43819742489270386,0.43777000617156964,0.4761551308220449,0.44098360655737706,0.47435897435897434,0.468904788112273,0.5039083802944919
0.2840755735492578,0.29456422714849684,0.39725691893215775,0.3582171178561663,0.37424657534246575,0.4349250936329588,0.39037291721766726,0.4466230936819172,0.4100194552529183,0.4272459832541299,0.44278394534585824,0.4120151371807001,0.44410006641576266,0.4536082474226804,0.45671887881286066
0.2994751466502007,0.2810147755784778,0.39789858382823207,0.37042644461266716,0.3732997481108312,0.46210801393728224,0.4249879401833092,0.46141282155982033,0.43663568351847654,0.44273832373640437,0.470260592798886,0.4441061331013484,0.47110006215040395,0.4478900883218842,0.47111283443195034
0.32393084622383983,0.2932692307692308,0.38803263825929285,0.39293708032827657,0.3973224958163997,0.4419443854807896,0.42428571428571427,0.4515357000398883,0.4332383249287437,0.44252163164400493,0.4428789032749429,0.4342857142857143,0.46119911770603567,0.44103332085361285,0.4706769752970017
0.3157894736842105,0.29405576012624934,0.4027050610820244,0.3844831819297815,0.3814481779460483,0.4462018730489074,0.4112595419847328,0.43742780130920295,0.4323971260613978,0.43634875153499797,0.4399701715137957,0.43602094240837697,0.45571626708936,0.43473451327433627,0.460502366217692
0.2773266708307308,0.26101413133832085,0.39708303928487415,0.36381960191484003,0.3741870935467734,0.436710263799601,0.3864522417153996,0.43873598369011213,0.4012609772573745,0.4302426343154246,0.45081640780565513,0.4127957931638913,0.44698897370653096,0.44206426484907496,0.46750195771339076
0.2824754901960784,0.2579555054914109,0.42320085929108486,0.3700633837152609,0.3736868434217109,0.4606604158173665,0.40332256575911396,0.4687681299555212,0.4328259430840503,0.4445787988714228,0.4795783926218709,0.4479695431472081,0.47296238244514105,0.4681008902077151,0.4974433893352812
0.2708776191922259,0.29103484969406757,0.39869423286180633,0.3674894041386188,0.3806529625151149,0.4494810421520864,0.3930885529157667,0.4383509108341323,0.43286143286143286,0.4408668730650155,0.464722483537159,0.4394637620444072,0.44819865662527986,0.4492726937948812,0.4720934544780271
0.3129208079512664,0.29867128827267475,0.4151300236406619,0.36459709379128136,0.39884240989213365,0.46435845213849286,0.4231160896130346,0.4690677966101695,0.44105213715359326,0.4622435617634221,0.47037112979290546,0.4544211485870556,0.48034006376195537,0.46910617876424715,0.49612711022840117
0.2891566265060241,0.25340599455040874,0.40144339197113216,0.3591918184085807,0.3583701521845852,0.4573408401905587,0.4014218009478673,0.4324107501002808,0.3897749617653485,0.42455560148821825,0.44199764058198976,0.4244635193133047,0.4529303655299163,0.44095693779904305,0.44932432432432434
0.33671641791044776,0.29005150447275685,0.4,0.3785128077592639,0.3898223715794527,0.45010615711252655,0.42756349952963313,0.44018949861823925,0.4319186560565871,0.42883856222730105,0.4449905482041588,0.44630225080385855,0.4593668078241581,0.4395108184383819,0.4614529280948851
0.26981659931613305,0.2632450331125828,0.3746518105849582,0.3513371788148925,0.3646381167042324,0.42955098429550986,0.3804048987753062,0.43408951563458004,0.411441647597254,0.4274644855789927,0.44848724540241247,0.4159116022099448,0.4428244115809206,0.4459092671578131,0.45997312344019964
0.2888248479026577,0.2947484190266703,0.3739172281039461,0.37486800422386485,0.3891108891108891,0.43234696182516374,0.4049607694254619,0.4260256941566515,0.4262662483191394,0.42407906558849956,0.43664245359160614,0.43777581641659313,0.45422842197035745,0.4373015873015873,0.47210130589631977
0.3103654883163571,0.3051126992853216,0.3759099933818663,0.3553022794846383,0.401839748244977,0.40762463343108507,0.3905803996194101,0.43433544303797467,0.436513086740212,0.4024922118380062,0.44798464491362766,0.4477549307595468,0.4213912344189787,0.43736971764259996,0.45903458479748477
0.30285893810870246,0.30500844119302195,0.3950035352345039,0.36860068259385664,0.40545229244114,0.4475743348982786,0.4086395233366435,0.44471947194719474,0.42723326479323737,0.436077057793345,0.4614770459081836,0.43325269408401146,0.4682657609849289,0.4644830307813733,0.487120338331411
0.2870632672332389,0.2644533485975959,0.3850959393128068,0.36232258064516126,0.375,0.43314822725331054,0.3978309095390683,0.4149809733627078,0.4086516336861482,0.4305177111716621,0.43654223968565814,0.42711564023039433,0.440760210270926,0.4343786295005807,0.453125
0.28045977011494255,0.28983833718244806,0.3700222606975019,0.35487528344671204,0.37239248004120523,0.4150151550477967,0.3737563861253025,0.42765685019206146,0.41956680457532247,0.41620879120879123,0.4204475467049887,0.4058373870743572,0.4356085707974376,0.43147514590460856,0.45114885114885117
0.31848766421018904,0.24427480916030533,0.41277985074626866,0.390535621424857,0.3709128956317029,0.4625220458553792,0.41205533596837945,0.4425654774180243,0.40967817712003757,0.4574829931972789,0.45456361094467745,0.42157082121279926,0.4849624060150376,0.43759811616954475,0.4781510973004467
0.2820919175911252,0.2827254735651682,0.3724202626641651,0.3644001050144395,0.36517285531370036,0.43601685517853184,0.3975873335008796,0.45331105076248174,0.4117647058823529,0.43140676117775356,0.44654721159653715,0.4121239538565935,0.44547563805104406,0.4448455675892499,0.4709347996857816
0.27376896872096623,0.27752477899812483,0.4042361424064894,0.3601705543014798,0.37639474336722045,0.441991341991342,0.37877671333824614,0.4494787489975942,0.4038205242114616,0.4280894137494728,0.4409695074276779,0.40459670424978317,0.4525151325401795,0.42544277280517995,0.45756880733944955
0.2866365397030342,0.2967479674796748,0.38714218676677614,0.39590980597797587,0.4096008348552048,0.4397834912043302,0.41803901697491763,0.44610591900311525,0.44304682040531096,0.4440528634361233,0.4539064069090179,0.4468864468864469,0.4468942124231503,0.4573024740622506,0.4746434231378764
0.32968369829683697,0.3001649257833975,0.4229552643470402,0.35458470916941837,0.4200442151805453,0.4670608108108108,0.4097844514410269,0.4570970328789094,0.4250619788145143,0.4373566812591203,0.47783155856727977,0.45169656364815214,0.46709729511505854,0.4583173261621206,0.47797563261480785
0.3024330150908531,0.2753335225659949,0.42738589211618255,0.3769712140175219,0.3881578947368421,0.46643264589732336,0.4204218600191755,0.46370885299529746,0.4474441248063731,0.4666951323654996,0.464698843238931,0.45145842403134523,0.48465873512836566,0.46763848396501456,0.47921854050948093
0.28634920634920635,0.2888824044353662,0.38495772140631956,0.363773965691221,0.38328604591178744,0.43727446402037784,0.39980183304433986,0.4408,0.44640833899841376,0.426430230103441,0.4496696463272445,0.4520123839009288,0.44354018311291965,0.4429504417979255,0.4663745475328634
0.33385432947796184,0.298938679245283,0.3983459682977257,0.3736774193548387,0.4114610221992772,0.45058264997842035,0.42493887530562346,0.4376558603491272,0.4383434155421126,0.42259503079210026,0.4578505793048342,0.4493077266636891,0.44626072742133227,0.4382533096226042,0.46071496845727394
0.27860696517412936,0.2878088514797719,0.3719540229885058,0.3571790969051243,0.3817733990147783,0.4227005870841487,0.3897258582366016,0.4415427882683809,0.41448692152917505,0.42375053395984624,0.44513497766556614,0.41259500542888167,0.43596617859352443,0.43537933663743805,0.44982830980541777
0.26220553089791737,0.27003962206644316,0.36811023622047245,0.3526185906224294,0.3628831814415907,0.4083274189732671,0.37799043062200954,0.42337375964718854,0.4205354949643822,0.40399002493765584,0.4327359101705895,0.42214199759326115,0.42609853528628494,0.42833333333333334,0.4461953141198424
0.28129829984544047,0.2985571587125416,0.3684210526315789,0.38527188490612047,0.3993149009053095,0.4269759450171821,0.40904806786050896,0.43896523848019403,0.4284766747733805,0.41957160856782866,0.44314868804664725,0.44416189870735323,0.44786394006883984,0.4371897670866743,0.46446942274718994
0.2948717948717949,0.29837352776219855,0.38930957683741646,0.3475084789981738,0.39285714285714285,0.43199315654405473,0.3889579706540662,0.42893751232012617,0.42076251722553976,0.43136439267886856,0.4396116504854369,0.421379463295631,0.45027680951404553,0.4500762195121951,0.45830969937606353
0.2858062439652398,0.2617039837161966,0.405997693194925,0.37231384307846077,0.36828240252897787,0.4510412051395658,0.4070412346274415,0.4216371863430687,0.413951353832033,0.4394945384450632,0.4532795156407669,0.41995101313738586,0.467195988299206,0.45061975209916033,0.4750733137829912
0.2767064585246403,0.28343949044585987,0.37577197149643704,0.3665193657395373,0.37143553497440895,0.4308581591818586,0.3891314895681708,0.43540183112919634,0.41320458118122616,0.42778632666520117,0.43365949119373776,0.4282627484874676,0.4588707972087122,0.42558948589099344,0.46886307370024755
0.2926984126984127,0.28141843971631203,0.4045936395759717,0.36644014636696287,0.37769594950026303,0.43912949795302736,0.40440992232523176,0.4561261625556005,0.43998131714152267,0.44036309900781084,0.4539852911945935,0.43870382959438026,0.44765641131530043,0.45737483085250336,0.4838393731635651
0.3013522215067611,0.3014509920047379,0.40037287345607087,0.3618171984856679,0.380826968659468,0.43209876543209874,0.40772200772200773,0.4402938090241343,0.43821039903264813,0.43207998261247554,0.44300465681312007,0.4384066313608105,0.45901639344262296,0.4444444444444444,0.47172034564022
0.2826603325415677,0.27447833065810595,0.4003399915002125,0.3631937682570594,0.38322211630123926,0.44102771596196644,0.3956197576887232,0.45624761176920137,0.42385516506922255,0.42604021501094963,0.4347507331378299,0.42636457260556127,0.44642166344294004,0.43239334779464933,0.45206463195691204
0.27241847826086957,0.25949177877428997,0.3669679941363303,0.34077299945563416,0.3410388903997824,0.43252108716026244,0.3879013000795967,0.4326302195436935,0.41109770808202656,0.4148282920172845,0.42911073825503354,0.4006529850746269,0.44724618447246184,0.42002442002442003,0.4542109566639411
0.27211302211302213,0.3071562583757706,0.3861797507106932,0.3718666342175712,0.38338192419825073,0.4232782080803852,0.39143730886850153,0.44108527131782943,0.43155852554429835,0.42064463484292125,0.4460839954597049,0.4340694006309148,0.43459416863672184,0.43980618710398806,0.45813174544101226
0.2641975308641975,0.29272110618314634,0.36452545010002224,0.3683821718788476,0.3600678458929004,0.413226712772855,0.3919211348881943,0.42521534847298353,0.4181897302001741,0.40447112399089213,0.418693009118541,0.4259298618490967,0.43335362142422396,0.4228187919463087,0.42493023255813955
0.2751196172248804,0.2921114293152825,0.40593627237014407,0.34158539634908724,0.38153269275837826,0.4273182957393484,0.3701750179812994,0.45288753799392095,0.4328519077387368,0.4307062436028659,0.4497107669341295,0.42545227698066124,0.44471057884231535,0.44904692082111436,0.47145217550945473
0.3084321898044245,0.29591249280368453,0.4174496644295302,0.35744234800838576,0.3951781970649895,0.4544270833333333,0.38866599799398194,0.455005055611729,0.40918484500574054,0.43600682593856654,0.47845171588188345,0.4278292297266772,0.4507159161651795,0.46096654275092935,0.47260802469135804
0.282574568288854,0.2830820770519263,0.36180904522613067,0.36101083032490977,0.38409262522023657,0.41341755608799824,0.3837730214036834,0.4159521435692921,0.4050056882821388,0.39855687606112056,0.42416055576997297,0.42247977257817626,0.41857585139318887,0.4213728845788173,0.43965191070752935
0.29582806573957016,0.2798074199943359,0.388673213062343,0.3561924257932446,0.37152334779280427,0.4529295589203423,0.404850284583024,0.4395202276885546,0.40212618442338804,0.4259729272419628,0.4594969300851654,0.410221923335575,0.45425867507886436,0.4414201183431953,0.467456770934525
0.317762570663493,0.27741935483870966,0.401671697237056,0.3811163019424637,0.3954883609311255,0.4507102884201464,0.41810040065991044,0.4344,0.4329004329004329,0.4493336154008885,0.4693798449612403,0.4457983193277311,0.4686428715466828,0.4458574181117534,0.46631931522143655
0.293186955117856,0.2642053648687626,0.40264650283553877,0.3775401069518717,0.37316129032258066,0.44146559428060766,0.3996968165740273,0.429635761589404,0.4247578549492086,0.44838921761998685,0.4460169834209462,0.42876649977241693,0.4675101865751662,0.43513295729250606,0.46238894373149064
0.27877578176979373,0.26009501187648454,0.3757725587144623,0.3536617842876165,0.34947819106234945,0.432037691401649,0.39046887009992315,0.4109708315193731,0.40728318160038335,0.41751152073732717,0.4199198143068158,0.39704865114134197,0.4484144707458687,0.40417101147028156,0.4404346934590937
0.27629513343799056,0.28103837471783294,0.3688838782412627,0.3684879288437103,0.382367758186398,0.4235493434985176,0.4040599323344611,0.435810134187863,0.41571268237934905,0.4191642043056142,0.4413526570048309,0.44289450741063646,0.43130081300813006,0.4259650470520453,0.4557823129251701
0.2658072437077962,0.2621967838648133,0.37885077561721653,0.3816287878787879,0.37527702536321106,0.41857533095188065,0.4088601753576373,0.43694902261402835,0.42257720979765706,0.41554798637547585,0.4264650283553875,0.4341887417218543,0.42826300294406283,0.434654919236417,0.4460300036589828
0.28916428344455036,0.2622309197651663,0.3806244260789715,0.375032375032375,0.3698870765370138,0.4272984133883938,0.3928928928928929,0.4255832662912309,0.4159596422838798,0.4214147495162331,0.43474858149090195,0.4140832595217006,0.4486863711001642,0.425441147954237,0.4547705199009712
0.3258026159334126,0.2641509433962264,0.3718861209964413,0.3828009828009828,0.3953098827470687,0.44137353433835846,0.41400375939849626,0.4225405921680993,0.4122137404580153,0.43014705882352944,0.4402679568291775,0.4288417069581669,0.45497818326061085,0.43932354580932914,0.4681241962153224
0.2909090909090909,0.28813081477304764,0.4267431597528685,0.3974327326586028,0.3844570252187339,0.4730628890319811,0.4171837708830549,0.47338214921828614,0.42942876194709934,0.45908998163640075,0.4679611650485437,0.4290385873119686,0.47535996755222065,0.4568868980963046,0.47854847854847854
0.2917311861257355,0.2899690924416971,0.3916207276736494,0.368141592920354,0.3896560381621893,0.4462286076484259,0.40651592511548745,0.4440461967343688,0.4226757369614512,0.43553719008264463,0.46707739699653444,0.4303189165574487,0.45354969574036513,0.4384702764104506,0.45841937300544394
0.25723684210526315,0.2931785195936139,0.39248334919124644,0.3501737503341353,0.37633567891581965,0.4257380073800738,0.3736035333852949,0.4430326132994494,0.4119760479041916,0.43325161577891685,0.4410299003322259,0.41444778884000927,0.45239673072675063,0.44620703681106366,0.4694127243066884
0.2908867750843817,0.26796326310102647,0.37646021600176327,0.39140926640926643,0.3742746615087041,0.4297970286670852,0.4071127749181095,0.4291795665634675,0.42719279433840873,0.42607636068237204,0.43024574669187143,0.4265777962924391,0.44926382809391163,0.4295800817539948,0.4499723604201216
0.3157570151094665,0.3219011612206319,0.38320825515947465,0.3544502617801047,0.4175447194315119,0.4253615127919911,0.39147869674185465,0.43659971596672753,0.44085297418630753,0.40995415848068106,0.446481961331473,0.45077833808375356,0.42760658505698607,0.4346146416843732,0.44687380130418103
0.27346938775510204,0.3054259759391112,0.40100041684035015,0.3795620437956204,0.3801690655700251,0.4405552202776101,0.39635949943117177,0.44924406047516197,0.4383004675747103,0.432421875,0.459507670353193,0.42138613861386137,0.4495114006514658,0.4497123932368834,0.46280701754385967
0.3105747856462369,0.31236203090507725,0.39411904197296654,0.363107822410148,0.4270676691729323,0.45827695083446096,0.40933032355154253,0.46625,0.434703196347032,0.4370744564023721,0.474802671523983,0.4496054114994363,0.4646727351538795,0.4489795918367347,0.48223051246809345
0.29681565877884897,0.28907815631262523,0.4007553503986572,0.373491124260355,0.3876993166287016,0.4517152488598057,0.42201834862385323,0.4425170695700314,0.43288590604026844,0.43000590667454225,0.45190076744601104,0.43781094527363185,0.45935727788279773,0.4358379439585936,0.4634231711585579
0.3089181734600061,0.3043133103995766,0.415061295971979,0.3969811320754717,0.40993788819875776,0.46153846153846156,0.4281946775353632,0.460854436497197,0.4199611147116008,0.4555921052631579,0.47038853262919655,0.4623814541622761,0.46735668789808915,0.46866282313557744,0.4793633166759208
0.2853511280584684,0.27658983615662314,0.3830857142857143,0.3583959899749373,0.3702213279678068,0.4179431072210066,0.3935389133627019,0.4282860567319217,0.40963855421686746,0.4272171898040868,0.42452284557547715,0.4236006051437216,0.4529861541640835,0.41300691459540273,0.4461883408071749
0.3040473840078973,0.26842420611144396,0.3832194202215414,0.3856953642384106,0.38365614221278854,0.43255395683453235,0.40661327822268145,0.423494983277592,0.4219489120151372,0.42425559660943274,0.44120065789473684,0.4508723599632691,0.45275005308982796,0.4261711800751137,0.4534381139489195
0.3082778306374881,0.2883799830364716,0.3895096921322691,0.36486486486486486,0.3882840850181441,0.4595540008745081,0.3981990995497749,0.4284839828606407,0.4213938411669368,0.4310604431060443,0.45718869059554845,0.42744301512074023,0.461699018993947,0.4351579360408083,0.4618075801749271
0.29833887043189367,0.29323538414447503,0.3875332205846823,0.3438812657518902,0.3931244801774328,0.43546889507892295,0.3926247288503254,0.4426689699848845,0.43746885899352267,0.41363636363636364,0.44832666806988003,0.4343582235236701,0.4418811002661934,0.4430169912971405,0.46169519152404237
0.32088181261481935,0.28890751606594023,0.3939324293265916,0.40427647936350075,0.403870007442322,0.4455553140621604,0.4399421128798842,0.4490535642368103,0.45508717722357095,0.4488504534908247,0.46316614420062696,0.4622279129321383,0.46892307692307694,0.46147949405902644,0.4811087905828745
0.30394121576486305,0.271664167916042,0.3805569125549585,0.3823448275862069,0.39039039039039036,0.44371635853030655,0.4183860015669888,0.44590739521615097,0.4279092461575994,0.4472669539578136,0.45466210436270316,0.4268494445757504,0.46187845303867403,0.4445843828715365,0.4755686604886268
0.3058470764617691,0.2828066416711302,0.40621627455212606,0.3816610657705233,0.38357487922705313,0.45607476635514016,0.426498127340824,0.45920303605313095,0.44981810400171196,0.4456499899537874,0.46572769953051646,0.4408958938199917,0.4798242109468638,0.4709312921450702,0.47645026368430626
0.26864766525166767,0.2868654311039484,0.4001786511835641,0.3750304803706413,0.37768654914271915,0.4096897577560561,0.400560878709979,0.44557357826851673,0.44063437633947705,0.4366576819407008,0.45632183908045976,0.4328389387925632,0.4422535211267606,0.45439283715724677,0.47914718533757245
0.30612244897959184,0.28635724331926865,0.3643835616438356,0.381120646138314,0.39586485123550175,0.4289428076256499,0.4135757575757576,0.42957888373967357,0.4244620611551529,0.42574257425742573,0.4206025267249757,0.41986062717770034,0.4408958938199917,0.42423069479388426,0.45843732002303705
0.3033673154155082,0.2755530663679642,0.4205989110707804,0.3772132409545804,0.38333333333333336,0.4655612244897959,0.40872335211957855,0.45766773162939295,0.4292155094679892,0.4469297320109728,0.47747220596840256,0.43985952589991223,0.46691176470588236,0.47058823529411764,0.48934945308002303
0.3078730904817861,0.27400103788271923,0.3869034881232613,0.3731485905398949,0.3703011907541443,0.4415425423382983,0.39615736505032023,0.44243792325056436,0.4106622240733028,0.4314891929407099,0.4528998891762098,0.4159774056889248,0.4473377380489701,0.44882459312839057,0.45663082437275987
0.2815748031496063,0.2717789681420919,0.4277067921990585,0.3631673974722724,0.3565772669220945,0.4592529711375212,0.3952155494642412,0.4694201747418586,0.41288837744533946,0.45390972663699936,0.46130090716077976,0.4261782443600625,0.4718222953517071,0.45508523271403944,0.46967104012169614
0.2977123158884362,0.26881720430107525,0.38547613610413334,0.36766220391349125,0.3838073276966436,0.4480069324090121,0.4204322200392927,0.4503473641193298,0.41351981351981354,0.44118895966029725,0.43606364172068357,0.42850799289520425,0.45566502463054187,0.42923076923076925,0.45401099943106393
0.29684481648422406,0.2780034822983169,0.3781001403837155,0.3597385620915033,0.3749344520188778,0.4381293354217946,0.40691556001002255,0.4507394292855655,0.41922626025791326,0.4349912739965096,0.4341680129240711,0.42572671091783015,0.44807121661721067,0.42290227048371176,0.45687091017251635
0.27492344334807756,0.2832980972515856,0.4014475271411339,0.3667763157894737,0.35672997522708505,0.44598658339116354,0.38623632968791677,0.447043534762833,0.40516191867543216,0.4494686864119376,0.45756613756613757,0.4024621212121212,0.4654754026031326,0.45170630816959667,0.46251797083590057
0.27920598763423365,0.3157293748215815,0.3911404335532517,0.34578674665939463,0.40205920205920204,0.44380017841213204,0.3837908496732026,0.4454022988505747,0.4221224296856535,0.4246153846153846,0.4595744680851064,0.43488212405584803,0.4460034013605442,0.4525981753272511,0.46586031993757315
0.279204107830552,0.28868295422634094,0.39048059149722736,0.37609030271934324,0.3763030765319095,0.44200833150624863,0.3960880195599022,0.4387019230769231,0.4275674450238041,0.4357876712328767,0.4470680834317198,0.42093736311870344,0.4504653567735264,0.45585689555683784,0.4688995215311005
0.28019619865113427,0.2935282967776875,0.3969013442697653,0.3719770630765395,0.3842028278888347,0.44662737393582186,0.4122321213580544,0.4620648017709801,0.43347354438786806,0.44202434336963486,0.45019305019305017,0.4249412769592142,0.46687306501547987,0.4473684210526316,0.48667174409748665
0.2902548725637181,0.26808626808626806,0.3939193654990086,0.3588739290085679,0.3893975903614458,0.44579068310006265,0.41639496972519796,0.45961275180911404,0.4275409836065574,0.4489132642697542,0.45464809936018064,0.4406497292794669,0.47677406602095274,0.4515535944107373,0.48624185372918177
0.29426280074028377,0.278996036988111,0.39204934886908843,0.35685071574642124,0.38635271504084573,0.44701769718156,0.3969615290370007,0.44999009704892057,0.4220677281901772,0.4443029917250159,0.4578034682080925,0.42706313294548587,0.4698320547377151,0.4570888468809074,0.4830991264717053
0.25059101654846333,0.2669873722188815,0.36954413191076624,0.3527435610302352,0.36087781089135734,0.41456582633053224,0.35621621621621624,0.4223709781904556,0.4116198916789759,0.4036697247706422,0.4323982282218941,0.419871029376642,0.4348993288590604,0.4344041450777202,0.4636420136730889
0.3028169014084507,0.27733485193621865,0.3928070994862214,0.38212005108556835,0.38075636737844093,0.43872113676731794,0.42050520059435365,0.4317525773195876,0.42704302299112223,0.43784707390004274,0.4271728271728272,0.437569552637436,0.4513163393230255,0.4342590794328996,0.45251826220684355
0.27531140210795274,0.26286037309214244,0.3660161827701095,0.3650210084033613,0.3508230452674897,0.4178902191100068,0.3927765237020316,0.4169964590710269,0.4190919674039581,0.4084600132187707,0.42606415170466005,0.42283393501805056,0.4341712824882829,0.43105168629016166,0.44253658536585366
0.2993062438057483,0.3273542600896861,0.38385779485947635,0.37556924725421914,0.4025974025974026,0.44012797074954296,0.4019709543568465,0.4482399500104145,0.4319775596072931,0.42996887505558024,0.45819672131147543,0.4401738732555479,0.4507224498598232,0.4582242802496477,0.4660271782573941
0.26180836707152494,0.2900719424460432,0.3807217243884718,0.37619553666312433,0.3877390620906471,0.4332399626517274,0.399895724713243,0.454661558109834,0.42258140079643947,0.44129554655870445,0.438401318500206,0.41836969001148105,0.45504749282085266,0.4409035901573215,0.4674747474747475
0.297029702970297,0.303873431533006,0.40468384074941455,0.36790505675954593,0.3886441507586882,0.45137046861184793,0.40048367593712214,0.4509403107113655,0.42383209207853756,0.44746059544658495,0.46010690952286676,0.42758620689655175,0.4815911976301312,0.4463452566096423,0.4758048968575284
0.31288542680947745,0.2835909631391201,0.39173228346456695,0.3310036343304445,0.3892295387896561,0.42234585071859065,0.3759318423855165,0.4193897424799827,0.3967270022315894,0.4177616674218396,0.42411555369478754,0.40448366324827095,0.44675209898365004,0.41873844257242654,0.455779514603044
0.2857142857142857,0.2719033232628399,0.3762943379599031,0.36026091319618664,0.3735236220472441,0.4396388830568969,0.4015223596574691,0.4408958130477118,0.42533333333333334,0.42630293159609123,0.44843897824030277,0.418426103646833,0.4564528899445764,0.45317445540867624,0.4718024327312938
0.28254288597376387,0.2952779438135087,0.4129001883239171,0.3892263005017164,0.3944954128440367,0.45434098065677014,0.41643418716713165,0.45091830272324257,0.4409485794787509,0.4524706403722579,0.4525128205128205,0.43808651865415427,0.4556365195027861,0.4498088915711125,0.46900908014212395
0.2936814001779887,0.28711340206185565,0.3983791853273619,0.36669066474682027,0.39083750894774516,0.4603010930088678,0.40718562874251496,0.4595567342299678,0.40828402366863903,0.44563492063492066,0.4537690308206461,0.42585233214808615,0.47456295423296013,0.4581976112920738,0.4772359186611481
0.28650646950092423,0.29212283044058746,0.38039037675896503,0.3837878408806605,0.39069990412272293,0.4371913248872665,0.39739884393063585,0.4428485936564931,0.4189895470383275,0.42527287993282953,0.43689695098417597,0.4259102455546147,0.44680851063829785,0.4387813757424794,0.44577636261472187
0.2783404116301862,0.29424178474525176,0.3712319012580109,0.36178753010436177,0.3852917665867306,0.432190091907644,0.38047052871237036,0.4285108188375053,0.4178743961352657,0.42147293700088734,0.44931733553992553,0.41572254335260117,0.44040666234047154,0.4324434481353169,0.4471626228193303
0.28803795323619114,0.27186253451979137,0.38523588364703004,0.3772165502418055,0.3689588511460922,0.4486727742541696,0.4022082018927445,0.4291603384682144,0.4314110429447853,0.4439390493518308,0.44561774023231254,0.41810344827586204,0.45298769771528996,0.44430718550545606,0.4611032531824611
0.31855876465541894,0.2919121585431173,0.4218820351193156,0.3921078921078921,0.40750415578247445,0.47554806070826305,0.4246959775491113,0.4699780570516657,0.43574430435744305,0.4607966457023061,0.48838095238095236,0.4497165651900063,0.49215491559086394,0.47826919394983725,0.4943695772567842
0.2925764192139738,0.2660844250363901,0.38322211630123926,0.37435098650051923,0.38559107052257735,0.4352914697276615,0.3975062344139651,0.4417961268354969,0.4244521337946944,0.4203059188649967,0.4469879518072289,0.43701226309921964,0.45468180844225414,0.4352517985611511,0.4674299249901303
0.2576839490841354,0.23687752355316286,0.3715944618133095,0.3684210526315789,0.3450321304992585,0.42386117136659435,0.382887189292543,0.40877055599060297,0.4101783384080035,0.4339583762621059,0.4336317633320358,0.40110122829309613,0.44566098945660987,0.43963081559615746,0.4604154969118473
0.2894248608534323,0.2749003984063745,0.3817446043165468,0.36679438058748404,0.3698209718670077,0.43762246897452645,0.39364303178484106,0.43661401377075737,0.43605582246625485,0.42517006802721086,0.4456,0.43981378851695857,0.4481967896602043,0.44714975845410626,0.4564043209876543
0.290811174688657,0.27304550758459745,0.36416324559285196,0.36979455857856747,0.4055719260648272,0.42538354253835425,0.39344262295081966,0.41759629551673333,0.4064484611626771,0.4202405264352167,0.4463804190002074,0.42162417374881966,0.44076888690210103,0.4299408525392617,0.4535331038671796
0.31860690099967753,0.30099357101110463,0.40545144804088584,0.3688635747219962,0.39417576703068125,0.45168641750227895,0.41484494153533297,0.4383386581469649,0.43140062037699833,0.4316287452128858,0.45911166459111663,0.44214400736139864,0.4657415437987858,0.44765196178084976,0.4765515865096787
0.29008109794135994,0.28442437923250563,0.41097754592878205,0.39554881133029846,0.38162902816544025,0.4368763557483731,0.40155566358774913,0.41590954976781747,0.42317266349852906,0.43989877688738926,0.4398175689073964,0.4253253915729098,0.4558216350123865,0.4392614188532556,0.44341978866474546
0.3030864197530864,0.2622861797447733,0.3892283322018556,0.38952051408798816,0.38544211040547144,0.4410679400911656,0.4269449715370019,0.4412116381028298,0.42130434782608694,0.4542809642560266,0.44530344027831464,0.4364021164021164,0.4581551618814905,0.4418250950570342,0.4570563753310632
0.2887262079062958,0.28856714927608584,0.3918620079610792,0.37146311970979445,0.38261263300882953,0.45727482678983833,0.40148182449641123,0.45255474452554745,0.41389351081530784,0.45265968371328813,0.4465768591991142,0.4214992927864215,0.46518161749949827,0.45054747801112904,0.47509853099247584
0.3034267912772586,0.2678623083598496,0.40594285714285716,0.3656242054411391,0.36886719753403546,0.4519650655021834,0.40252488468074776,0.44666530695492557,0.41861531407611186,0.45013762439127675,0.4514843594341502,0.416187527642636,0.4603044014808721,0.45278637770897834,0.4718755999232098
0.2639821029082774,0.30989652427699654,0.38738537239991055,0.36171284634760703,0.386986301369863,0.42394122731201384,0.3926985693142575,0.43292564550572704,0.4285085789705235,0.4247456923396305,0.4424405218726017,0.4288157332193245,0.44575856443719414,0.43197026022304835,0.45362752430815256
0.2841143530798703,0.29342415509562486,0.3688773298656264,0.36629667003027244,0.3959462644355409,0.411522633744856,0.4033254156769596,0.4385733157199472,0.4219628188499784,0.4146685472496474,0.43090475316571847,0.43187018930726023,0.4376851668970966,0.42651814588573483,0.44848048912066174
0.2552648372686662,0.2960172228202368,0.3770968463431,0.3485714285714286,0.3633217993079585,0.42276070964950235,0.3605577689243028,0.4254983224787843,0.40646754996631485,0.412779552715655,0.4136600424464596,0.39552238805970147,0.4156004952538176,0.40815555975080237,0.4250753012048193
0.300327868852459,0.2681056518034649,0.3887337057728119,0.3864935064935065,0.3697566027964785,0.42953929539295393,0.4074262461851475,0.44551956247370633,0.4168005508377324,0.43972246313963576,0.42285017279934944,0.41568981064021643,0.4456381607219596,0.4272421302712334,0.4605940594059406
0.3290246768507638,0.30274753758424056,0.4085197018104366,0.3980815347721823,0.4166083508280849,0.4598821856591509,0.4515096065873742,0.46646224607129166,0.4463645943097998,0.46403162055335967,0.4647626112759644,0.45658773527625984,0.488612030367919,0.45420054200542004,0.4896340364160808
0.2980680772769089,0.2851595006934813,0.3999094202898551,0.3700175482577087,0.3884673748103187,0.45537261698440207,0.4123062015503876,0.4550221863654699,0.4330175913396482,0.44172297297297297,0.4622047244094488,0.43719912472647704,0.4596556730968679,0.4522008919914679,0.4861325115562404
0.2900418949403803,0.2839812517231872,0.38726055850450036,0.3849669883189436,0.38580481622306717,0.4378619153674833,0.40533860603064753,0.42379032258064514,0.41524846834581347,0.4393971555932923,0.4403960396039604,0.4150693985459352,0.4578616352201258,0.43857946827091016,0.45500584339696143
0.27423167848699764,0.3011703511053316,0.3765914675005584,0.3634140376620201,0.38405627198124265,0.43542905692438405,0.3818011257035647,0.4335907335907336,0.421190320470896,0.4271325796505653,0.44847112117780297,0.4315613227291754,0.4416264090177134,0.45287909646361785,0.47009328699469544
0.3133372160745486,0.2583732057416268,0.3858974358974359,0.35507246376811596,0.39297903461725986,0.44282828282828285,0.3982604715037766,0.42794089426213777,0.4072278536800353,0.41490633718612996,0.4521997401150919,0.4244439825400125,0.44155844155844154,0.44224668781489085,0.4565137614678899
0.30301339285714285,0.30566600397614313,0.36721311475409835,0.37558247903075487,0.41025641025641024,0.4100467289719626,0.4112067063754688,0.4324618736383442,0.43167829298317606,0.4091866028708134,0.4376429199648197,0.43870713441072134,0.42684961987761916,0.4404470834788683,0.4605059370160041
0.27845719661335844,0.29871977240398295,0.3781965006729475,0.3756627114365059,0.39491094147582695,0.42409846685381125,0.3967710371819961,0.4407592407592408,0.4247069431920649,0.43520268851081706,0.45668979187314174,0.4366754617414248,0.42743091095189356,0.4451242829827916,0.44837421563034796
0.305366142899496,0.26939970717423134,0.3877642825011246,0.3569580962234868,0.3822867150362772,0.43218197135636055,0.39815712900096994,0.4350848497239828,0.3979686057248384,0.4253621667016586,0.4485580670303975,0.4264802272230719,0.45049009801960394,0.4361394721633597,0.4529012810851545
0.3007380073800738,0.30675862068965515,0.3898768809849521,0.36552980994532674,0.42703232125367285,0.44589026241596186,0.4016695310581881,0.4580553871032949,0.4149079479119892,0.4274616838127231,0.4608780487804878,0.4374057315233786,0.45875,0.45089371516432825,0.47878211227402473
0.31403398363750784,0.2736476713913798,0.41850732387816786,0.39671542211957916,0.3881360265916645,0.4647485174610147,0.4100194552529183,0.45803108808290155,0.41590493601462525,0.45021645021645024,0.45403899721448465,0.41864555848724716,0.4615706806282723,0.4510923046644361,0.46153846153846156
0.31536050156739814,0.2665495020503808,0.39836660617059894,0.41548260656540914,0.39442436757873,0.44127190136275146,0.4274661508704062,0.4450209539014169,0.4530758868432869,0.43757725587144625,0.4679334916864608,0.45822339489885666,0.4678673761768318,0.4525687896863575,0.4607210626185958
0.28372827804107426,0.2609198727220133,0.37524950099800397,0.36905358037055586,0.3608167485138279,0.42574257425742573,0.39855072463768115,0.40510431436094796,0.4238956282902266,0.42369020501138954,0.4346963080587535,0.444543429844098,0.4423587023056519,0.43473170731707317,0.44647967945048656
0.2810065907729179,0.2917547568710359,0.409376308078694,0.3872062030530652,0.3842669845053635,0.4430683180183779,0.4058509403296958,0.4521482574220911,0.4428874734607219,0.4448377581120944,0.4622077215878195,0.4513201320132013,0.46112702960840496,0.46408250355618774,0.4824545935461118
0.3210463733650416,0.28214000532339634,0.4094558429973238,0.36412512218963833,0.385663082437276,0.463855421686747,0.413447782546495,0.4528450482378421,0.427536231884058,0.44567445674456746,0.4749807544264819,0.4338602329450915,0.473208910295003,0.4581447963800905,0.47307835128109915
0.31388455538221527,0.27351413733410274,0.3623916020082154,0.37942122186495175,0.3903067800979634,0.437636761487965,0.42376521116678595,0.43219136428137034,0.4359955005624297,0.42362869198312236,0.44887382898146305,0.45239644328779005,0.4460103626943005,0.44379618825359785,0.45395241749808135
0.30164319248826293,0.27169197396963124,0.3657537200776364,0.37254426388552025,0.3777830979171654,0.43376463339494764,0.4042900442993705,0.428952380952381,0.4159654800431499,0.41639871382636656,0.44489871771046274,0.4222175819586553,0.435546875,0.4246097337006428,0.44251626898047725
0.2969912649627952,0.27411477411477414,0.41808179861277206,0.3619150662699486,0.3887384948565241,0.4691413237924866,0.4117647058823529,0.4421460892049127,0.39351403678606,0.4508748317631225,0.45283806343906513,0.41883345045678144,0.47316017316017317,0.4409221902017291,0.48047434062563893
0.29178743961352654,0.26398852223816355,0.3841834347215723,0.3728813559322034,0.3660531697341513,0.4319395017793594,0.4010088272383354,0.4118488253319714,0.39420154313771333,0.42613021847285315,0.42178770949720673,0.4063978373507547,0.4392699811202014,0.42527821939586646,0.4547244094488189
0.29186046511627906,0.3240110859158478,0.4083904109589041,0.37339055793991416,0.4054794520547945,0.45883326437732724,0.4096109839816934,0.4712318430484814,0.44393112137757246,0.44244604316546765,0.46562786434463793,0.44377388855361094,0.4704055889772948,0.4605120807789398,0.47200566973777464
0.31886792452830187,0.29237520570488207,0.42192298606189466,0.3728540772532189,0.3895187704711514,0.45100671140939597,0.41492079713847724,0.4473684210526316,0.4287369640787949,0.44873765093304063,0.45085085085085086,0.42917878720071606,0.4635138026963407,0.45299484331614437,0.4745829244357213
0.26291653928462244,0.2900398406374502,0.37442116868798236,0.35037593984962406,0.3763729558213327,0.4158709951198812,0.39086047642197375,0.44375121856112304,0.42496154691276644,0.4311401716387413,0.43478260869565216,0.42905982905982903,0.45355850422195415,0.4483720930232558,0.4712002972872538
0.30123927550047663,0.29741863075196406,0.3934731934731935,0.36110366997053306,0.3898477157360406,0.43046506403055496,0.39373716632443534,0.4485324514262092,0.42393320964749537,0.4327256944444444,0.44215210355987056,0.42432493759927387,0.4477675710318308,0.4371198744359427,0.45996055226824456
0.302812295618051,0.25552825552825553,0.40846456692913385,0.3900131406044678,0.3744493392070485,0.45243619489559167,0.42344618494188985,0.45444469075592997,0.43796675499879545,0.44439441692931114,0.4518722233975037,0.4338354577056779,0.469538729329852,0.44527363184079605,0.4640128669079212
0.3101190476190476,0.3027087405752583,0.3841148754767781,0.3816679188580015,0.42200488997555013,0.4379746835443038,0.41777566539923955,0.4493216280925778,0.44638069705093836,0.41643950513734534,0.46138958776853106,0.4718716577540107,0.4504759975693741,0.45633479839480223,0.48999809487521434
0.28109080011986814,0.27852697095435686,0.36536337530373314,0.37357743691241957,0.3832167832167832,0.42043795620437957,0.4028335301062574,0.41362346263008515,0.40943193997856375,0.41852905323039413,0.4352312511516492,0.42269736842105265,0.4510350318471338,0.4416484318016047,0.4522270114942529
0.28416616496086694,0.27523910733262485,0.40623646600259855,0.3768684146042637,0.38915547024952013,0.4621367171510438,0.41020838211191757,0.44814389590508996,0.4243870687784769,0.4554298193369069,0.46563605885639786,0.43875,0.4813440125024419,0.4643249176728869,0.4839408155900397
0.2642857142857143,0.25014212620807275,0.37661758143685853,0.36446700507614216,0.34630451815095326,0.42563223317616805,0.3969465648854962,0.42301523656776263,0.40873918980427854,0.41757788322673817,0.42651977178831396,0.4044746654968195,0.443343653250774,0.43837187081979745,0.4535925290642272
0.32319508448540707,0.274230330672748,0.4115798922800718,0.37209302325581395,0.4071825998988366,0.46531667384747954,0.41981809478219245,0.46029173419773095,0.4191589835844389,0.45037531276063386,0.4719890689049385,0.4525515743756786,0.4789366053169734,0.4574712643678161,0.48620037807183364
0.29767726161369196,0.2947019867549669,0.3789329685362517,0.3595447490946715,0.39037433155080214,0.43781094527363185,0.40608887797692117,0.43911290322580643,0.4243525670149932,0.41902702702702704,0.4467754467754468,0.4442527496226008,0.44398597070352797,0.4289315493503975,0.4595260663507109
0.3054938075579549,0.29561730163277,0.4245679588977114,0.37811745776347544,0.39210661199384933,0.4743243243243243,0.4147885540643201,0.4570596797671033,0.4288389513108614,0.4590017825311943,0.4844417327638804,0.4536129473444267,0.47249190938511326,0.4608887995173939,0.4960722702278083
0.2792594916849702,0.3048098434004474,0.4004694835680751,0.37950566426364574,0.397879323403181,0.43523083818915287,0.4010062893081761,0.4638566483404602,0.4335536813312058,0.4498493327593629,0.4666666666666667,0.43829502343226956,0.4634867032503166,0.465705378020265,0.4749856239217941
0.29585445869370713,0.2973776696404434,0.38781284004352556,0.3753351206434316,0.38887556940781587,0.43651452282157677,0.3956868260665729,0.43353155572606944,0.4319371727748691,0.41306122448979593,0.4456501403180543,0.4294683968187526,0.42901960784313725,0.4408981258118389,0.46436363636363637
0.28812082486203894,0.31806991629739045,0.3974869109947644,0.3860894251242016,0.4105691056910569,0.44571195762884497,0.4087292566492385,0.45054337815435624,0.45482483097725873,0.43930407275603006,0.4706308919506889,0.4444884227191767,0.46400928792569657,0.4581184421127512,0.48220924057355286
0.2931399214264128,0.3080260303687636,0.3916773916773917,0.37921953555183147,0.40184645286686105,0.4431983385254413,0.4094927873429502,0.4690591658583899,0.44391819160387513,0.4472675942730389,0.4568835098335855,0.44110805667160075,0.44995083579154377,0.4606015870086732,0.4776392961876833
0.2973293768545994,0.3338599262769879,0.40216655382532157,0.40058479532163743,0.4056110318592487,0.4428171440878742,0.41670533642691415,0.45866454689984104,0.45073465859982714,0.4412811387900356,0.4583737628565884,0.45639288738357325,0.46175752644426366,0.4610675339582935,0.46774193548387094
0.29801526717557253,0.2565429968363532,0.4080484638684552,0.3744016124968506,0.37717748043423377,0.453108967781654,0.4223869887586702,0.4275165176836378,0.4277326106594399,0.4335977221883262,0.455743879472693,0.4493848478307792,0.46244593000393236,0.4417776111006938,0.4742152466367713
0.30322966507177035,0.2896281800391389,0.36932207258616756,0.3614702154626109,0.38922888616891066,0.4295444870157514,0.40028832292167227,0.42591093117408907,0.4167231638418079,0.41586692258477287,0.44457432300798755,0.42998281786941583,0.4388956557044255,0.4343101106151756,0.4522594063149934
0.30456535334584117,0.29641782882143836,0.4226078799249531,0.38214565387627253,0.3997995991983968,0.46571044374719855,0.418372441337993,0.4483971044467425,0.43097949886104786,0.45815945530419505,0.4665985699693565,0.4476744186046512,0.47777068708785364,0.46690734055354993,0.47977795400475814
0.29321088881600527,0.30116709365214916,0.4152800562456058,0.41427104722792607,0.4106305367378843,0.4545043005885016,0.43076149786378487,0.46023198011599004,0.44383436284603067,0.4658304498269896,0.4646711464060273,0.44235082996859576,0.46930946291560105,0.47023809523809523,0.46988906497622823
0.2980089916506101,0.3036322360953462,0.3832142033663823,0.364120308756987,0.395655546935609,0.44276169265033405,0.3942431251606271,0.44308943089430897,0.44105929224279355,0.42400521852576645,0.46669341894060995,0.45087759288807844,0.4431239388794567,0.4577742699289661,0.4958217270194986
0.3212140373063547,0.27809307604994327,0.42335073564309444,0.3846949327817994,0.4022604675057796,0.47143177235043693,0.4253920080930703,0.4679771718452758,0.42712177121771217,0.4597145993413831,0.456441717791411,0.4305898183449204,0.4630457933972311,0.448692152917505,0.46485844387250047
0.29607609988109396,0.2849090443248783,0.40160982842618087,0.3844823325920435,0.4033850493653032,0.44584434058118266,0.40833528447670336,0.4489795918367347,0.41923813577356883,0.44242902208201895,0.4441181868232703,0.41762295081967216,0.45814807655132417,0.43858705397166936,0.4655702150731972
0.29577048210588586,0.2658626114315679,0.4163473818646232,0.3553078041686864,0.36441079034548035,0.46480032935364346,0.402536402066698,0.4565381708238851,0.4093043107127614,0.44157937147461723,0.45374449339207046,0.41699319447308725,0.4676753782668501,0.4323733138899016,0.467823571945047
0.29665692956832196,0.29406606255480855,0.40420560747663553,0.3862977602108037,0.39590443686006827,0.44598523820174457,0.4301563287947554,0.46809403862300586,0.4267412066154205,0.4419865538928649,0.47094430992736075,0.43982102908277404,0.45782626940830884,0.45943775100401607,0.48208984761527807
0.29984051036682613,0.27809307604994327,0.40091743119266054,0.3918953577840472,0.39505536955961884,0.45091225021720244,0.41317810255139953,0.42903356247472707,0.43024592047805105,0.43302047781569963,0.45566112430720507,0.4377104377104377,0.4542821679768308,0.43222157206943634,0.4650799843932891
0.2970922882427307,0.2773892773892774,0.3789329685362517,0.3588159588159588,0.3762428048142334,0.4222222222222222,0.3905707196029777,0.40549273021001614,0.4124371284865112,0.40773361976369493,0.4250252270433905,0.4289605083976396,0.43326315789473685,0.431782334384858,0.44949990194155715
0.27762215997510115,0.2903409090909091,0.3918762981767828,0.35914085914085914,0.37379868487607487,0.4379242391066345,0.38685088137208196,0.4539123310118804,0.42534957149300856,0.41915396177796865,0.4520602218700475,0.44224422442244227,0.4358711266160476,0.4444878048780488,0.46704761904761904
0.30835486649440136,0.2863849765258216,0.39615384615384613,0.39748661857109613,0.4033341051169252,0.4397799062563685,0.4218540080609046,0.4482563619227144,0.44320297951582865,0.4376875375075015,0.45248200775050745,0.4450230322451432,0.46141855027279816,0.45920028948796815,0.48012889366272826
0.31582089552238807,0.2836801752464403,0.40784671532846717,0.37528373266078185,0.40300314846209734,0.4708138048572646,0.414021790620559,0.4659090909090909,0.43554773427188737,0.4484514212982605,0.4846495462444487,0.4628307433851323,0.4755726738293128,0.4674726540011514,0.49962490622655664
0.2869097429766886,0.26763990267639903,0.4072119613016711,0.36610002463661,0.3760310528869481,0.4666806811015346,0.4004750593824228,0.4396417445482866,0.4098862642169729,0.44750926307122274,0.4466128729592794,0.41807432432432434,0.4631956912028725,0.4436215515645251,0.4712769849981705
0.3088803088803089,0.2779014308426073,0.41104916371008615,0.3989884799100871,0.3834435182523714,0.47038752132585915,0.43364993215739484,0.46844771994472595,0.4520897043832824,0.4771210676835081,0.48264984227129337,0.46945812807881776,0.48166089965397924,0.47821278478212786,0.5056007028332967
0.3014509920047379,0.28,0.37089618456078083,0.37031594415870683,0.3850011941724385,0.4399915629614006,0.415614773258532,0.43875756983785896,0.4261449150720275,0.42200700597568513,0.43218738194182094,0.4235343208846234,0.45291389393022785,0.44031238378579396,0.446159500183756
0.2987358616101131,0.27713059472716123,0.38029556650246304,0.3861955628594905,0.3860793909733551,0.41848583372039017,0.4012522828072006,0.4177874186550976,0.43112307315879617,0.4086265607264472,0.4328732747804266,0.4271345029239766,0.444642063139173,0.43416960398092475,0.4515998379910895
0.2875536480686695,0.3101494075218959,0.3812129502963976,0.3728813559322034,0.3948189014152075,0.42231422967966875,0.40475036354823074,0.4509493670886076,0.4263650206656515,0.43036359770359345,0.4495733126454616,0.42678533587624495,0.4558854058542661,0.45892891175910044,0.4788625592417062
0.2886473429951691,0.28244071409539034,0.36703786191536747,0.3620604259534423,0.37436762225969644,0.44420692603676787,0.4053093150035553,0.41818538114834414,0.4218545929473226,0.4195833333333333,0.43379427921954916,0.42715580855998314,0.44314279943445767,0.42193620593172915,0.45395590142671854
0.329375,0.27711195556854723,0.4258004206590325,0.38397066526977475,0.39114583333333336,0.4559699845508718,0.43130434782608695,0.450721908349027,0.4301728164409155,0.4405822289810993,0.4473578055667608,0.44110388153466457,0.46418703506907544,0.45,0.46279703934553956
0.27131072410632445,0.26555555555555554,0.4006252791424743,0.37065052950075644,0.37020316027088035,0.44052484405248443,0.39960966089290073,0.44176706827309237,0.41855254313242213,0.4407839866555463,0.43714565004887584,0.4073275862068966,0.45232273838630804,0.43856622580026833,0.45034377387318564
0.2763201594154766,0.29289681379713534,0.37819746593354053,0.36166756903086084,0.3851851851851852,0.425414364640884,0.39361154044307056,0.43058181054400335,0.4293785310734463,0.4295362449347141,0.44084478162805,0.44378966455122393,0.45438748913987836,0.4303643724696356,0.4554890219560878
0.30269568041571937,0.2991304347826087,0.4024183796856106,0.3656267104542967,0.39750908147379344,0.45271676300578034,0.40258397932816536,0.4559848005066498,0.4309133489461358,0.4270022883295195,0.4734982332155477,0.4443935926773455,0.45239673072675063,0.45517805976258696,0.47274929350020184
0.30345285524568394,0.30551544903263067,0.3788098693759071,0.3884931506849315,0.4002092597436568,0.4264333410085195,0.41503604531410915,0.4417972831765935,0.44386422976501305,0.4412159141707644,0.45186399016796397,0.47650069799906936,0.4469467301862278,0.4653405666063894,0.4824701195219124
0.273339749759384,0.29243976737745775,0.40114235500878737,0.3849669883189436,0.3807351077313055,0.44268266552389113,0.4219554030874786,0.4613861386138614,0.44449448322449897,0.44541484716157204,0.45104895104895104,0.4541233694450586,0.44412665985699695,0.44601028375547513,0.46470812666921024
0.27977087729876393,0.2658772874058127,0.41215034965034963,0.3817307692307692,0.37655677655677655,0.45082313212325875,0.400942285041225,0.4560247965904688,0.4239177025289327,0.4464322016670055,0.46655099286678237,0.4243448858833474,0.46246006389776356,0.4646652992727951,0.47332217884365124
0.2857142857142857,0.2688984881209503,0.3830167597765363,0.37886977886977885,0.3889828460980913,0.44715969989281884,0.41023189098732965,0.43222157206943634,0.4367965367965368,0.4368052696582956,0.44960362400906,0.44125,0.46712662337662336,0.44871794871794873,0.47028707259096725
0.2672090112640801,0.2753938077131993,0.3855532551184725,0.3721633888048411,0.3696612665684831,0.4267487901451826,0.3962034558286688,0.41943835889265085,0.4152448482162641,0.4281150159744409,0.4281853281853282,0.42503764250376425,0.44171523730224815,0.42093330814283014,0.45427059712774
0.30216284987277353,0.3015075376884422,0.4010367577756833,0.3766099948480165,0.40020314880650076,0.4513810913990568,0.40551860064055184,0.4617926476662536,0.4382998171846435,0.4453689511714473,0.47300875942147075,0.4362821948488242,0.4560803590510793,0.45527156549520764,0.4729783037475345
0.30554713549560475,0.32786044125192404,0.38074493574384666,0.36350293542074363,0.4201445558405223,0.45185651353052236,0.4170172978027116,0.4562795089707271,0.4602808635506183,0.43204868154158216,0.47493501670998883,0.47111472742066723,0.45582688108000796,0.4600254962666181,0.48036199095022625
0.25847323408299017,0.287117903930131,0.4007294278550262,0.33947573319491303,0.3688789460601541,0.44121475054229936,0.3721860930465233,0.444706808343172,0.41567749160134376,0.4319189360354655,0.4456564082586677,0.4076655052264808,0.4594986534079138,0.441031475161168,0.4609793420045907
0.28588734100545127,0.3150759219088937,0.42153047989623865,0.3828727906397809,0.3929434509424843,0.4574138997731491,0.4138922155688623,0.469011074412279,0.43823146944083224,0.4441747572815534,0.4755113529742916,0.46079053054322555,0.47098170371827663,0.45996717125661135,0.5021043000914913
0.33323086381801414,0.2756892230576441,0.41208791208791207,0.37554361729342545,0.3873079828758499,0.4721622788088045,0.42228168328873755,0.44641418211120065,0.4262594027809437,0.43614509551405883,0.44704962876123483,0.43367122080211545,0.47031772575250835,0.4444011684518014,0.45464939024390244
0.3225618631732169,0.30146471371504663,0.4019566142067205,0.3536047081902894,0.4037134015710545,0.44358766233766234,0.4082013047530289,0.44684129429892144,0.42231422967966875,0.43415802075019955,0.466033873069049,0.4463645943097998,0.46393762183235865,0.4375,0.46841628959276016
0.24381520119225036,0.2987212276214834,0.39593689215474387,0.34844400882136733,0.3744399905682622,0.43891213389121336,0.37709168041480084,0.44953253195954973,0.4274873524451939,0.44245263801181506,0.4526256774434685,0.4153050672182006,0.4508278475962498,0.4441615132775555,0.4656738103886669
0.3221595965588846,0.2650469353948095,0.4301123595505618,0.3719298245614035,0.3924050632911392,0.47679863771817793,0.4110047846889952,0.4524940617577197,0.4155614500442087,0.45365139150449885,0.4714975845410628,0.43774069319640563,0.4679383116883117,0.46335331657319667,0.468796992481203
0.26243781094527363,0.269553450608931,0.39765290002256826,0.3668579985026204,0.3698562221120476,0.44130434782608696,0.3931215667542393,0.4304149295215406,0.41463949156256846,0.4415638720468325,0.44474867983571287,0.4190597745160604,0.45127161749745676,0.4280022766078543,0.4467005076142132
0.2897793263646922,0.28854166666666664,0.3560804899387577,0.3706395348837209,0.39494618624239586,0.42094240837696334,0.4105067410506741,0.4275598086124402,0.4124497141647258,0.41522491349480967,0.43685879500093266,0.42609413707679605,0.4271386430678466,0.43220494053064956,0.44987240247903754
0.267905304165418,0.2805358550039401,0.4206851407375082,0.3732034104750305,0.3708452041785375,0.44779199339661574,0.3965756594169366,0.4428842504743833,0.42532958720553277,0.45436268596702856,0.4747852073216287,0.44040910039657694,0.47082018927444796,0.44977127172918574,0.45979899497487436
0.273972602739726,0.3112970711297071,0.4029255319148936,0.3715170278637771,0.3898005554152992,0.4576523031203566,0.39457459926017263,0.4459273797841021,0.4347632807290509,0.43059970332697606,0.4594334168433224,0.4467027027027027,0.44833264717990945,0.4559445940746441,0.4857088775317055
0.29323758228605623,0.32824829037348763,0.3776192599197503,0.364,0.399806623156877,0.43919209282337773,0.3985542168674699,0.47142294048088296,0.4442481784058291,0.4365546218487395,0.4635376260667184,0.4323862422559282,0.448870636550308,0.45408066654042795,0.47662835249042146
0.2684517679368349,0.2846221699500147,0.3774945900456841,0.3732296584282144,0.3760217983651226,0.41804231574052547,0.38226547715598813,0.4283876500857633,0.4138435291250305,0.433175569078206,0.42416614222781623,0.3938751472320377,0.44076770350761085,0.4244281045751634,0.4475126903553299
0.2915294821909608,0.27128659683051304,0.37532693984306886,0.3657587548638132,0.3725301204819277,0.43307579870536644,0.41025641025641024,0.42569659442724456,0.42679261485616143,0.4153908138597905,0.4412704378876151,0.4222873900293255,0.45759682224429,0.4400590188122464,0.4762603116406966
0.2939068100358423,0.2932178932178932,0.37961005402865866,0.37250324254215306,0.3803329864724246,0.447000451059991,0.41024353502385136,0.4412870873380694,0.4336842105263158,0.43361270401411556,0.45815340324902326,0.41928911025582977,0.45906623235613464,0.4399839421918908,0.4768740031897927
0.3117199391171994,0.29160063391442154,0.4019586022701981,0.37735849056603776,0.38335738335738334,0.443010752688172,0.40355940355940356,0.4324429713394424,0.4280747501086484,0.4265893559743218,0.44802454929037205,0.43861892583120204,0.448937487105426,0.4313651748777736,0.44878782183800037
0.29081295439524124,0.2747815607110575,0.3728247914183552,0.3471164309031556,0.3764515257899001,0.423885998642841,0.3915832691814216,0.40615647712697733,0.398927090953426,0.40795352993744416,0.43724194880264244,0.4097060195986934,0.4372053150450064,0.42517425174251744,0.44471544715447153
0.31005324146570623,0.3177977650585991,0.4139382600561272,0.36140069500133654,0.3981042654028436,0.46444444444444444,0.4103987884906613,0.46175694867113004,0.4380952380952381,0.45458553791887124,0.4750499001996008,0.4472384373596767,0.48214285714285715,0.4699667384073567,0.4993135909001765
0.3008086253369272,0.2798210735586481,0.3991919191919192,0.39385032783178836,0.40490260450864524,0.4428030303030303,0.4136744786067512,0.4341333333333333,0.44356592211899587,0.43714609286523215,0.46262730882099085,0.4550829677665459,0.4652269399707174,0.4485821660403143,0.47143095119107115
0.2859020703253368,0.2837370242214533,0.3639254884143571,0.3667277007585666,0.3762428048142334,0.4180815876515987,0.39694267515923565,0.4245742092457421,0.41760299625468167,0.40331844288449265,0.42628205128205127,0.4292860391086858,0.4297205757832345,0.42921129503407984,0.44685466377440347
0.27984044185332924,0.29216615556175074,0.4083840432724814,0.3660299432111513,0.3811905952976488,0.44857389801210024,0.40195121951219515,0.46518161749949827,0.43698252069917204,0.443502225991096,0.4620436546262314,0.42819956616052063,0.45775225594749797,0.45321135887173625,0.48318385650224216
0.30409356725146197,0.28206583427922816,0.4026875699888018,0.3714649681528662,0.3854748603351955,0.450227716330514,0.3885350318471338,0.45395799676898224,0.432580424366872,0.4421096869090145,0.45930574622474996,0.4327408382707922,0.446530612244898,0.44245723172628304,0.4614203454894434
0.28529325081049217,0.2602921646746348,0.39290294997862335,0.35276679841897235,0.36069474185105876,0.4381495822294681,0.38233912635039924,0.4371269015983054,0.4142268488397311,0.43889671834105093,0.4419642857142857,0.4192872117400419,0.45884413309982486,0.4325811777655476,0.464084378977996
0.26473254759746145,0.2801906779661017,0.4167032967032967,0.3766642459452917,0.3670520231213873,0.4424139396515087,0.4052718286655684,0.46832491255343955,0.4441113490364026,0.4478162805003076,0.4646311397686327,0.42952739439565035,0.4607035175879397,0.44715898574865814,0.46433203631647213
0.2971561230412072,0.2895079406404582,0.3988931460195828,0.3594864479315264,0.38904363974001854,0.4471299093655589,0.3992773261065944,0.4480936202340506,0.41998306519898393,0.4257406317441632,0.4585224178616809,0.44457928802589,0.45390610150161564,0.44297224709042077,0.4694127957931639
0.27012025901942643,0.27075208913649024,0.3721654068474878,0.35924265072247136,0.3776223776223776,0.44178594317453534,0.3973224958163997,0.4273401483263179,0.3874275523851984,0.4331528529779259,0.4395817195972115,0.41124324324324324,0.4466922921302853,0.4399084318962228,0.45937850992137774
0.28346456692913385,0.2762582056892779,0.3856308158407271,0.349762321741306,0.37360456462416275,0.4345679012345679,0.396729983169031,0.43857227371327157,0.39732142857142855,0.41429731925264013,0.45367534456355285,0.430308293530178,0.44717055797388205,0.4343604108309991,0.462602842183994
0.3051047506639127,0.28002183406113534,0.4135146621334467,0.38319572608062163,0.38795656465942746,0.45728234336859236,0.41406613879832327,0.46074301034086557,0.4410300800692491,0.46108140225787286,0.4735167508890137,0.44505263157894737,0.47202797202797203,0.4610877128731002,0.47632867767095954
0.302491103202847,0.2905143447919359,0.40907069808803914,0.38384321223709367,0.3872653837015918,0.4647408666100255,0.4156025075458556,0.45887614232937973,0.4362714013950539,0.4558196221815966,0.45421800947867297,0.4247135842880524,0.4708007224563516,0.46357615894039733,0.4916325771662328
0.2974390620178957,0.29552158755698577,0.38699690402476783,0.3531775935694549,0.38671875,0.42848006821573226,0.39195736434108525,0.44935972060535506,0.42320369149637443,0.417750257997936,0.455532279565797,0.42835789024129833,0.4469867211440245,0.4431691965938541,0.45867460908414
0.29465123553331246,0.29035012809564475,0.39242219215155616,0.3685736883733193,0.39888916940166624,0.4437729333045543,0.39741679085941384,0.4596807204257061,0.42209436133486766,0.4310308182784272,0.4413330704003155,0.4294642857142857,0.43902439024390244,0.4325798908807482,0.4675473865594486
0.3055289229785874,0.325452016689847,0.4158753347942537,0.36143931256713213,0.41897627965043693,0.4696132596685083,0.4233502538071066,0.4663714948344929,0.44392632315224995,0.44439441692931114,0.49412241588974465,0.45849268841394825,0.4745983499782892,0.46048937023666264,0.4808678500986193
0.3212083847102343,0.2888827280288328,0.39290586630286495,0.3877654196157735,0.3977272727272727,0.4676489429852659,0.42777911743428987,0.4409987917841321,0.4557747727776546,0.4473347547974414,0.4721734036321031,0.4568744662681469,0.4758986928104575,0.4684159378036929,0.49310872894333846
0.2579837194740138,0.3045223441263045,0.3686915887850467,0.3448275862068966,0.39085545722713866,0.4057644674622833,0.39100346020761245,0.44966578894065223,0.41997325011145786,0.4153217129330751,0.43656422379826637,0.4207105719237435,0.4271885521885522,0.44308164047527787,0.460767302872566
0.2751842751842752,0.29942100909842845,0.3889899909008189,0.36084353033064304,0.38401608444332747,0.43482026851450845,0.4004932182490752,0.43807248108323377,0.43769680611785877,0.4198683931224793,0.4483300589390963,0.4523546318814946,0.4370860927152318,0.4409722222222222,0.44966571155682905
0.3081815553628216,0.29591039333159674,0.3611728120835184,0.3484475110892065,0.4059590316573557,0.4270962412226353,0.397212543554007,0.4269230769230769,0.42105263157894735,0.40229179455698794,0.45397412199630316,0.4339234252778921,0.4449244060475162,0.43080357142857145,0.46325648414985593
0.2817435249526216,0.2613037447988904,0.4183185235816815,0.3638696433153708,0.3719770630765395,0.4445893089960887,0.37952559300873906,0.43936660653437565,0.4075067024128686,0.4386712095400341,0.4485108039711894,0.4122004357298475,0.4599666388657214,0.4456792488982564,0.4704102854982038
0.2872305140961857,0.2980966325036603,0.3689271255060729,0.3591905564924115,0.3832271762208068,0.42650602409638555,0.38520883213620644,0.43455382591536945,0.39814588924127836,0.41458284645945315,0.442249892657793,0.41356414512686746,0.4368910038522547,0.4419936373276776,0.4544309113817724
0.28553054662379423,0.2825452422650321,0.3776844070961718,0.34712520150456744,0.3757481134530315,0.4328888888888889,0.39807789580171976,0.41771889877872076,0.4047842401500938,0.40687554395126196,0.4449818621523579,0.4220266305574362,0.4408215117510057,0.4264060630235341,0.4634721131186174
0.30358191426893716,0.30837464127315417,0.3918295629255436,0.4048309178743961,0.4005582693649686,0.42940930037704234,0.41500694766095414,0.44110854503464203,0.43544625821496713,0.4258275439313445,0.44832769635475384,0.45374358974358975,0.45602083750751354,0.44750873322301893,0.4768187648891332
0.2992078001218769,0.2877094972067039,0.4225223163195239,0.3898898898898899,0.3868539889613648,0.45731575534903823,0.4165858389912706,0.4596247960848287,0.42917689047512825,0.45020174134635804,0.4624208860759494,0.44141217240632447,0.45822994210090984,0.45394481150408084,0.4902377730523874
0.31522048364153626,0.28076525336091,0.37264957264957266,0.39449976292081557,0.398419339841934,0.4425963488843813,0.4337129840546697,0.4428842504743833,0.4419983065198984,0.44246031746031744,0.448,0.4551949377423964,0.4696185547249377,0.44504798116965416,0.46850324618354094
0.28738241972105094,0.3181691320122802,0.42638451148131473,0.3908828923238145,0.39352684305163116,0.46868863190050186,0.42265684531369063,0.4718466195761857,0.45168641750227895,0.4604224450608065,0.4758662126977769,0.45116487455197135,0.4723618090452261,0.4723676556137289,0.4768365962395813
0.33258137286496936,0.26036532328211076,0.40921658986175113,0.3784776902887139,0.3812038014783527,0.46441281138790036,0.42828282828282827,0.4436590436590437,0.4053678852383156,0.4415640527111687,0.44741100323624594,0.4114208633093525,0.4550822437789962,0.42857142857142855,0.4719458814166335
0.25303514376996805,0.28692459757130756,0.41106906338694416,0.3573097896650221,0.367827868852459,0.439891940567312,0.39849624060150374,0.4631268436578171,0.4273781902552204,0.4560331660484399,0.4492108458114124,0.40796242451353165,0.46137521222410866,0.45690343176376697,0.4668111089225921
0.24288052373158756,0.25403111739745404,0.3917763917763918,0.34438447699820096,0.33168959252530494,0.4164432529043789,0.3625819465456379,0.4252709057452464,0.3989046097672296,0.4298469387755102,0.42020527269068225,0.3885052350189352,0.4395373291272345,0.4341747572815534,0.45307946376530017
0.30131942313593124,0.30022197558268593,0.3909437345886573,0.3625974025974026,0.39650872817955113,0.45087945087945086,0.3890518084066471,0.45283772981614706,0.4256094782410572,0.4319526627218935,0.4563106796116505,0.4370744564023721,0.44707322047725884,0.45524691358024694,0.47129681912290605
0.27246925260170296,0.2859598853868195,0.39704183036746016,0.36595962177357527,0.3762173244490005,0.45764576457645767,0.39754299754299754,0.4484525517524083,0.4174354243542435,0.43666809789609273,0.4554890219560878,0.4108372196313569,0.45938023450586263,0.44409199048374304,0.46294140473418705
0.27586206896551724,0.2890839275918815,0.3657913083894957,0.35762273901808783,0.3783510369246333,0.4139915873367279,0.385929648241206,0.4321709332795807,0.41708088567555357,0.40923669018601666,0.4309974624243607,0.4321341867137497,0.4288401253918495,0.42799305957200695,0.44884615384615384
0.3003251551877032,0.3100610565436687,0.4234154929577465,0.3639531989046552,0.41083413231064236,0.4618918354562539,0.4032941176470588,0.4775019394879752,0.43826086956521737,0.4503582395087001,0.48548812664907653,0.44072819644369177,0.47774895230492914,0.46667904213848155,0.5064220183486239
0.2680106729914023,0.2808219178082192,0.3886275311924729,0.35924170616113743,0.37106017191977075,0.43081823611387615,0.39177142857142855,0.43438247745260444,0.42496347317887706,0.43219362274298884,0.44291159920130696,0.4258957654723127,0.4479697828139754,0.4456637168141593,0.45903379932755267
0.2833125778331258,0.28722516003339826,0.4062430323299889,0.3844052644648622,0.38073739653875094,0.45485375158965663,0.42350701879609803,0.4457593688362919,0.4390677025527192,0.4550176605028049,0.4589787722317843,0.4422583404619333,0.45179282868525894,0.4459053343350864,0.4665170220725776
0.28122109158186864,0.2838427947598253,0.4155221277523436,0.38102372034956306,0.3821178821178821,0.46642660453293794,0.3990314769975787,0.47054187192118224,0.4040627069993376,0.45210569777043763,0.47427035330261136,0.43774235243429555,0.47158063868246636,0.46710650329877473,0.49453860640301317
0.32279100097815455,0.28882175226586104,0.4088269454123113,0.37635574837310193,0.4023764515257899,0.46987951807228917,0.42694889003613834,0.47023935606862954,0.4423963133640553,0.4598301763553233,0.4638036809815951,0.44434094084769443,0.4853468269028041,0.4605475040257649,0.4752238805970149
0.31865042174320524,0.3043105909220668,0.3997103548153512,0.36020942408376966,0.40010245901639346,0.4534431480210478,0.4048460373548713,0.4488831615120275,0.4255813953488372,0.4392314566577301,0.4677115987460815,0.429445073612684,0.4629468177855275,0.46166529266281947,0.4688259109311741
0.2787286063569682,0.22215726395790705,0.40972830850131464,0.37648221343873517,0.35200411099691675,0.45523012552301256,0.4066839256295599,0.44341335485172484,0.40387212967131925,0.43302752293577984,0.4383298056571099,0.417259978425027,0.4485207100591716,0.43275075987841943,0.44721189591078064
0.2829898492771455,0.2845702082221036,0.38579117330462864,0.37327304697312236,0.38016928657799276,0.43467336683417085,0.4006734006734007,0.4452080946926308,0.4318281455501973,0.42414486921529176,0.44256439180297047,0.440359127832407,0.44555046784789964,0.44424098150521885,0.4688888888888889
0.27875,0.26958400864397625,0.40143048725972286,0.35168275502217583,0.372069825436409,0.43128873690959607,0.38198288877705083,0.43062389293446174,0.4103837471783296,0.42558581380620647,0.4513996889580093,0.4215664521854892,0.46487387950802583,0.438366571699905,0.4587609274040289
0.3029533185138139,0.26158842633599055,0.4024447578749412,0.3750325097529259,0.37027241470510447,0.46609788953749437,0.4166666666666667,0.43637898290778643,0.41921808761187,0.45226130653266333,0.44171779141104295,0.41787003610108303,0.46756583172768146,0.4403780414236879,0.4461691542288557
0.26636274829045914,0.27186147186147186,0.40612851589297966,0.3531578947368421,0.3681592039800995,0.4474885844748858,0.39014478028956057,0.4565483476132191,0.4139065069297627,0.43778110944527737,0.463946117274168,0.42557036367743395,0.4650770204684533,0.45978367748279253,0.48282553852124976
0.2720897615708275,0.27985347985347986,0.36978626271010584,0.3441619585687382,0.3747247908410392,0.41751767478397483,0.38655087953685147,0.43119266055045874,0.4021035598705502,0.41640986132511554,0.44553587089984215,0.4118558698179,0.4455223880597015,0.4306784660766962,0.46372347707049966
0.3069337442218798,0.26747195858498707,0.3804247460757156,0.37027643925944714,0.3782409761057448,0.44580152671755724,0.4012661309958607,0.42004481564473417,0.41543026706231456,0.4274193548387097,0.43774781919111816,0.42051735573734245,0.4646128226477935,0.43802459496388835,0.4451242829827916
0.2723033882499223,0.2860226659471128,0.39991113085980895,0.3706832298136646,0.3696402168555939,0.43852106620808257,0.3978651140223193,0.4416844556568989,0.42812777284826975,0.4398766700924974,0.45794753086419754,0.43700787401574803,0.45936109987868984,0.46502057613168724,0.48168908819133033
0.2660996354799514,0.28065468204990607,0.35651408450704225,0.36659275683665926,0.3850422195416164,0.4154959557258408,0.3918854415274463,0.42105263157894735,0.4062768701633706,0.40700308959835224,0.4217814371257485,0.4049054250675535,0.4328147100424328,0.41341396371632766,0.43827716705712744
0.2844884488448845,0.29381905046282475,0.3892156862745098,0.3380520951302378,0.3748976807639836,0.4353106025221859,0.3815859499733901,0.44004400440044006,0.420817843866171,0.41975308641975306,0.448334756618275,0.42427138079311993,0.44335633207211217,0.45146248410343365,0.47259136212624586
0.2797244684037137,0.27450980392156865,0.39334209373631185,0.3588351431391905,0.35862735621072983,0.4367816091954023,0.39687426000473597,0.43837232160408884,0.414580588493632,0.42672678827628613,0.44702743902439024,0.41923965553455156,0.4452890578115623,0.44152431011826543,0.45749671608181647
0.2765891472868217,0.27558831868443434,0.39036582594864805,0.356888662938485,0.37332659762566306,0.43646773838361597,0.3986304719980435,0.4378433367243133,0.4054669703872437,0.43293324910507475,0.4503074786748661,0.4095112285336856,0.46476268748715843,0.4503772489843297,0.4675970177786274
0.3021914648212226,0.27994955863808324,0.3920251836306401,0.3712264150943396,0.3963005780346821,0.4492085754357844,0.4152153987167736,0.4522668632510136,0.4117403885903266,0.44283192782898606,0.442739921512665,0.42983870967741933,0.46340523882896767,0.44069583552978386,0.4717876603972579
0.30415335463258786,0.2705256940342587,0.40129900255161216,0.35605079036019693,0.3760062321474942,0.4538037486218302,0.405284147557328,0.445095168374817,0.40355389291559507,0.4408322496749025,0.45053828966077597,0.4113378684807256,0.46353391452264514,0.4308617234468938,0.46412152708374976
0.27289377289377287,0.26214940294362676,0.37502777160630973,0.35662409216128227,0.3712574850299401,0.42098609355246525,0.38393071926870337,0.42412219797659195,0.41892492225677475,0.40977443609022557,0.4250191277735272,0.4125080316984365,0.41982741320489664,0.43064577760794803,0.4461190655614167
0.2767593140153755,0.27698788836229593,0.3617627713220785,0.3667870036101083,0.3866292660121552,0.4167526304930885,0.3883673002060911,0.4262045324700057,0.41455015066724066,0.4128,0.4381898454746137,0.41873844257242654,0.4464355278535255,0.4279172009525554,0.4575844716031632
0.28599033816425123,0.28027972027972026,0.4204787864422849,0.3838009528851244,0.372021521906226,0.45715598437858945,0.3941086846114779,0.46924056003394143,0.4353398947127489,0.46532240194992247,0.45146633622470056,0.4306177260519248,0.4751742160278746,0.4478330658105939,0.4650425826896415
0.2959339651482727,0.2883518870486017,0.41919080256466945,0.3846728041801443,0.4043879331837447,0.44538169548713624,0.4084676449362521,0.44212962962962965,0.44298245614035087,0.43367031153290697,0.46670482732303,0.46090889511091965,0.45039561777236764,0.46199925121677277,0.46984598255706067
0.270592127026133,0.2895875396596481,0.3946795646916566,0.35215769845498135,0.383147853736089,0.44154057771664373,0.38907327035996936,0.44801026957637996,0.40711743772241993,0.4322393391382005,0.4369091656391286,0.4139995394888326,0.4429005644811116,0.4329813160032494,0.45249049809961994
0.25674865026994603,0.29368421052631577,0.38814489571899013,0.3812984496124031,0.36454136051196967,0.43845350052246607,0.39444444444444443,0.43314789948206406,0.43635589612601106,0.4322016670054889,0.4487606363300037,0.43365562641431804,0.4565688398660626,0.4455045871559633,0.4609571788413098
0.290052680508212,0.2893150684931507,0.3700137551581843,0.3841026906936559,0.3817177297840281,0.4166484118291347,0.3997096540043552,0.4274095160634404,0.43894830659536543,0.42869269949066213,0.43570585922139204,0.4254215304798962,0.4316398182569186,0.43735498839907194,0.4493223897690399
0.28415300546448086,0.2988505747126437,0.41735918744228995,0.37930128710270555,0.37809647979139505,0.4513157894736842,0.408570004982561,0.46891138194587895,0.4361356247097074,0.43704340352385046,0.4669354838709677,0.436559622726252,0.45664983164983164,0.46677278153601276,0.47224425059476605
0.2945590994371482,0.29347229840921557,0.39332266178824604,0.37551440329218105,0.3923611111111111,0.441648590021692,0.4034525277435265,0.44583165525573903,0.415548988406456,0.432867429055485,0.4441837732160313,0.42640930028515023,0.46128364389233956,0.4389495878857581,0.4555661274976213
0.3155737704918033,0.30597402597402595,0.41624365482233505,0.3849253377577625,0.4092827004219409,0.4594026083298275,0.4288678810237491,0.46988185163664536,0.45911413969335607,0.45354969574036513,0.46060144651693946,0.43904465212876426,0.46957566052842276,0.4611121374468871,0.48508575689783745
0.31234567901234567,0.265531914893617,0.4077933846850929,0.3610486891385768,0.37787787787787785,0.4516547696301103,0.4054119352500604,0.44552253891247223,0.4106822262118492,0.43175661596165865,0.45996055226824456,0.42991061696097665,0.46056136037697193,0.45367166474432913,0.4780114722753346
0.28330084470435346,0.2846694796061885,0.37064910630291625,0.36608066184074456,0.3811996883926253,0.41226883175462337,0.38230176485210043,0.4231570179092045,0.3925619834710744,0.4218716230819105,0.42941535954369525,0.40782374100719426,0.4312141186476717,0.4342993251290195,0.4542372881355932
0.2724105163129553,0.29055412001148434,0.3631929046563193,0.36832694763729246,0.36293236964377906,0.40736774469907905,0.3938506588579795,0.4203013481363997,0.41404468764249885,0.408958938199917,0.42871112849599063,0.4241348713398403,0.4165819955293639,0.42638623326959846,0.4381598793363499
0.3025458851391356,0.29109225874867445,0.3926901827454314,0.3870967741935484,0.36622436670687575,0.43334015973786605,0.4092378752886836,0.4371605169507398,0.43873684210526315,0.4367451989705009,0.4535468255445913,0.4375513557929334,0.44704528012279354,0.44650993256788774,0.45866569978245103
0.32351097178683386,0.2641843971631206,0.3659915214319359,0.36239495798319327,0.38186034527183715,0.43177279786998,0.4068982754311422,0.41518881702482785,0.41585535465924894,0.41692106410815527,0.4390342868736052,0.4304831027443865,0.4353885135135135,0.41712926249008725,0.45161290322580644
0.3054156171284635,0.2916666666666667,0.3831578947368421,0.38266384778012685,0.3946694003075346,0.44891640866873067,0.41213025105642553,0.44125,0.4273743016759777,0.4225721784776903,0.47094430992736075,0.4447421299397187,0.44989429175475687,0.44332998996990974,0.4749801429706116
0.29800695982284087,0.3299719887955182,0.3906810035842294,0.3829145728643216,0.42566037735849055,0.43199315654405473,0.41359223300970877,0.46754281162883315,0.4696867252648186,0.45294855708908405,0.46960574868906585,0.45836947094535996,0.45615462868769074,0.4711501719526175,0.4841103710751665
0.2912442396313364,0.2776704388628209,0.4164513350559862,0.38223748773307165,0.36853712325410437,0.4489028213166144,0.41087470449172575,0.4540519581233036,0.444007858546169,0.44828990228013027,0.4600760456273764,0.4434580426971042,0.4551971326164875,0.45634328358208953,0.46857567869096317
0.3128528727997343,0.30339805825242716,0.3863467721988622,0.3483549903234725,0.3801742919389978,0.4270360640076427,0.386411889596603,0.4447415329768271,0.4242573041983796,0.4251497005988024,0.44140625,0.42282996432818076,0.45015787099684257,0.4494238156209987,0.4767123287671233
0.3030992323002559,0.2954717935745004,0.3945724746930864,0.39423523942352395,0.39203259393390677,0.44421530212414934,0.4186773905272565,0.4280067758328628,0.4384805945499587,0.4441312663579626,0.4547614695668068,0.4501412999596286,0.4566898685228152,0.432520325203252,0.4688512783579402
0.29114331723027376,0.25703286941071957,0.37707602339181284,0.3534981588637559,0.354557463672391,0.4242154462497218,0.4029322548028311,0.4265141889030072,0.40479548660084624,0.41125541125541126,0.43660823481451283,0.4218464351005484,0.4472843450479233,0.4339584593668078,0.44247089007302154
0.27735446510210304,0.2618862042088854,0.38371040723981903,0.3457487798612895,0.3683835746498932,0.41641727233860626,0.3835952848722986,0.42924343394747155,0.3970912296165712,0.42310960067969416,0.4310967496673636,0.4111707841031149,0.44330109075941554,0.4237578526556254,0.4562867437891144
0.3050738599871548,0.3070953436807095,0.3753860774530767,0.38321167883211676,0.40893125940792774,0.42369020501138954,0.41012785159187765,0.43842364532019706,0.41901245962159667,0.42464246424642466,0.44915932746196957,0.4379594564490978,0.4446859378396001,0.44733727810650886,0.45649629340616465
0.29727187206020694,0.29747011398387546,0.37932625749884635,0.3831967213114754,0.3914661374348797,0.4304635761589404,0.4075806054639429,0.4350132625994695,0.4395253308991328,0.4344262295081967,0.44756073474224767,0.43719912472647704,0.4546402502606882,0.4395776300351975,0.4740997496630079
0.2824655894673848,0.29160063391442154,0.37556658752428235,0.35418199656610255,0.3870967741935484,0.43297252289758537,0.4011352885525071,0.4496721943694562,0.4394657475226196,0.42955465587044533,0.44825657281372366,0.4392075078206465,0.44637910565888406,0.43942731277533037,0.4606741573033708
0.2980173482032218,0.2787068004459309,0.3765614353849648,0.36437452423242833,0.3973941368078176,0.4418103448275862,0.4094526163491681,0.42954363490792635,0.41990950226244345,0.43720157774548474,0.4423712342079689,0.4234273318872017,0.4676215452894896,0.44086639831320684,0.4641844641844642
0.28287092882991555,0.2984994640943194,0.4087912087912088,0.36053412462908013,0.38323940210732665,0.4443974630021142,0.390487514863258,0.4536652835408022,0.42465156794425085,0.43837848849052763,0.4727414330218069,0.42857142857142855,0.4562814070351759,0.4614518851997749,0.47799442896935934
0.29076501066747945,0.3074799889594259,0.38501742160278746,0.3424936386768448,0.38665018541409146,0.43253388946819604,0.3790849673202614,0.4566621013500293,0.4240520529504151,0.4149241492414924,0.4550966275104206,0.41816996305151055,0.43253890092574354,0.4451049600594464,0.45156564731734117
0.29732344405030636,0.27701317715959006,0.41153402537485584,0.36417112299465243,0.3739495798319328,0.4462081128747795,0.383130081300813,0.4567800081933634,0.42030021443888493,0.4419507984462667,0.464170692431562,0.4114523204802586,0.4475289169295478,0.45517241379310347,0.47158642462509864
0.30496894409937886,0.2881589842671819,0.39762611275964393,0.367009275507646,0.3890424729831616,0.4444444444444444,0.41000962463907603,0.4527996765716596,0.42191659272404614,0.4378698224852071,0.44708209693372897,0.436989247311828,0.46779237023139464,0.4388364476979387,0.46575868022252065
0.2998678996036988,0.30261593341260407,0.40520628683693516,0.3667763157894737,0.39188467698878804,0.4569305781286278,0.409375,0.45933014354066987,0.4237575757575758,0.44672131147540983,0.459726603575184,0.4190074906367041,0.46295889206418994,0.429485855874458,0.4615699100572363
0.2647870058228624,0.27541899441340784,0.3819827776551115,0.3484475110892065,0.3715,0.42878369772872,0.38865045302813545,0.4410011918951132,0.4160777385159011,0.42329778506972926,0.4529027297193387,0.4357590153314619,0.45006114961271915,0.4403634986747444,0.456639820191047
0.2951622780159216,0.2760924018925689,0.3708666522584828,0.37727272727272726,0.3904244817374136,0.4249585406301824,0.3997089497938394,0.4117991795272514,0.4048311339745023,0.4035195416410886,0.42692450725176645,0.42198658299069464,0.43922984356197353,0.41676061630965805,0.4320208023774146
0.28697850821744625,0.29015256588072125,0.4030330882352941,0.37037037037037035,0.37777777777777777,0.4444932952297208,0.3936352509179927,0.45806585214330087,0.4238470191226097,0.4272260273972603,0.45284520493434144,0.43017374092808447,0.46140904311251313,0.4423114593535749,0.46458373762856586
0.3056316590563166,0.27237991266375544,0.38458110516934046,0.38214373313711064,0.38455900317615443,0.4416243654822335,0.42549158967069417,0.4417446723760207,0.4183695891012964,0.4422684618523052,0.4447864563293574,0.4230277185501066,0.45841623557500993,0.44124789837474315,0.4752475247524752
0.29807407407407405,0.25249169435215946,0.40988184747583245,0.356426182513139,0.3876444234850271,0.45860136957875075,0.3891740550629958,0.4463276836158192,0.40728968001695276,0.4440015942606616,0.46176470588235297,0.4116560640262672,0.4687317358270017,0.4508299125468499,0.4843833660538997
0.27011852776044915,0.2858663827521959,0.36707972878185646,0.3614580678052511,0.37705319931355724,0.40809068681929317,0.3908442037903027,0.4173354735152488,0.4158241758241758,0.4152159896840748,0.4349348375802373,0.43382827630729504,0.4430116472545757,0.4340701219512195,0.4502835538752363
0.31670421628580625,0.2958811992154665,0.38001958863858964,0.3645058448459086,0.40869780084012847,0.42510962381721673,0.39938946832866956,0.4401673640167364,0.42982052462034054,0.4156844968268359,0.447336804164998,0.4366600572813395,0.4391095591444784,0.41106877882494486,0.43825950607604863
0.3111888111888112,0.281615302869288,0.3914515446466356,0.3610177628420547,0.40057156465825194,0.4430507788792231,0.3963922294172063,0.42784187630035936,0.41349666881581776,0.421658072193574,0.45370026031982147,0.43329864724245576,0.45152620464580534,0.44273972602739725,0.4745762711864407
0.2628309905197777,0.3018760659465605,0.3641990002380386,0.3388562266167825,0.3878662172673062,0.4070593628237451,0.39064507838601903,0.43091626843964265,0.41213832039520115,0.4074237737516571,0.4470347648261759,0.43388901575702216,0.43429313704264993,0.4333399960023986,0.4613861386138614
0.31864815932407964,0.3023770038695412,0.40694081293082957,0.3682441168864753,0.4002979885771045,0.4629383044829117,0.407380073800738,0.45572263993316625,0.43208751139471285,0.44347255630876886,0.4746034932744429,0.42888212266202697,0.47051469056053347,0.4638364779874214,0.47595228934205464
0.3137481910274964,0.27932667017359286,0.3913978494623656,0.3506590400397911,0.3966547192353644,0.42865966646077824,0.39923773225345405,0.42957080733598035,0.41613681210260905,0.42168917556944163,0.441635687732342,0.4372503678789153,0.442092886537331,0.4371148967017035,0.4670615688386286
0.3115727002967359,0.32341526520051744,0.3815648445873526,0.3860329776915616,0.41521688703317094,0.4343685300207039,0.4149358226371062,0.44127579737335837,0.439602284747197,0.42268873637464677,0.46846846846846846,0.45046153846153847,0.4485062893081761,0.44825072886297374,0.47052480230050325
0.28542914171656686,0.3068348489293048,0.38276113951789625,0.35994587280108253,0.3882880506462675,0.44205222171323866,0.3927198154319405,0.4392223883785516,0.413512218495448,0.4256179775280899,0.45132199221151875,0.43876611418047884,0.45101424255502803,0.4254121431443506,0.46888049313978925
0.2687576875768758,0.2651685393258427,0.38507661558960693,0.35535074244751663,0.3780671006509765,0.421614694574968,0.38409311348205627,0.41432835820895525,0.4288939051918736,0.4256120527306968,0.44129082426127525,0.44420179078401395,0.43041549011698266,0.44012321909896035,0.4523628048780488
0.2948356807511737,0.31438127090301005,0.4093348891481914,0.34555242245578055,0.3907584128578604,0.4430069150122686,0.38261296660117877,0.4655208117622696,0.4197698036560596,0.44082519001085774,0.4604548198832763,0.4282259837326885,0.45291005291005293,0.44699367088607594,0.4699922057677319
0.302713987473904,0.26300099370652535,0.37026239067055394,0.3743491367497945,0.3724861556397552,0.4257518796992481,0.3932674325407427,0.42459088898717384,0.4068725099601594,0.4180457946043981,0.4149234418805262,0.43002421307506056,0.43097345132743364,0.4232225494320572,0.4452877925363694
0.2923870185016682,0.3091060985797828,0.38932980599647266,0.3886232066448528,0.40559440559440557,0.43355761143818333,0.41089345437171526,0.4572224432948667,0.44980097302078725,0.4267990074441687,0.4671193016488846,0.4598792062122519,0.45126135216952573,0.4587471352177235,0.466641957005189
0.28488372093023256,0.2620353443022547,0.38248737070002403,0.3682522715125601,0.3618843683083512,0.41926729986431477,0.4053916581892167,0.4231268947596362,0.4295977011494253,0.42777405670908686,0.4396064475612309,0.4242563984320959,0.4630669546436285,0.4407758976475444,0.46364551863041287
0.31738340399757725,0.29482288828337877,0.38632638726293606,0.3704284221525601,0.3927184466019418,0.4382661996497373,0.413946587537092,0.438984438984439,0.4298601714027966,0.4259864835404404,0.44733727810650886,0.44308231173380036,0.44523560209424085,0.4452755905511811,0.45605973578403214
0.3162079510703364,0.28602324952689917,0.43446339883394514,0.39557121288374436,0.3969652471855115,0.46265560165975106,0.43028846153846156,0.4671844660194175,0.44874615046194455,0.4633848657445077,0.47448691395217474,0.45354263894781505,0.47882282759992045,0.46382189239332094,0.48525073746312686
0.2805573147561748,0.28483491885842194,0.3982176360225141,0.4102693178957966,0.3879310344827586,0.4325044404973357,0.41244573082489144,0.439115929941618,0.44041685545990034,0.4511930585683297,0.4284,0.4269081500646831,0.45740663029794376,0.4353102368369544,0.4665767674821807
0.29929351316634556,0.2866798085046466,0.39018745660726684,0.3667784369357751,0.38712998712998714,0.42395902916945,0.3938938938938939,0.4340199877625943,0.42886884108258155,0.4302549817870152,0.4457759137207909,0.43314082629942247,0.4424520433694746,0.42140206990822104,0.44901124466847614
0.3045747620509672,0.28010103845074374,0.3674407909864337,0.37474332648870634,0.3895582329317269,0.44624125874125875,0.39970717423133234,0.42737828478305157,0.42762708000911787,0.4207579672695952,0.440221694378464,0.4340744001760951,0.4451397580308719,0.43911942333917786,0.4700230591852421
0.30985915492957744,0.2821144891810463,0.4130484723179417,0.3918987341772152,0.38311688311688313,0.4512753433616743,0.41832283082889,0.4507845934379458,0.42658907788719785,0.4634042553191489,0.43681809164848245,0.43127753303964755,0.4605834885164494,0.45133772780147347,0.4764638346727899
0.30334035510081253,0.2812670671764063,0.39379157427937916,0.35172413793103446,0.3907933398628795,0.44332281808622503,0.39658038470672047,0.44806597290398587,0.4235294117647059,0.43376463339494764,0.44755774327906095,0.43632478632478633,0.4581005586592179,0.4312558139534884,0.4675705386588494
0.283987915407855,0.2851762173796072,0.38233955393718705,0.3607532210109019,0.3895094706168043,0.44909404659188956,0.4060721062618596,0.43913130105598724,0.4224364592462752,0.43138084161556356,0.44753086419753085,0.42857142857142855,0.4545085296506905,0.4469870327993898,0.4698340874811463
0.28856382978723405,0.29571984435797666,0.3732828043581241,0.35808803672697814,0.37751004016064255,0.428994757237292,0.3936033015217952,0.4479188675258821,0.4201197604790419,0.4286665187486133,0.4340284947346686,0.41523455643288437,0.43641868512110726,0.41443257407780687,0.43220508712197075
0.3110709987966306,0.2738225629791895,0.4206422018348624,0.3862171541893902,0.3861484803188839,0.4548408057179987,0.42125147579693034,0.45714285714285713,0.42515888669734825,0.45448838669177655,0.4580507653555512,0.4367572156196944,0.4764429940852539,0.4638899503247994,0.48134957825679475
0.330983757278578,0.2798714577855682,0.42604387827317763,0.3631565056743204,0.3995917325848431,0.4711580801409071,0.42149371456741436,0.4637071323374711,0.42667906112014875,0.4431084391004231,0.47379114181227144,0.446875,0.47191489361702127,0.47484662576687114,0.4900374827382127
0.28888142425260327,0.3036649214659686,0.4055675545956324,0.36862314865606144,0.4007382019509623,0.43973265729430744,0.39012864268836966,0.4426778242677824,0.43098927294398093,0.43113503813369225,0.46311475409836067,0.4355473270076371,0.4490770901194354,0.44458002847264594,0.44773760126457224
0.2798520013454423,0.3009367681498829,0.3991291727140784,0.3573347662547018,0.3804004214963119,0.4315886134067952,0.39896238651102467,0.4693171996542783,0.43937232524964337,0.4406320541760722,0.43909524797675864,0.4350812915044653,0.4401766004415011,0.43366619115549215,0.44301248489730166
0.299481549252821,0.2552960347637154,0.4174180778535298,0.3786809442686785,0.3746922698178237,0.46078431372549017,0.41888045540796964,0.4430697854243186,0.42664344797562037,0.4495560936238902,0.4572192513368984,0.4339419978517723,0.4613845538215286,0.4597999258984809,0.4618235730170497
0.28957138035774554,0.27412670219064533,0.38021712907117006,0.3772752344180916,0.38397863818424566,0.4399535423925668,0.40796812749003986,0.4356899488926746,0.407514450867052,0.4359955005624297,0.42792234613795954,0.41425908667287975,0.44873765093304063,0.4374235629841011,0.45157409264086623
0.29153605015673983,0.2947253942359978,0.3970037453183521,0.3797206414899121,0.38292561158262606,0.44416081684747927,0.40586189766517633,0.4437916177046612,0.43398751115075823,0.4351097178683386,0.4434233199310741,0.4294691224268689,0.4562614166835803,0.4431070152341546,0.4574191149126069
0.31431431431431434,0.29556943205471303,0.3922141119221411,0.3681048607318405,0.4023385596598459,0.44558139534883723,0.40177638453500525,0.4535009755040104,0.4259124969784868,0.4310581768208887,0.4661496541605533,0.4330616996507567,0.45186988271741535,0.448489863467108,0.48063921327596804
0.28707280832095095,0.2841091492776886,0.40966478014801916,0.37549019607843137,0.38180498427292525,0.4672588308200785,0.41766329346826125,0.4539614561027837,0.42077695329550413,0.45413961038961037,0.4638225897387709,0.4491005291005291,0.48119122257053293,0.46217074537642444,0.48943918426802624
0.25514909314478945,0.24252051893036802,0.39195100612423445,0.3800243605359318,0.3619512195121951,0.4305234391423166,0.3991537376586742,0.4271548436308162,0.41119897413977347,0.4302724520686176,0.4413355717216937,0.4219075385256143,0.450653983353151,0.4342463268637765,0.47175348495964786
0.317722681359045,0.29157549234135666,0.37955865272938444,0.3772609819121447,0.41119221411192214,0.4442982456140351,0.41509433962264153,0.4289500509683996,0.4261426363435637,0.43367786391042207,0.4580302732455278,0.4352109659455986,0.4582017266793009,0.43637782982045276,0.45983590917763784
0.29186893203883496,0.27265124059102314,0.39101317779217976,0.38042696090189493,0.38568187547264937,0.4382881951622907,0.4073291050035236,0.4516509433962264,0.4225413402959095,0.4483177948925821,0.45535884256615267,0.4276385085317042,0.44979448032883146,0.46225535880708296,0.4730077120822622
0.2803440586173941,0.3072641246868912,0.39191438763376935,0.3867147270854789,0.3844182470527934,0.4409952065738416,0.4232592962315947,0.4707342295760083,0.4605533958380974,0.44478327161838377,0.46573681018799273,0.4524021352313167,0.45839604386153515,0.4746634996041172,0.4846807669499901
0.32379862700228834,0.2704211060375444,0.38521066208082544,0.35150060024009605,0.38379239699521966,0.4425065909551815,0.39055695622278247,0.4301844185171246,0.4005829689777223,0.42361950826279726,0.44448515939904726,0.4141393854187588,0.4428516079039132,0.4383461397731431,0.46529013883944464
0.3008514664143803,0.28408750374587954,0.39078297672231366,0.35353535353535354,0.3871138104040137,0.4363395225464191,0.4040654437283094,0.4379715004191115,0.43164435946462715,0.41698155145587906,0.4654928152195912,0.4429223744292237,0.45377796538623894,0.4503553299492386,0.488880063542494
0.27013930950938825,0.2611324903793293,0.39401171620742026,0.38342220067862337,0.3641732283464567,0.4333888426311407,0.40593829737879844,0.4432556362246848,0.4221061792863359,0.43862852505579225,0.4393882879522566,0.42416561047739754,0.45225332539209845,0.4327654947444726,0.4638532110091743
0.313195070634205,0.3076518537996319,0.3937777777777778,0.384206529992407,0.39476190476190476,0.4466184602296895,0.4223184223184223,0.4330616996507567,0.4454129439965134,0.4345842836408874,0.4511249763660427,0.4494047619047619,0.4580306698950767,0.4439880507841673,0.4582488479262673
0.3046698872785829,0.2849002849002849,0.3803856224708403,0.3795929156753899,0.384180790960452,0.4381081692690654,0.39306653071628855,0.44389027431421446,0.42264678471575023,0.4244951712028095,0.44471396806145136,0.4101990606128383,0.4384730219663041,0.45138055222088835,0.45603751465416176
0.27314958191390526,0.28201519842386713,0.3712103679703772,0.3623853211009174,0.3764353469795307,0.4147952443857332,0.37942122186495175,0.4315421041795347,0.42190305206463197,0.41248654467169,0.42777777777777776,0.4206158549901725,0.42424242424242425,0.4377952755905512,0.4623447204968944
0.28161834979292766,0.3020207536865101,0.4074162110767768,0.36135770234986947,0.3807615230460922,0.45672859084730405,0.4124651634152521,0.44922194922194925,0.4486152437628748,0.4536489151873767,0.45862412761714855,0.4448880017742293,0.4695540308747856,0.4491957630443311,0.4757262624293235
0.2800982800982801,0.25460284061020516,0.39063906390639064,0.3895075476367236,0.35422740524781343,0.4391088038070517,0.4059287592636863,0.4282005192730178,0.4281052860561236,0.4348007510953474,0.4365264797507788,0.41981032665964174,0.46426389737324375,0.4434320425208808,0.4701464513706346
0.30092592592592593,0.27145169994603346,0.3844231570179092,0.36234289779464074,0.39712574850299404,0.4398966818994635,0.39680365296803655,0.4402679568291775,0.4201359388275276,0.4220576773187841,0.45628764373060776,0.42783611282684786,0.4407231208372978,0.4426170897390061,0.4746801225446026
0.31870114251352977,0.3009271523178808,0.39322033898305087,0.36131295414683035,0.3912630579297246,0.4364180380423167,0.4018375241779497,0.4346123727486296,0.43529669367199475,0.4256033578174187,0.44465832531280075,0.4335604770017036,0.44971381847914965,0.43248347497639283,0.4553754425190982
0.28280407429598564,0.3279742765273312,0.3542031523642732,0.34235976789168276,0.4022268615170494,0.423421546155449,0.3872778297474275,0.4457357075913777,0.4297793359455558,0.4167513722301281,0.45634629493763756,0.4380333197887038,0.43901477832512315,0.4419989175536713,0.459045904590459
0.29398663697104677,0.277423099245502,0.4019381633594832,0.36382428940568473,0.38102684388845454,0.4426193118756937,0.391851106639839,0.4523760116206682,0.4202298850574713,0.43037974683544306,0.46479725640508374,0.43037404236142407,0.4523103009749894,0.4645622394282311,0.4622188040761392
0.27494199535962877,0.30238210986874087,0.38404854789770265,0.37852975495915986,0.3869100623330365,0.42673731404116566,0.39696360794820273,0.4608294930875576,0.4307630197819943,0.4407246947617172,0.4445235975066785,0.4222966318692141,0.45857418111753373,0.44820295983086683,0.4633849365106975
0.3137130130448616,0.3098751418842225,0.42296211251435134,0.40112416964741954,0.40400925212027755,0.47909754479097544,0.42992047713717696,0.4825174825174825,0.46601052872510873,0.47322004732200473,0.4858056777289084,0.46325167037861914,0.491913463558076,0.481866300725348,0.5041951219512195
0.2963855421686747,0.2854816824966079,0.4051743038807279,0.3812641651976832,0.3813703974640332,0.4553049289891395,0.41808179861277206,0.4389860483395559,0.42262969588550986,0.4357009732863947,0.46497423172361135,0.4333549362713329,0.4610128617363344,0.43968945275516,0.4728769173213618
0.300269703326341,0.2852538275584206,0.38951473136915077,0.36954950614309806,0.3958484190200338,0.42815371762740184,0.3829787234042553,0.4276681356581721,0.40623646600259855,0.4235341527302035,0.4371358767149032,0.41373499052032864,0.4414039262343843,0.43006416131989,0.444
0.3402757406864183,0.2822398190045249,0.4020729863960268,0.3632309217046581,0.4075359444719881,0.47207501019160214,0.42896935933147634,0.4423114593535749,0.4259217877094972,0.43661971830985913,0.47426192278576834,0.45177882554650667,0.4752090219716119,0.4480300187617261,0.47276728406381807
0.3121537960247638,0.2899515738498789,0.3680456490727532,0.3567188343227199,0.39593908629441626,0.44373430723579094,0.41054517532633733,0.41760578354241973,0.42498205312275666,0.4297153024911032,0.45704823018008695,0.4576231613355125,0.44921623362679836,0.4502340728679015,0.4695548013575564
0.2942998760842627,0.32211920529801324,0.40735632183908044,0.3979949874686717,0.4157222088256571,0.4644097222222222,0.4378326076439284,0.49249849969994,0.46435665416022953,0.4719965797349295,0.48255925997301985,0.4511214557765552,0.48923841059602646,0.4714394516374714,0.5052231718898386
0.3370642788615286,0.28134026574234544,0.41427900422733677,0.3764030279300444,0.388556566970091,0.4798740724083652,0.4256722475900558,0.4503784693019344,0.42649434571890144,0.45154280747501085,0.463768115942029,0.4404332129963899,0.48985692931881275,0.45919390415079203,0.4785445916551315
0.28654970760233917,0.2756052141527002,0.3953539338154723,0.35331695331695334,0.37214772994589507,0.4460074472486554,0.3986046511627907,0.4388921169862483,0.4166666666666667,0.42263232610018253,0.46049915556389565,0.43197349347691033,0.46660098522167487,0.4487606363300037,0.4781021897810219
0.3109612141652614,0.310294546515019,0.3612871769868357,0.3553854565336249,0.4033880359978825,0.413696715583508,0.38692532553813447,0.42696629213483145,0.42363112391930835,0.40542986425339367,0.42827614716825135,0.42310336924134767,0.42566371681415927,0.41003009027081244,0.4482967143721024
0.2762214983713355,0.27998838222480393,0.40770314701737903,0.35512465373961216,0.3860110439127005,0.4340560072267389,0.37486800422386485,0.45597155406818657,0.4172043010752688,0.4350908285334515,0.4426263039476376,0.4223918575063613,0.4510398613518198,0.4537241517767517,0.46228710462287104
0.30374520790327336,0.2742022714981071,0.3757655293088364,0.3583701521845852,0.3791606367583213,0.42107438016528925,0.40867310864954043,0.42457231726283046,0.4323497267759563,0.41147741147741146,0.42803315749811605,0.43344566133108675,0.43869956913435176,0.425531914893617,0.4565975408331804
0.3039457459926017,0.28617623282134197,0.41926729986431477,0.35544174135723433,0.37506088650754993,0.44699264387710946,0.379123584441162,0.45220514867291955,0.4044894366197183,0.43767195767195766,0.43564356435643564,0.41336206896551725,0.4588870431893688,0.436024371667936,0.452546513813193
0.3336360884044808,0.2769402568397543,0.4093252633938579,0.3908843200396334,0.3989057448395921,0.445016077170418,0.41509433962264153,0.43782696177062375,0.4385337505587841,0.44093178036605657,0.46021505376344085,0.44681778552746293,0.46458460910389876,0.44722650231124805,0.4639907816400999
0.3141494435612083,0.2773506800709639,0.4236520163117354,0.3706480985538297,0.4002123142250531,0.4633663366336634,0.40935973257906916,0.4580819638027876,0.419811320754717,0.43891891891891893,0.45087402049427366,0.4329660238751148,0.45920303605313095,0.45310015898251194,0.47244716571202844
0.31620078148482117,0.2857142857142857,0.43271767810026385,0.3973160795590702,0.39349830179524503,0.4774301910560571,0.4342620308542482,0.46720993403181993,0.4517637059073523,0.47549019607843135,0.47239031770045387,0.44783505154639175,0.48314382605226414,0.46288372093023256,0.48710814320163237
0.2532722513089005,0.3110367892976589,0.39013142725386213,0.3577148958889482,0.3807080554130323,0.43320821373371604,0.3871297242083759,0.44364937388193204,0.4333950046253469,0.4200477326968974,0.454815107771406,0.42451353164840083,0.4253968253968254,0.4394409937888199,0.4572317262830482
0.33198883028234566,0.2850614110254213,0.3950734249171009,0.37412314886983633,0.40081799591002043,0.4542786181982389,0.41830390450136784,0.44731361932528113,0.4304911955514365,0.4362459546925566,0.4590954773869347,0.44528977399865743,0.46785109983079526,0.4381139489194499,0.471701757774773
0.2970550576184379,0.298811544991511,0.4171322160148976,0.3524883145449546,0.38489208633093525,0.45600714604734255,0.4033350703491402,0.4545831605143094,0.4240432026297253,0.4432218309859155,0.46450834506334204,0.43517679057116954,0.46408602150537637,0.4483033932135729,0.4737152982870644
0.2780323861900397,0.27671601615074026,0.37446998437848694,0.38900939985538685,0.37969094922737306,0.4199318568994889,0.41647168928404305,0.4153392330383481,0.43205574912891986,0.4334772774007814,0.4340344168260038,0.4250314993700126,0.45674603174603173,0.43080357142857145,0.4635859519408503
0.2969325153374233,0.2696447793326157,0.3707890572009948,0.36589698046181174,0.37362637362637363,0.43142305215711524,0.4160619254958878,0.4406847133757962,0.41886207659951297,0.44407345575959933,0.43434924285988114,0.4276595744680851,0.4496969696969697,0.4428948360346777,0.46191553544494723
0.304856641310708,0.29080578512396693,0.3688787185354691,0.3595505617977528,0.39187295656235405,0.4226382612438132,0.4055127306704041,0.4219242902208202,0.4256771166560034,0.4122492080253432,0.43745261561789234,0.42854188210961736,0.44730392156862747,0.4224299065420561,0.45544918998527245
0.3117895420591101,0.28781453208934127,0.3876892529163564,0.364803423375234,0.39040917383372425,0.439839886979044,0.3885300955825368,0.43561006555297105,0.42983682983682986,0.42262589100942743,0.45399540997287713,0.425938566552901,0.45168489176523097,0.45736277091351024,0.46113677445270135
0.2517529215358932,0.26384459263554655,0.3947730398899587,0.35209771640998405,0.3617189559715265,0.43015521064301554,0.3968131585710614,0.44143589743589745,0.40554272517321016,0.42797814207650275,0.4422692768677587,0.4164790634849167,0.44458707744972187,0.427073025925193,0.44532331421791577
0.2949747249479631,0.2682795698924731,0.39235066609368285,0.36689930209371885,0.3940556088207095,0.44816326530612244,0.4122974261201144,0.4645260526821765,0.4133068957920247,0.45386934673366836,0.47953653522706036,0.4314635175031632,0.4649243466299862,0.4756120007362415,0.5032918800292612
0.288672732977722,0.29596159277040385,0.3972972972972973,0.3761676344357485,0.38908720040795514,0.4282006920415225,0.40496471160866393,0.46098003629764067,0.432090395480226,0.4369712351945855,0.45461689587426324,0.43074884029158383,0.45347637714049926,0.4504816955684008,0.47029702970297027
0.2862656802830492,0.2619751626256653,0.3956095282578235,0.36081932773109243,0.35984147952443857,0.4545658514695984,0.40070475711049586,0.4431063122923588,0.423847228691197,0.4577265811780048,0.4629934210526316,0.424491660954992,0.4709141274238227,0.46511627906976744,0.4837487537387837
0.2843980343980344,0.29238845144356956,0.39702991919633107,0.3814582327378078,0.3740421455938697,0.44180225281602004,0.40859210833527904,0.4516003879728419,0.4265402843601896,0.44330531064178796,0.44896435902220566,0.42287124640065815,0.4622697563874034,0.4459735912218709,0.4643183062602665
0.29018136335209505,0.27492957746478874,0.40995206573841586,0.37797246558197745,0.38635785187070504,0.4570056743780009,0.41012048192771083,0.44824079723408583,0.4123254267346486,0.4485309659691397,0.47880102543876946,0.4255502805351748,0.4658486707566462,0.46298472385428907,0.4666793240934118
0.29606495940037475,0.29793340987370837,0.4312849162011173,0.3962832747363134,0.4120963608405946,0.4776378636561007,0.42295635399083675,0.4778904665314402,0.4449428122897511,0.4639696586599241,0.49082202713487627,0.4578577699736611,0.47000413736036406,0.4830524888630641,0.49060987415295254
0.30828630828630826,0.2907745175786413,0.38058252427184464,0.3735086437789141,0.3986567522187575,0.4363711001642036,0.40919647004180215,0.4341528492471889,0.42340195016251353,0.4289176090468498,0.44940029985007496,0.4353885135135135,0.4384313725490196,0.44056586441300755,0.4570069520673253
0.3090620031796502,0.3181818181818182,0.38856062396596547,0.36542031291434635,0.4019925280199253,0.43268586738111187,0.39445843828715366,0.4263103802672148,0.4288990825688073,0.4087301587301587,0.44595133625847627,0.4353438682394836,0.43699618158676284,0.4352126607319486,0.47133004926108374
0.2757330006238303,0.25007407407407406,0.3782559456398641,0.36135315222962583,0.3525405971712939,0.4330827067669173,0.3929875821767714,0.4320134087575948,0.4191343963553531,0.42183517417162275,0.4367075870396458,0.42597517730496454,0.4317198764160659,0.43083630598493855,0.451063829787234
0.28544423440453687,0.27712197863968524,0.3872146118721461,0.36751477769211,0.3754421424962102,0.45272206303724927,0.4073249195743628,0.4460169834209462,0.42112420670897555,0.4384204909284952,0.4423343224530168,0.43532008830022073,0.4647145565620392,0.4408084696823869,0.46121024049650894
0.23518461061123178,0.28297230600493556,0.3850987432675045,0.3394889956994688,0.3597621407333994,0.41659538066723695,0.37403846153846154,0.43243243243243246,0.4203510331037547,0.40979862985260535,0.43663885115466716,0.42175408426483235,0.45117982099267695,0.443177499049791,0.44949305294780323
0.29764065335753176,0.2834516657564173,0.39402850033928977,0.38283828382838286,0.40400097584776773,0.44482758620689655,0.4147754707870594,0.4425803874575594,0.4243093922651934,0.43869891576313597,0.45547220619349876,0.45080731969860066,0.4632263307598537,0.4531426420775311,0.48147458573822377
0.29456422714849684,0.279006279006279,0.38327832783278326,0.37209302325581395,0.3855072463768116,0.43840808591282376,0.4058380414312618,0.445703125,0.42343132953049584,0.41591836734693877,0.45024780785360274,0.43840808591282376,0.44276629570747217,0.44377472216990016,0.4570898980537535
0.3448683821354629,0.2802927622661968,0.40221729490022173,0.38631984585741813,0.40356368889959066,0.4490229396771453,0.4295644114921223,0.43017973533478177,0.4320693391115926,0.44266337854500615,0.44983631812054686,0.4487907465825447,0.4677613135762915,0.4416024073725785,0.4669505647102388
0.2594167679222357,0.25498225498225496,0.3945287454584313,0.36024242424242425,0.3474365355898457,0.4443528441879637,0.3798054654932839,0.4376678174146529,0.4028745644599303,0.4369279745324314,0.4428974600188147,0.40388677651035065,0.45982404692082113,0.4479646343709707,0.4685418208734271
0.28206686930091185,0.2937701396348013,0.3728040155144878,0.3595733875063484,0.39643115505184473,0.42008152756919115,0.3860576923076923,0.4478918058870326,0.41976950354609927,0.4189622037155669,0.43647347555219934,0.42239727485629125,0.4390144573406638,0.4259398496240602,0.46213953488372095
0.28562480425931724,0.3047972435727538,0.4204621943010994,0.38238993710691827,0.37962962962962965,0.46091065292096217,0.41205533596837945,0.4491957630443311,0.4435712726478935,0.4637002341920375,0.4432494718647974,0.423167343449455,0.4777546777546778,0.4406392694063927,0.4555052790346908
0.3129251700680272,0.2510028653295129,0.40017905102954343,0.36924659295448703,0.3762178366225331,0.44083030173336185,0.4152709359605911,0.44173495902458526,0.4117513094966978,0.41633673682017086,0.44344773790951636,0.44135802469135804,0.45482483097725873,0.44211329391569715,0.45239447283740297
0.3119741100323625,0.2789034564958284,0.39204269771955363,0.3944636678200692,0.39167556029882605,0.4646139705882353,0.41575603557814483,0.42814242814242814,0.4371584699453552,0.4361243476287724,0.4588235294117647,0.446387482742752,0.45735749005744586,0.45541269182911653,0.46628986677432377
0.2867535616853592,0.2882212177612337,0.3661461869201177,0.35927557513460595,0.38224593742420565,0.42139595564253096,0.39156198151220667,0.43121640453912,0.4249945569344655,0.4105987899019403,0.4263117283950617,0.42832980972515855,0.4258011839150847,0.43109004739336493,0.4413250982594048
0.2712628865979381,0.2843545508625818,0.3631297887160436,0.3768561187916027,0.37352625937834943,0.4165931156222418,0.3999003984063745,0.4415204678362573,0.44325332090421815,0.41335935805682067,0.4467479674796748,0.4337674000898069,0.4341772151898734,0.45175526579739217,0.4494909945184025
0.27584134615384615,0.299770583736936,0.3822260569456428,0.36500974658869395,0.38823529411764707,0.43291666666666667,0.3881876637294594,0.45571536714610145,0.42775785699219576,0.4260834345889024,0.4559123816595508,0.4256895841910251,0.4491660047656871,0.44936479128856627,0.4780380673499268
0.2963934426229508,0.29161747343565525,0.4146631754344204,0.37890317501967985,0.371931696905016,0.46502150781073126,0.41025641025641024,0.45529486366518707,0.42612168193563543,0.45383759733036705,0.43243243243243246,0.4184348619666895,0.46513642269380684,0.43960475902399676,0.4498504486540379
0.2765957446808511,0.28554710356933877,0.42395882077678987,0.3363611340489953,0.3729529846804015,0.45617977528089887,0.3857442348008386,0.4651553316540722,0.4179818268770923,0.4466062347999116,0.4686089454247025,0.41531322505800466,0.45823389021479716,0.45528126264670177,0.46882494004796166
0.26094622392007055,0.2763792179967863,0.365471333476487,0.3715693173821253,0.36258992805755397,0.41114982578397213,0.40072529465095197,0.43016975308641975,0.4325015994881638,0.4374627162457745,0.4321173373448665,0.4293877551020408,0.44538952252078096,0.4470673688033412,0.466473359913012
0.29595015576323985,0.3169790518191841,0.4022573363431151,0.39054470709146966,0.4024937655860349,0.44048130640309413,0.4241828459080855,0.4648453194053837,0.45145076536440487,0.45098864114429954,0.4495076269550106,0.43851917144116354,0.4741591468416735,0.45588516746411484,0.48054401208915754
0.27728983688833125,0.2764722145424385,0.3991917377638078,0.370314465408805,0.36764337590783874,0.4354769097971515,0.39463414634146343,0.4499411071849234,0.4160535117056856,0.4320066334991708,0.4321742453190676,0.4128420599008834,0.44494017440681405,0.44191258871871497,0.46829998129792405
0.28102189781021897,0.2916224814422057,0.4063534083388484,0.3741216379937,0.3726677974315483,0.4425190194420964,0.40187793427230045,0.45886442641946695,0.4487594390507012,0.44821940237413016,0.4581514518884039,0.44651162790697674,0.4546360917248255,0.4657332350773766,0.4809987148889297
0.30919395465994964,0.25937589464643573,0.3845441925034706,0.3826086956521739,0.3966522952066954,0.45030782761653476,0.4206913459181172,0.4402907580477674,0.41223103057757643,0.4260303687635575,0.442,0.43342036553524804,0.4635120925341746,0.4407114624505929,0.4721464744838333
0.3040364583333333,0.2623352742874655,0.34491254003449123,0.359828141783029,0.3963183540877098,0.4126315789473684,0.40419008686765456,0.4181778457504916,0.40606206398845324,0.39319727891156464,0.4298709540935054,0.4400557620817844,0.4412670479542455,0.42375,0.46207177814029365
0.30499675535366644,0.29446473728575445,0.3857677902621723,0.371778182764905,0.408059168579444,0.4494331065759637,0.4058928117856236,0.4494017440681403,0.4282772820864791,0.4247520482966796,0.4448405624876213,0.4328028293545535,0.4511856440931425,0.4319230769230769,0.48529698149951317
0.2732142857142857,0.26888948642108096,0.413923254351017,0.36488474742520843,0.35359116022099446,0.4524484014569,0.3980514961725818,0.4685234643265929,0.4373253063857235,0.44174950298210736,0.46145354185832566,0.430546955624355,0.4727554779910801,0.4482820651196258,0.47997125920603556
0.2986453201970443,0.2755651237890204,0.4000904159132007,0.3629820051413882,0.38044530493707646,0.4546042700021566,0.4073068378178228,0.447802744084311,0.42026760254441764,0.4280270956816257,0.4610675339582935,0.43274355148156046,0.45691959695661116,0.45285876561908367,0.4954579863739591
0.2853385930309007,0.28146853146853146,0.43256997455470736,0.3672496025437202,0.37219138250066086,0.4772023019034971,0.39849056603773586,0.48420171584013394,0.40551917680074834,0.464801049409707,0.4756735022114998,0.42563868613138683,0.46775216747726794,0.46576968737633556,0.46989605805059814
0.3042715038033938,0.2724324324324324,0.3998305802626006,0.3781117895725693,0.39215686274509803,0.4467657693852953,0.40799636528850525,0.43778110944527737,0.4350414628960238,0.4286271450858034,0.4699815837937385,0.4391242070800082,0.4627844195912071,0.4520424689580709,0.474995518910199
0.29894736842105263,0.28799574128293853,0.3904400268036632,0.3544618443947303,0.38459721237892747,0.44007609384908053,0.3852342640795078,0.44329896907216493,0.41601392515230634,0.41733277240218764,0.4657481821660926,0.42002492729538843,0.4484922080550496,0.43815314459433785,0.4696235557212076
0.3038057742782152,0.28137769994162287,0.39100913135097165,0.4033177812337999,0.37797776601376387,0.45143638850889195,0.4229607250755287,0.43298114771079343,0.4328219432821943,0.4548245614035088,0.4547325102880658,0.4486622455979877,0.45581595355837456,0.45414847161572053,0.4804804804804805
0.2453140414337389,0.2863145258103241,0.39934380126552615,0.3672271150253536,0.36658685820696996,0.4389261744966443,0.3932291666666667,0.44421140939597314,0.42853699686671487,0.4227430555555556,0.44758974358974357,0.4244402985074627,0.4511697789225156,0.44662921348314605,0.463616206409998
0.2851011649294911,0.28297755883962783,0.41577387736494187,0.38292561158262606,0.38533007334963326,0.4578572968312136,0.4187168355041003,0.4642570281124498,0.44281263907432133,0.45606605970781283,0.46227867590454197,0.4492753623188406,0.48405560098119377,0.45561904761904765,0.49169930983025556
0.2990867579908676,0.2673469387755102,0.38208448312460197,0.3779380963462881,0.3995459704880817,0.43882709807886755,0.4089988751406074,0.44234334445680384,0.4285125669550886,0.4276186739897999,0.46614912439068423,0.44121742590013924,0.4446139180171592,0.44764957264957267,0.470298769771529
0.28382441371016237,0.2882599580712788,0.37876422038813296,0.3679154658981748,0.38912529550827424,0.4362796556791938,0.39103304830136354,0.43603534383403764,0.4099851914533531,0.4401972872996301,0.4677813263197445,0.42273098937040066,0.4561957379636938,0.4410143329658214,0.4573502722323049
0.309546463685379,0.2879955947136564,0.4073385973060845,0.3920265780730897,0.3885286783042394,0.44834481226394135,0.4117936117936118,0.4606991311376036,0.4363143631436314,0.4493901134175048,0.46677215189873417,0.4404631854926808,0.46485355648535565,0.45035666088297666,0.45922256097560976
0.306480920654149,0.2738255033557047,0.40489480463718336,0.36300174520069806,0.3877011770357915,0.45281456953642385,0.40228245363766046,0.4495114006514658,0.41153512575888984,0.43952095808383235,0.4530138524897042,0.42899159663865544,0.45789785052257936,0.4446480938416422,0.461961503208066
0.2734638757596219,0.28928260238164394,0.3901631591392764,0.35687928307854505,0.3761638733705773,0.4393089522100067,0.37814263724987174,0.43885043003985735,0.4114899579635684,0.42391789379741185,0.4477490323894887,0.41399681890479434,0.44998905668636463,0.43810289389067525,0.46153846153846156
0.2629582806573957,0.28996692392502754,0.40739925126624094,0.3724279835390947,0.3730856138589003,0.44501278772378516,0.39668174962292607,0.45365278868813824,0.418975836843272,0.4496672212978369,0.4534569331788335,0.42810242941562704,0.46959389816532676,0.440658929239985,0.467360454115421
0.32570905763952424,0.31467391304347825,0.40096830985915494,0.36700507614213196,0.41875306823760433,0.45113732097725356,0.42074788902291915,0.4408707589723475,0.4245535714285714,0.42971804898127186,0.46248557137360524,0.4527729636048527,0.47150153217568946,0.4526497034627894,0.48628048780487804
0.2834987593052109,0.25871766029246346,0.3670886075949367,0.3611670020120724,0.3735,0.4094762008259074,0.3837942746239689,0.41237113402061853,0.4157754010695187,0.4045267489711934,0.426095423563778,0.4221498371335505,0.42519036838855734,0.4244944244944245,0.4431882419446015
0.3014032946918853,0.28363636363636363,0.3850484125197028,0.39281378975479486,0.396848842934515,0.43711163488322263,0.42055185537583256,0.44145569620253167,0.43162953254696373,0.445369406867846,0.4368036880522474,0.4270568278201866,0.467046379170057,0.4443599010842686,0.45047743868189477
0.25925925925925924,0.2685531233315537,0.3938223938223938,0.3672577119261598,0.35865081290948797,0.4233517044294754,0.38565022421524664,0.42465494422386085,0.4170432537120723,0.4229145728643216,0.4517699943809702,0.42181969602331876,0.44153816123365214,0.43767110786639896,0.447870778267254
0.29631864815932407,0.2746085011185682,0.4226098476484875,0.36092468307233405,0.3815430414289258,0.4738292011019284,0.40707964601769914,0.4560844453296156,0.4165743407932639,0.44823284823284826,0.4732142857142857,0.43190079110540947,0.46514447363103656,0.4520030234315949,0.47730269353927296
0.29912935323383083,0.29873417721518986,0.4109090909090909,0.3633556356150283,0.40030518819938965,0.45901639344262296,0.417297825555827,0.4530321046373365,0.4329896907216495,0.4454736842105263,0.47137254901960784,0.4316258351893096,0.46828472363858864,0.4639691714836224,0.4734834032811904
0.28622012393036295,0.2915042868277475,0.3931214627775359,0.3526558331312151,0.3745583038869258,0.4392350400987045,0.39000467071461936,0.44972227542616355,0.42433297758804694,0.4291793313069909,0.44027493962474457,0.4153972828324413,0.4475552050473186,0.4366636113657195,0.4602799491001636
0.28978779840848806,0.292269871619776,0.4023474178403756,0.39171974522292996,0.39551122194513716,0.44893327280980483,0.4080182694747526,0.44979591836734695,0.4051094890510949,0.44317432402725876,0.4555375909458367,0.4176117411607739,0.4503800217155266,0.44760213143872113,0.4705650718645403
0.2833769633507853,0.32047477744807124,0.3772954924874791,0.36417748917748916,0.4069859751256946,0.4356345408976988,0.4217826868738762,0.4391590571246549,0.4305989896560019,0.4329896907216495,0.4568130282415997,0.4550898203592814,0.46644808743169397,0.44538834951456313,0.47965231133939157
0.29826224328594,0.2729584628426109,0.3949599083619702,0.3593789768388903,0.3829680020156211,0.4473567303420702,0.3869047619047619,0.453654552878726,0.4136518771331058,0.43763394770681524,0.4460345855694693,0.4080209241499564,0.4455674878921878,0.43598750975800155,0.4553191489361702
0.3127321850726106,0.27028694847269363,0.39930812947862615,0.3713646532438479,0.3931053655824298,0.44695365796283226,0.4092373791621912,0.4492497793468667,0.4048216976393772,0.4418118466898955,0.42941424357353564,0.4163871586008625,0.4483221476510067,0.43243243243243246,0.45139758030871924
0.2856204858831254,0.28048420431059934,0.3794406651549509,0.35566448801742917,0.38961038961038963,0.43047619047619046,0.3882783882783883,0.4490516100573445,0.41053630754627435,0.4257288292457196,0.45035083988943225,0.4161290322580645,0.44284103720405865,0.4412989175686928,0.4663083918974783
0.31011508176862507,0.3269740328563858,0.3762330809818766,0.3618998451213216,0.43788672060923367,0.4329896907216495,0.40108267716535434,0.45409674234945707,0.4298032279460535,0.41624365482233505,0.45780832378770525,0.4475255972696246,0.438489646772229,0.4419134396355353,0.45847425779782036
0.27655310621242485,0.2574560285495794,0.38719191068042974,0.36556658204477266,0.36939435968562184,0.4417573559048771,0.39056179775280897,0.4303331492729615,0.417636252296387,0.43605217052754525,0.45566860465116277,0.42383316782522346,0.44650986342943855,0.45785714285714285,0.46564211270093625
0.27943303442291006,0.2994706327199395,0.4073319755600815,0.3739231664726426,0.3975987069960748,0.44729064039408867,0.393919069975408,0.4588300018338529,0.44980253585533153,0.44661308840413316,0.4656406585540444,0.4396964856230032,0.45843452269755275,0.4587637891787778,0.47019751791644815
0.32362272858379004,0.30761343245321715,0.39820933702835215,0.38264580369843526,0.4108455882352941,0.45161290322580644,0.4333256828092724,0.4607096414638677,0.4568696736645188,0.43939094324698436,0.47118337850045167,0.45926824337982614,0.4667176740627391,0.45532217871128516,0.48509726932000713
0.3085512782838672,0.2792173453199365,0.38436482084690554,0.3611650485436893,0.3780691299165673,0.45846217274788703,0.4141010575793184,0.4397905759162304,0.42162162162162165,0.426644871270944,0.46260804208944006,0.43460004199034225,0.4634001190240032,0.4439453490548381,0.475240206947524
0.2940256490459806,0.2952029520295203,0.39037927844588344,0.3745143745143745,0.3849478769387236,0.44173913043478263,0.43271375464684014,0.44171276377791435,0.4544609665427509,0.4338076757222941,0.45172824791418353,0.4615730337078652,0.4685475444096134,0.4478200828565792,0.4751745539177657
0.3063583815028902,0.25763612217795484,0.39525021204410515,0.375886524822695,0.37244655581947744,0.43593875906526997,0.41094001378993333,0.4264650283553875,0.4279714405711886,0.43118724158298877,0.4418052256532066,0.43643031784841074,0.456988208003093,0.42197566213314247,0.44560143626570914
0.2946372239747634,0.2799343903772553,0.38191416112003673,0.3611255862428348,0.3806706114398422,0.4478662560492741,0.3923516265209834,0.4343578261754529,0.39973142345568485,0.42997858672376876,0.4549950544015826,0.41406081518222987,0.4597652975691534,0.45064377682403434,0.46993275696445724
0.2663467306538692,0.29173333333333334,0.3847533632286996,0.3425414364640884,0.37383177570093457,0.4317295188556567,0.3755958055290753,0.4492924528301887,0.4185338264085273,0.419536631183469,0.46044819000191534,0.43043844856661045,0.44029244516653127,0.46778764405819007,0.469232199293549
0.2682926829268293,0.26554149085794654,0.38281601439496177,0.3469854998728059,0.36437866802755803,0.42764857881136953,0.3845223700120919,0.4418464019350937,0.40082455336692624,0.42321391158600463,0.4424882629107981,0.40653277422202605,0.4383730484798685,0.43322412796299864,0.44181158035543666
0.2984088862203543,0.303857255313566,0.4126984126984127,0.3602232369355657,0.41356414512686746,0.46157224418093984,0.40234375,0.4646750100928543,0.4309102815979044,0.44905008635578586,0.4743987587276959,0.42748414376321353,0.4759525296689569,0.45333846449874926,0.48768283294842185
0.3221476510067114,0.28714327743453955,0.4117929050814957,0.388138734445327,0.41095176010430245,0.47029591145245087,0.43120204603580564,0.46033092914722107,0.43152148112983624,0.447463768115942,0.4683005874012558,0.46101386678790635,0.48254931714719274,0.4398695474928659,0.47177658942364825
0.29081177520071366,0.2721590909090909,0.4147665580890337,0.3937122128174123,0.3731117824773414,0.4528692769836337,0.41351795353203474,0.45662100456621,0.4344719803527573,0.4419822723609992,0.4545279753893482,0.4383033419023136,0.46329462704192087,0.4598306679209784,0.4772098173094667
0.2841121495327103,0.2989801395598497,0.39467645709040844,0.393515106853353,0.38472834067547723,0.4599072233267064,0.4153882464007553,0.4435532384198917,0.4477223427331887,0.45230574857864814,0.4499314128943759,0.44660194174757284,0.46605504587155966,0.4626552053486151,0.47552182163187856
0.27596899224806204,0.2758812101026922,0.40123593025822113,0.37385491458281755,0.35805883832034197,0.43807095814743996,0.3863150392017106,0.43595327657889527,0.4074816299265197,0.43134822167080233,0.4412618540739307,0.4051948051948052,0.4550071094860857,0.43826810361126867,0.4530345471521942
0.2872894333843798,0.2912888156086837,0.3959945380063723,0.37659033078880405,0.3854942871336314,0.44689595500757084,0.3979763912310287,0.44484702093397743,0.43435692033822876,0.4389626818469323,0.4687681299555212,0.450752688172043,0.46088193456614507,0.4490891658676894,0.4825372852558052
0.31385542168674696,0.29690495754587787,0.38466622604097817,0.3762183235867446,0.38121003443187407,0.4410901467505241,0.4139057396173588,0.43030423543448004,0.41567438839575666,0.42854188210961736,0.44808954071786955,0.43542905692438405,0.45873397435897434,0.4295200151773857,0.4696371498401955
0.30055316533497234,0.28362255965292843,0.3932316491897045,0.36452947259565666,0.3995151515151515,0.44796784278695845,0.4050818470559492,0.43859649122807015,0.427158273381295,0.42157929084185336,0.4490521327014218,0.42055267702936094,0.45954003407155025,0.4445320197044335,0.46801991574109536
0.3277760301981755,0.30176026823134955,0.40166397041830365,0.3793555148022007,0.4038844621513944,0.4650751547303271,0.41590516176833786,0.4443545123431809,0.4230328056893783,0.44726810673443457,0.4525260467859249,0.4234930448222566,0.4674678823041857,0.4504608294930876,0.47320061255742724
0.27102803738317754,0.29357798165137616,0.38461538461538464,0.358814352574103,0.3882874015748031,0.43006993006993005,0.3898809523809524,0.4553697360467459,0.4170978627671541,0.4322678843226788,0.44784800310197753,0.4175491679273828,0.4449560485558811,0.4373904576436222,0.4571211256892945
0.30646083476272157,0.2673452986873828,0.3837184651261395,0.36502627806975635,0.3788091889357712,0.4336867373474695,0.40373236231224396,0.4238211534848769,0.42250530785562634,0.42252411892104746,0.4367191743617599,0.43147514590460856,0.4568469505178366,0.43481362582486177,0.46334208223972
0.31283068783068785,0.29230325742288843,0.3782435129740519,0.363039912520503,0.3947858472998138,0.44056603773584907,0.4096008348552048,0.4310907903331156,0.43130684538056485,0.42821387940841865,0.45819256756756754,0.4301325273192281,0.45719329214474846,0.43454846727423363,0.4711913061308181
0.28918032786885245,0.29927641099855284,0.4141636141636142,0.35223226513284034,0.39893758300132803,0.4561813507828932,0.4020915032679739,0.4748603351955307,0.41754051477597715,0.4444444444444444,0.46815619127166425,0.42414355628058725,0.45752808988764043,0.4547899855162425,0.46890343698854337
0.3077877753645672,0.30532212885154064,0.3816091954022989,0.35819354838709677,0.39171741778319125,0.43424536628420124,0.3972229109843789,0.440760210270926,0.43397085610200364,0.4248660235798499,0.44652981427174976,0.43574690150032613,0.4457831325301205,0.42925157112930873,0.46387832699619774
0.25015994881637876,0.27808988764044945,0.3996346197762046,0.34757536041939713,0.3497599191306545,0.4417936823503424,0.37593984962406013,0.44502935816967,0.4083840432724814,0.42604055496264676,0.4578790882061447,0.4232201533406353,0.44614747307373653,0.4495733126454616,0.46364154167457755
0.3184861717612809,0.2782279848730416,0.39043478260869563,0.363499245852187,0.38456005754015826,0.4331183690451425,0.40647310804378867,0.4377816970409563,0.42796704520151413,0.4349949135300102,0.44423332699981,0.4356562633604104,0.46141575274177465,0.44063969896519284,0.45481481481481484
0.29876252209781967,0.31329597554763117,0.3742979105818917,0.37925211097708084,0.4101969872537659,0.4376601195559351,0.4153207198892478,0.44627782041442826,0.44283347141673574,0.4369538077403246,0.44951017332328563,0.447245375076235,0.45245769540692987,0.44754730846959395,0.47161572052401746
0.28509045539613226,0.3000278318953521,0.3789571694599628,0.36261203585147245,0.39118457300275483,0.4344719803527573,0.39019607843137255,0.43701903604698256,0.4274740171712607,0.4161015095165172,0.4554064719810576,0.4401766004415011,0.4334470989761092,0.4425748385834475,0.4599343502606681
