Abstract,Methods,Results,Discussion,Abstract+Methods,Abstract+Results,Abstract+Discussion,Methods+Results,Methods+Discussion,Results+Discussion,Abstract+Methods+Results,Abstract+Methods+Discussion,Abstract+Results+Discussion,Methods+Results+Discussion,Full Text
0.6445698166431594,0.6135569531795947,0.6142649199417758,0.6002805049088359,0.6276041666666666,0.6377792823290453,0.6240105540897097,0.6081170991350632,0.6043737574552683,0.6060191518467852,0.6129032258064516,0.6088631984585742,0.6223369916074887,0.6107862248213125,0.5935251798561151
0.5941485371342836,0.5564575645756458,0.5415050426687354,0.542794440380395,0.5754385964912281,0.5825522710886806,0.5615275813295615,0.542043085476025,0.5501392757660167,0.543884892086331,0.5496915695681974,0.5388316151202749,0.5617198335644937,0.5499316005471956,0.538961038961039
0.5676274944567627,0.5276344878408253,0.5242121445042275,0.5106990014265336,0.5457044673539518,0.5490753911806543,0.549266247379455,0.517363571934798,0.5249487354750513,0.5056179775280899,0.5409836065573771,0.5292929292929293,0.5280748663101604,0.5301873698820264,0.5249841872232764
0.6105100463678517,0.6026541764246682,0.58700882117081,0.5500747384155455,0.6151582045621781,0.6096096096096096,0.6011816838995568,0.5821114369501467,0.5743440233236151,0.5797317436661699,0.5982658959537572,0.5826771653543307,0.5899280575539568,0.5902828136330674,0.5727699530516432
0.6327433628318584,0.5937272064186725,0.6044718581341557,0.5584795321637427,0.61731843575419,0.6183644189383071,0.6075418994413407,0.5830413454800281,0.5702592087312415,0.5890804597701149,0.5911262798634812,0.5868102288021534,0.591878871300757,0.5847632120796157,0.5839793281653747
0.6111524163568773,0.5731080088170463,0.5778120184899846,0.5503258508327299,0.5914127423822715,0.6102675343456254,0.5893992932862191,0.5635980323260716,0.5653661875427789,0.5779685264663805,0.5778382053025153,0.5671843349088453,0.5786593707250342,0.5867595818815331,0.5692007797270955
0.5949269792467333,0.561377245508982,0.5406275140788415,0.526706231454006,0.5684062059238364,0.5780780780780781,0.5726872246696035,0.5451895043731778,0.5429362880886427,0.5255366395262768,0.5687811831789024,0.5582693649685974,0.5569800569800569,0.5421089879688605,0.5453359425962165
0.624113475177305,0.5911854103343465,0.5954692556634305,0.5620715917745621,0.5943262411347517,0.618510158013544,0.6131171702284451,0.575801749271137,0.5845272206303725,0.5714285714285714,0.5942446043165468,0.5664089950808152,0.5845481049562682,0.5795860099928622,0.5839017735334243
0.6364301389904902,0.6050541516245488,0.613413715146948,0.5889128869690424,0.6345762711864407,0.6423049894588897,0.6312154696132597,0.6083916083916084,0.5859000684462696,0.6136363636363636,0.6234113712374582,0.612,0.6213460231135283,0.605191256830601,0.6057507987220447
0.6012176560121766,0.5709969788519638,0.5736925515055468,0.5655799848369977,0.6007220216606498,0.6044117647058823,0.5997088791848617,0.5631768953068592,0.5732851985559567,0.5743893412287194,0.573632538569425,0.5835694050991501,0.5791341376863024,0.5671852899575672,0.5676567656765676
0.6029850746268657,0.5794392523364486,0.5562403697996918,0.5384063173007897,0.5828804347826086,0.5936599423631124,0.5802382620882971,0.5464556090846524,0.5542662116040956,0.5518227305218013,0.5578231292517006,0.5580147551978538,0.5673662830060935,0.5617198335644937,0.55893536121673
0.5986496624156039,0.5805970149253732,0.5671875,0.5589519650655022,0.5981830887491265,0.5948275862068966,0.587737843551797,0.5671213208901651,0.5638888888888889,0.5673146148308136,0.5731790333560245,0.5778997940974605,0.5772634445200817,0.5666434054431263,0.5555555555555556
0.6049004594180705,0.5718475073313783,0.5691946833463644,0.5490483162518301,0.5742434904996482,0.5844346549192364,0.5825522710886806,0.5647226173541963,0.5605536332179931,0.5600578871201157,0.564673157162726,0.5608907446068198,0.5609584214235377,0.5621096460791117,0.5555555555555556
0.6041958041958042,0.5712290502793296,0.560639070442992,0.5519125683060109,0.5938117182356814,0.5933917734322319,0.5932762030323006,0.5513585155732273,0.5639686684073107,0.5565912117177098,0.5745501285347043,0.5660377358490566,0.5703324808184144,0.566383257030739,0.5604863221884498
0.5987460815047022,0.578125,0.5575657894736842,0.547271329746349,0.5818713450292398,0.5862595419847328,0.5733532934131736,0.5577507598784195,0.5539143279172821,0.5567484662576687,0.5718475073313783,0.5524222704266089,0.5758697261287935,0.5602365114560236,0.5503080082135524
0.6237234878240377,0.5887924230465666,0.5840266222961731,0.5629860031104199,0.6088257292445775,0.6179861644888547,0.6133133881824981,0.5777777777777777,0.5695266272189349,0.5895230648944488,0.5858290723155588,0.579250720461095,0.5959970348406227,0.583963691376702,0.5718251214434421
0.6258111031002163,0.6004228329809725,0.5860255447032306,0.5623229461756374,0.6140468227424749,0.6126126126126126,0.6129905277401895,0.5841784989858012,0.5742444152431012,0.5831593597773138,0.5972313777191826,0.5913838120104439,0.591715976331361,0.5766951942067149,0.5754775107825015
0.6317300789662599,0.613998613998614,0.5992727272727273,0.5753424657534246,0.6240105540897097,0.6340454858718125,0.6163182737693864,0.5975935828877005,0.5804783451842276,0.6084583901773534,0.6010362694300518,0.5994865211810013,0.6016785022595222,0.5985686402081978,0.591358024691358
0.6128550074738416,0.5972323379461034,0.5622612681436211,0.557163531114327,0.5965397923875433,0.5941719971570718,0.5893854748603352,0.5594900849858357,0.5690946221919673,0.5519203413940256,0.580110497237569,0.5752688172043011,0.5731958762886598,0.553337921541638,0.5629820051413882
0.6241660489251297,0.604992657856094,0.5960061443932412,0.5637290604515659,0.608098833218943,0.613960113960114,0.6101694915254238,0.5889741800418702,0.580289455547898,0.5862313697657914,0.5930388219544847,0.5887096774193549,0.5968939905469277,0.5898491083676269,0.5785123966942148
0.6118012422360248,0.5995352439969016,0.5827395091053048,0.5614035087719298,0.5960555149744339,0.6076519129782446,0.5871156661786238,0.5628140703517588,0.5860805860805861,0.58117123795404,0.5777146912704045,0.5807829181494661,0.589247311827957,0.5748757984386089,0.5772357723577236
0.624813153961136,0.5848787446504993,0.5725132877752468,0.5597173144876325,0.6017943409247757,0.5950530035335689,0.5985915492957746,0.5722222222222222,0.5679513184584178,0.5778717406624383,0.5800807537012113,0.5835010060362174,0.5849056603773585,0.5716216216216217,0.5638095238095238
0.6366412213740458,0.6136865342163356,0.6308300395256917,0.5789090909090909,0.6185133239831697,0.6379182156133829,0.62,0.6044508255563532,0.5863509749303621,0.6037735849056604,0.5990271021542738,0.5904365904365905,0.6050069541029207,0.6026629292221444,0.5887788778877888
0.6189410887397464,0.5827123695976155,0.5796875,0.5549964054636952,0.6016597510373444,0.6213314244810307,0.6022253129346314,0.5734870317002881,0.5650969529085873,0.5726681127982647,0.5876712328767123,0.5766374071573261,0.5871056241426612,0.5772187281621244,0.574345883854499
0.5792349726775956,0.5475285171102662,0.5362318840579711,0.5257575757575758,0.5634408602150538,0.5663189269746647,0.5517241379310345,0.5283842794759825,0.5317177476835353,0.5316455696202531,0.5367904695164681,0.528960223307746,0.5372076541459957,0.5289492494639028,0.5252918287937743
0.6058282208588958,0.5948406676783005,0.5729646697388633,0.5718631178707224,0.5936395759717314,0.5962099125364432,0.5965417867435159,0.5720461095100865,0.5765379113018598,0.5793708851499634,0.5785467128027681,0.5832757429163787,0.5800561797752809,0.5833924769339958,0.5627030539311241
0.6108979278587874,0.6009389671361502,0.5786963434022258,0.5851393188854489,0.5972523499638467,0.5970588235294118,0.5971914264597191,0.5761194029850746,0.5779078273591807,0.5856603773584905,0.5848375451263538,0.5828571428571429,0.5849462365591398,0.577063550036523,0.5704697986577181
0.6153846153846154,0.5947169811320755,0.5725490196078431,0.5601194921583271,0.6056737588652482,0.6037735849056604,0.5925394548063128,0.5624553890078515,0.5706174591909156,0.561119293078056,0.5839112343966713,0.5855354659248957,0.5800561797752809,0.5722379603399433,0.5782493368700266
0.639331814730448,0.6121863799283154,0.5959438377535101,0.5650557620817844,0.625261688764829,0.618944323933478,0.6220640569395017,0.5932203389830508,0.5813953488372093,0.6008708272859217,0.5978112175102599,0.5991847826086957,0.6100278551532033,0.5953878406708596,0.6005291005291006
0.6211085801063022,0.5959367945823928,0.5881410256410257,0.568215892053973,0.6045845272206304,0.6080476900149031,0.5994194484760522,0.5804093567251462,0.5693848354792561,0.5779748706577975,0.5782122905027933,0.5807799442896936,0.5941719971570718,0.5855072463768116,0.5778961384820239
0.5824345146379045,0.5520912547528517,0.5426975259377494,0.5208807896735004,0.5718411552346571,0.5744047619047619,0.5632772494513534,0.5397973950795948,0.5363048166786485,0.5408618127786032,0.5430555555555555,0.5486354093771868,0.5487977369165488,0.537862703467799,0.5356200527704486
0.6200317965023847,0.596875,0.5920398009950248,0.5665369649805447,0.6088257292445775,0.6130500758725341,0.6166666666666667,0.5627769571639586,0.5760233918128655,0.5718677940046119,0.5735080058224163,0.5824817518248175,0.5777126099706745,0.565597667638484,0.5675675675675675
0.6165527714502658,0.5828488372093024,0.5740458015267176,0.5537130497476568,0.5839112343966713,0.6053199137311287,0.595593461265103,0.5594501718213059,0.5639972621492129,0.5687544996400288,0.5691056910569106,0.5636114911080712,0.5728021978021978,0.568104038329911,0.5654723127035831
0.6303680981595092,0.5876993166287016,0.5908372827804107,0.5737951807228916,0.6092526690391459,0.6127847171197649,0.6098265895953757,0.5704074338813439,0.5627214741318214,0.5878877400295421,0.5895470383275261,0.5825242718446602,0.5893854748603352,0.5827439886845828,0.5764075067024129
0.6405325443786982,0.6199261992619927,0.6137071651090342,0.582089552238806,0.6369337979094076,0.640457469621158,0.6284114765570329,0.6080793763288448,0.5925925925925926,0.6197802197802198,0.6281786941580756,0.616643929058663,0.6114911080711354,0.5968077723802915,0.6066536203522505
0.6151491966335119,0.575,0.5547785547785548,0.55,0.5993079584775086,0.5941605839416059,0.5981441827266238,0.5635202271114266,0.5577190542420027,0.5510791366906475,0.5807327001356852,0.5800687285223368,0.5818431911966988,0.5710286913925823,0.5766233766233766
0.6061493411420205,0.5855072463768116,0.5662376987130961,0.5520295202952029,0.5811732605729877,0.5841584158415841,0.5891364902506964,0.5556323427781618,0.5642420122365738,0.5598845598845599,0.5677852348993289,0.5674044265593562,0.5618279569892473,0.55858310626703,0.5582278481012658
0.6181277860326895,0.6179941002949852,0.5977011494252874,0.5756240822320118,0.6153846153846154,0.615831517792302,0.6165839829907866,0.5952045133991537,0.5960729312762973,0.5919540229885057,0.5994475138121547,0.6004112405757368,0.603905160390516,0.5958620689655172,0.5884640311082308
0.6277482941622441,0.5982532751091703,0.6020015396458814,0.5751445086705202,0.6086956521739131,0.6206395348837209,0.6124197002141327,0.574438202247191,0.5863730213351687,0.581294964028777,0.5863945578231292,0.5850991114149009,0.596221133659902,0.5830461750516885,0.5714285714285714
0.6298258894776685,0.5904334828101644,0.5919003115264797,0.5667655786350149,0.5980113636363636,0.5969498910675382,0.6033117350611951,0.5732758620689655,0.5660112359550562,0.5785977859778598,0.6001415428167021,0.5775034293552812,0.5969101123595506,0.5752274317704689,0.570670205706702
0.6513056835637481,0.5948012232415902,0.6031746031746031,0.5918524212144505,0.6265409717186367,0.6367713004484304,0.6380458919319023,0.5894428152492669,0.597667638483965,0.6086298258894777,0.6100719424460431,0.6023926812104152,0.6197991391678622,0.6017441860465116,0.6002747252747253
0.6079632465543645,0.6024096385542169,0.5876701361088871,0.5760950259836675,0.6101211689237348,0.616519174041298,0.6090712742980562,0.5855072463768116,0.5882352941176471,0.5863335782512858,0.5869872701555869,0.5898876404494382,0.5827439886845828,0.5884861407249466,0.5872170439414115
0.590625,0.5597579425113465,0.5679611650485437,0.5468509984639017,0.5728643216080402,0.5758928571428571,0.580789277736411,0.541757443718228,0.5501432664756447,0.559025133282559,0.5544554455445545,0.5506638714185884,0.5624553890078515,0.5564229950319376,0.538711776187378
0.6223207686622321,0.6119828815977175,0.5930930930930931,0.5881533101045296,0.6270270270270271,0.6357804704205274,0.63268156424581,0.5946317962835512,0.5952861952861953,0.6,0.6068318821165438,0.597761685319289,0.6101694915254238,0.6052809749492214,0.6123778501628665
0.6145675265553869,0.5940740740740741,0.584375,0.5756457564575646,0.6009992862241256,0.6001456664238893,0.6033117350611951,0.5856832971800434,0.5718270571827058,0.5852962169878658,0.5891364902506964,0.5795691452397498,0.5924895688456189,0.5917655268667132,0.5679330328396651
0.5913570887035633,0.5657311669128509,0.5499231950844854,0.5411255411255411,0.5692520775623269,0.5822603719599427,0.5683912119064494,0.5527994330262226,0.5438108484005564,0.5497494631352899,0.5610921501706485,0.5557809330628803,0.5477792732166891,0.5551700208188758,0.5466321243523317
0.6028636021100227,0.58069270449521,0.563031709203403,0.5495626822157434,0.5958333333333333,0.6007220216606498,0.5935483870967742,0.5603387438249824,0.558041958041958,0.5557163531114327,0.5813148788927336,0.5776566757493188,0.5777470628887353,0.5563282336578581,0.562905317769131
0.5618141916605706,0.5423242467718795,0.5368421052631579,0.5380782918149466,0.5490196078431373,0.5605006954102921,0.5583966827919834,0.5193220338983051,0.5200789993416721,0.5310104529616725,0.5245683930942895,0.5369127516778524,0.5289806795469687,0.5242203052422031,0.5244279529993816
0.6084291187739463,0.5894090560245587,0.572347266881029,0.558891454965358,0.5994194484760522,0.5983421250941975,0.5964653902798233,0.5646359583952452,0.5712209302325582,0.5645283018867925,0.5826086956521739,0.5796683489545782,0.5863570391872278,0.5695266272189349,0.5665122435473197
0.6350931677018633,0.6046165301563663,0.6094003241491086,0.5898004434589801,0.6106442577030813,0.6292974588938715,0.622093023255814,0.5859318346627991,0.590782122905028,0.5980754996299038,0.5946317962835512,0.5930470347648262,0.6046511627906976,0.5835095137420718,0.5654911838790933
0.6076867295141407,0.5872340425531914,0.575037147102526,0.5662482566248257,0.5971943887775552,0.6056826056826057,0.5932432432432433,0.5681198910081744,0.5627876397107167,0.5702592087312415,0.5774278215223098,0.574025974025974,0.5800922874093606,0.5710491367861886,0.5647058823529412
0.6462480857580398,0.6044117647058823,0.5933544303797469,0.5945945945945946,0.6196189131968949,0.6322008862629247,0.6284470246734397,0.5913290689410092,0.5839721254355401,0.5947521865889213,0.6060181945416375,0.5926946933149552,0.6124737210932025,0.5862552594670407,0.5899280575539568
0.6360153256704981,0.5992619926199262,0.5771065182829889,0.5801063022019742,0.6084507042253521,0.5985294117647059,0.6104651162790697,0.5841088045812455,0.5800139762403913,0.5718475073313783,0.5850244926522044,0.5762004175365344,0.5833333333333334,0.5814116002795248,0.5774555042847725
0.6054216867469879,0.58117123795404,0.5692068429237948,0.5522827687776142,0.592797783933518,0.5988455988455988,0.5956245589273113,0.5653409090909091,0.5584958217270195,0.5633187772925764,0.5689069925322471,0.5745704467353951,0.5837912087912088,0.56743535988819,0.5612443292287751
0.6287822878228783,0.6131597975415762,0.6166541635408852,0.5959595959595959,0.6213058419243986,0.6254442075337597,0.6239554317548747,0.5998627316403569,0.5985003408316292,0.5961945031712473,0.6006688963210702,0.6036217303822937,0.5961152042866711,0.6084583901773534,0.5868187579214195
0.5787831513260531,0.559938128383604,0.5372168284789643,0.5297805642633229,0.5646209386281589,0.5714285714285714,0.5722757598220904,0.5389755011135857,0.5450581395348837,0.5407020164301718,0.5480631276901005,0.5508291276135544,0.5534050179211469,0.5387400434467777,0.5283522348232155
0.5968077723802915,0.5531062124248497,0.5571227080394923,0.5314591700133868,0.5694531741043369,0.5789129011132941,0.5732899022801303,0.5375394321766561,0.5384126984126985,0.5460483344219464,0.5612943372744243,0.5533498759305211,0.5538847117794486,0.5429638854296388,0.5388180764774044
0.6207407407407407,0.5982658959537572,0.5897631779984721,0.5672727272727273,0.606971975393028,0.6212338593974175,0.6115007012622721,0.5700416088765603,0.5733695652173914,0.5773342836778332,0.5785907859078591,0.5806020066889632,0.5938983050847457,0.573187414500684,0.5672955974842767
0.6098265895953757,0.5645730416372619,0.5744360902255639,0.5409153952843273,0.582010582010582,0.6052076002814919,0.582709326072158,0.5618591934381408,0.5487077534791253,0.5625431928127159,0.5784574468085106,0.562015503875969,0.5710491367861886,0.5627938213566152,0.549165120593692
0.628158844765343,0.5879858657243816,0.5786726323639075,0.5663338088445078,0.6046511627906976,0.6113776559287183,0.6091094493541809,0.5727956254272044,0.5781041388518025,0.5877494838265658,0.585818422796554,0.5804333552199606,0.5942320590207915,0.5823293172690763,0.5894080996884735
0.6185410334346505,0.6033357505438723,0.588144726712856,0.5660649819494585,0.6040082930200414,0.6001435750179469,0.6081460674157303,0.5827538247566064,0.5692832764505119,0.5785714285714286,0.5809072444143534,0.5746666666666667,0.581081081081081,0.578839590443686,0.5674827369742624
0.5824941905499613,0.5735963581183612,0.5616224648985959,0.5516717325227963,0.5745140388768899,0.5747973470891673,0.5770925110132159,0.5543556515478761,0.5610278372591007,0.5581051073279053,0.5592618878637331,0.564755838641189,0.5663082437275986,0.5563380281690141,0.5514950166112956
0.6578764746703678,0.6306306306306306,0.6170678336980306,0.6065688329839273,0.6413881748071979,0.6411804158283032,0.6467859509609013,0.6026315789473684,0.6160889470241988,0.6234652114597544,0.6251604621309371,0.6206459784673845,0.6373626373626373,0.6071197411003236,0.6168791742562234
0.6033434650455927,0.5826656955571741,0.559938128383604,0.5556363636363636,0.601115760111576,0.5942446043165468,0.5942446043165468,0.5689900426742532,0.5602202339986235,0.5540443808160344,0.5848275862068966,0.5749152542372882,0.5793871866295265,0.5670604586518415,0.5635074145712443
0.6438876233864844,0.6166180758017493,0.6245059288537549,0.5912518853695324,0.6216216216216216,0.6246290801186943,0.6209386281588448,0.6017191977077364,0.5866114561766735,0.6050295857988166,0.6051353226925746,0.5998608211551845,0.6191819464033851,0.6013986013986014,0.5805609915198956
0.6360153256704981,0.586924219910847,0.5895230648944488,0.5706051873198847,0.6061026352288488,0.6138032305433186,0.608195542774982,0.580130529369108,0.5800687285223368,0.572463768115942,0.5862785862785863,0.5802469135802469,0.5880721220527045,0.5780265920223933,0.5766710353866317
0.6275659824046921,0.6064610866372981,0.5870570107858244,0.5789090909090909,0.6050650239561944,0.6176678445229682,0.6215083798882681,0.5920223932820154,0.590782122905028,0.5908440629470673,0.6039004707464694,0.597979797979798,0.6009453072248481,0.59366391184573,0.5723310170562224
0.6565349544072948,0.626099706744868,0.6298600311041991,0.5908440629470673,0.6341463414634146,0.6462882096069869,0.6203966005665722,0.607898448519041,0.6033287101248266,0.6085714285714285,0.6237762237762238,0.6141078838174274,0.6164478230822391,0.60778859527121,0.5931758530183727
0.6491994177583698,0.6283249460819554,0.6184798807749627,0.5965417867435159,0.6322839919624916,0.63268156424581,0.6327372764786795,0.6082758620689656,0.6044624746450304,0.6091228070175438,0.6247491638795987,0.6143790849673203,0.6206896551724138,0.6160108548168249,0.6029776674937966
0.5905044510385756,0.5954974582425563,0.5593869731800766,0.5472118959107807,0.6015141087405368,0.5958660014255167,0.5944444444444444,0.567814476458187,0.5771626297577854,0.5557163531114327,0.5828804347826086,0.5752508361204013,0.5736005528680027,0.5664335664335665,0.5659411011523687
0.6091872791519435,0.5751258087706685,0.5763216679076694,0.5522174535050072,0.5935653315824031,0.6050999310820124,0.6,0.5665760869565217,0.5646900269541779,0.5664819944598338,0.5817465528562049,0.5736534717715769,0.5719895287958116,0.5721925133689839,0.5677339901477833
0.6150306748466258,0.5938206480783723,0.5917065390749602,0.549663928304705,0.6001415428167021,0.609271523178808,0.5987078248384781,0.5691527878349022,0.5730337078651685,0.5642167780252413,0.5792044661549197,0.5746164574616457,0.5718251214434421,0.5732666190135811,0.5701239399869537
0.5831501831501832,0.5856832971800434,0.5758039816232772,0.5516739446870451,0.5774171737660582,0.5819209039548022,0.5800561797752809,0.5629322268326418,0.5650102110279102,0.5645046329294369,0.5733603786342123,0.5675857431069267,0.5692729766803841,0.5706484641638225,0.5562579013906448
0.577485380116959,0.5661971830985916,0.551051051051051,0.5352313167259787,0.5761809713905522,0.5726198749131342,0.5767377838953889,0.5493333333333333,0.5472703062583223,0.5452035886818496,0.5708635464733026,0.5565669700910273,0.5580774365821095,0.5490716180371353,0.5486194477791116
0.6277153558052434,0.6137184115523465,0.5895865237366003,0.5666178623718887,0.6133700895933839,0.6048850574712644,0.5954415954415955,0.5786163522012578,0.5951890034364261,0.575801749271137,0.5930941096817874,0.5967523680649527,0.5883161512027492,0.5798898071625345,0.5854591836734694
0.632428466617755,0.592964824120603,0.5919145690312738,0.5697758496023138,0.5987862440997977,0.6191155492154066,0.6148459383753502,0.569672131147541,0.5679347826086957,0.5876508161816891,0.5921938088829072,0.5907568653717348,0.5986301369863014,0.5791978246091094,0.569818409517846
0.606015037593985,0.5982142857142857,0.5828125,0.5573770491803278,0.613314447592068,0.6086320409656182,0.5951704545454546,0.5755603759942155,0.5752650176678445,0.5787923416789397,0.575,0.5825242718446602,0.5856044723969253,0.5758865248226951,0.5718050065876152
0.5906976744186047,0.5692771084337349,0.5499207606973059,0.5457317073170732,0.5706051873198847,0.574169741697417,0.5684981684981685,0.5483636363636364,0.5588447653429602,0.5547226386806596,0.5526501766784452,0.5469728601252609,0.55863539445629,0.5556353194544149,0.5386631716906947
0.6173020527859238,0.5920471281296024,0.5795107033639144,0.5737344093910491,0.6019283746556474,0.6174785100286533,0.609308885754584,0.5680224403927069,0.565726083964212,0.5797101449275363,0.5801630434782609,0.5878332194121668,0.5850991114149009,0.5738161559888579,0.575031525851198
0.6251851851851852,0.5940014630577908,0.5801526717557252,0.5809248554913294,0.6128133704735376,0.6090651558073654,0.6075418994413407,0.573997233748271,0.5842391304347826,0.5722419928825623,0.5906313645621182,0.5883152173913043,0.581989247311828,0.589041095890411,0.5774378585086042
0.6086956521739131,0.6004288777698356,0.5757347400150716,0.5611510791366906,0.6089309878213802,0.6083274523641496,0.5955678670360111,0.581767571329158,0.5762483130904184,0.5777146912704045,0.5880776959142666,0.5914552736982643,0.5796906523201076,0.5871056241426612,0.579987253027406
0.6431312356101304,0.5963581183611533,0.5947660586835845,0.5772418990203466,0.6075230660042583,0.6216617210682492,0.610909090909091,0.5863570391872278,0.5884892086330935,0.5851462865716429,0.6041222459132907,0.5903698534542917,0.5987261146496815,0.5907473309608541,0.5738562091503268
0.6132295719844358,0.584777694046722,0.5856,0.5819548872180451,0.6,0.6010518407212622,0.6043795620437956,0.5798561151079137,0.5663841807909604,0.5716374269005848,0.5814116002795248,0.5747599451303155,0.5833914863921842,0.5824022346368715,0.5602027883396705
0.5869218500797448,0.5837922895357985,0.5775577557755776,0.5582486317435497,0.5901398086828551,0.5955487336914812,0.584777694046722,0.5774754346182918,0.5653761869978087,0.5714285714285714,0.5903790087463557,0.5851905104241553,0.5701818181818182,0.5714285714285714,0.5619498984427894
0.5976833976833977,0.5594614809274495,0.5549577248270561,0.5393258426966292,0.5581395348837209,0.5743440233236151,0.5728643216080402,0.5454545454545454,0.5431400282885431,0.5528811086797958,0.5522491349480969,0.5513888888888889,0.5573997233748271,0.5511921458625526,0.5442622950819672
0.6142208774583964,0.5915279878971256,0.5801407349491791,0.5612244897959183,0.5988779803646563,0.6042857142857143,0.6019830028328612,0.5635202271114266,0.5726141078838174,0.5689778413152251,0.5905947441217151,0.584192439862543,0.5830461750516885,0.5714285714285714,0.5817941952506597
0.6097946287519748,0.6016628873771731,0.5770816158285244,0.5645784996133024,0.6075581395348837,0.6007604562737643,0.5983667409057164,0.5855457227138643,0.5765379113018598,0.5812356979405034,0.5969718817591925,0.5901639344262295,0.591304347826087,0.586608442503639,0.5770536320434487
0.6109036594473488,0.5896656534954408,0.5709876543209876,0.5597069597069597,0.5910701630049611,0.6011560693641619,0.5885673959068455,0.5732851985559567,0.5746320953048353,0.5695557174071376,0.5758645024700071,0.5619377162629757,0.5743944636678201,0.5811965811965812,0.56282722513089
0.621283255086072,0.5928792569659442,0.5644268774703557,0.5485799701046338,0.5979680696661829,0.5927029039463887,0.5910753474762254,0.5653450807635829,0.579100145137881,0.5635687732342007,0.5818965517241379,0.5766784452296819,0.5651867512332629,0.5724585436193222,0.574111334674715
0.628125,0.6015748031496063,0.5830023828435266,0.5674633770239013,0.6162962962962963,0.6114839671886652,0.6125186289120715,0.5753012048192772,0.5826538176426983,0.5798192771084337,0.58557902403496,0.5826086956521739,0.5804093567251462,0.5705882352941176,0.5784447476125512
0.6385542168674698,0.6138909634055265,0.6034214618973561,0.605833956619297,0.629292221443588,0.6328571428571429,0.6306049822064057,0.584333098094566,0.6029106029106029,0.6027596223674655,0.5990404386566142,0.6140963014654571,0.6088154269972452,0.5983263598326359,0.59631277813096
0.6124031007751938,0.5982008995502249,0.5860688550840673,0.5530642750373692,0.6030150753768844,0.6080476900149031,0.5884923525127458,0.5824255628177197,0.5748757984386089,0.5832716506291635,0.5874026893135174,0.5806906272022551,0.5759087669280114,0.5810616929698709,0.5697050938337802
0.6341463414634146,0.6090283091048202,0.5858895705521472,0.5724797645327446,0.6158075601374571,0.6161473087818697,0.6183098591549295,0.5732217573221757,0.5909090909090909,0.5845932325413967,0.6024423337856174,0.5949966193373901,0.6066802999318337,0.5918225918225918,0.5889250814332248
0.6013771996939556,0.5763732129420617,0.5723370429252782,0.5646359583952452,0.5935943060498221,0.5873715124816447,0.5910064239828694,0.5587392550143266,0.5698245614035088,0.5653761869978087,0.572829131652661,0.5572413793103448,0.5736543909348442,0.5634588563458857,0.5586519766688269
0.6214953271028038,0.5838509316770186,0.5815261044176707,0.5576776165011459,0.6111111111111112,0.6103703703703703,0.6022140221402214,0.5810711665443874,0.5720588235294117,0.58117123795404,0.5961123110151187,0.5832147937411095,0.5933286018452804,0.5772005772005772,0.5772083614295347
0.6383296047725578,0.606508875739645,0.62402496099844,0.5883222468588323,0.6107617051013278,0.6269727403156384,0.6171266808209483,0.594017094017094,0.5897973445143256,0.6018991964937911,0.5976372480889507,0.5991678224687933,0.5933609958506224,0.590752242926156,0.5880052151238592
0.5829892650701899,0.5516129032258065,0.5383966244725739,0.5407114624505929,0.5679389312977099,0.5727699530516432,0.5666156202143952,0.528158295281583,0.5423220973782772,0.5451688923802043,0.5481702763256161,0.5463917525773195,0.5430067314884068,0.5427286356821589,0.5247457627118645
0.6169544740973313,0.5841121495327103,0.571656050955414,0.5471264367816092,0.5941176470588235,0.595166163141994,0.5990990990990991,0.562731997030438,0.5583832335329342,0.5712132629992465,0.5753823743627094,0.5767575322812052,0.5866861741038771,0.5705882352941176,0.572980312287848
0.6279411764705882,0.5849462365591398,0.5941043083900227,0.5812455261274159,0.6059782608695652,0.6138613861386139,0.6016483516483516,0.5799307958477509,0.571813890761969,0.589070262597587,0.5854956753160346,0.5765171503957783,0.5827193569993302,0.5818673883626523,0.568407960199005
0.5742275810097965,0.5682656826568265,0.5467181467181467,0.5167394468704513,0.5633995887594243,0.5701943844492441,0.5540636042402827,0.5444287729196051,0.5359116022099447,0.5360524399126001,0.5501355013550135,0.5404312668463612,0.5360544217687074,0.540837336993823,0.5324103209565765
0.6041506533435819,0.5829457364341085,0.5537720706260032,0.5425531914893617,0.5900933237616655,0.5908419497784343,0.5867052023121387,0.5630498533724341,0.5544412607449857,0.560663149962321,0.5674157303370787,0.5648213034337771,0.5669737774627923,0.5703918722786647,0.5496383957922419
0.5924764890282131,0.571647509578544,0.5494685200327064,0.532418001525553,0.5756240822320118,0.5817091454272864,0.5689149560117303,0.5483870967741935,0.547550432276657,0.5447761194029851,0.5593098490294752,0.546094299788881,0.5572574762946754,0.5544117647058824,0.5422582826233941
0.6203365032918801,0.5984251968503937,0.5927029039463887,0.5654008438818565,0.607645875251509,0.6137931034482759,0.608339029391661,0.5718157181571816,0.5812080536912752,0.5837912087912088,0.5853976531942634,0.5867714472822528,0.585043017868961,0.5756162558294471,0.5708978328173374
0.6012269938650306,0.5677902621722847,0.5503568596352102,0.5398956002982849,0.5905848787446505,0.5861561119293078,0.5858585858585859,0.5526127415891195,0.5551651440618411,0.5488441461595824,0.5732305536089699,0.5631067961165048,0.5708215297450425,0.5557894736842105,0.5624178712220762
0.6118577075098814,0.5909451945988881,0.5922249793217536,0.5607333842627961,0.6007326007326007,0.6137404580152672,0.6048265460030166,0.5776444111027756,0.5684678016284234,0.5757806549885758,0.5875542691751086,0.5816108339272986,0.5807385952208545,0.5695652173913044,0.5646900269541779
0.6179351921627732,0.6007272727272728,0.5824345146379045,0.5710144927536231,0.6091718001368925,0.5944005743000718,0.5997191011235955,0.5776223776223777,0.5830413454800281,0.5780346820809249,0.5858310626702997,0.5901639344262295,0.5894448252227553,0.5883977900552486,0.5762925598991173
0.6509298998569385,0.6295774647887324,0.6157205240174672,0.6056737588652482,0.640479360852197,0.6346153846153846,0.6382978723404256,0.602921646746348,0.6105544422177689,0.6085164835164835,0.6102133160956691,0.6072821846553966,0.61328125,0.6084099868593955,0.5990159901599016
0.6267716535433071,0.5914396887159533,0.5978530140379852,0.5779816513761468,0.614138438880707,0.624420401854714,0.6056129985228951,0.5789473684210527,0.5621854780733285,0.5887778631821675,0.5932325413966882,0.5879828326180258,0.6089508437270726,0.5817378497790869,0.571043771043771
0.591012947448591,0.5589519650655022,0.5522501906941266,0.5386861313868613,0.578397212543554,0.5814788226848528,0.5784658691062632,0.5402777777777777,0.5443298969072164,0.5423728813559322,0.5595075239398085,0.5459423205902079,0.5505464480874317,0.5531034482758621,0.5371069182389937
0.6220886551465064,0.6003039513677811,0.5972222222222222,0.5837037037037037,0.6203438395415473,0.6075581395348837,0.6070656092285508,0.5851905104241553,0.5826210826210826,0.5893508388037928,0.6067415730337079,0.5961272475795297,0.6016713091922006,0.5918079096045198,0.5848184818481849
0.6091954022988506,0.5973482205163991,0.5900439238653001,0.560875512995896,0.5943775100401606,0.6072423398328691,0.5921938088829072,0.5718120805369128,0.5660130718954248,0.5795918367346938,0.5798429319371727,0.586366644606221,0.5858854860186418,0.5733070348454964,0.568025078369906
0.6073298429319371,0.5632352941176471,0.5461598138091543,0.5280816921954777,0.58681785967399,0.5868781542898341,0.5805054151624549,0.5602888086642599,0.5448227936066713,0.5532223026792179,0.5702247191011236,0.5613793103448276,0.5596140592694693,0.5562632696390658,0.553050397877984
0.5910493827160493,0.5617977528089888,0.5492063492063493,0.5193621867881549,0.5687943262411348,0.5712177121771218,0.577063550036523,0.5364806866952789,0.5375886524822695,0.543026706231454,0.5572625698324022,0.5489923558026407,0.5605095541401274,0.541374474053296,0.541037426132633
0.6064227035100822,0.5807860262008734,0.5668202764976958,0.5466377440347071,0.5778087927424983,0.5849462365591398,0.5680056377730797,0.5557142857142857,0.5517711171662125,0.5476878612716763,0.5509641873278237,0.5454545454545454,0.563573883161512,0.556557945870923,0.5455704270235819
0.6463022508038585,0.6084905660377359,0.598528209321341,0.580199539524175,0.6251874062968515,0.6276595744680851,0.6206373292867982,0.5899925317401046,0.5922116091109478,0.6018376722817764,0.6077998528329654,0.6101694915254238,0.6077998528329654,0.5992673992673992,0.5922330097087378
0.6235632183908046,0.6048850574712644,0.6010518407212622,0.5745296671490593,0.6032388663967612,0.6141078838174274,0.608098833218943,0.5798898071625345,0.583732057416268,0.5890603085553997,0.6014735432016075,0.5940199335548173,0.592,0.5865580448065173,0.5766103814884302
0.6189759036144579,0.5939849624060151,0.5805946791862285,0.5562043795620438,0.6082690960056062,0.6122448979591837,0.5913902611150318,0.5708123652048885,0.5736217725052338,0.5785244704163623,0.5853994490358126,0.5839616175462645,0.589041095890411,0.5776528460997892,0.5721784776902887
0.6058282208588958,0.5768072289156626,0.5709803921568627,0.5439642324888226,0.5854341736694678,0.5951147298297558,0.5935483870967742,0.5619116582186822,0.564755838641189,0.5584795321637427,0.5748418833450457,0.5570145127850725,0.5706332637439109,0.5683453237410072,0.5621262458471761
0.5919629057187017,0.5684367988032909,0.5664,0.5484598046581518,0.5716302046577276,0.587360594795539,0.5846599131693199,0.5532223026792179,0.5453267744202389,0.5554728220402085,0.5621096460791117,0.552054794520548,0.5634197617379118,0.556657223796034,0.5386565272496832
0.6144756277695717,0.5949554896142433,0.5953846153846154,0.5724743777452416,0.6087570621468926,0.6159368269921034,0.6113049546406141,0.5803698435277382,0.5881533101045296,0.5856432125088842,0.5986301369863014,0.5960624575695859,0.5867208672086721,0.5798898071625345,0.5829081632653061
0.5893939393939394,0.5722670579603815,0.5517786561264822,0.5439642324888226,0.5770584095707249,0.5856929955290611,0.5697841726618705,0.5499645641389086,0.5566433566433566,0.5533184190902312,0.5606694560669456,0.5579458709229702,0.5663338088445078,0.544179523141655,0.55078125
0.6319758672699849,0.5980611483967189,0.605868358445678,0.5720653789004457,0.6147368421052631,0.6281112737920937,0.6124197002141327,0.5852962169878658,0.5885673959068455,0.593245227606461,0.6043265875785067,0.5934959349593496,0.6021947873799726,0.5883997204751922,0.580064308681672
0.6398140975987606,0.6125852918877938,0.6112,0.5677321156773212,0.6252676659528907,0.6298507462686567,0.6214442013129103,0.593183466279913,0.5982783357245337,0.588855421686747,0.607898448519041,0.6055045871559633,0.6097560975609756,0.6030368763557483,0.5966101694915255
0.5772230889235569,0.5498857578065499,0.5480769230769231,0.516566265060241,0.5630372492836676,0.5757121439280359,0.5672727272727273,0.5344070278184481,0.5143256464011181,0.5365126676602087,0.5479063165365508,0.541374474053296,0.5457102672292545,0.542203147353362,0.5372340425531915
0.6011904761904762,0.5828402366863905,0.5747126436781609,0.5557163531114327,0.5871056241426612,0.5860857343640197,0.5915492957746479,0.5585331452750353,0.5662983425414365,0.5726744186046512,0.5791292328956462,0.5671641791044776,0.5779310344827586,0.5654885654885655,0.5605177993527508
0.6307808946171342,0.6244274809160305,0.6001583531274742,0.5966767371601208,0.6237482117310443,0.6215022091310751,0.6177105831533477,0.5902118334550767,0.5972720746590093,0.5891931902294597,0.600711743772242,0.6055045871559633,0.5992932862190813,0.5991316931982634,0.5914552736982643
0.6328358208955224,0.6034612490594432,0.5840304182509506,0.5792188651436994,0.6029515108924807,0.6038543897216274,0.6039603960396039,0.5689778413152251,0.5758865248226951,0.5796269727403156,0.5882352941176471,0.5834482758620689,0.5798492117888965,0.5774058577405857,0.567240280433397
0.6249045072574484,0.613413715146948,0.6046875,0.5865671641791045,0.607719298245614,0.6204906204906205,0.6215827338129496,0.5873129009265858,0.5873239436619718,0.591792656587473,0.5897790055248618,0.5925925925925926,0.6007067137809188,0.5906228131560531,0.5771465461588121
0.5965665236051502,0.5981703026038001,0.5669172932330827,0.5483870967741935,0.5977763243950295,0.5966850828729282,0.5860904794058069,0.5622918054630246,0.576,0.5609418282548476,0.5782664941785253,0.5769478428847392,0.5788079470198676,0.573519627411843,0.5675340768277571
0.6238670694864048,0.5965439519158527,0.5743034055727554,0.5690936106983655,0.6035587188612099,0.5915290739411343,0.5910064239828694,0.5753424657534246,0.5730577334283677,0.5563689604685212,0.5795691452397498,0.570034843205575,0.5616438356164384,0.5740479548660085,0.5749674054758801
0.5906735751295337,0.5609584214235377,0.549962434259955,0.5471296952515946,0.5712347354138398,0.5744985673352435,0.5780265920223933,0.5452054794520548,0.5532203389830509,0.5494350282485876,0.5677680377612947,0.5541528239202658,0.5692934782608695,0.5564625850340136,0.5537873965626989
0.6231231231231231,0.6017316017316018,0.6061515378844711,0.5697758496023138,0.6009582477754962,0.6203438395415473,0.6091872791519435,0.5938375350140056,0.5809979494190021,0.5907172995780591,0.6042090970807875,0.5910006715916722,0.5907859078590786,0.5909090909090909,0.5787451984635084
0.5955143078112916,0.5725018782870023,0.5531914893617021,0.5472263868065967,0.5765636232925953,0.5733041575492341,0.5697674418604651,0.5529157667386609,0.5499645641389086,0.5477239353891337,0.547486033519553,0.5502793296089385,0.5558698727015559,0.5445544554455446,0.5328947368421053
0.6064610866372981,0.5908460471567267,0.5817378497790869,0.5766526019690577,0.5965608465608465,0.6069444444444444,0.6031528444139822,0.5766129032258065,0.5723771580345286,0.5706293706293706,0.5770750988142292,0.5658153241650294,0.574468085106383,0.570673712021136,0.5644555694618273
0.5889921372408864,0.5766526019690577,0.5527488855869243,0.5342657342657343,0.5838264299802761,0.5874222529371113,0.5867381111855325,0.5523295070898042,0.5502645502645502,0.5484764542936288,0.5777488614183475,0.5662805662805663,0.5731147540983607,0.5558510638297872,0.5564903846153846
0.6121530382595649,0.5608308605341247,0.5640243902439024,0.5445255474452555,0.5779310344827586,0.5847033595425304,0.5658263305322129,0.5583684950773559,0.543582704186685,0.5497494631352899,0.5691056910569106,0.5535353535353535,0.567530695770805,0.5619377162629757,0.5466074825618262
0.629547141796585,0.5923795830337887,0.5797546012269938,0.5665236051502146,0.6033898305084746,0.6044830079537238,0.5897790055248618,0.5737931034482758,0.5662407531943511,0.5786802030456852,0.5863453815261044,0.5777184789859907,0.5828804347826086,0.5754716981132075,0.5612052730696798
0.6280752532561505,0.595255212077642,0.5850746268656717,0.5808770668583753,0.6157965194109772,0.6133700895933839,0.6173853524982889,0.5772913816689467,0.5804713804713805,0.5876577840112202,0.5948785292186474,0.590612777053455,0.604221635883905,0.5898989898989899,0.5771812080536913
0.6364335126825519,0.6311787072243346,0.6076555023923444,0.595648912228057,0.6240115025161754,0.6280623608017817,0.6177549523110785,0.6049562682215743,0.6050179211469534,0.6076519129782446,0.6049469964664311,0.598458304134548,0.6129943502824858,0.6041816870944484,0.5778661365142479
0.6090534979423868,0.5949764521193093,0.5797827903091061,0.5645933014354066,0.5910095799557848,0.5869731800766284,0.5899390243902439,0.56006006006006,0.5654450261780105,0.5640625,0.5710144927536231,0.5732946298984035,0.5712177121771218,0.5625920471281296,0.5561719833564494
0.6168359941944848,0.6043478260869565,0.5869731800766284,0.5687544996400288,0.6165413533834586,0.6194188518781006,0.6201657458563536,0.5806451612903226,0.5795918367346938,0.5776528460997892,0.603542234332425,0.5994623655913979,0.5962314939434724,0.5806451612903226,0.5833333333333334
0.6214177978883861,0.5967016491754122,0.5875096376252892,0.5603576751117735,0.6044260027662517,0.6068066618392469,0.6072186836518046,0.5848787446504993,0.5835095137420718,0.5768390386016023,0.5929509329647547,0.5852660300136425,0.6001395673412422,0.5845070422535211,0.5736434108527132
0.6179693206720234,0.5906810035842294,0.5802650957290133,0.5492371705963939,0.6001348617666892,0.5892857142857143,0.5967302452316077,0.5702592087312415,0.5631720430107527,0.5621096460791117,0.5813333333333334,0.5595854922279793,0.5710508922670192,0.5704742818971276,0.5504252733900364
0.6519174041297935,0.6329479768786127,0.637277648878577,0.6027798098024872,0.6497601096641535,0.6439716312056738,0.6425591098748261,0.6160164271047228,0.6109238031018206,0.6061036195883606,0.6320754716981132,0.6207827260458839,0.6327913279132791,0.6177658142664872,0.610969387755102
0.6092307692307692,0.5712143928035982,0.5660079051383399,0.5427509293680297,0.5795053003533569,0.591672753834916,0.5749103942652329,0.55,0.5551651440618411,0.5492753623188406,0.5544827586206896,0.5598349381017882,0.5599445599445599,0.5466012613875263,0.5508586525759577
0.5823754789272031,0.5865671641791045,0.5509259259259259,0.5433186490455213,0.5807365439093485,0.5689149560117303,0.5812455261274159,0.5657142857142857,0.5652477320307048,0.5496402877697841,0.5639253628196268,0.551255940257977,0.5538674033149171,0.5622825330549757,0.546526867627785
0.6428038777032066,0.6057971014492753,0.5909439754412893,0.5718453683442742,0.6188835286009648,0.6197991391678622,0.6092436974789915,0.585195530726257,0.5919778699861687,0.58,0.6043360433604336,0.5978552278820375,0.5993265993265994,0.5967078189300411,0.5908798972382787
0.6238532110091743,0.6011994002998501,0.5876701361088871,0.5720620842572062,0.613314447592068,0.615840118430792,0.6142649199417758,0.5889128869690424,0.5833914863921842,0.5844815083393764,0.6016830294530154,0.5912560721721027,0.5935302390998594,0.5874026893135174,0.5766710353866317
0.6433460076045627,0.6232209737827715,0.6250999200639489,0.5927029039463887,0.6225352112676056,0.6343612334801763,0.6180505415162455,0.5973106864826611,0.6035335689045936,0.6021818181818182,0.5983263598326359,0.5898491083676269,0.6057624736472241,0.5963938973647711,0.5997357992073976
0.6242603550295858,0.6076134699853587,0.5969696969696969,0.5867052023121387,0.6183844011142061,0.616361071932299,0.6190476190476191,0.5755894590846047,0.5899379738111648,0.5898353614889048,0.584573748308525,0.584573748308525,0.582709326072158,0.5868512110726644,0.5802707930367504
0.6253776435045317,0.6022471910112359,0.5919494869771112,0.5682819383259912,0.6082690960056062,0.6188734455010972,0.6021505376344086,0.5740873299928418,0.5734168406402227,0.5745454545454546,0.5860655737704918,0.5751189666893269,0.5861828332170272,0.5775922059846903,0.573462783171521
0.6094420600858369,0.5898353614889048,0.5654374548083876,0.5610278372591007,0.5940460081190798,0.5987780040733197,0.5873655913978495,0.5649484536082474,0.5655355954757152,0.5602739726027397,0.5697290152015863,0.5754152823920266,0.5642715886618326,0.5634551495016611,0.5680546923555003
0.6253776435045317,0.6092124814264487,0.6010928961748634,0.5922038980509745,0.6092436974789915,0.6124818577648766,0.6124818577648766,0.5869720830350752,0.5839829907866761,0.5994108983799705,0.5976535541752933,0.6022408963585434,0.5961945031712473,0.5828651685393258,0.5864077669902913
0.6214177978883861,0.6103216155572176,0.608424336973479,0.5686274509803921,0.6122159090909091,0.6169442433019551,0.6212338593974175,0.5851216022889842,0.5839210155148096,0.5878030859662013,0.5892981236970118,0.5895316804407713,0.5919220055710307,0.5854700854700855,0.5703175631885936
0.6292307692307693,0.5953420669577875,0.5923616523772408,0.5824665676077266,0.5990271021542738,0.6174103877103145,0.6111908177905309,0.5704175513092711,0.579750346740638,0.5866861741038771,0.5866851595006934,0.5844686648501363,0.5935754189944135,0.5726141078838174,0.5723598435462842
0.6380813953488372,0.5850533807829181,0.5893129770992367,0.5740740740740741,0.6143344709897611,0.6109550561797753,0.6063902107409925,0.5749656121045392,0.5714285714285714,0.5773342836778332,0.6056991385023194,0.59526938239159,0.5938748335552596,0.5762483130904184,0.5761670761670762
0.6097560975609756,0.5763993948562783,0.5638214565387627,0.5469571750563486,0.5822784810126582,0.5992673992673992,0.5824964131994261,0.5531609195402298,0.5489092188599578,0.5527272727272727,0.580289455547898,0.5743944636678201,0.5714285714285714,0.5613540197461213,0.5727699530516432
0.618510158013544,0.6022988505747127,0.6066504460665044,0.5857359635811836,0.613652357494722,0.633457249070632,0.6213872832369942,0.5909090909090909,0.5793594306049822,0.6009104704097117,0.6018452803406671,0.5897973445143256,0.6025280898876404,0.5852962169878658,0.5816525699414443
0.5831399845320959,0.5648854961832062,0.5601291364003228,0.5500770416024653,0.5858290723155588,0.5763473053892215,0.5748148148148148,0.5562130177514792,0.5531609195402298,0.5568268497330282,0.5586987270155587,0.5590941259731068,0.5585068198133525,0.5570710696338838,0.5557782231128925
0.6125852918877938,0.5802197802197803,0.5739268680445151,0.5588235294117647,0.5859697386519945,0.6124542124542125,0.6004258339247693,0.5626342161775233,0.5624142661179699,0.5718475073313783,0.5755494505494505,0.5735593220338983,0.5879082696316886,0.571830985915493,0.5725490196078431
0.6060138781804163,0.595256312165264,0.5617977528089888,0.560663149962321,0.6053199137311287,0.5934718100890207,0.598390636430139,0.5772893772893772,0.5744832501781896,0.5622188905547226,0.5813295615275813,0.5756509500351865,0.5856115107913669,0.5734664764621968,0.5704831237590999
0.6484848484848484,0.6156178923426838,0.6067240031274433,0.5971492873218305,0.6185421089879689,0.6286549707602339,0.6256335988414192,0.5886575735821967,0.5982905982905983,0.5986890021849963,0.6131078224101479,0.6068197633959638,0.6112676056338028,0.6018584703359543,0.5854616895874263
0.63441712926249,0.6066718386346005,0.6039279869067103,0.5614567526555387,0.6167531504818384,0.6307692307692307,0.6107331821617535,0.5819548872180451,0.5849744711889132,0.5783132530120482,0.5909752547307132,0.5930232558139535,0.5994108983799705,0.5858736059479553,0.5848275862068966
0.6340394448502557,0.5992779783393501,0.5880597014925373,0.5791341376863024,0.611336032388664,0.6118466898954704,0.6154910096818811,0.5832167832167832,0.5826558265582655,0.5806001395673412,0.5971755211835911,0.5880794701986755,0.5935397039030955,0.5783456624075319,0.5766331658291457
0.592814371257485,0.5672937771345875,0.5812734082397004,0.5714285714285714,0.5883161512027492,0.5871428571428572,0.5904628330995793,0.5639253628196268,0.5554054054054054,0.5665961945031712,0.571622539035981,0.5622918054630246,0.5631330182309251,0.561707805203469,0.5547169811320755
0.6085672082717873,0.5741417092768444,0.5701078582434514,0.5520757465404225,0.5938144329896907,0.5879828326180258,0.5845511482254697,0.5609418282548476,0.5601631543167913,0.5532523230879199,0.56951871657754,0.5666666666666667,0.5618279569892473,0.5636487406398911,0.5654648956356736
0.6156133828996283,0.5701754385964912,0.5809968847352025,0.5546819156540386,0.5984690327070286,0.6039102099927589,0.5944055944055944,0.5610098176718092,0.5543328748280605,0.5708123652048885,0.5772913816689467,0.5691056910569106,0.5782967032967034,0.5609418282548476,0.5662337662337662
0.6178489702517163,0.5777126099706745,0.5659213569776407,0.5530358449158742,0.5898876404494382,0.5939306358381503,0.5976207137858642,0.5557924662402275,0.5662983425414365,0.5501066098081023,0.573187414500684,0.5675675675675675,0.5763888888888888,0.5644937586685159,0.5623787976729153
0.6422018348623854,0.6242424242424243,0.6106264869151468,0.6078280890253261,0.6366237482117311,0.6337509211495947,0.6289034132171387,0.6070381231671554,0.6100719424460431,0.6016260162601627,0.6111888111888112,0.6134453781512605,0.6166783461807989,0.6074498567335244,0.5938117182356814
0.6219415943172849,0.5923664122137404,0.5964343598055105,0.5699006875477464,0.6024619840695149,0.6128301886792453,0.6047548291233283,0.5832106038291606,0.5779078273591807,0.5937031484257871,0.5917496443812233,0.5830363506771205,0.5919540229885057,0.5889212827988338,0.5782638414217361
0.6109467455621301,0.5742857142857143,0.568793235972329,0.5513280689160086,0.580040187541862,0.6022408963585434,0.5909407665505226,0.5486725663716814,0.5554799183117767,0.5612316305108468,0.5627876397107167,0.5584158415841585,0.5681665547347213,0.5572005383580081,0.5577287066246057
0.6053042121684867,0.5769828926905132,0.5629032258064516,0.5553846153846154,0.5902118334550767,0.5923709798055348,0.5896296296296296,0.5663189269746647,0.5642909625275533,0.5705705705705706,0.5679542203147353,0.5714285714285714,0.5677045619116582,0.5619116582186822,0.559620596205962
0.612681436210848,0.581549815498155,0.5712037765538945,0.5550724637681159,0.5977496483825597,0.605301914580265,0.6010137581462708,0.5775862068965517,0.5666897028334485,0.5712209302325582,0.5869262865090403,0.5806451612903226,0.5829846582984658,0.5796491228070175,0.5753246753246753
0.6098265895953757,0.6022566995768688,0.582089552238806,0.5487106017191977,0.608927381745503,0.6038514442916093,0.5903859174001355,0.5848670756646217,0.5837837837837838,0.5815405968077724,0.5955497382198953,0.588388780169602,0.5908790482485129,0.583941605839416,0.5797280593325093
0.6011396011396012,0.5805535841022001,0.5559729526671675,0.5520169851380042,0.5849433710859427,0.5912208504801097,0.5892002734107997,0.5498981670061099,0.562082777036048,0.5567153792623522,0.5706771860618014,0.5656167979002624,0.5688073394495413,0.5565217391304348,0.5537139349294046
0.5851063829787234,0.5678092399403875,0.5563435776201734,0.5429657794676807,0.5648535564853556,0.5728937728937729,0.584237165582068,0.554670528602462,0.5412587412587413,0.5474613686534217,0.565880721220527,0.5574673090158293,0.5588437715072264,0.5561797752808989,0.5447520927237605
0.5953278070836473,0.5753012048192772,0.5608214849921012,0.5443698732289336,0.5830985915492958,0.5886627906976745,0.5924339757316203,0.5467523197715917,0.5589273112208892,0.5519765739385066,0.5714285714285714,0.5645933014354066,0.5616438356164384,0.5637773079633545,0.5529185375240538
0.6310975609756098,0.6026785714285714,0.5927672955974843,0.5750560119492159,0.6219686162624821,0.623624358033749,0.6275911365260901,0.5875542691751086,0.5872459705676244,0.59375,0.6031073446327684,0.5995836224843858,0.6049122807017544,0.5916489738145789,0.5921052631578947
0.6077519379844961,0.6059678653404744,0.5874015748031496,0.5688350983358548,0.5857860732232592,0.5855457227138643,0.5994108983799705,0.5712219812002892,0.5841874084919473,0.5828402366863905,0.5736654804270462,0.5716292134831461,0.5771715721464465,0.573687994248742,0.5667574931880109
0.6214953271028038,0.6074626865671642,0.5935280189423836,0.5720620842572062,0.6158232359230221,0.6101190476190477,0.607871720116618,0.5982783357245337,0.5816398037841626,0.5898550724637681,0.609129814550642,0.5950877192982457,0.6038270729978739,0.5953878406708596,0.5877659574468085
0.5962264150943396,0.5600589535740604,0.5604311008468053,0.5493871665465032,0.5789839944328462,0.5697841726618705,0.5807365439093485,0.5421853388658368,0.5354439091534756,0.55,0.5531628532974427,0.5492577597840755,0.5610425240054869,0.5475862068965517,0.5464121132323897
0.6186742694226657,0.6128803963198868,0.6013071895424836,0.5831024930747922,0.6182795698924731,0.6211180124223602,0.6119402985074627,0.6050999310820124,0.5851063829787234,0.5935572309801234,0.6056991385023194,0.6024885396201702,0.5989583333333334,0.5947019867549669,0.5985037406483791
0.5965177895533686,0.5660102115244348,0.5610510046367851,0.5501097293343087,0.5875785066294487,0.5910404624277457,0.5960729312762973,0.5527777777777778,0.5616905248807089,0.5535211267605634,0.5645484949832776,0.5677680377612947,0.5745704467353951,0.5624142661179699,0.554354736172918
0.6132723112128147,0.5953971789161099,0.5791139240506329,0.5714285714285714,0.5988700564971752,0.6037463976945245,0.612274368231047,0.5671641791044776,0.5661157024793388,0.5835734870317003,0.5901183020180932,0.5844245348035837,0.5759668508287292,0.5822784810126582,0.5744262295081968
0.6070901033973413,0.5969718817591925,0.5898004434589801,0.5769506084466715,0.607215793056501,0.6014084507042253,0.6037735849056604,0.5797691785471826,0.5770006724949562,0.5775034293552812,0.5832784726793944,0.5836109260493004,0.5826028320971005,0.582109479305741,0.5710675931775111
0.6118518518518519,0.5891016200294551,0.5742879137798307,0.5496402877697841,0.6016483516483516,0.6005665722379604,0.598479612992398,0.5648213034337771,0.572218382861092,0.5610278372591007,0.5791245791245792,0.5814266487213997,0.5819672131147541,0.5737931034482758,0.5634870499052432
0.6450184501845019,0.6011560693641619,0.5854037267080745,0.5803183791606368,0.61782999308915,0.6255380200860832,0.6148459383753502,0.5878186968838527,0.5835616438356165,0.5826771653543307,0.5909712722298222,0.5791978246091094,0.5895166780122533,0.5874222529371113,0.5808113329040566
0.5989304812834224,0.5731432858214554,0.5606891151135474,0.5449189985272459,0.5882352941176471,0.5875457875457876,0.579957356076759,0.5516749821810406,0.5510062456627343,0.5591715976331361,0.5773480662983426,0.5702535983550377,0.5746164574616457,0.5490196078431373,0.5589980224126566
0.6311953352769679,0.590302178496135,0.5744360902255639,0.5786073223259153,0.6109979633401222,0.6165730337078652,0.6205943331029716,0.5634758995247794,0.5849433710859427,0.5780590717299579,0.5840589417280643,0.5805168986083499,0.5902079141515761,0.5780730897009967,0.5865992414664981
0.617005267118134,0.5987933634992458,0.5839188134270101,0.5661218424962853,0.5954738330975955,0.5957756737072105,0.595255212077642,0.579250720461095,0.574438202247191,0.5756026296566837,0.5879043600562588,0.580958999305073,0.5881523272214386,0.5873129009265858,0.5703022339027596
0.5736434108527132,0.5490196078431373,0.5457438345266508,0.5307692307692308,0.5626780626780626,0.5705882352941176,0.5595325054784515,0.5462555066079295,0.5295373665480427,0.5378277153558052,0.5457083042568039,0.541029207232267,0.5494350282485876,0.5477888730385164,0.5343007915567283
0.6201550387596899,0.5992395437262358,0.5842696629213483,0.5625473843821076,0.6126255380200861,0.6052434456928839,0.6125730994152047,0.5805981035740335,0.5835095137420718,0.5823353293413174,0.603584229390681,0.6002785515320335,0.5962910128388017,0.5937726285300506,0.5883922615076718
0.6282335550628233,0.6204906204906205,0.6113207547169811,0.574300071787509,0.6247379454926625,0.6215827338129496,0.6178747361013371,0.601123595505618,0.5954825462012321,0.6078291814946619,0.6020477815699659,0.5974202308214528,0.6036960985626283,0.6050999310820124,0.5930764206401045
0.6173780487804879,0.5834564254062038,0.5774980330448466,0.5592203898050975,0.6024096385542169,0.6046511627906976,0.5988455988455988,0.5672061928219564,0.5680224403927069,0.5811209439528023,0.5837912087912088,0.5739726027397261,0.5837988826815642,0.5744530698659139,0.5621340273259596
0.601590744757773,0.597684515195369,0.5725018782870023,0.5685856432125089,0.5945205479452055,0.5949367088607594,0.5867595818815331,0.571032571032571,0.5755297334244702,0.5688329839273235,0.5741367637102234,0.5729657027572294,0.5795148247978437,0.5822436338609773,0.565438373570521
0.6328725038402457,0.6142093200916731,0.5857940941739824,0.5725018782870023,0.6175839885632595,0.6081277213352685,0.615606936416185,0.5966447848285923,0.6007168458781362,0.5863335782512858,0.5963172804532578,0.5973106864826611,0.5960170697012802,0.5958660014255167,0.5824468085106383
0.6022889842632332,0.5767045454545454,0.5653817082388511,0.546742209631728,0.5880794701986755,0.59500693481276,0.589572192513369,0.5660121868652674,0.558382257012394,0.5700280112044818,0.5804333552199606,0.56608639587363,0.5765645805592543,0.5716189207195204,0.5565749235474006
0.6229760986892829,0.5842868039664378,0.5948136142625607,0.5912240184757506,0.5942446043165468,0.6158445440956651,0.6070901033973413,0.5705967976710334,0.5658747300215983,0.5915915915915916,0.5750350631136045,0.5832147937411095,0.5820256776034237,0.5792114695340502,0.5708502024291497
0.6254653760238272,0.6027798098024872,0.5864197530864198,0.5682819383259912,0.6168608636052091,0.6113475177304964,0.613998613998614,0.5803255484784147,0.5888044229440221,0.5714285714285714,0.5855307640297498,0.5864864864864865,0.598079561042524,0.5870165745856354,0.579874213836478
0.5991379310344828,0.5716302046577276,0.5720789074355084,0.5367965367965368,0.5756358768406962,0.5953553835327234,0.5830461750516885,0.5601659751037344,0.5570469798657718,0.5610098176718092,0.5763612217795485,0.5740740740740741,0.5818181818181818,0.5689069925322471,0.5561097256857855
0.6432311144353029,0.6250917094644167,0.6218867924528302,0.5931336742147553,0.6280530355896721,0.6276747503566333,0.619678995115143,0.602135231316726,0.5932553337921541,0.5985714285714285,0.6194444444444445,0.6058543226684819,0.5972972972972973,0.5998608211551845,0.5988181221273802
0.5794676806083651,0.5612998522895125,0.5489891135303266,0.5437178545187362,0.5606166783461808,0.5657142857142857,0.5706134094151213,0.5446808510638298,0.5512465373961218,0.5393419170243204,0.5462012320328542,0.5447154471544715,0.5485871812543074,0.5471956224350205,0.5342639593908629
0.6335697399527187,0.5766037735849057,0.5850451930977815,0.5819295558958653,0.6010064701653487,0.6218867924528302,0.6037174721189591,0.5623188405797102,0.5679542203147353,0.579185520361991,0.5638520586182834,0.5650349650349651,0.5888324873096447,0.5730577334283677,0.579088471849866
0.6233359436178544,0.5972222222222222,0.5911251980982567,0.5625485625485626,0.6129496402877698,0.6149253731343284,0.6083761939750184,0.583941605839416,0.5896122896854425,0.5835820895522388,0.5933756166314306,0.5888966971187631,0.5973106864826611,0.596820809248555,0.5916442048517521
0.652971386647102,0.6207386363636364,0.6293810589112603,0.6002844950213371,0.6277173913043478,0.6383866481223922,0.6265560165975104,0.6075085324232082,0.5966329966329966,0.6101694915254238,0.6013245033112583,0.6058981233243967,0.6159075458871516,0.6096401900882552,0.5843260188087774
0.597479614529281,0.5841874084919473,0.5642201834862385,0.553002223869533,0.5813148788927336,0.592057761732852,0.5841584158415841,0.5553206483439042,0.5780590717299579,0.5552367288378766,0.5793485793485793,0.5743801652892562,0.5761543762922122,0.5628908964558721,0.5689993459777632
0.5929203539823009,0.5529411764705883,0.5562403697996918,0.5299270072992701,0.5637860082304527,0.5826210826210826,0.5796491228070175,0.5480225988700564,0.5378735232800556,0.5493871665465032,0.5457025920873124,0.5437158469945356,0.5476673427991886,0.5534591194968553,0.5431309904153354
0.5910753474762254,0.5693323550990462,0.550191570881226,0.5389048991354467,0.5803389830508474,0.57991513437058,0.5859000684462696,0.5541490857946554,0.5544147843942505,0.5555555555555556,0.5596269153897402,0.5519523494374586,0.5614973262032086,0.5512995896032832,0.5532451165721487
0.6358024691358025,0.5952023988005997,0.589825119236884,0.5565610859728507,0.6194563662374821,0.621301775147929,0.6210374639769453,0.587892049598833,0.5782792665726375,0.5778108711839166,0.5955056179775281,0.5868512110726644,0.5913528591352859,0.5809187279151944,0.5788113695090439
0.6009389671361502,0.5701149425287356,0.5619433198380567,0.5486058779201206,0.5865314989138306,0.5949554896142433,0.588495575221239,0.5750560119492159,0.5549215406562055,0.56071964017991,0.5785714285714286,0.5646067415730337,0.5702187720536345,0.5734870317002881,0.5551181102362205
0.5920852359208524,0.5583832335329342,0.5666131621187801,0.5454545454545454,0.5792811839323467,0.5762463343108505,0.5788336933045356,0.5497835497835498,0.5513819985825655,0.5598802395209581,0.5505226480836237,0.5593922651933702,0.5779359430604982,0.5577060931899641,0.5450980392156862
0.6047220106626047,0.562874251497006,0.5671641791044776,0.5477239353891337,0.5807799442896936,0.5864332603938731,0.5748930099857347,0.5558698727015559,0.5487719298245614,0.564434845212383,0.5727891156462585,0.5605958023019635,0.5746009715475364,0.5636743215031316,0.5423297262889879
0.5834564254062038,0.5554739162380602,0.5510835913312694,0.5356083086053413,0.5615227736233854,0.5804145818441744,0.5678496868475992,0.5459770114942529,0.5390946502057613,0.5458547322083639,0.5585585585585585,0.5431438127090301,0.5605536332179931,0.5424430641821946,0.5402010050251256
0.6045454545454545,0.5803108808290155,0.5687645687645687,0.5553080920564217,0.5895470383275261,0.5987078248384781,0.5949008498583569,0.5550035486160397,0.5579458709229702,0.5574007220216607,0.5759668508287292,0.5651577503429356,0.5720192970365265,0.5656424581005587,0.5635074145712443
0.6052631578947368,0.584045584045584,0.5718631178707224,0.5471296952515946,0.5977011494252874,0.6057142857142858,0.5961538461538461,0.5665529010238908,0.561122244488978,0.5702005730659025,0.574310692669805,0.5693333333333334,0.5941136208076659,0.5683355886332883,0.5784695201037614
0.5921539600296077,0.5638376383763838,0.5598755832037325,0.5537790697674418,0.5810526315789474,0.5767309064953604,0.5792426367461431,0.56,0.549344375431332,0.5607476635514018,0.574585635359116,0.5607603530210454,0.5706409372846313,0.56743535988819,0.5449871465295629
0.5672299779573843,0.56743535988819,0.5415430267062314,0.5419795221843003,0.5804749340369393,0.5734168406402227,0.5760649087221096,0.5464121132323897,0.5505544683626875,0.5485636114911081,0.5538461538461539,0.5526992287917738,0.5567282321899736,0.5493506493506494,0.5594059405940595
0.6155038759689923,0.5986185725249424,0.5833333333333334,0.5794831636648394,0.5955299206921413,0.6111111111111112,0.6163051608077786,0.5825958702064897,0.590711175616836,0.5889477668433005,0.5835694050991501,0.5900933237616655,0.5979827089337176,0.591672753834916,0.5671843349088453
0.6437125748502994,0.6117297698589458,0.6010928961748634,0.5716429107276819,0.6275911365260901,0.6262626262626263,0.6285714285714286,0.5988372093023255,0.5959241040056219,0.5918819188191882,0.6140845070422535,0.607719298245614,0.6140724946695096,0.6002844950213371,0.5990660440293529
0.593939393939394,0.5601783060921248,0.5539906103286385,0.5418502202643172,0.5787234042553191,0.5778421433743663,0.5704175513092711,0.556998556998557,0.5468639887244539,0.5541635961680177,0.5587828492392808,0.5535714285714286,0.5576923076923077,0.5590941259731068,0.5474934036939314
0.6020408163265306,0.5869872701555869,0.5712143928035982,0.5568181818181818,0.6014834794335806,0.5962473940236275,0.5853324194653873,0.568104038329911,0.564343163538874,0.564673157162726,0.5866842452208306,0.5843729481286933,0.5748187211601846,0.5774456521739131,0.5613382899628253
0.5884194053208138,0.5742424242424242,0.5578446909667195,0.5378277153558052,0.5742857142857143,0.5752608047690015,0.5724743777452416,0.5510204081632653,0.5396600566572238,0.543301258327165,0.5604002859185132,0.5536723163841808,0.5421089879688605,0.5467625899280576,0.5454545454545454
0.627906976744186,0.6100151745068285,0.593872741555381,0.5834609494640123,0.6151624548736462,0.6202812731310141,0.6151560178306092,0.5761973875181422,0.5950177935943061,0.5791393143690736,0.5858873841767641,0.5883190883190883,0.5864768683274021,0.5744530698659139,0.5887096774193549
0.6086956521739131,0.5800738007380074,0.5721003134796239,0.5618141916605706,0.5944444444444444,0.60932944606414,0.5966930265995687,0.5622775800711743,0.5649171270718232,0.5589706933523946,0.5765765765765766,0.5688949522510232,0.5753613214039918,0.5633217993079584,0.5705003248862898
0.6292134831460674,0.6227371469949312,0.5957132298595713,0.592487597448618,0.6271870794078062,0.6255144032921811,0.6294277929155313,0.5941828254847645,0.6075085324232082,0.589050589050589,0.6048064085447263,0.6017116524028966,0.6109282422646478,0.5978260869565217,0.5885286783042394
0.5961123110151187,0.5703812316715543,0.5572519083969466,0.5445473984319316,0.5872689938398358,0.5912305516265912,0.5837912087912088,0.5502793296089385,0.5618131868131868,0.5632594710507506,0.5672240802675586,0.5503620803159973,0.5651006711409396,0.5586206896551724,0.5594936708860759
0.5846867749419954,0.5620214395099541,0.5584725536992841,0.5513513513513514,0.557541100786276,0.575240919199407,0.5718496683861459,0.5334302325581395,0.5487627365356623,0.546969696969697,0.5462304409672831,0.5354107648725213,0.5476529160739687,0.5398420674802584,0.527369826435247
0.5945945945945946,0.5579710144927537,0.5508345978755691,0.5537366548042705,0.582365003417635,0.5852962169878658,0.5795297372060858,0.5454545454545454,0.5448415374241402,0.5463483146067416,0.5578876100203114,0.5487884741322855,0.548993288590604,0.5482993197278911,0.5497448979591837
0.6028853454821564,0.5754646840148699,0.574585635359116,0.5358435916002896,0.5773480662983426,0.5976505139500734,0.5866477272727273,0.5511363636363636,0.5472088215024121,0.5619116582186822,0.5615227736233854,0.5548821548821549,0.5664578983994433,0.550948699929726,0.5418016850291639
0.5991058122205664,0.6026587887740029,0.5673003802281369,0.5550660792951542,0.6069444444444444,0.5970359915314044,0.5959241040056219,0.5843164469118668,0.5747760165403171,0.5679715302491103,0.5818181818181818,0.5780189959294437,0.572972972972973,0.5793758480325645,0.5676359039190898
0.6156202143950995,0.5956160241874527,0.5915492957746479,0.55096011816839,0.607773851590106,0.6045487894350697,0.6062364031907179,0.5777777777777777,0.5746962115796997,0.565406976744186,0.5935754189944135,0.5854671280276816,0.5852981969486823,0.5910701630049611,0.5790500975927131
0.6046511627906976,0.5803183791606368,0.5709852598913887,0.5570175438596491,0.5941536369816451,0.5959885386819485,0.5889830508474576,0.5664089950808152,0.5493150684931507,0.5728788977519942,0.5764309764309764,0.5671843349088453,0.5806896551724138,0.5686546463245492,0.5606060606060606
0.6549618320610687,0.6065573770491803,0.6279257465698144,0.5972644376899696,0.6225352112676056,0.6488888888888888,0.6341107871720116,0.586628324946082,0.5905292479108635,0.6160849772382397,0.6069160197600565,0.598893499308437,0.6151665485471297,0.5905567300916138,0.5852047556142669
0.6241560390097525,0.5986496624156039,0.6044303797468354,0.5839080459770115,0.6143977191732003,0.6251808972503617,0.6108303249097473,0.5976505139500734,0.5806451612903226,0.5884101040118871,0.6063157894736843,0.5991620111731844,0.6029723991507431,0.5930644019815995,0.5844748858447488
0.6095380029806259,0.5904059040590406,0.5772727272727273,0.5697589481373265,0.5968077723802915,0.5924339757316203,0.6009852216748769,0.5694249649368864,0.5688329839273235,0.5647226173541963,0.5788043478260869,0.5739247311827957,0.5785234899328859,0.5698554714384033,0.558581380620646
0.6100151745068285,0.6029850746268657,0.5649805447470817,0.5507669831994156,0.5980253878702397,0.5859318346627991,0.5916489738145789,0.5679715302491103,0.5793485793485793,0.5555555555555556,0.568870523415978,0.5733882030178327,0.5704514363885089,0.5720221606648199,0.5745928338762215
0.621580547112462,0.6082397003745318,0.598896769109535,0.5764705882352941,0.6124469589816125,0.6189069423929099,0.6110711718188354,0.583859649122807,0.5934219734079776,0.5853658536585366,0.5943331029716655,0.5825908156271419,0.5949720670391061,0.5875,0.5727272727272728
0.6298749080206034,0.5951359084406295,0.6040570999248686,0.5886575735821967,0.6094594594594595,0.6179775280898876,0.6213183730715287,0.5790554414784395,0.577027027027027,0.5950877192982457,0.5900332225913621,0.5978695073235686,0.5883922615076718,0.5899182561307902,0.5775535939470365
0.6026785714285714,0.5823699421965318,0.5741983594332588,0.5607613469985359,0.5916266300617707,0.5828651685393258,0.6015460295151089,0.5621621621621622,0.5638225255972696,0.5642458100558659,0.5699138502319416,0.5766129032258065,0.5752869682646861,0.5672043010752689,0.559029993618379
0.628099173553719,0.6118326118326118,0.6062931696085956,0.587892049598833,0.6209732693625771,0.6330209084354722,0.6169014084507042,0.5937940761636107,0.5846994535519126,0.5879828326180258,0.606726149622512,0.5936443542934415,0.5899864682002707,0.5945945945945946,0.5849297573435505
0.6008836524300442,0.578001437814522,0.5618977020014826,0.5522174535050072,0.5810439560439561,0.5847871598046057,0.5779944289693594,0.5564738292011019,0.5656016315431679,0.5653710247349824,0.571041948579161,0.5714285714285714,0.5652467883705207,0.5636487406398911,0.5485284909204758
0.6424792139077853,0.6065200909780136,0.6011014948859166,0.5921450151057401,0.6329479768786127,0.6327433628318584,0.6293103448275862,0.5849056603773585,0.5845718329794763,0.5942773294203962,0.6036931818181818,0.6127659574468085,0.6005665722379604,0.5925925925925926,0.5920104780615586
0.6370597243491577,0.6143396226415094,0.610223642172524,0.5807429871114481,0.6173361522198731,0.6234153616703952,0.6151603498542274,0.5899280575539568,0.5866477272727273,0.5969924812030075,0.602681721947777,0.5884802220680083,0.5976039464411558,0.5879858657243816,0.5877659574468085
0.6421052631578947,0.6014925373134329,0.6060606060606061,0.5976154992548435,0.6120749479528106,0.6367647058823529,0.6265409717186367,0.5911680911680912,0.6009852216748769,0.6052044609665428,0.5957152729785764,0.5993127147766323,0.60778859527121,0.5998598458304134,0.5828497743391361
0.6152694610778443,0.5896877269426289,0.5788271134805788,0.5498181818181819,0.5888044229440221,0.600864553314121,0.5911330049261084,0.5554789800137836,0.5584239130434783,0.5689655172413793,0.5772357723577236,0.5691056910569106,0.5759233926128591,0.5587431693989071,0.5790849673202615
0.59375,0.5822970007315289,0.550191570881226,0.5489330389992642,0.5868673050615595,0.5813788201847904,0.5768421052631579,0.5527777777777778,0.5598349381017882,0.5528571428571428,0.5708609271523178,0.5795148247978437,0.5656565656565656,0.5623306233062331,0.555486670799752
0.5983471074380166,0.5734824281150159,0.55470737913486,0.5474339035769828,0.5718585402558315,0.5947660586835845,0.5854406130268199,0.5588235294117647,0.5474777448071216,0.5647058823529412,0.5664913598797896,0.5611721611721612,0.5744203440538519,0.5673003802281369,0.5538243626062322
0.624633431085044,0.6183924692251991,0.5926493108728943,0.5966447848285923,0.6214532871972318,0.6276747503566333,0.6178521617852162,0.5925925925925926,0.6009783368273934,0.5965665236051502,0.609471516815374,0.6009453072248481,0.6016483516483516,0.6080225193525686,0.6046511627906976
0.642433234421365,0.6205903527717782,0.606015037593985,0.6026011560693642,0.6325966850828729,0.6291814946619217,0.6289308176100629,0.598079561042524,0.5977318212141428,0.6060181945416375,0.6,0.6123822341857336,0.6085790884718498,0.6044624746450304,0.5935162094763092
0.6303211351755041,0.59182156133829,0.576297443841983,0.5605282465150404,0.6154900616860863,0.6187766714082503,0.6076124567474048,0.5663841807909604,0.5643835616438356,0.5837526959022286,0.5979933110367893,0.595460614152203,0.6028708133971292,0.5765765765765766,0.5725094577553594
0.6206896551724138,0.5753424657534246,0.5787490580256217,0.5677233429394812,0.5907859078590786,0.6109550561797753,0.5995836224843858,0.5605006954102921,0.5731625084288604,0.5641748942172073,0.5731543624161074,0.579476861167002,0.5858585858585859,0.5727826675693974,0.5573147561747942
0.607115821347464,0.5781845919145691,0.5560747663551402,0.5595238095238095,0.5914285714285714,0.5865314989138306,0.577524893314367,0.5560407569141194,0.5609065155807366,0.5525743292240755,0.5772187281621244,0.5674740484429066,0.5692307692307692,0.5603932584269663,0.5456919060052219
0.5763688760806917,0.5580389329488104,0.5448963929393706,0.529621698786581,0.5692934782608695,0.5611111111111111,0.5726027397260274,0.5468424705065926,0.5438477226376615,0.5489092188599578,0.5545996029119789,0.5547445255474452,0.5540720961281709,0.5496286293045239,0.5442092154420921
0.6348973607038123,0.6222222222222222,0.5986394557823129,0.5851905104241553,0.6256756756756757,0.6359773371104815,0.630117973629424,0.5974930362116991,0.5981055480378891,0.5879888268156425,0.609280430396772,0.6041250831669993,0.6079354404841963,0.5994550408719346,0.5976863753213367
0.6210826210826211,0.5942131263232181,0.5809806835066865,0.575208913649025,0.5982792852415619,0.6132785763175906,0.5967957276368492,0.5795918367346938,0.5689993459777632,0.5789473684210527,0.5795006570302234,0.5738233397807866,0.5738233397807866,0.5755968169761273,0.5730129390018485
0.6089644513137558,0.5735512630014858,0.5667189952904239,0.5593590677348871,0.6008522727272727,0.6001456664238893,0.6024442846872753,0.5753424657534246,0.5704371963913949,0.5697841726618705,0.5809128630705395,0.5765271105010296,0.5880701754385965,0.5716292134831461,0.5723815877251501
0.6464047442550037,0.6161764705882353,0.6140888208269525,0.5932944606413995,0.6223440712816998,0.632768361581921,0.6216968011126565,0.5948215535339398,0.5970772442588727,0.6133720930232558,0.6085192697768763,0.5979933110367893,0.6120514556533514,0.602608098833219,0.5857052498418722
0.6492926284437825,0.6096491228070176,0.6007843137254902,0.5817378497790869,0.6206425153793574,0.6375982844889206,0.6138613861386139,0.5876577840112202,0.5959805959805959,0.6005830903790087,0.5989085948158254,0.5978260869565217,0.6075601374570446,0.5983379501385041,0.5938092229943146
0.6013462976813763,0.5880619012527635,0.566358024691358,0.5597667638483965,0.5976535541752933,0.5941302791696492,0.5890603085553997,0.5656140350877193,0.5712328767123288,0.5577060931899641,0.5706594885598923,0.572972972972973,0.5706447187928669,0.5575342465753425,0.5586592178770949
0.6071146245059289,0.5720966484801248,0.5551894563426688,0.5538221528861155,0.581549815498155,0.6013771996939556,0.5938668661181751,0.540785498489426,0.5617647058823529,0.558641975308642,0.5666178623718887,0.5693536673928831,0.5832716506291635,0.5614296351451973,0.5619834710743802
0.6517719568567026,0.6287878787878788,0.6121164437450826,0.6034612490594432,0.637410071942446,0.6361623616236163,0.6341818181818182,0.5969049373618276,0.596167494677076,0.6007380073800738,0.6090064331665476,0.6,0.6119510439164867,0.6032880629020729,0.5941931127616475
0.6151515151515151,0.5703971119133574,0.572972972972973,0.5564575645756458,0.5944444444444444,0.6037195994277539,0.6004228329809725,0.5588850174216028,0.575136612021858,0.5669515669515669,0.5815699658703072,0.5727762803234502,0.5751189666893269,0.5669398907103825,0.575465639049454
0.5979228486646885,0.5783308931185944,0.556060606060606,0.5420827389443652,0.5957736877982277,0.5888181174805379,0.5867032213845099,0.5639253628196268,0.5594125500667557,0.5553206483439042,0.5684071381361533,0.5632869449966865,0.5675857431069267,0.5712338104976141,0.5509573810994441
0.6212121212121212,0.5882352941176471,0.5773993808049536,0.5657015590200446,0.6081370449678801,0.6014492753623188,0.6059291395516992,0.581294964028777,0.5732305536089699,0.575801749271137,0.5968077723802915,0.5941422594142259,0.5898876404494382,0.5862313697657914,0.583883751651255
0.6174819566960705,0.5787432117920869,0.5769230769230769,0.5653543307086614,0.5882352941176471,0.5927075252133437,0.5935386927122465,0.5602409638554217,0.5582417582417583,0.5633802816901409,0.5605839416058395,0.5629949604031678,0.5592485549132948,0.5556374355195284,0.5502717391304348
0.6286149162861492,0.6064227035100822,0.6053639846743295,0.5714285714285714,0.61212976022567,0.6181556195965417,0.6120996441281139,0.5833924769339958,0.5758211041229909,0.588150289017341,0.5866851595006934,0.5783298826777088,0.5841313269493844,0.5795691452397498,0.5753604193971167
0.6361520558572537,0.5961977186311787,0.5961538461538461,0.5845697329376854,0.621135873472322,0.6219239373601789,0.6202812731310141,0.5765895953757225,0.5939306358381503,0.5979228486646885,0.6028368794326241,0.6019690576652602,0.6121863799283154,0.5906810035842294,0.5855307640297498
0.6256643887623387,0.6011730205278593,0.5897233201581028,0.5712198685171658,0.6057222609909281,0.6109467455621301,0.5988620199146515,0.5805084745762712,0.5720250521920668,0.5798561151079137,0.587431693989071,0.5807770961145194,0.5851285615010424,0.5843793584379359,0.5725439167208849
0.5888399412628488,0.5626342161775233,0.5567928730512249,0.5469845722300141,0.5816949152542373,0.5857740585774058,0.5796703296703297,0.552054794520548,0.5532484929671801,0.546831955922865,0.5627073656270737,0.5493050959629384,0.5566600397614314,0.5625841184387618,0.5577889447236181
0.5838011226944667,0.572972972972973,0.5525672371638142,0.5458750963762529,0.5820341499628805,0.5793528505392912,0.5868263473053892,0.5469327420546932,0.5559619604974396,0.5442073170731707,0.5531609195402298,0.5635036496350365,0.550915750915751,0.547845142439737,0.5444743935309974
0.6245239908606245,0.6089508437270726,0.6004654771140419,0.5744985673352435,0.6100759144237405,0.6163886874546773,0.6040931545518702,0.5936395759717314,0.5759233926128591,0.5794655414908579,0.5989010989010989,0.5868102288021534,0.5969529085872576,0.584070796460177,0.5668586052463211
0.6560121765601218,0.6028210838901262,0.6043613707165109,0.5975975975975976,0.6178747361013371,0.6258992805755396,0.6269956458635704,0.5809659090909091,0.5856044723969253,0.5891931902294597,0.5880740233036327,0.5941828254847645,0.5980392156862745,0.5789839944328462,0.5825747724317295
0.5942028985507246,0.5789090909090909,0.5737951807228916,0.5557924662402275,0.5843003412969283,0.5963431786216596,0.582537517053206,0.5612104539202201,0.5581708137188971,0.5537820957668286,0.5821404226312201,0.5638649900727994,0.5745257452574526,0.564,0.55893536121673
0.6206896551724138,0.6011315417256011,0.5784023668639053,0.5656140350877193,0.5997304582210242,0.603042876901798,0.6019283746556474,0.5784114052953157,0.580040187541862,0.5782638414217361,0.5841059602649007,0.5830597504924491,0.5841059602649007,0.5811623246492986,0.5714285714285714
0.6287471176018448,0.6005917159763313,0.5932336742722266,0.5722585330428468,0.6118143459915611,0.6192223037417461,0.6130653266331658,0.581844174410293,0.5815405968077724,0.5837037037037037,0.5888888888888889,0.5830461750516885,0.5978947368421053,0.5874822190611664,0.5785016286644951
0.617169373549884,0.6013462976813763,0.5944223107569722,0.56972408650261,0.6045197740112994,0.6085672082717873,0.607483492296405,0.5695746214852199,0.5748086290883786,0.5737463126843658,0.5909407665505226,0.5892981236970118,0.5909090909090909,0.576437587657784,0.5691803278688524
0.6120218579234973,0.587966488956588,0.570735650767987,0.5594614809274495,0.5873925501432665,0.6017964071856288,0.593245227606461,0.5608157319737801,0.571830985915493,0.5699481865284974,0.5829787234042553,0.5742160278745645,0.5793201133144475,0.5829145728643216,0.5601577909270217
0.6378299120234604,0.6208425720620843,0.6107784431137725,0.5843023255813954,0.6240549828178694,0.6224417784050812,0.6208829712683952,0.592747559274756,0.5953878406708596,0.6044191019244476,0.6035182679296346,0.606425702811245,0.6037735849056604,0.5979238754325259,0.5897920604914934
0.6,0.5669642857142857,0.5637891520244461,0.5469327420546932,0.5798898071625345,0.5843971631205673,0.5807365439093485,0.5610098176718092,0.5525773195876289,0.5545260156806843,0.5645604395604396,0.5561497326203209,0.5635135135135135,0.5607094133697135,0.5440710209258085
0.5892179195140471,0.5684210526315789,0.544175136825645,0.5357933579335793,0.5671852899575672,0.5737226277372263,0.5648414985590778,0.5545126353790614,0.5468639887244539,0.5566860465116279,0.5634197617379118,0.5556333100069979,0.5551651440618411,0.5598290598290598,0.5438943894389439
0.598390636430139,0.5633001422475107,0.5426829268292683,0.5318084345961401,0.5858585858585859,0.5811481218993622,0.5777166437414031,0.547455295735901,0.5503718728870859,0.5521126760563381,0.5674232309746329,0.5597359735973597,0.5668662674650699,0.5483870967741935,0.5523329129886507
0.6440677966101694,0.6007272727272728,0.6023166023166023,0.5811103100216294,0.61602787456446,0.6301369863013698,0.6218487394957983,0.580110497237569,0.5822613405551794,0.5895788722341185,0.5921938088829072,0.5921938088829072,0.5885521885521886,0.5873555404486743,0.5806045340050378
0.5983421250941975,0.5791447861965492,0.5678627145085804,0.5499254843517138,0.5879003558718862,0.5945945945945946,0.582441113490364,0.5664989216391085,0.5635593220338984,0.5609756097560976,0.5753995830437804,0.5650969529085873,0.5712280701754386,0.5655270655270656,0.5527704485488126
0.6221264367816092,0.5938615274803711,0.5992565055762081,0.5689900426742532,0.6070713809206137,0.6161268090971743,0.6179084073820916,0.5718157181571816,0.5679839249832552,0.5805555555555556,0.593421052631579,0.5840363400389358,0.5997357992073976,0.5884745762711865,0.5701917130488559
0.6498516320474778,0.6200743494423792,0.6061068702290077,0.5892725936811168,0.6331938633193863,0.6297872340425532,0.6376404494382022,0.6053199137311287,0.6005586592178771,0.5981441827266238,0.6239554317548747,0.6108843537414966,0.6145479265805575,0.6013888888888889,0.5984354628422425
0.6269592476489029,0.583732057416268,0.5737976782752903,0.562351072279587,0.609992542878449,0.6244274809160305,0.6155003762227238,0.5776061776061776,0.5727069351230425,0.5676720804331014,0.591715976331361,0.5928623452294246,0.5957132298595713,0.5804988662131519,0.6002805049088359
0.6101949025487257,0.5761494252873564,0.5709803921568627,0.5649303008070433,0.5868512110726644,0.6048210372534697,0.5933286018452804,0.5664335664335665,0.5730103806228374,0.5660919540229885,0.5754908598510494,0.571622539035981,0.5783298826777088,0.5659603554340397,0.5728900255754475
0.6187161639597835,0.5995558845299778,0.5895582329317269,0.5667655786350149,0.6042857142857143,0.6149162861491628,0.6057059253840527,0.5720369056068133,0.573025856044724,0.5731080088170463,0.5972915181753385,0.5770308123249299,0.5928571428571429,0.5809187279151944,0.5785907859078591
0.6319648093841642,0.6064227035100822,0.5890516576715498,0.5739257101238164,0.6114206128133705,0.6261615439599714,0.6157082748948106,0.5767045454545454,0.5955056179775281,0.5826771653543307,0.5951890034364261,0.5924398625429553,0.5987611837577426,0.5857740585774058,0.6003873466752744
0.6317365269461078,0.586053412462908,0.6017147310989868,0.5558019216555802,0.6160397444996452,0.6240115025161754,0.6079545454545454,0.5787598004276551,0.575208913649025,0.5881492318946598,0.5880721220527045,0.5768967874231032,0.5952380952380952,0.5820476858345021,0.5787401574803149
0.6418250950570342,0.6053811659192825,0.6072555205047319,0.6016755521706016,0.6198581560283688,0.6265590608950844,0.6243691420331651,0.5812455261274159,0.5872459705676244,0.597037037037037,0.5876645876645876,0.5864661654135338,0.6073968705547653,0.5817174515235457,0.5881595881595881
0.6262028127313102,0.586608442503639,0.581570996978852,0.5754985754985755,0.6021947873799726,0.6101211689237348,0.6044880785413744,0.5774351786965662,0.5733788395904437,0.5769506084466715,0.5936010891763104,0.5783783783783784,0.5852002715546504,0.5722070844686649,0.5821287779237845
0.6442234123947972,0.6277820414428242,0.6027178257394085,0.5976833976833977,0.6289855072463768,0.6351550960118169,0.6378299120234604,0.6005873715124816,0.6115942028985507,0.5953971789161099,0.6036671368124118,0.6140724946695096,0.6165951359084406,0.6086330935251798,0.6080536912751678
0.6232558139534884,0.5949269792467333,0.5806974858069749,0.5761641673243884,0.6072463768115942,0.6014925373134329,0.6113989637305699,0.5765496639283048,0.584237165582068,0.5788271134805788,0.5844618674269423,0.5891472868217055,0.5945165945165946,0.5860058309037901,0.573549257759784
0.6358897989575577,0.6024981631153563,0.5987748851454824,0.580789277736411,0.6195426195426196,0.6216216216216216,0.6226012793176973,0.5904628330995793,0.5823488533703961,0.5917331399564902,0.6075085324232082,0.6110344827586207,0.6033057851239669,0.5980392156862745,0.5835982199618563
0.6107784431137725,0.5844544095665172,0.5705521472392638,0.5565217391304348,0.5919778699861687,0.5914893617021276,0.5895627644569816,0.5546930134086098,0.5554016620498615,0.5656272661348803,0.5714285714285714,0.5658602150537635,0.577962577962578,0.5690492713393477,0.5554140127388535
0.616692426584235,0.5960665658093798,0.5922953451043339,0.5581749049429657,0.6056644880174292,0.6021021021021021,0.5920471281296024,0.5743589743589743,0.5730741540676746,0.5808429118773947,0.5638148667601683,0.57001414427157,0.5844815083393764,0.5749103942652329,0.5564102564102564
0.6288274831964152,0.5964653902798233,0.5780169100691775,0.5593590677348871,0.6004140786749482,0.6141843971631206,0.6134275618374558,0.5681978798586572,0.5757997218358831,0.5761732851985559,0.5786593707250342,0.584070796460177,0.5853324194653873,0.5728155339805825,0.5820991629104958
0.620845921450151,0.5776173285198556,0.5767731878409976,0.5672937771345875,0.5950752393980848,0.6101449275362318,0.5995777621393384,0.5568736915561758,0.566621803499327,0.5714285714285714,0.5712347354138398,0.5693235097119893,0.5852981969486823,0.5607094133697135,0.5654116145500957
0.6019417475728155,0.5619469026548672,0.5637065637065637,0.5358711566617862,0.5861828332170272,0.5879797248370746,0.5683912119064494,0.5613040396881644,0.5507246376811594,0.555956678700361,0.5627118644067797,0.557758031442242,0.5704371963913949,0.5613305613305614,0.5483028720626631
0.6105563480741797,0.581267217630854,0.5732946298984035,0.5620287868403016,0.6017229953611664,0.6063902107409925,0.6107784431137725,0.562962962962963,0.5679330328396651,0.5612382234185733,0.5672025723472669,0.5793907971484121,0.5697522816166884,0.5630689206762028,0.5702127659574469
0.5844748858447488,0.5746436609152288,0.5465935787000783,0.5396113602391629,0.5857142857142857,0.578136463683052,0.5763688760806917,0.5601151907847373,0.5482734319943622,0.5429602888086643,0.5684210526315789,0.5613305613305614,0.5628491620111732,0.5546930134086098,0.547478716437459
0.6445643793369313,0.6135693215339233,0.5992337164750958,0.593519882179676,0.6348074179743224,0.6276211135213304,0.6297376093294461,0.6070656092285508,0.6029515108924807,0.6021818181818182,0.6187845303867403,0.6135734072022161,0.6199575371549894,0.6050775740479548,0.6126005361930295
0.6132930513595166,0.5920471281296024,0.5700861393891934,0.5518763796909493,0.5958041958041959,0.5907421013960323,0.5913902611150318,0.5746962115796997,0.5734265734265734,0.5635036496350365,0.5821205821205822,0.5727826675693974,0.5753424657534246,0.5668965517241379,0.5729303547963206
0.6444099378881988,0.6004583651642476,0.5921158487530169,0.563869992441421,0.622093023255814,0.6289120715350224,0.6169442433019551,0.5782608695652174,0.5708215297450425,0.5697416974169742,0.592964824120603,0.5864978902953587,0.5909732016925247,0.5732484076433121,0.5929919137466307
0.6189024390243902,0.6005917159763313,0.596244131455399,0.5766423357664233,0.59958071278826,0.609271523178808,0.6118326118326118,0.5790229885057471,0.567287784679089,0.5947136563876652,0.5828178694158076,0.5835616438356165,0.590027700831025,0.5772187281621244,0.571244358478401
0.6460176991150443,0.6197583511016347,0.6125574272588055,0.5920114122681883,0.6257585974376264,0.6219081272084805,0.6191780821917808,0.5904761904761905,0.5935397039030955,0.597864768683274,0.6002673796791443,0.5982792852415619,0.5977468522200132,0.5987862440997977,0.5997458703939009
0.6007722007722007,0.5904334828101644,0.5849056603773585,0.5608856088560885,0.5932809149392423,0.5906735751295337,0.5893371757925072,0.5749279538904899,0.5712270803949224,0.5781710914454278,0.5688329839273235,0.5650661099512874,0.5736434108527132,0.5691980127750177,0.5598941098610192
0.625748502994012,0.5906810035842294,0.5984848484848485,0.5808770668583753,0.5989085948158254,0.6082621082621082,0.6032190342897131,0.5730027548209367,0.5634178905206942,0.5858444288717589,0.5802968960863698,0.5740863787375415,0.5954825462012321,0.5800807537012113,0.5660138976626659
0.6297117516629712,0.5941302791696492,0.5793413173652695,0.5718453683442742,0.6068493150684932,0.6057624736472241,0.6224417784050812,0.5634379263301501,0.5745704467353951,0.5625441696113074,0.5777777777777777,0.5798657718120805,0.5892735913102511,0.5696887686062246,0.5717884130982368
0.5951859956236324,0.5639204545454546,0.5627769571639586,0.5327754532775453,0.5672240802675586,0.5870020964360587,0.5702592087312415,0.5421443020903574,0.5405405405405406,0.5398773006134969,0.567003367003367,0.5485564304461942,0.5590393595730487,0.5458141067897165,0.5452261306532663
0.638477801268499,0.6094968107725017,0.5804555473916239,0.5798319327731093,0.6074766355140186,0.6223440712816998,0.6119402985074627,0.581473968897904,0.5850066934404283,0.5733695652173914,0.5992115637319316,0.5963302752293578,0.5913272010512484,0.588469184890656,0.5889029003783102
0.608,0.5701149425287356,0.561115668580804,0.5593869731800766,0.6088888888888889,0.6049382716049383,0.6036036036036037,0.5582776540460282,0.5726744186046512,0.55125284738041,0.5782957028404953,0.5856515373352855,0.5776805251641138,0.5670103092783505,0.5803324099722992
0.6458333333333334,0.602322206095791,0.6015384615384616,0.5808823529411765,0.6193103448275862,0.6287769784172662,0.6144156752974108,0.5846802529866479,0.582709326072158,0.5905848787446505,0.5900747790618627,0.5886332882273342,0.5935572309801234,0.5789110957960028,0.5874125874125874
0.5979381443298969,0.5709852598913887,0.5511182108626198,0.5350118017309206,0.5811209439528023,0.5812220566318927,0.5755504935459378,0.5476369092273068,0.5605947955390335,0.5420420420420421,0.5551497443389335,0.5428365730741541,0.5461095100864554,0.541757443718228,0.5552523874488404
0.6232209737827715,0.6140350877192983,0.5969696969696969,0.5710267229254571,0.6172671651937458,0.6248216833095578,0.6153846153846154,0.5830461750516885,0.5891891891891892,0.5804195804195804,0.6095238095238096,0.590728476821192,0.5969945355191257,0.5938983050847457,0.5764854614412137
0.6200150489089541,0.5841874084919473,0.583203732503888,0.563338301043219,0.601123595505618,0.6090775988286969,0.5998578535891969,0.5663591199432222,0.570034843205575,0.5771217712177121,0.5797909407665506,0.5759450171821305,0.5785467128027681,0.5789101203113942,0.5642673521850899
0.6071428571428571,0.6040878122634368,0.5775316455696202,0.5658389766741911,0.5980113636363636,0.6032689450222882,0.5986696230598669,0.5801749271137027,0.5779359430604982,0.5816554809843401,0.5919661733615222,0.5856741573033708,0.5783822476735863,0.5936599423631124,0.5768725361366623
0.6431654676258993,0.5971830985915493,0.5886736214605067,0.5879888268156425,0.6202277294038848,0.6218836565096952,0.6187245590230664,0.5860215053763441,0.5845951283739302,0.5833333333333334,0.5973856209150327,0.6018396846254928,0.602921646746348,0.5889407061958695,0.5877300613496933
0.5930930930930931,0.585511575802838,0.5596258768511302,0.548480463096961,0.5873347251217815,0.5935018050541516,0.5887323943661972,0.5673352435530086,0.56743535988819,0.5564457392571013,0.5838509316770186,0.5731790333560245,0.5769764216366158,0.5698245614035088,0.5725439167208849
0.6142322097378277,0.5846153846153846,0.5861807137433561,0.5722757598220904,0.607911172796669,0.611150317572336,0.6162544169611307,0.5768421052631579,0.5708333333333333,0.578125,0.5924914675767918,0.592896174863388,0.5941136208076659,0.5814432989690722,0.5719745222929936
0.6117297698589458,0.5675090252707581,0.5572755417956656,0.5542691751085383,0.5915300546448088,0.5926449787835927,0.5909407665505226,0.5514345696291113,0.5487804878048781,0.556745182012848,0.570855614973262,0.57180675049636,0.5733333333333334,0.5522898154477102,0.5571517801374141
0.6560463432295438,0.6159267089499648,0.6109467455621301,0.5856432125088842,0.6373918829008649,0.644718792866941,0.6441593517893315,0.5994659546061415,0.5984147952443857,0.6055555555555555,0.615686274509804,0.6120077469335055,0.6210526315789474,0.5944192083062946,0.6095003084515731
0.6193643754619365,0.6094545454545455,0.5852534562211982,0.5591866376180101,0.6171107994389902,0.6126255380200861,0.6057624736472241,0.5814116002795248,0.5813478556841388,0.5740609496810772,0.5939643347050755,0.5925423728813559,0.5980662983425414,0.5852311939268461,0.5755022683084899
0.6085603112840466,0.5970381917381138,0.5905383360522023,0.5604900459418071,0.5986890021849963,0.6057401812688822,0.597479614529281,0.5676664228237015,0.5720524017467249,0.5806938159879337,0.5840579710144927,0.5864022662889519,0.5858585858585859,0.5822970007315289,0.564343163538874
0.6267553584626755,0.6088825214899714,0.5881470367591898,0.590711175616836,0.6110740493662442,0.6131284916201117,0.6214532871972318,0.5859000684462696,0.5869711215580927,0.5921237693389592,0.5944517833553501,0.600926538716082,0.6021361815754339,0.5857908847184986,0.5822002472187886
0.5969912905779889,0.5428354814253222,0.5463108320251178,0.5288389513108614,0.5679012345679012,0.5724907063197026,0.5650557620817844,0.5255579553635709,0.5288667141838916,0.5435591958302308,0.5602280826799715,0.546094299788881,0.5525017618040874,0.5428571428571428,0.5421686746987951
0.6048565121412803,0.5959302325581395,0.5899390243902439,0.5639913232104121,0.5957736877982277,0.6028368794326241,0.6067415730337079,0.5726141078838174,0.5747440273037543,0.5774351786965662,0.5930388219544847,0.5876010781671159,0.5898491083676269,0.5799863852961198,0.5674653215636822
0.6004583651642476,0.55096011816839,0.5479876160990712,0.5393759286775631,0.5689900426742532,0.5732946298984035,0.5763688760806917,0.5379213483146067,0.5512367491166078,0.5491329479768786,0.556401384083045,0.5453296703296703,0.5576259489302967,0.55,0.5439167208848406
0.5710014947683109,0.568642160540135,0.5495356037151703,0.5343173431734317,0.5665961945031712,0.5697503671071953,0.5702127659574469,0.5485714285714286,0.5445614035087719,0.547945205479452,0.5583966827919834,0.5534851621808143,0.543448275862069,0.5501392757660167,0.5354632587859425
0.5617623918174666,0.5648148148148148,0.5378973105134475,0.5231939163498099,0.5597667638483965,0.5594512195121951,0.5551443375277573,0.5306725794530672,0.5344952795933188,0.5399239543726235,0.5467625899280576,0.5368271954674221,0.5334291876347951,0.5412107950401167,0.5295698924731183
0.6206896551724138,0.5888324873096447,0.5725132877752468,0.5448028673835126,0.6041095890410959,0.6074177746675997,0.6044928522804629,0.5698478561549101,0.5635507733691997,0.5700280112044818,0.581989247311828,0.5683930942895087,0.585464333781965,0.5685347738014855,0.5780856423173804
0.6079881656804734,0.5744832501781896,0.5696877380045697,0.5492451473759885,0.5871056241426612,0.5952045133991537,0.5900962861072903,0.5535465924895688,0.555256064690027,0.5552367288378766,0.5630420280186791,0.5662650602409639,0.5774456521739131,0.5623707787732598,0.554354736172918
0.5938461538461538,0.5842185128983308,0.5714285714285714,0.55125284738041,0.5852962169878658,0.5938668661181751,0.5880640465793304,0.5505124450951684,0.556907659269864,0.5625,0.5714285714285714,0.5616535994297933,0.5634807417974322,0.5521646557842441,0.5551839464882943
0.6254826254826255,0.6061515378844711,0.5779527559055118,0.5567164179104478,0.6065808297567954,0.6091445427728613,0.6017569546120058,0.57411424439624,0.5798138869005011,0.5758468335787923,0.5842068483577918,0.5828651685393258,0.5805535841022001,0.5814285714285714,0.5826666666666667
0.6044444444444445,0.5487106017191977,0.54337899543379,0.5398420674802584,0.5695276114437791,0.5832167832167832,0.5757368060315284,0.5412087912087912,0.5446009389671361,0.5369220151828847,0.562048588312541,0.5571428571428572,0.5634551495016611,0.5442448436460412,0.5451197053406999
0.6376360808709176,0.6090909090909091,0.5958132045088567,0.5832083958020989,0.6229508196721312,0.6316579144786196,0.6224489795918368,0.5833333333333334,0.5937940761636107,0.5856189770200149,0.5990133897110641,0.5977653631284916,0.6068376068376068,0.6007220216606498,0.5860709592641261
0.6100443131462334,0.5952208544532948,0.5714285714285714,0.5577060931899641,0.5925925925925926,0.5941719971570718,0.5906228131560531,0.5606694560669456,0.5737593473827328,0.5594900849858357,0.5659863945578232,0.5622918054630246,0.5677331518039482,0.5603799185888738,0.5654116145500957
0.6114839671886652,0.5963369963369963,0.5762195121951219,0.561046511627907,0.6005586592178771,0.5942857142857143,0.5952045133991537,0.5854004252303331,0.5763888888888888,0.5763688760806917,0.5887207702888583,0.5855307640297498,0.5846994535519126,0.5835654596100278,0.5764937623112278
0.6284896206156049,0.5927536231884057,0.5769230769230769,0.5873015873015873,0.6192411924119241,0.622680412371134,0.6236111111111111,0.5961272475795297,0.5861601085481682,0.5903448275862069,0.5989304812834224,0.5957161981258366,0.5977468522200132,0.5971755211835911,0.5845201238390093
0.5763216679076694,0.5597709377236937,0.5358490566037736,0.5390681003584229,0.5609257998638529,0.5598866052445074,0.5557894736842105,0.5396610169491526,0.5388739946380697,0.5391672547635851,0.5487316421895861,0.547144754316069,0.55,0.5477621910487642,0.5445227418321589
0.6442166910688141,0.6053584359160029,0.5967865340474369,0.5844155844155844,0.6228842247799594,0.629498941425547,0.6205943331029716,0.5949008498583569,0.5883977900552486,0.5941719971570718,0.6032171581769437,0.6005326231691078,0.6059379217273954,0.5892857142857143,0.5971867007672634
0.6047548291233283,0.5984848484848485,0.5736677115987461,0.5480059084194978,0.5979094076655053,0.6058446186742694,0.5985815602836879,0.5681326604181687,0.5698086463501063,0.5688888888888889,0.5789473684210527,0.5749656121045392,0.5767377838953889,0.566145092460882,0.5729234793982996
0.6010518407212622,0.5745937961595273,0.5606891151135474,0.5473071324599709,0.5936199722607489,0.5994194484760522,0.5910364145658263,0.54239663629993,0.5505464480874317,0.5547550432276657,0.5597826086956522,0.5550366911274183,0.571625344352617,0.5508650519031142,0.5633440514469453
0.6011816838995568,0.5881481481481482,0.5652509652509653,0.559652928416486,0.5903448275862069,0.5911680911680912,0.5837988826815642,0.5722379603399433,0.5653661875427789,0.5551601423487544,0.5815699658703072,0.5737593473827328,0.5716234652114598,0.5698554714384033,0.5568039950062422
0.6176688938381588,0.5920954511558538,0.5773353751914242,0.56,0.596221133659902,0.596167494677076,0.6043878273177636,0.5661712668082095,0.5758645024700071,0.5679542203147353,0.5763411279229711,0.5800273597811217,0.570264765784114,0.56,0.5682989690721649
0.609152288072018,0.5997109826589595,0.5806451612903226,0.5679190751445087,0.600547195622435,0.6019971469329529,0.5987438939288207,0.5799721835883171,0.5704607046070461,0.5754385964912281,0.5853000674308834,0.5848423876592891,0.5831062670299727,0.5778382053025153,0.5699937225360954
0.6111111111111112,0.5606508875739645,0.5703125,0.5449189985272459,0.5783132530120482,0.5868440502586844,0.5761494252873564,0.5480631276901005,0.5469845722300141,0.5539358600583091,0.5621925509486999,0.5511049723756906,0.56884561891516,0.5581395348837209,0.5375647668393783
0.6347305389221557,0.5945548197203826,0.5905936777178104,0.5739385065885798,0.6090534979423868,0.6244604316546762,0.6141953619114546,0.5792811839323467,0.5854341736694678,0.5816326530612245,0.5838424983027835,0.5943012211668928,0.5955132562882393,0.5900490539593553,0.5848329048843187
0.5921539600296077,0.6005788712011577,0.5742275810097965,0.5695746214852199,0.6029309141660851,0.5938173975557153,0.5991561181434599,0.5726315789473684,0.584070796460177,0.5722419928825623,0.5904365904365905,0.590186592950933,0.5759668508287292,0.5749486652977412,0.5710643722115998
0.6174698795180723,0.6064227035100822,0.583203732503888,0.5659259259259259,0.6145092460881935,0.6043478260869565,0.5946337926033357,0.5919540229885057,0.5873239436619718,0.5832727272727273,0.6,0.5968077723802915,0.5971830985915493,0.5971428571428572,0.5751463890696161
0.5849495733126454,0.5597532767925983,0.5338709677419354,0.533737680060652,0.5757575757575758,0.5793000744601638,0.574762946754194,0.5312729948491538,0.5381870092790864,0.5489006823351024,0.5494350282485876,0.5551651440618411,0.5571428571428572,0.5445402298850575,0.5478723404255319
0.6187683284457478,0.6001446131597975,0.5896474118529632,0.5615550755939525,0.5952542372881356,0.6104815864022662,0.6083333333333333,0.5671641791044776,0.5781990521327014,0.5787234042553191,0.5872053872053872,0.5697211155378487,0.5906593406593407,0.585432266848196,0.5750798722044729
0.6498921639108555,0.6206896551724138,0.620532319391635,0.6047860768672951,0.6430006697923644,0.6500356379187455,0.6387362637362637,0.5998617829993089,0.6125166444740346,0.6145010768126346,0.6101249178172256,0.6201448321263989,0.6310873915943963,0.6025384101536406,0.6164469554300063
0.596875,0.5597532767925983,0.5528196981731534,0.5336391437308868,0.5749279538904899,0.5739644970414202,0.5653450807635829,0.5494505494505495,0.5346820809248555,0.5436746987951807,0.5539112050739958,0.5568181818181818,0.5637393767705382,0.5508291276135544,0.5413929040735874
0.6236220472440945,0.6062015503875969,0.5869744435284419,0.5833333333333334,0.6179941002949852,0.6104294478527608,0.6120625465376024,0.575240919199407,0.5891812865497076,0.5830145371078806,0.5942028985507246,0.5896700143472023,0.5908096280087527,0.5912408759124088,0.5748824714573539
0.6278713629402757,0.60882800608828,0.5937007874015748,0.5931558935361216,0.617921146953405,0.6300963676797627,0.6226415094339622,0.5821868211440985,0.5918367346938775,0.591715976331361,0.6031518624641834,0.5950877192982457,0.6100495399858458,0.5903271692745377,0.5827725437415882
0.6004447739065975,0.5760233918128655,0.5598159509202454,0.5360524399126001,0.5757368060315284,0.574438202247191,0.5792044661549197,0.5619718309859155,0.5469613259668509,0.5570517363571935,0.5704607046070461,0.5630538513974097,0.5635876840696118,0.5503080082135524,0.5449968533668974
0.5654205607476636,0.54871395167576,0.533972821742606,0.5387567152724482,0.5574007220216607,0.5534779356768885,0.5585851142225498,0.532150776053215,0.5380710659898477,0.5276532137518685,0.536723163841808,0.5417256011315418,0.5317177476835353,0.5376811594202898,0.528476821192053
0.6061980347694633,0.5866666666666667,0.5657492354740061,0.5505124450951684,0.5941011235955056,0.5941302791696492,0.5911047345767575,0.5696022727272727,0.5650661099512874,0.5749103942652329,0.5860400829302004,0.5810904071773637,0.579092159559835,0.5712319339298004,0.5667324128862591
0.6375282592313489,0.6117989803350328,0.6118935837245696,0.5716363636363636,0.6273421235253296,0.6323529411764706,0.6223826714801444,0.5955056179775281,0.5814432989690722,0.6011560693641619,0.6128133704735376,0.605604921394395,0.604267033723331,0.5910652920962199,0.6015523932729625
0.6881720430107527,0.652241112828439,0.6586151368760065,0.6446661550268611,0.6730345334313005,0.6848484848484848,0.6716085989621943,0.6371681415929203,0.644640234948605,0.6459438968915845,0.6476054324517513,0.6526468455402465,0.6507592190889371,0.6485294117647059,0.6327759197324415
0.6291970802919709,0.6215429403202329,0.6059225512528473,0.5833935018050541,0.6272108843537415,0.6285310734463276,0.6222222222222222,0.592901878914405,0.5870445344129555,0.5941719971570718,0.6004112405757368,0.5950302216252519,0.592140921409214,0.5905024088093599,0.5902688860435339
0.6245297215951844,0.6202247191011236,0.607950116913484,0.5941043083900227,0.6242038216560509,0.6121256391526662,0.6208393632416788,0.59644128113879,0.6027201145311382,0.5982404692082112,0.6093640810621943,0.6095369730476848,0.5984690327070286,0.6113475177304964,0.5926892950391645
0.6020170674941815,0.5872659176029963,0.5784860557768924,0.5712143928035982,0.5989847715736041,0.5915279878971256,0.5904761904761905,0.5794797687861272,0.5671641791044776,0.5799701046337817,0.5633404104741684,0.5648854961832062,0.5751258087706685,0.5783822476735863,0.5714285714285714
0.6008708272859217,0.5732217573221757,0.5635276532137519,0.5488826815642458,0.5885521885521886,0.595536959553696,0.590815627141878,0.5479265805574439,0.5533290239172592,0.5593337959750173,0.5611510791366906,0.5654174884944115,0.5681818181818182,0.5567282321899736,0.5489467162329615
0.6180124223602484,0.591743119266055,0.5714285714285714,0.5563114134542706,0.608507570295602,0.6043380703066566,0.5972323379461034,0.5716406829992576,0.5652797704447633,0.5671417854463616,0.5860331173506119,0.5817409766454352,0.5811481218993622,0.5697841726618705,0.5748663101604278
0.6180451127819548,0.6058823529411764,0.5830721003134797,0.5754437869822485,0.6119610570236439,0.6082548877624909,0.609564596716631,0.584333098094566,0.5909407665505226,0.5890014471780028,0.6052269601100413,0.5963240299523486,0.6005547850208044,0.5977496483825597,0.5812743823146944
0.654490106544901,0.6,0.6068642745709828,0.5793413173652695,0.6229739252995067,0.6402930402930402,0.6326383896477354,0.5849462365591398,0.5939479239971851,0.5896877269426289,0.6083333333333333,0.6002766251728907,0.6173361522198731,0.592280701754386,0.5949119373776908
0.6008836524300442,0.5736766809728183,0.5529953917050692,0.5355348169418521,0.5733333333333334,0.585503166783955,0.5696636925188744,0.5467032967032966,0.5484949832775919,0.5464868701206529,0.5596816976127321,0.5566470203012442,0.5654801880456682,0.5512129380053908,0.5446703635243376
0.6115581565471836,0.5906432748538012,0.5749049429657794,0.5545851528384279,0.5975103734439834,0.6036931818181818,0.6131078224101479,0.5708304256803908,0.5804676753782668,0.5741279069767442,0.5721997300944669,0.584070796460177,0.5888044229440221,0.5645933014354066,0.5785123966942148
0.6001596169193935,0.5859065716547902,0.5525227460711332,0.5412844036697247,0.5898959881129272,0.581986143187067,0.5744520030234316,0.5651180502665651,0.5588014981273408,0.549618320610687,0.5720555961960497,0.5687134502923976,0.5662299854439592,0.5584512285927029,0.5550173010380622
0.6070901033973413,0.5795620437956205,0.5729323308270676,0.5637393767705382,0.5894448252227553,0.5880681818181818,0.5905947441217151,0.5577190542420027,0.5608108108108109,0.5607344632768362,0.5595158036314728,0.5635876840696118,0.5578595317725753,0.5578231292517006,0.5498452012383901
0.599250936329588,0.5812220566318927,0.5763779527559055,0.5572065378900446,0.5950877192982457,0.5922684172137126,0.5989920806335494,0.5635593220338984,0.56884561891516,0.5587162654996353,0.5650102110279102,0.568882796435915,0.5698401667824878,0.5656984785615491,0.5663492063492064
0.6348962336664105,0.6206384558277654,0.6098514464425332,0.5828488372093024,0.616562282533055,0.6389301634472511,0.6129266521423384,0.6001405481377372,0.593006993006993,0.5953420669577875,0.6087560806115357,0.5940730530668504,0.6058495821727019,0.6019553072625698,0.5903375248180013
0.6064227035100822,0.5903345724907063,0.5772230889235569,0.5693106004447739,0.5932085932085932,0.5974025974025974,0.5958363244795406,0.5685570710696339,0.561624649859944,0.5749456915278783,0.5761092150170648,0.587991718426501,0.5791292328956462,0.5690492713393477,0.5620253164556962
0.6342557965594615,0.6195732155997057,0.6111975116640747,0.586890243902439,0.6184118060435699,0.6392961876832844,0.6260744985673352,0.5975696926375983,0.5963431786216596,0.5953079178885631,0.6027777777777777,0.5970974429854872,0.6104078762306611,0.5988779803646563,0.6056991385023194
0.6419019316493314,0.6231884057971014,0.6048265460030166,0.5686680469289165,0.6280653950953679,0.6266760762173607,0.6230186078566505,0.598479612992398,0.5894308943089431,0.5985915492957746,0.6022651565622918,0.6003976143141153,0.6063470627954085,0.5941136208076659,0.5991077119184194
0.5950782997762863,0.5693745506829619,0.5627836611195158,0.5276162790697675,0.5807327001356852,0.5771144278606966,0.5686274509803921,0.5486725663716814,0.5532786885245902,0.5480631276901005,0.5537024683122082,0.5548902195608783,0.5677154582763337,0.5544147843942505,0.5547815072830906
0.6092526690391459,0.5965909090909091,0.5830258302583026,0.5561115082201572,0.6057756883814641,0.6020338983050847,0.6061016949152542,0.5679676985195155,0.58249832999332,0.5654237288135593,0.5767741935483871,0.578125,0.5870712401055409,0.5667107001321003,0.5723153320918684
0.6249067859806114,0.6113152094048494,0.5938931297709924,0.5907046476761619,0.6137931034482759,0.6146202980837473,0.6140724946695096,0.5792044661549197,0.5882352941176471,0.5853658536585366,0.5885521885521886,0.587440918298447,0.5951890034364261,0.5886426592797784,0.595939751146038
0.6034874905231236,0.5833333333333334,0.5626959247648903,0.5574018126888217,0.5918653576437588,0.5880640465793304,0.5888252148997135,0.5531004989308624,0.5718370264474625,0.5635687732342007,0.56962911126662,0.5629731589814178,0.5782792665726375,0.5632022471910112,0.5642349903163331
0.6511987625676721,0.6121530382595649,0.6174819566960705,0.5817633760361718,0.6225071225071225,0.6273932253313697,0.6282420749279539,0.6005747126436781,0.5854700854700855,0.6122754491017964,0.6128133704735376,0.6061026352288488,0.617231638418079,0.6103619588360539,0.5887728459530026
0.6038910505836576,0.5774319066147859,0.5667485667485668,0.5532567049808429,0.591467823571945,0.5998481397114654,0.5872781065088757,0.55096011816839,0.5597069597069597,0.5624521072796935,0.5675675675675675,0.5700280112044818,0.5779685264663805,0.5641025641025641,0.5529646902065289
0.6526806526806527,0.613905325443787,0.6142857142857143,0.580199539524175,0.6248236953455572,0.6419570051890289,0.6389301634472511,0.6011477761836442,0.5873239436619718,0.6,0.6085734364019677,0.6123869171885873,0.6131078224101479,0.6061036195883606,0.5966555183946488
0.6305882352941177,0.5972850678733032,0.5836701697655619,0.5659543109801032,0.6061472480343102,0.6220532319391635,0.6124818577648766,0.582723279648609,0.5893238434163701,0.5886681383370125,0.5864768683274021,0.5777470628887353,0.5982905982905983,0.5789849892780558,0.5858585858585859
0.6187161639597835,0.58796992481203,0.5705179282868525,0.5518796992481203,0.5968882602545968,0.5971914264597191,0.5893508388037928,0.5654761904761905,0.5685570710696339,0.5727136431784108,0.573049645390071,0.5864978902953587,0.5724282715185445,0.5668835864063629,0.570670205706702
0.6090775988286969,0.5859030837004405,0.5674418604651162,0.5408532176428055,0.5871812543073742,0.5851905104241553,0.5859154929577465,0.5583392984967788,0.564673157162726,0.5503258508327299,0.5759233926128591,0.5671843349088453,0.5720192970365265,0.5632424877707897,0.5520702634880803
0.6233962264150943,0.5965177895533686,0.5839874411302983,0.5716429107276819,0.6080793763288448,0.6117136659436009,0.6093862815884477,0.5789473684210527,0.5850533807829181,0.5737344093910491,0.5780265920223933,0.5821205821205822,0.590782122905028,0.584045584045584,0.5761154855643045
0.595561918396564,0.5913902611150318,0.5662299854439592,0.5564120532585844,0.5848184818481849,0.5862304021813224,0.5799457994579946,0.5683501683501684,0.5626666666666666,0.5694729637234771,0.5753070458952811,0.5742060920285159,0.5688193085453359,0.57123745819398,0.5458937198067633
0.6182096403978576,0.5919282511210763,0.5877680698967435,0.5542347696879644,0.610752688172043,0.6025166543301258,0.5989847715736041,0.5675287356321839,0.5645390070921986,0.5737951807228916,0.5866666666666667,0.5810055865921788,0.5845718329794763,0.5811594202898551,0.569362261669954
0.6130811662726556,0.5925349922239502,0.5859247135842881,0.5794831636648394,0.6129032258064516,0.6093630084420568,0.6122754491017964,0.5803571428571429,0.5927568366592757,0.5806451612903226,0.5947901591895803,0.5933908045977011,0.5995558845299778,0.5910753474762254,0.5782967032967034
0.617737003058104,0.57847533632287,0.5587301587301587,0.5581039755351682,0.5925404644616468,0.5908419497784343,0.5959595959595959,0.5639152666179693,0.5748930099857347,0.5598194130925508,0.5842696629213483,0.5840830449826989,0.5798733286418015,0.5592011412268189,0.5789120214909335
0.6405325443786982,0.6152737752161384,0.5971277399848829,0.6071689831748354,0.6161202185792349,0.6118980169971672,0.6149545772187281,0.5951219512195122,0.5850340136054422,0.6017069701280228,0.6029810298102981,0.6039004707464694,0.5997304582210242,0.6006825938566553,0.582798459563543
0.6276923076923077,0.6156133828996283,0.6060606060606061,0.584319526627219,0.62339514978602,0.6243542435424354,0.6236403190717912,0.601418439716312,0.5901408450704225,0.6023054755043228,0.6091794158553546,0.6005509641873278,0.598458304134548,0.5987438939288207,0.5904255319148937
0.6064710308502633,0.595166163141994,0.582258064516129,0.5729564553093965,0.6057142857142858,0.6061946902654868,0.611764705882353,0.5778421433743663,0.5724431818181818,0.5909428359317,0.6066150598170302,0.6044880785413744,0.6056737588652482,0.5878136200716846,0.5760940561724364
0.5960665658093798,0.5767790262172284,0.547901821060966,0.537890044576523,0.5758645024700071,0.576,0.5722419928825623,0.5502873563218391,0.5459649122807018,0.5322697606961566,0.553072625698324,0.5424430641821946,0.5463483146067416,0.5445544554455446,0.5428571428571428
0.5987261146496815,0.5887323943661972,0.582723279648609,0.5585585585585585,0.5913272010512484,0.5924398625429553,0.5843895930620414,0.5671025464556091,0.5695451549110085,0.5546448087431693,0.5755395683453237,0.5763578274760384,0.5753604193971167,0.5731543624161074,0.5572380375529982
0.617490494296578,0.6063348416289592,0.5858895705521472,0.5880597014925373,0.609129814550642,0.5997150997150997,0.603988603988604,0.5951359084406295,0.5839210155148096,0.5902578796561605,0.6019553072625698,0.596785464709993,0.5919220055710307,0.5882352941176471,0.5828877005347594
0.6219602063375093,0.5788712011577424,0.5867704280155642,0.5829662261380323,0.5889655172413794,0.6098783106657122,0.6056338028169014,0.5621925509486999,0.5702535983550377,0.5874635568513119,0.5822436338609773,0.581081081081081,0.5883977900552486,0.5807345807345807,0.56
0.6049089469517023,0.5815931941221965,0.5677210056772101,0.555895865237366,0.5836403831982314,0.586707410236822,0.5809379727685325,0.5650557620817844,0.5586510263929618,0.5572519083969466,0.5642909625275533,0.560463432295438,0.5504322766570605,0.5663716814159292,0.5554808338937458
0.6140757927300851,0.5863636363636363,0.5877616747181964,0.5622119815668203,0.5972323379461034,0.5954887218045113,0.5982142857142857,0.5681159420289855,0.5620542082738944,0.5878787878787879,0.5789849892780558,0.5804145818441744,0.5784526391901663,0.5761732851985559,0.5507246376811594
0.6200873362445415,0.5957446808510638,0.5916349809885931,0.5755603759942155,0.6080436264485344,0.6216596343178622,0.6097222222222223,0.5816901408450704,0.5772634445200817,0.5805084745762712,0.5948158253751705,0.5902079141515761,0.5895020188425303,0.5812200137080192,0.5818414322250639
0.6349453978159126,0.6362229102167183,0.6211878009630819,0.6179245283018868,0.6265409717186367,0.636432350718065,0.637114951164538,0.5973837209302325,0.6211453744493393,0.6233962264150943,0.6170212765957447,0.6310469314079422,0.6310395314787701,0.6188734455010972,0.5936443542934415
0.6241560390097525,0.5887640449438202,0.5788235294117647,0.5606508875739645,0.6126760563380281,0.618208516886931,0.6046841731724627,0.5774240231548481,0.5680555555555555,0.5666906993511175,0.5926439972241498,0.5898681471200555,0.5949367088607594,0.5817409766454352,0.5822784810126582
0.5940014630577908,0.5875457875457876,0.560790273556231,0.5563689604685212,0.5803389830508474,0.5883180858550316,0.580511402902557,0.5620641562064156,0.5679012345679012,0.5614783226723525,0.5731625084288604,0.5706666666666667,0.5681665547347213,0.5619834710743802,0.5551330798479087
0.6209553158705701,0.631578947368421,0.6153846153846154,0.599549211119459,0.6275618374558304,0.624441132637854,0.6265409717186367,0.6055833929849678,0.609375,0.5983787767133383,0.6018068102849201,0.6061452513966481,0.609129814550642,0.6,0.5992167101827677
0.6358897989575577,0.5906735751295337,0.5914396887159533,0.5754437869822485,0.6097902097902098,0.6303558460421206,0.6131078224101479,0.5835125448028674,0.5708362128541811,0.5894279507603186,0.5971173644474949,0.5973847212663455,0.5957152729785764,0.5848527349228612,0.5887728459530026
0.6272455089820359,0.6247191011235955,0.5958429561200924,0.5887573964497042,0.6221294363256785,0.6194563662374821,0.6132208157524613,0.6127415891195419,0.5966620305980529,0.597997138769671,0.6085164835164835,0.6083964211975224,0.6052269601100413,0.6038514442916093,0.5978050355067785
0.6318181818181818,0.5896474118529632,0.5833333333333334,0.5783664459161147,0.6186742694226657,0.6132352941176471,0.6205903527717782,0.5900216919739696,0.5878136200716846,0.5965697240865027,0.5933147632311978,0.5916666666666667,0.5977496483825597,0.592274678111588,0.589095744680851
0.6301369863013698,0.594553706505295,0.5949367088607594,0.5695266272189349,0.5994318181818182,0.6167400881057269,0.6052249637155298,0.5762952448545068,0.5673556664290805,0.5856515373352855,0.5857740585774058,0.5759888965995836,0.5888181174805379,0.5728360309641097,0.5637671680837149
0.6093979441997063,0.6021818181818182,0.5835222978080121,0.5768667642752562,0.5980662983425414,0.6009852216748769,0.5995747696669029,0.5706409372846313,0.5654237288135593,0.5748930099857347,0.5831649831649832,0.5783783783783784,0.576271186440678,0.5782967032967034,0.5640050697084917
0.6395786305492852,0.6283185840707964,0.5960061443932412,0.5923190546528804,0.6249130132219902,0.6310469314079422,0.6206405693950178,0.5963172804532578,0.596100278551532,0.5966930265995687,0.6201657458563536,0.6101928374655647,0.6060181945416375,0.6057624736472241,0.6015625
0.5873821609862219,0.5667844522968198,0.5449101796407185,0.5486851457000711,0.5739365293720459,0.5722145804676754,0.5659863945578232,0.5394912985274432,0.5242463958060288,0.5531914893617021,0.5559895833333334,0.5446313065976714,0.5452127659574468,0.5389221556886228,0.5329230769230769
0.624113475177305,0.6211267605633802,0.6013071895424836,0.5984900480439259,0.6150793650793651,0.6217127444369521,0.6127946127946128,0.6001321877065433,0.5927367055771725,0.5977165883143049,0.6007751937984496,0.5970149253731343,0.5998698763825634,0.5997392438070405,0.5925
0.6438356164383562,0.6114839671886652,0.608012568735271,0.5799853907962016,0.6220971147079521,0.6395348837209303,0.6257062146892656,0.5766526019690577,0.5976207137858642,0.5879003558718862,0.6082115518441197,0.6058944482522276,0.5973665973665974,0.5870020964360587,0.5972495088408645
0.6358819076457229,0.6271312083024463,0.5971563981042654,0.5823353293413174,0.6311300639658849,0.625090645395214,0.6290672451193059,0.601568068424804,0.6064880112834978,0.5876363636363636,0.6192821956368755,0.6155988857938719,0.5997229916897507,0.6040931545518702,0.5947368421052631
0.6180758017492711,0.5879828326180258,0.582089552238806,0.553623188405797,0.6012186865267434,0.6074177746675997,0.5997229916897507,0.5650102110279102,0.5650708024275118,0.5716292134831461,0.5757776307081403,0.5738899933730948,0.5796519410977242,0.566621803499327,0.5714285714285714
0.5924276169265034,0.5549890750182083,0.5464313123561013,0.5412445730824892,0.5714285714285714,0.5832737669764118,0.5740479548660085,0.539593552908199,0.547683923705722,0.5505376344086022,0.5586440677966101,0.5514018691588785,0.5610921501706485,0.5467032967032966,0.5461538461538461
0.641897233201581,0.5867269984917044,0.5885206143896524,0.5699088145896657,0.6232626188734455,0.6257575757575757,0.6263817243920413,0.5791788856304986,0.5874730021598272,0.5746268656716418,0.5987170349251604,0.5872459705676244,0.6108726752503576,0.59,0.5889407061958695
0.6064,0.5799842395587076,0.5683865683865684,0.569620253164557,0.6027190332326284,0.5975232198142415,0.6003039513677811,0.5722937168811506,0.5690690690690691,0.5754276827371695,0.574169741697417,0.5790251107828656,0.5649963689179376,0.5701559020044543,0.5712338104976141
0.6077428780131483,0.5876436781609196,0.5664652567975831,0.5599415204678363,0.6058944482522276,0.5942536790469517,0.5983493810178817,0.5617367706919946,0.5739247311827957,0.5599435825105783,0.586046511627907,0.5701058201058201,0.5675857431069267,0.5612860013395847,0.5776081424936387
0.6226271829916477,0.5938668661181751,0.5987460815047022,0.5786350148367952,0.598314606741573,0.6138181818181818,0.6136200716845878,0.574300071787509,0.5720338983050848,0.5868613138686132,0.5763888888888888,0.5819444444444445,0.5785123966942148,0.5732484076433121,0.5662100456621004
0.6076923076923076,0.5795107033639144,0.5535289452815226,0.5469448584202683,0.5785714285714286,0.5914454277286135,0.5829725829725829,0.5466377440347071,0.5602280826799715,0.5574499629355077,0.5438108484005564,0.5623229461756374,0.5574229691876751,0.5481586402266289,0.5526315789473685
0.6028210838901262,0.5945945945945946,0.5882352941176471,0.5665236051502146,0.5923392612859097,0.5928057553956835,0.5905292479108635,0.5757575757575758,0.5749152542372882,0.5684503127171647,0.5867937372362151,0.5698924731182796,0.5774171737660582,0.574310692669805,0.5625405055087492
0.6067415730337079,0.6016884113584037,0.5795454545454546,0.5690184049079755,0.611353711790393,0.6146788990825688,0.6105263157894737,0.5870052277819268,0.5790613718411552,0.5670962850644428,0.6049204052098408,0.6024442846872753,0.5880640465793304,0.5864332603938731,0.5877551020408164
0.5690566037735849,0.5628140703517588,0.5393430099312452,0.5288531775018261,0.5582655826558266,0.5589273112208892,0.5606166783461808,0.52856159669649,0.5386165211551377,0.5285412262156448,0.545819397993311,0.5517702070808284,0.5334233625928426,0.5330606680299932,0.5295191722458916
0.625,0.5931952662721893,0.5904463586530931,0.5879732739420935,0.6159267089499648,0.6150474799123448,0.6217391304347826,0.5789849892780558,0.5867418899858956,0.5915080527086384,0.5871687587168759,0.585802894555479,0.5917655268667132,0.5860857343640197,0.578125
0.5866261398176292,0.5474943904263276,0.5394321766561514,0.5266316579144786,0.5759087669280114,0.5756026296566837,0.5710186513629842,0.5479651162790697,0.5248425472358292,0.5349854227405247,0.563497571131159,0.5537820957668286,0.5536332179930796,0.5455840455840456,0.5349740932642487
0.5948012232415902,0.5749049429657794,0.5712012728719172,0.5427286356821589,0.5742857142857143,0.5879732739420935,0.5775862068965517,0.5424460431654676,0.5547550432276657,0.5537313432835821,0.5578135949544499,0.5464556090846524,0.5553206483439042,0.5535585909417685,0.540920716112532
0.6243222308288149,0.6085011185682326,0.5954077593032462,0.5672782874617737,0.6108726752503576,0.6076696165191741,0.6098981077147017,0.5953420669577875,0.5947105075053609,0.6003016591251885,0.6018322762508809,0.6040361864996521,0.5994236311239193,0.5845070422535211,0.5848184818481849
0.6352247605011054,0.6019131714495953,0.5987748851454824,0.5703971119133574,0.6094182825484764,0.6092526690391459,0.614406779661017,0.5806906272022551,0.5843621399176955,0.5860331173506119,0.6062283737024221,0.5885558583106267,0.5871186440677966,0.5916083916083916,0.5769478428847392
0.5992619926199262,0.5625899280575539,0.5475638051044084,0.5242290748898678,0.5749318801089919,0.5917496443812233,0.5836249125262422,0.5453296703296703,0.54631507775524,0.543675751222921,0.5737483085250338,0.5481088254810883,0.5606469002695418,0.5516304347826086,0.54125
0.5915708812260536,0.5722983257229832,0.5723320158102767,0.5552238805970149,0.5786873676781934,0.5894580549368968,0.5833935018050541,0.5502873563218391,0.5479833101529903,0.5616338439095551,0.5589887640449438,0.5597222222222222,0.5639943741209564,0.559322033898305,0.5478204294079375
0.6025544703230654,0.5894279507603186,0.5759244689221086,0.5718411552346571,0.5966620305980529,0.6002906976744186,0.6072186836518046,0.5754783841247342,0.5743243243243243,0.5785714285714286,0.5782967032967034,0.5768707482993197,0.5846579129232896,0.5842541436464088,0.5692108667529108
0.6314221891288161,0.5979073243647235,0.5810914681014604,0.575402635431918,0.6135569531795947,0.620494699646643,0.6070422535211267,0.5877318116975749,0.5794655414908579,0.5822603719599427,0.5995921142080217,0.5878378378378378,0.6001376462491397,0.5822959889349931,0.5918234912394549
0.6274509803921569,0.5972323379461034,0.5887778631821675,0.5616045845272206,0.6104972375690608,0.6196363636363637,0.6016713091922006,0.5845070422535211,0.5749486652977412,0.5765124555160143,0.5981956974323387,0.5695097380792478,0.5921325051759835,0.5835065835065835,0.576874205844981
0.5691823899371069,0.5356339084771192,0.5307820299500832,0.5285605483625285,0.53737658674189,0.5610859728506787,0.5553935860058309,0.5099191770756797,0.5201668984700973,0.5266362252663622,0.5303244005641748,0.5300207039337475,0.534850640113798,0.5252525252525253,0.5213394615889692
0.6282151208106002,0.6064814814814815,0.5977198697068404,0.5731800766283525,0.6161689730517116,0.6260472201066261,0.6162962962962963,0.5995558845299778,0.5882352941176471,0.5918057663125948,0.6117478510028653,0.5952045133991537,0.611232676878191,0.602322206095791,0.5910006715916722
0.593114241001565,0.5656877897990726,0.5457463884430177,0.5428571428571428,0.5634005763688761,0.5692995529061102,0.5743893412287194,0.5506190823015294,0.5365507452093683,0.5438467207074429,0.5586592178770949,0.5581071677105081,0.5558698727015559,0.5565836298932384,0.5343007915567283
0.6129985228951256,0.6017316017316018,0.5821812596006144,0.5681492109038737,0.6196610169491525,0.6095505617977528,0.600828729281768,0.5942536790469517,0.5772357723577236,0.5756302521008403,0.6017344896597732,0.5894039735099338,0.5921938088829072,0.5906313645621182,0.5744286596664607
0.6206896551724138,0.6108303249097473,0.5965439519158527,0.5900216919739696,0.6217331499312242,0.6185421089879689,0.6103351955307262,0.5949367088607594,0.5914127423822715,0.5863284002818887,0.5937921727395412,0.5951417004048583,0.5991902834008097,0.590186592950933,0.5806045340050378
0.5991253644314869,0.578125,0.573343261355175,0.5320197044334976,0.5960890087660148,0.5867595818815331,0.5859697386519945,0.5646580907244414,0.5656836461126006,0.5579458709229702,0.5918503674014696,0.5797485109199206,0.5767195767195767,0.562962962962963,0.5583437892095358
0.6273653566229985,0.6007326007326007,0.5832083958020989,0.5675287356321839,0.6066481994459834,0.6183368869936035,0.6038781163434903,0.5796491228070175,0.5835616438356165,0.5756302521008403,0.5979661016949153,0.5848423876592891,0.5847632120796157,0.5759233926128591,0.5911139729555699
0.5911401597676107,0.5708092485549133,0.5645283018867925,0.5502494654312188,0.5910652920962199,0.5931131412508784,0.5822959889349931,0.5475701574264202,0.5644504748982361,0.5662228451296426,0.561707805203469,0.5638998682476943,0.562962962962963,0.5544959128065395,0.5526315789473685
0.6050420168067226,0.5707831325301205,0.5586854460093896,0.5522827687776142,0.5934844192634561,0.5812591508052709,0.5765379113018598,0.5704022988505747,0.5496503496503496,0.5552325581395349,0.5752461322081576,0.5453315290933695,0.5686411149825784,0.5654008438818565,0.5514079895219385
0.6456928838951311,0.621301775147929,0.6021505376344086,0.6022304832713755,0.6283309957924264,0.6345029239766082,0.6285300506879073,0.5903271692745377,0.5967628430682618,0.6029629629629629,0.6090592334494773,0.6049723756906077,0.6175438596491228,0.6016830294530154,0.5981912144702842
0.6211764705882353,0.5826893353941267,0.5737571312143439,0.5659801678108314,0.6016140865737344,0.6115326251896813,0.5942773294203962,0.5872659176029963,0.5691411935953421,0.5740458015267176,0.5940879596250901,0.5857142857142857,0.5934545454545455,0.5818181818181818,0.5695006747638327
0.593245227606461,0.5772005772005772,0.5662921348314607,0.5681159420289855,0.5810904071773637,0.5792426367461431,0.5901183020180932,0.5495557074504442,0.5610921501706485,0.5670391061452514,0.566621803499327,0.571813890761969,0.5695097380792478,0.5536799459824443,0.559029993618379
0.6310077519379845,0.5897631779984721,0.5825396825396826,0.5703479576399395,0.6095791001451378,0.6088235294117647,0.605925925925926,0.5756676557863502,0.5655270655270656,0.5735512630014858,0.5941302791696492,0.5898161244695899,0.5851216022889842,0.5797101449275363,0.5716189207195204
0.607115821347464,0.5767234988880652,0.5734824281150159,0.5566247224278312,0.585503166783955,0.5979228486646885,0.5892597968069666,0.5625899280575539,0.5555555555555556,0.5741839762611276,0.5818692902319045,0.5728021978021978,0.5708274894810659,0.5577464788732395,0.5578673602080624
0.6183206106870229,0.5965697240865027,0.5824782951854776,0.5450483991064781,0.6015460295151089,0.6116788321167883,0.6032880629020729,0.5793594306049822,0.5746320953048353,0.5668371073776479,0.5786941580756014,0.5810904071773637,0.5808671713695802,0.573436401967674,0.5731070496083551
0.616576297443842,0.5891354246365723,0.5750798722044729,0.5776061776061776,0.60431654676259,0.599406528189911,0.6014705882352941,0.5679012345679012,0.5796683489545782,0.5681989449886963,0.5843971631205673,0.5774647887323944,0.5885714285714285,0.5786802030456852,0.571619812583668
0.5973597359735974,0.5789056304520223,0.5616438356164384,0.5391849529780565,0.5835866261398176,0.5943775100401606,0.584831899921814,0.5587548638132296,0.552437223042836,0.5657998423955871,0.5790273556231003,0.5746436609152288,0.5618320610687023,0.5666412795125666,0.5521557719054242
0.5906735751295337,0.57856093979442,0.5668693009118541,0.5593098490294752,0.5781466113416321,0.5790229885057471,0.5718270571827058,0.5556333100069979,0.5557083906464925,0.5623229461756374,0.5645604395604396,0.5586068318821166,0.5610738255033557,0.5618591934381408,0.5547815072830906
0.6063750926612306,0.5693106004447739,0.5661252900232019,0.5507246376811594,0.5902777777777778,0.601590744757773,0.5853314527503526,0.5643564356435643,0.5688581314878892,0.5667380442541042,0.578050443081118,0.5611899932386748,0.5761092150170648,0.5736217725052338,0.5664739884393064
0.5517740767559739,0.5257950530035336,0.5215419501133787,0.5064935064935064,0.5479082321187584,0.5543018335684062,0.5513888888888889,0.5296551724137931,0.5173116089613035,0.5227750525578136,0.538104705102717,0.5326231691078562,0.5277777777777778,0.5273224043715847,0.5185185185185185
0.6398176291793313,0.6130728775356874,0.6110678098207326,0.5712250712250713,0.6252676659528907,0.6335040234089246,0.624910007199424,0.5941719971570718,0.5859697386519945,0.6009992862241256,0.6157082748948106,0.607911172796669,0.6026261230131306,0.6028169014084507,0.5949868073878628
0.6079295154185022,0.5823699421965318,0.5614035087719298,0.5519203413940256,0.5980926430517711,0.5937940761636107,0.5887978142076503,0.5708390646492435,0.5674044265593562,0.5434173669467787,0.5809018567639257,0.5840474620962426,0.5651595744680851,0.5643097643097643,0.5657320872274143
0.6501128668171557,0.6340394448502557,0.6177606177606177,0.6185873605947956,0.6484210526315789,0.6427030913012222,0.6522988505747126,0.6268446943078004,0.6163522012578616,0.6314285714285715,0.6260987153482083,0.6293515358361774,0.629043358568479,0.6295264623955432,0.6080821039127646
0.6329866270430906,0.5966930265995687,0.5924242424242424,0.5699928212491027,0.6153846153846154,0.6241234221598878,0.6095890410958904,0.5794261721483555,0.5737158105403602,0.5849189570119803,0.5917955615332885,0.5749674054758801,0.5963488843813387,0.5871934604904632,0.5724953329184816
0.6729241877256318,0.6368794326241135,0.6263817243920413,0.6176890156918687,0.6482106684672518,0.6465753424657534,0.6570247933884298,0.6125760649087221,0.6222518321119254,0.6231983527796843,0.6144736842105263,0.623841059602649,0.636241610738255,0.6084656084656085,0.6169154228855721
0.6159368269921034,0.5944055944055944,0.5826415094339623,0.5662228451296426,0.6018396846254928,0.6074895977808599,0.5915875169606513,0.5723727693324521,0.5695708712613784,0.5782312925170068,0.5840821566110398,0.5882352941176471,0.5912698412698413,0.5763157894736842,0.5650280024891101
0.620845921450151,0.6,0.5814138204924544,0.5775798069784707,0.6021052631578947,0.6143695014662757,0.6061472480343102,0.5824817518248175,0.5902335456475584,0.5821665438467207,0.5854341736694678,0.583732057416268,0.6008462623413258,0.5809187279151944,0.5822784810126582
0.6023346303501945,0.5681470137825421,0.5546623794212219,0.5376506024096386,0.5895196506550219,0.5856603773584905,0.5714285714285714,0.5466472303206997,0.5416666666666666,0.54724111866969,0.5651558073654391,0.5444207533759773,0.5660649819494585,0.544674767691208,0.5592991913746631
0.6086956521739131,0.5788712011577424,0.5517241379310345,0.5353535353535354,0.5859000684462696,0.5872340425531914,0.5902777777777778,0.5552447552447553,0.5724137931034483,0.5544412607449857,0.5590817015530047,0.5658338960162053,0.5708418891170431,0.5613793103448276,0.5564005069708492
0.6528189910979229,0.6306569343065693,0.6292974588938715,0.6206896551724138,0.6426092990978487,0.6370056497175142,0.6464788732394366,0.6116838487972509,0.6132785763175906,0.609429978888107,0.612272420768712,0.6139154160982264,0.6174863387978142,0.6082265677680377,0.6003824091778203
0.6017569546120058,0.582441113490364,0.5716440422322775,0.5687544996400288,0.5862304021813224,0.5857740585774058,0.5835065835065835,0.5560109289617486,0.5652173913043478,0.5665480427046263,0.5727762803234502,0.5679839249832552,0.5578231292517006,0.5571331981068289,0.5492424242424242
0.6042857142857143,0.5966850828729282,0.5809379727685325,0.5660639777468707,0.6036988110964333,0.608154803040774,0.6031957390146472,0.5714285714285714,0.5782975958414555,0.5838509316770186,0.5825864276568502,0.5792141951837769,0.5896934116112198,0.5822454308093995,0.5669099756690997
0.6025354213273676,0.5888475836431227,0.5771916214119472,0.5722801788375559,0.6009922041105599,0.5972523499638467,0.5980113636363636,0.556657223796034,0.5666199158485273,0.5612244897959183,0.5724137931034483,0.5702535983550377,0.5771626297577854,0.5664089950808152,0.5570599613152805
0.6242690058479532,0.6079545454545454,0.5940298507462687,0.5757358219669777,0.6159029649595688,0.6151685393258427,0.6101928374655647,0.587516960651289,0.5877659574468085,0.5813630041724618,0.5880812049770793,0.5938748335552596,0.5922459893048129,0.5897264843228819,0.578914535246413
0.6206384558277654,0.5975344452501813,0.5886909372579395,0.5802292263610315,0.6010854816824966,0.6163701067615658,0.5986111111111111,0.5775922059846903,0.5747282608695652,0.5845932325413967,0.5897435897435898,0.5790172642762285,0.579476861167002,0.587991718426501,0.5639751552795031
0.6482035928143712,0.6267348429510592,0.6119287374128582,0.5939306358381503,0.6273164035689773,0.6404084609773888,0.6251748251748251,0.6067415730337079,0.6077348066298343,0.6020260492040521,0.6114130434782609,0.6131883072739633,0.6135734072022161,0.6052631578947368,0.6156914893617021
0.6183431952662722,0.599549211119459,0.574980574980575,0.5791447861965492,0.6090592334494773,0.6045845272206304,0.6067577282530554,0.5722419928825623,0.5864022662889519,0.5730994152046783,0.5836200963523744,0.5871056241426612,0.5833333333333334,0.5789101203113942,0.5714285714285714
0.595648912228057,0.5737704918032787,0.5588235294117647,0.5419734904270986,0.5826989619377163,0.5919540229885057,0.5923295454545454,0.5551601423487544,0.5570328901329601,0.547985347985348,0.5603799185888738,0.5599455040871935,0.5648021828103683,0.5571929824561404,0.5561224489795918
0.6021671826625387,0.5834564254062038,0.5666400638467678,0.5492537313432836,0.5908127208480566,0.5797317436661699,0.5885797950219619,0.5693848354792561,0.5627165627165627,0.5581051073279053,0.5746320953048353,0.5710306406685237,0.5774647887323944,0.5754583921015515,0.5598958333333334
0.598159509202454,0.5722846441947566,0.5687053216838761,0.5451737451737452,0.5826210826210826,0.5926470588235294,0.5783308931185944,0.5511811023622047,0.5675287356321839,0.5703648548026806,0.5708274894810659,0.5666666666666667,0.5694249649368864,0.556657223796034,0.5512736773350752
0.6336047372316802,0.5941605839416059,0.5789068514241724,0.5752212389380531,0.6106133700895934,0.6156028368794326,0.6163522012578616,0.572822299651568,0.5832167832167832,0.581844174410293,0.5911528150134048,0.5890318212593094,0.5944103612815269,0.581267217630854,0.5659655831739961
0.6369811320754717,0.5911854103343465,0.5908028059236166,0.5682819383259912,0.60056258790436,0.6178390137781,0.5991501416430595,0.5730416372618208,0.5857860732232592,0.5884079236977257,0.585802894555479,0.5794907088781831,0.5924398625429553,0.5857740585774058,0.5827290705339486
0.6162962962962963,0.5931131412508784,0.578386605783866,0.5500705218617772,0.6040540540540541,0.6001405481377372,0.6001386001386001,0.5724043715846995,0.5723815877251501,0.5748757984386089,0.5898123324396782,0.580814717477004,0.5859269282814614,0.5805574439157036,0.5663824604141291
0.6104951958610495,0.5806916426512968,0.5766312594840668,0.5593705293276109,0.5876010781671159,0.5993031358885017,0.6009648518263266,0.5589041095890411,0.561662198391421,0.5609418282548476,0.569371727748691,0.5718085106382979,0.578167115902965,0.5585106382978723,0.5526153846153846
0.6326219512195121,0.6067415730337079,0.6001558846453624,0.5797101449275363,0.6135057471264368,0.6214442013129103,0.6076313894888409,0.5880681818181818,0.5830363506771205,0.5910753474762254,0.5984474241354976,0.5775327360441075,0.593006993006993,0.5887323943661972,0.5710508922670192
0.6094224924012158,0.6061057334326135,0.5835257890685143,0.5733235077376566,0.6103619588360539,0.5997109826589595,0.6034236804564908,0.5839829907866761,0.5722260990928123,0.5755603759942155,0.5913528591352859,0.5902097902097903,0.5874912157413914,0.5869106263194933,0.5766710353866317
0.6408921933085502,0.6083150984682714,0.6067588325652842,0.5781021897810219,0.6241426611796982,0.6256192498230715,0.6241234221598878,0.5870786516853933,0.5868512110726644,0.5879003558718862,0.5940860215053764,0.5978407557354926,0.6092896174863388,0.5951890034364261,0.579874213836478
0.6370023419203747,0.5939849624060151,0.5848142164781907,0.5753217259651779,0.6230215827338129,0.6144668158090977,0.6115214180206795,0.587892049598833,0.5931232091690545,0.5884123401053424,0.5941011235955056,0.5995747696669029,0.6023054755043228,0.5811001410437235,0.5926430517711172
0.6062931696085956,0.5819607843137254,0.5643086816720257,0.5578544061302682,0.5900216919739696,0.6044039483675019,0.5922684172137126,0.5510653930933137,0.5726872246696035,0.5686125852918877,0.5781584582441114,0.5706254392129304,0.5847701149425287,0.565121412803532,0.5592991913746631
0.6248153618906942,0.6068759342301944,0.6151491966335119,0.5790251107828656,0.6195426195426196,0.6386066763425254,0.6167023554603854,0.6,0.5913528591352859,0.6077586206896551,0.614010989010989,0.5970149253731343,0.6143154968728284,0.5965397923875433,0.5910563836681789
0.6073223259152908,0.5643564356435643,0.555886736214605,0.5438972162740899,0.5835579514824798,0.5881542699724518,0.5827633378932968,0.5454545454545454,0.5489673550966022,0.5572139303482587,0.5664662658650634,0.5589403973509933,0.5602649006622517,0.5572005383580081,0.5517668939863608
0.5989304812834224,0.5672082717872969,0.5596258768511302,0.5455904334828101,0.5740223463687151,0.586940572267058,0.5807829181494661,0.55,0.5543175487465181,0.5591866376180101,0.559774964838256,0.55286800276434,0.5594989561586639,0.5533101045296167,0.5562130177514792
0.6234756097560976,0.5714285714285714,0.5939490445859873,0.5723029839326702,0.6110711718188354,0.6182357301704967,0.614138438880707,0.5749456915278783,0.578001437814522,0.5813253012048193,0.5969101123595506,0.586013986013986,0.5905567300916138,0.5813788201847904,0.5846560846560847
0.6210374639769453,0.596100278551532,0.5860255447032306,0.5704225352112676,0.6144658261446583,0.605427974947808,0.6145479265805575,0.5831099195710456,0.5812417437252312,0.580511402902557,0.5957446808510638,0.6018276762402088,0.5863192182410424,0.5859788359788359,0.58307597282273
0.6272189349112426,0.6,0.5978260869565217,0.5751824817518248,0.6207376478775226,0.6221264367816092,0.6106442577030813,0.5870786516853933,0.5969529085872576,0.5861818181818181,0.5941536369816451,0.5981055480378891,0.5959183673469388,0.5825908156271419,0.5952533675432969
0.6435045317220544,0.6107091172214182,0.6047950502706884,0.5817923186344239,0.6137135098438561,0.6282051282051282,0.6181818181818182,0.596931659693166,0.5870445344129555,0.5879828326180258,0.5956580732700135,0.5948509485094851,0.6017820424948594,0.5984900480439259,0.575796178343949
0.5893792071802543,0.591715976331361,0.5641813989239047,0.5629188384214445,0.5870020964360587,0.5852601156069365,0.5848119233498935,0.5637010676156584,0.56884561891516,0.5687409551374819,0.5768967874231032,0.5817438692098093,0.5698478561549101,0.5762473647224174,0.5608194622279129
0.591304347826087,0.5705521472392638,0.5533980582524272,0.5426829268292683,0.5825958702064897,0.5649887302779865,0.5637982195845698,0.5443786982248521,0.5507868383404864,0.554290053151101,0.56,0.563845050215208,0.565406976744186,0.554670528602462,0.5372340425531915
0.6011904761904762,0.5792188651436994,0.5563218390804597,0.5266903914590747,0.5820178448867536,0.5863052781740371,0.56884561891516,0.5527426160337553,0.5587828492392808,0.5384073291050036,0.5689069925322471,0.5625841184387618,0.5530764029749831,0.5591098748261474,0.5580791693705386
0.6036308623298033,0.5908750934928946,0.5995316159250585,0.5567765567765568,0.6002865329512894,0.5973451327433629,0.5891696750902528,0.5809248554913294,0.5661971830985916,0.581549815498155,0.5770034843205575,0.5650661099512874,0.5778401122019635,0.5805535841022001,0.5600522193211488
0.5850746268656717,0.5682819383259912,0.5564950038431975,0.5380116959064327,0.5879888268156425,0.5823863636363636,0.5768688293370945,0.5448275862068965,0.5588850174216028,0.5608011444921316,0.563265306122449,0.5572207084468664,0.5624142661179699,0.5563186813186813,0.5483460559796438
0.5816249050873197,0.5629742033383915,0.5573248407643312,0.547945205479452,0.5714285714285714,0.5818452380952381,0.5654374548083876,0.5467730239303843,0.5432451751250893,0.5558019216555802,0.5571929824561404,0.5540823447313329,0.5590941259731068,0.5442857142857143,0.536745406824147
0.5972644376899696,0.554364471669219,0.5569823434991974,0.5231939163498099,0.5744832501781896,0.5874439461883408,0.5802197802197803,0.5428784489187174,0.5407354001441961,0.5414448669201521,0.5693848354792561,0.5508058864751226,0.5632594710507506,0.5442670537010159,0.5445094217024041
0.6043707611152976,0.5695167286245353,0.5662745098039216,0.5484109386548411,0.5768421052631579,0.6,0.5860597439544808,0.5606276747503567,0.5497896213183731,0.5630372492836676,0.5722145804676754,0.55858310626703,0.5698324022346368,0.5622377622377622,0.5515898767034393
0.6041979010494752,0.5786350148367952,0.566953797963978,0.547945205479452,0.584958217270195,0.5891696750902528,0.5904486251808972,0.5494978479196556,0.5655853314527504,0.5490483162518301,0.5738278516445067,0.5706254392129304,0.5704323570432357,0.5563380281690141,0.5611979166666666
0.6010518407212622,0.5846833578792342,0.5749613601236476,0.5412778176597272,0.5945186226282502,0.5969718817591925,0.5816398037841626,0.5722222222222222,0.5614754098360656,0.5782792665726375,0.5720136518771332,0.5714285714285714,0.5686944634313056,0.5722070844686649,0.5671447196870926
0.5908063300678221,0.5440956651718983,0.5376999238385377,0.5361131794489948,0.5585964912280702,0.5639575971731449,0.5584691708008505,0.5271966527196653,0.5405027932960894,0.53954802259887,0.5346938775510204,0.5395095367847411,0.539768864717879,0.5338809034907598,0.5297092288242731
0.6068855084067254,0.5766192733017378,0.5607476635514018,0.555640828856485,0.5946348733233979,0.6023346303501945,0.5979073243647235,0.5501519756838906,0.5743589743589743,0.5551272166538165,0.5639152666179693,0.5654374548083876,0.5703758290346352,0.5695067264573991,0.5696465696465697
0.6334630350194552,0.6158583525789069,0.5860688550840673,0.5742725880551302,0.6226415094339622,0.6205882352941177,0.6179693206720234,0.5938668661181751,0.5929139551699205,0.5880574452003023,0.5914285714285714,0.5923295454545454,0.5905172413793104,0.5856832971800434,0.5947403910991234
0.632428466617755,0.6102675343456254,0.595292331055429,0.5767309064953604,0.6206425153793574,0.6300211416490487,0.6190803019903912,0.598314606741573,0.577027027027027,0.5846153846153846,0.6066350710900474,0.5889407061958695,0.6020477815699659,0.5912806539509536,0.5924504158669226
0.6020260492040521,0.5737109658678287,0.5457317073170732,0.5467322557976106,0.5831649831649832,0.5896193771626298,0.5838509316770186,0.5401360544217687,0.5501008742434432,0.5515789473684211,0.5589403973509933,0.557246856386499,0.5614506380120886,0.5518169582772544,0.5479282622139765
0.601418439716312,0.5654596100278552,0.5622254758418741,0.5595489781536294,0.5731147540983607,0.5880740233036327,0.5834464043419267,0.567143830947512,0.5584158415841585,0.5647382920110193,0.5729303547963206,0.5645994832041343,0.5718032786885245,0.5620915032679739,0.5544794188861986
0.6430594900849859,0.6167832167832168,0.6170678336980306,0.6082758620689656,0.6339522546419099,0.6401098901098901,0.6311530681051922,0.6046511627906976,0.5961917268548916,0.6114130434782609,0.6141732283464567,0.6052801030264006,0.6196078431372549,0.6037735849056604,0.6023355869698832
0.5911477869467366,0.5692883895131086,0.5598755832037325,0.5421956684092606,0.5656424581005587,0.5834542815674891,0.5669064748201439,0.5444126074498568,0.5504587155963303,0.5446623093681917,0.5577190542420027,0.5513439007580979,0.5533101045296167,0.5608540925266904,0.549967341606793
0.5878693623639192,0.5646687697160884,0.5320356853203568,0.5324074074074074,0.5737463126843658,0.5716417910447761,0.5676855895196506,0.5420420420420421,0.5377289377289377,0.540090771558245,0.5526127415891195,0.5459729151817534,0.5546819156540386,0.5423976608187134,0.5475543478260869
0.5480769230769231,0.5317829457364341,0.5120532003325021,0.5132192846034215,0.5378398236590742,0.5376999238385377,0.5414110429447853,0.495916852264291,0.5065502183406113,0.5182311869666408,0.515850144092219,0.5192168237853517,0.5168869309838473,0.5021897810218978,0.5103817816476892
0.6230483271375464,0.6055312954876274,0.5946768060836501,0.5734767025089605,0.606726149622512,0.6127659574468085,0.60056258790436,0.5836849507735584,0.5724043715846995,0.5927505330490405,0.601360544217687,0.5887913571910871,0.5847400405131667,0.5897610921501707,0.5796915167095116
0.6096491228070176,0.5830363506771205,0.5631929046563193,0.5651558073654391,0.5826028320971005,0.588317107093185,0.5914127423822715,0.5640326975476839,0.5569453587886768,0.5692414752957551,0.5712401055408971,0.575818303273213,0.5733333333333334,0.5668874172185431,0.5588052271313005
0.6041055718475073,0.5689404934687954,0.5554705432287682,0.547550432276657,0.5830508474576271,0.5890603085553997,0.5871812543073742,0.545201668984701,0.5605442176870749,0.5418439716312057,0.5701058201058201,0.5655629139072847,0.562082777036048,0.5578512396694215,0.5536159600997507
0.5989544436146378,0.5782414307004471,0.5532915360501567,0.5446494464944649,0.5942936673625608,0.5867828612926652,0.5828651685393258,0.5679886685552408,0.5728088336783989,0.5638067772170151,0.5835065835065835,0.5745704467353951,0.5744089012517385,0.5760111576011158,0.5760940561724364
0.6242774566473989,0.5762473647224174,0.5866466616654163,0.5586592178770949,0.6030483764082174,0.6110344827586207,0.5953488372093023,0.564276048714479,0.5530253741054001,0.5680390788555478,0.5775470473718365,0.5703275529865125,0.5837696335078534,0.5609436435124509,0.5639781685870224
0.5980754996299038,0.5835156819839533,0.5740181268882175,0.5606936416184971,0.5786941580756014,0.5941011235955056,0.5888111888111888,0.5668073136427567,0.5638888888888889,0.5694050991501416,0.5625841184387618,0.5641025641025641,0.5698704839809134,0.565726083964212,0.5495327102803739
0.6170678336980306,0.574271499644634,0.5739910313901345,0.5532523230879199,0.5916442048517521,0.5968077723802915,0.5939226519337016,0.5589041095890411,0.5698996655518395,0.5655853314527504,0.576,0.5765171503957783,0.5799601857996018,0.5633802816901409,0.5660377358490566
0.5940879596250901,0.5850533807829181,0.5593984962406015,0.5355884425651868,0.592140921409214,0.5852981969486823,0.5774456521739131,0.5643153526970954,0.5731462925851704,0.5551651440618411,0.5777184789859907,0.5827290705339486,0.5647840531561462,0.5720053835800808,0.573408947700063
0.621875,0.6012364760432767,0.5803858520900321,0.5718654434250765,0.5969275786393563,0.59375,0.6010362694300518,0.5754231052244297,0.5753823743627094,0.5742424242424242,0.5772005772005772,0.5792114695340502,0.5826086956521739,0.5726681127982647,0.5827633378932968
0.636568848758465,0.6004447739065975,0.5948876839659178,0.5755603759942155,0.61731843575419,0.631578947368421,0.6141953619114546,0.5902335456475584,0.5794261721483555,0.5905848787446505,0.5946684894053315,0.584573748308525,0.6052631578947368,0.6020905923344948,0.5902280130293159
0.6359375,0.5929798356982823,0.580177276390008,0.5585185185185185,0.6111111111111112,0.6187265917602996,0.611151339608979,0.5726872246696035,0.5856432125088842,0.5710059171597633,0.5792811839323467,0.5769764216366158,0.5821529745042493,0.579100145137881,0.5755968169761273
0.6066066066066066,0.5790251107828656,0.5705705705705706,0.5697841726618705,0.5883977900552486,0.5911330049261084,0.5961945031712473,0.5622377622377622,0.5567715458276333,0.5669957686882934,0.5733695652173914,0.5747282608695652,0.5720164609053497,0.5656016315431679,0.5593869731800766
0.6358897989575577,0.615727002967359,0.5882352941176471,0.5830860534124629,0.6214135759272218,0.6301969365426696,0.6191155492154066,0.5832167832167832,0.590186592950933,0.6004350978970269,0.6135895676046671,0.5952542372881356,0.6106133700895934,0.6002805049088359,0.5908790482485129
0.6371951219512195,0.6074626865671642,0.6177174780526736,0.5931445603576752,0.6257928118393234,0.6375092661230541,0.6190476190476191,0.5989847715736041,0.5982905982905983,0.6182634730538922,0.6201550387596899,0.6150656530753282,0.6207386363636364,0.6077032810271041,0.6054922973878097
0.6032934131736527,0.5737827715355805,0.5647425897035881,0.55096011816839,0.5911949685534591,0.5890804597701149,0.5792044661549197,0.5574468085106383,0.5694249649368864,0.5536480686695279,0.5655737704918032,0.5675675675675675,0.5690834473324213,0.556786703601108,0.563181526619628
0.6098149637972646,0.5832012678288431,0.5728813559322034,0.5682362330407024,0.5946745562130178,0.6040061633281972,0.601823708206687,0.5635528330781011,0.5678650036683786,0.5752351097178683,0.5760470242468773,0.5724533715925395,0.5842026825633383,0.5646004480955937,0.5722145804676754
0.6055718475073314,0.5651245551601424,0.5530642750373692,0.5449398443029017,0.5856950067476383,0.584958217270195,0.5896193771626298,0.5548567435359888,0.5369753497668222,0.5429169574319609,0.5689540306462358,0.5712383488681758,0.5667324128862591,0.5443629086057371,0.5498154981549815
0.6167800453514739,0.5976505139500734,0.577639751552795,0.5768072289156626,0.604551920341394,0.5901639344262295,0.5984138428262437,0.5702066999287242,0.5808720112517581,0.5737226277372263,0.5722108145106092,0.580289455547898,0.5829846582984658,0.5716282320055905,0.5708661417322834
0.6026587887740029,0.5693950177935944,0.5618830675778284,0.5449358059914408,0.5878332194121668,0.577683615819209,0.5954198473282443,0.5495118549511855,0.5516778523489932,0.5504201680672269,0.5660377358490566,0.5633245382585752,0.5682267633487146,0.5626283367556468,0.5419515226848974
0.6092814371257484,0.5867269984917044,0.5823575331772053,0.5718562874251497,0.5905024088093599,0.6102675343456254,0.6101211689237348,0.5685714285714286,0.5692307692307692,0.5770065075921909,0.5843003412969283,0.5878284923928078,0.5829285218598196,0.5706332637439109,0.5708860759493671
0.6394265232974911,0.622412562455389,0.6130952380952381,0.5876508161816891,0.6225165562913907,0.6407355021216408,0.6283367556468172,0.6071428571428571,0.5993265993265994,0.6043265875785067,0.6176470588235294,0.604044357469015,0.6177451634422949,0.6096904441453567,0.6006309148264984
0.6245461147421931,0.582078853046595,0.5757575757575758,0.5627266134880348,0.5900537634408602,0.6041666666666666,0.6062283737024221,0.5648854961832062,0.5739726027397261,0.5568904593639576,0.5870445344129555,0.5813333333333334,0.576043068640646,0.5665529010238908,0.5735944409349337
0.6302521008403361,0.6048714479025711,0.6008583690987125,0.5872053872053872,0.612427930813581,0.6220419202163624,0.6156888595912986,0.5963541666666666,0.5851804939835339,0.5956029313790806,0.6102987921169739,0.5963360707517372,0.598978288633461,0.6005121638924455,0.5849615156897573
0.5959059893858984,0.5873493975903614,0.5696,0.546969696969697,0.5889921372408864,0.6052044609665428,0.5898353614889048,0.5679012345679012,0.5617501764290755,0.5722801788375559,0.5700211118930331,0.5730337078651685,0.5829787234042553,0.5753228120516499,0.5635286372613562
0.6151582045621781,0.5945165945165946,0.5894897182025894,0.5772298767222626,0.6066802999318337,0.6154939587775409,0.6148459383753502,0.573025856044724,0.5836734693877551,0.5873129009265858,0.5837256220578345,0.5803452855245684,0.5979522184300341,0.5858310626702997,0.5826972010178118
0.6302003081664098,0.5888475836431227,0.5804916732751785,0.5868263473053892,0.603399433427762,0.6102449888641426,0.6046176046176046,0.5734974656046343,0.5666199158485273,0.5933085501858736,0.598458304134548,0.5897790055248618,0.6012702893436839,0.5886524822695035,0.5721750489875899
0.6090651558073654,0.584333098094566,0.5729089563286455,0.5582693649685974,0.5927392739273928,0.5969738651994498,0.5951742627345844,0.5538461538461539,0.5729442970822282,0.5682758620689655,0.5677749360613811,0.5785016286644951,0.5836627140974967,0.5674967234600262,0.5601935874168179
0.5878084179970973,0.5667613636363636,0.5463994060876021,0.5289139633286318,0.573549257759784,0.5720164609053497,0.5724137931034483,0.5368492224475997,0.5581081081081081,0.5405405405405406,0.5491749174917492,0.5615435795076513,0.5537024683122082,0.5437541750167001,0.5572949279899813
0.6076134699853587,0.5856832971800434,0.5757806549885758,0.5535324107793154,0.5808625336927223,0.5874912157413914,0.5785813630041725,0.5589638718473074,0.5605958023019635,0.5615275813295615,0.568,0.5695097380792478,0.5660881174899867,0.5650406504065041,0.5570890840652447
0.6291390728476821,0.5839188134270101,0.587551867219917,0.5700712589073634,0.6039676708302718,0.6069498069498069,0.6192660550458715,0.5712121212121212,0.5699558173784978,0.5718725718725719,0.5730909090909091,0.5681326604181687,0.5948339483394834,0.579064587973274,0.5728021978021978
0.6074411541381929,0.5779748706577975,0.5660377358490566,0.5577926920208799,0.5911047345767575,0.5841088045812455,0.5859318346627991,0.5531004989308624,0.5672061928219564,0.5526127415891195,0.554016620498615,0.5662482566248257,0.5623268698060941,0.5552447552447553,0.56158940397351
0.6449659348978047,0.6087602078693393,0.6070038910505836,0.5850832729905865,0.6200139958012596,0.6384839650145773,0.6303724928366762,0.5884861407249466,0.5904365904365905,0.6061046511627907,0.603042876901798,0.6056434962147281,0.6139860139860139,0.5970567624386826,0.5915857605177993
0.6278366111951589,0.5897631779984721,0.5825396825396826,0.5828313253012049,0.6057222609909281,0.6018991964937911,0.6113475177304964,0.5636623748211731,0.5688073394495413,0.5752212389380531,0.578114246386786,0.5836791147994468,0.5828729281767956,0.5740350877192982,0.5785016286644951
0.6166541635408852,0.5857988165680473,0.5895230648944488,0.5760470242468773,0.6037473976405274,0.6211901306240929,0.6108726752503576,0.5732574679943101,0.5762237762237762,0.5753823743627094,0.5888812628689087,0.5805142083897158,0.5818935729094679,0.5734265734265734,0.5756985055230669
0.616576297443842,0.5752808988764045,0.5668276972624798,0.5587786259541985,0.6005665722379604,0.6008902077151336,0.6083150984682714,0.5503931379556827,0.559774964838256,0.552437223042836,0.5734072022160664,0.5734072022160664,0.5744234800838575,0.5631205673758866,0.5690104166666666
0.631578947368421,0.6203773584905661,0.5968503937007874,0.5867269984917044,0.6187455954897816,0.6205882352941177,0.6173725771715721,0.5882352941176471,0.5917496443812233,0.6,0.6065232477446217,0.6012439530062198,0.6075418994413407,0.597457627118644,0.5942320590207915
0.6131045241809673,0.5763779527559055,0.5679214402618658,0.5496425734710088,0.5903790087463557,0.6063348416289592,0.6036036036036037,0.5679574791192104,0.562874251497006,0.5631216526396328,0.5734974656046343,0.5677045619116582,0.5837600585223116,0.5742275810097965,0.5675119945167924
0.6313432835820896,0.5710144927536231,0.5891472868217055,0.579520697167756,0.6062670299727521,0.6271428571428571,0.6120448179271709,0.5640307907627712,0.5669612508497621,0.5966930265995687,0.5897435897435898,0.584493041749503,0.5993174061433447,0.5793758480325645,0.5806451612903226
0.6114839671886652,0.5745775165319618,0.5716547901821061,0.5487256371814093,0.5883977900552486,0.6094545454545455,0.6073968705547653,0.5502494654312188,0.5658536585365853,0.5619116582186822,0.5694822888283378,0.572980312287848,0.5755894590846047,0.5608391608391609,0.55625
0.6878154289834174,0.6525722339675828,0.6417682926829268,0.6049469964664311,0.6617647058823529,0.6811797752808989,0.6711864406779661,0.6315068493150685,0.6317204301075269,0.6300417246175244,0.6445182724252492,0.6361854996734161,0.6451178451178451,0.6332203389830509,0.6369905956112852
0.5822592873388931,0.5483870967741935,0.5428796223446105,0.5135542168674698,0.5649717514124294,0.5708061002178649,0.5621007806955287,0.5354558610709117,0.5416963649322879,0.5381231671554252,0.5552486187845304,0.5515818431911967,0.5474402730375426,0.5423487544483986,0.5376205787781351
0.6559532505478451,0.6217391304347826,0.6228748068006182,0.6071169208424111,0.631935047361299,0.6466380543633763,0.6329639889196675,0.6030640668523677,0.6066350710900474,0.6118980169971672,0.6127946127946128,0.6063408190224571,0.6227951153324288,0.6151724137931035,0.5952380952380952
0.6257309941520468,0.6016023306627822,0.6021505376344086,0.5789090909090909,0.6210670314637483,0.6224417784050812,0.6200692041522491,0.5879043600562588,0.5912208504801097,0.595561918396564,0.6028131279303416,0.6021220159151194,0.6124401913875598,0.5951890034364261,0.5950413223140496
0.6071179344033496,0.5887151597552686,0.5768958185683912,0.5645161290322581,0.5916398713826366,0.6016042780748663,0.5946299934512115,0.5518565941101152,0.5613810741687979,0.5710526315789474,0.575031525851198,0.5678391959798995,0.5874840357598978,0.5643627140139506,0.5709001233045623
0.6187363834422658,0.6096333572969087,0.5887573964497042,0.5755813953488372,0.6018766756032171,0.6052631578947368,0.6054794520547945,0.5797101449275363,0.5847400405131667,0.577247191011236,0.5836680053547524,0.5847797062750334,0.5811623246492986,0.5866302864938608,0.5659203980099502
0.6142433234421365,0.6042120551924474,0.5996932515337423,0.5693950177935944,0.6152787336545079,0.6154939587775409,0.611731843575419,0.5864453665283541,0.5750332005312085,0.5773768216516308,0.6061827956989247,0.5927903871829105,0.5890318212593094,0.5800807537012113,0.5799492385786802
0.6343612334801763,0.6103703703703703,0.5926493108728943,0.5703865791393143,0.6228610540725531,0.6115357887421821,0.6111493461803166,0.5827538247566064,0.5795918367346938,0.5819209039548022,0.6012024048096193,0.5823957643944407,0.5953678474114441,0.5871056241426612,0.5703470031545741
0.607916355489171,0.588855421686747,0.5592563903950426,0.5573770491803278,0.5923875432525951,0.5886575735821967,0.5837455830388693,0.5512909979064898,0.5673959068454482,0.5552367288378766,0.5745704467353951,0.5782967032967034,0.5777470628887353,0.5631868131868132,0.5716162943495401
0.5986290936785986,0.5654450261780105,0.5647058823529412,0.5426695842450766,0.5833924769339958,0.5912040374909877,0.5801418439716312,0.5531004989308624,0.5539318023660403,0.5588447653429602,0.5624142661179699,0.5545641729581332,0.5623268698060941,0.5564853556485355,0.5529411764705883
0.6034063260340633,0.5787831513260531,0.5820280296784831,0.5718799368088467,0.5935386927122465,0.607555898226677,0.5996978851963746,0.5731432858214554,0.5630498533724341,0.5752143413873734,0.5758241758241758,0.575402635431918,0.5864884929472903,0.5852568875651526,0.5563808237677245
0.6543704891740176,0.6246105919003115,0.6138613861386139,0.593050193050193,0.6284032376747608,0.6319018404907976,0.6352583586626139,0.6032934131736527,0.5947955390334573,0.612681436210848,0.6205882352941177,0.6148255813953488,0.6217995610826628,0.6076696165191741,0.6133333333333333
0.6554105909439755,0.6304023845007451,0.627172195892575,0.609992542878449,0.639378969654199,0.6406480117820325,0.634393063583815,0.619942196531792,0.6092436974789915,0.6154970760233918,0.6277269528501056,0.6207845836200964,0.6193820224719101,0.6137787056367432,0.6070038910505836
0.6276211135213304,0.5880681818181818,0.5880640465793304,0.5596072931276297,0.601063829787234,0.6084546084546084,0.5976696367374914,0.5696887686062246,0.5721997300944669,0.5734072022160664,0.5859788359788359,0.5769980506822612,0.5758957654723127,0.5762032085561497,0.575031525851198
0.6367098248286367,0.5851462865716429,0.5953711093375897,0.5694444444444444,0.6162624821683309,0.6220588235294118,0.6055833929849678,0.5736994219653179,0.5712240515390121,0.5842026825633383,0.5876577840112202,0.5889741800418702,0.5931131412508784,0.5744530698659139,0.5758754863813229
0.618421052631579,0.5992779783393501,0.5876132930513596,0.5833333333333334,0.5993265993265994,0.6086350974930362,0.6043569922698524,0.5745704467353951,0.5787694388100068,0.5839721254355401,0.5904505716207128,0.585953177257525,0.5917955615332885,0.5885558583106267,0.5756035578144854
0.6426931905126243,0.6132145508537491,0.6078125,0.5769230769230769,0.6262203626220363,0.6327272727272727,0.6157142857142858,0.5923295454545454,0.5784313725490197,0.6021978021978022,0.6087551299589603,0.5903859174001355,0.6079779917469051,0.5929509329647547,0.5844980940279543
0.621283255086072,0.6270928462709284,0.6038647342995169,0.5883256528417818,0.6316557257476295,0.6222222222222222,0.6154981549815498,0.6091445427728613,0.5997109826589595,0.5912786400591279,0.6089425124201562,0.5950877192982457,0.5998568360773086,0.6014492753623188,0.5869134170522141
0.6222910216718266,0.5765625,0.579499596448749,0.5602455871066769,0.6058394160583942,0.6142322097378277,0.6041055718475073,0.5617647058823529,0.5678650036683786,0.562874251497006,0.5742857142857143,0.5706214689265536,0.5885714285714285,0.5672937771345875,0.5635507733691997
0.6134387351778656,0.5727341964965728,0.5711947626841244,0.5453172205438066,0.5853304284676834,0.6025934401220442,0.597479614529281,0.5529411764705883,0.5546819156540386,0.5638297872340425,0.5646551724137931,0.5639204545454546,0.5812090313182812,0.5620915032679739,0.5623735670937289
0.6515625,0.624712202609363,0.6129032258064516,0.6056971514242878,0.6395348837209303,0.6401202103681443,0.636296840558413,0.6095940959409594,0.6031518624641834,0.6102449888641426,0.6084507042253521,0.6102169349195241,0.6175637393767706,0.6004288777698356,0.6028131279303416
0.6183500385505012,0.6017830609212481,0.5843045843045843,0.5746606334841629,0.6042857142857143,0.5939572586588062,0.5946745562130178,0.578125,0.5688202247191011,0.577259475218659,0.5844428871758934,0.5786516853932584,0.5782456140350877,0.5710286913925823,0.5638649900727994
0.6080691642651297,0.596820809248555,0.5939849624060151,0.5614783226723525,0.6101231190150479,0.6128133704735376,0.610655737704918,0.5809128630705395,0.5748824714573539,0.5801526717557252,0.5923949299533022,0.5953488372093023,0.6032171581769437,0.5836154366960055,0.569628229363579
0.617439120188531,0.5982905982905983,0.5814138204924544,0.5885022692889561,0.6102941176470589,0.6041666666666666,0.6025354213273676,0.5766691122523845,0.5879797248370746,0.586053412462908,0.5921146953405018,0.58840372226199,0.5902828136330674,0.5871294287780188,0.575880758807588
0.5965166908563135,0.5706214689265536,0.5608856088560885,0.5477888730385164,0.5869134170522141,0.6,0.5828804347826086,0.5526492287055668,0.5659377070907886,0.5484089370345294,0.5710577547047372,0.5716145833333334,0.566579634464752,0.5584158415841585,0.5623836126629422
0.5903698534542917,0.5745405037440435,0.549530007230658,0.5486725663716814,0.5788113695090439,0.581989247311828,0.5795379537953795,0.5500322788896062,0.564993564993565,0.5546666666666666,0.5638432364096081,0.5632549268912905,0.5686777920410783,0.5603063178047224,0.5538832028898254
0.6131498470948012,0.5761440360090022,0.562111801242236,0.5563798219584569,0.5990202939118264,0.6014598540145986,0.5949820788530465,0.551092318534179,0.5679886685552408,0.5599415204678363,0.5792724776938916,0.5792724776938916,0.585635359116022,0.5652477320307048,0.5727391874180865
0.612681436210848,0.5795369678864825,0.5696498054474708,0.5485544848035582,0.5866666666666667,0.5975164353542732,0.5952208544532948,0.5588652482269504,0.5600568585643213,0.5555555555555556,0.5783633841886269,0.5806001395673412,0.5754385964912281,0.5683912119064494,0.5575279421433268
0.6223662884927067,0.6032,0.5805921052631579,0.5615141955835962,0.6092124814264487,0.6032482598607889,0.6065699006875478,0.5796661608497724,0.5652818991097923,0.5722983257229832,0.5967503692762186,0.5859030837004405,0.5881481481481482,0.5777126099706745,0.5687203791469194
0.6254709871891485,0.6196769456681351,0.6203703703703703,0.5947136563876652,0.6199722607489597,0.6323422770123278,0.6236711552090716,0.5918653576437588,0.5980528511821975,0.6134880348078318,0.6069246435845214,0.6085192697768763,0.6131487889273356,0.6020761245674741,0.5887611749680716
0.6269781461944235,0.586940572267058,0.5678820791311094,0.5726872246696035,0.6019417475728155,0.6142857142857143,0.601418439716312,0.5740479548660085,0.580289455547898,0.5794392523364486,0.5774744027303754,0.5848670756646217,0.5855670103092784,0.5743660041124058,0.5807717462393721
0.5969465648854961,0.5722846441947566,0.5807453416149069,0.5577926920208799,0.5853314527503526,0.5989621942179392,0.5793201133144475,0.576978417266187,0.5551601423487544,0.5745140388768899,0.5663474692202463,0.5698630136986301,0.5720192970365265,0.5734265734265734,0.5691803278688524
0.6077684691546078,0.5929878048780488,0.5817888799355359,0.5567484662576687,0.5995747696669029,0.6208425720620843,0.6085693536673928,0.5705882352941176,0.5726495726495726,0.5737704918032787,0.5911330049261084,0.5819444444444445,0.5888181174805379,0.5691868758915835,0.5652741514360313
0.600151171579743,0.5751445086705202,0.5813777441332324,0.5668371073776479,0.5940730530668504,0.601590744757773,0.5983026874115983,0.56884561891516,0.5722108145106092,0.586628324946082,0.5868673050615595,0.5737483085250338,0.5847632120796157,0.5767123287671233,0.5688311688311688
0.6219956300072833,0.5937726285300506,0.5894736842105263,0.5693536673928831,0.6054054054054054,0.6099092812281927,0.6150656530753282,0.5878236529041287,0.5778382053025153,0.5791341376863024,0.6089309878213802,0.5977318212141428,0.5917955615332885,0.5892002734107997,0.5784190715181933
0.637379002233805,0.5982274741506647,0.5881435257410297,0.5796038151137197,0.6284530386740331,0.6323422770123278,0.6284501061571125,0.5806906272022551,0.5933609958506224,0.5785358919687278,0.6012269938650306,0.6075085324232082,0.6037991858887382,0.5863509749303621,0.5943877551020408
0.6301775147928994,0.5893371757925072,0.588957055214724,0.5623188405797102,0.5990404386566142,0.6139860139860139,0.6201117318435754,0.5618915159944368,0.575880758807588,0.5803698435277382,0.5947403910991234,0.593186372745491,0.5945578231292517,0.5766374071573261,0.5777777777777777
0.6153846153846154,0.5951219512195122,0.5781021897810219,0.5676056338028169,0.5978552278820375,0.5904505716207128,0.5911528150134048,0.5742971887550201,0.573694646397885,0.5655456417295813,0.5805609915198956,0.5764248704663213,0.5778069599474721,0.564736499674691,0.5611246943765281
0.5984615384615385,0.55125284738041,0.5416666666666666,0.526235741444867,0.5744832501781896,0.5803108808290155,0.5737226277372263,0.5362637362637362,0.5373563218390804,0.5445103857566765,0.5569620253164557,0.5581395348837209,0.5574468085106383,0.5525179856115108,0.5452145214521452
0.6530920060331825,0.6207928197456993,0.6031746031746031,0.5946768060836501,0.6400570206699929,0.6346433770014556,0.6397111913357401,0.6002886002886003,0.6022727272727273,0.5995623632385121,0.61731843575419,0.6139860139860139,0.6152768044849334,0.6068376068376068,0.6003949967083607
0.6226870474658085,0.5992217898832685,0.589527027027027,0.5832681782642689,0.6132145508537491,0.6287051482059283,0.6190114068441065,0.5800604229607251,0.5756240822320118,0.5815384615384616,0.589010989010989,0.5822416302765647,0.5965697240865027,0.5718540580789278,0.5763648928818245
0.6346300533943554,0.6041055718475073,0.5873015873015873,0.5752212389380531,0.6210746685275645,0.6351550960118169,0.6164772727272727,0.5839210155148096,0.5820689655172414,0.585511575802838,0.5941536369816451,0.5834464043419267,0.6069160197600565,0.596221133659902,0.5861618798955613
0.6296018031555222,0.5929203539823009,0.5786646201074443,0.5920471281296024,0.6086360520904729,0.6028368794326241,0.6195804195804195,0.5746164574616457,0.5747126436781609,0.5795860099928622,0.5880758807588076,0.5907568653717348,0.6013513513513513,0.5827725437415882,0.5692883895131086
0.6375282592313489,0.6185873605947956,0.6075353218210361,0.600896860986547,0.630901287553648,0.6214442013129103,0.6290672451193059,0.6007168458781362,0.6038001407459536,0.5992673992673992,0.607681755829904,0.605427974947808,0.6106133700895934,0.6019690576652602,0.5926892950391645
0.6129753914988815,0.5848375451263538,0.5758275596612779,0.5624103299856528,0.6008230452674898,0.6017191977077364,0.6046831955922864,0.5666666666666667,0.5581081081081081,0.5762952448545068,0.5756756756756757,0.5731462925851704,0.5800807537012113,0.5661411925976696,0.5593434343434344
0.6335311572700296,0.6088856518572469,0.5977186311787073,0.5941176470588235,0.6199312714776632,0.6244665718349929,0.6239436619718309,0.5887265135699373,0.6033519553072626,0.5901875901875901,0.6066350710900474,0.5986577181208054,0.6078028747433265,0.601123595505618,0.5859226379201015
0.6153846153846154,0.5743893412287194,0.5748598879103283,0.5611402850712678,0.5833924769339958,0.6043058648849294,0.5963636363636363,0.5539772727272727,0.556401384083045,0.5632352941176471,0.5557865557865558,0.5554789800137836,0.5706174591909156,0.5636363636363636,0.5502920181700195
0.5732383214568487,0.5527950310559007,0.5308441558441559,0.5302681992337165,0.565121412803532,0.5591397849462365,0.5572065378900446,0.537714712471994,0.5269286754002911,0.5404580152671755,0.5505780346820809,0.5396825396825397,0.5609934258582907,0.5315904139433552,0.5272479564032697
0.6170212765957447,0.6052434456928839,0.5667447306791569,0.5693106004447739,0.6140845070422535,0.6128093158660844,0.603264726756565,0.5842217484008528,0.578397212543554,0.5762463343108505,0.6037215713301172,0.6006825938566553,0.5865384615384616,0.5965909090909091,0.5951283739302172
0.6120058565153733,0.5826538176426983,0.586707410236822,0.5642167780252413,0.5929993136582018,0.6031073446327684,0.6012613875262789,0.5712270803949224,0.5688202247191011,0.5703865791393143,0.5852002715546504,0.576271186440678,0.5752869682646861,0.5716272600834492,0.5674653215636822
0.6389099167297502,0.6172284644194757,0.6052631578947368,0.5674281503316139,0.6161473087818697,0.6176890156918687,0.6177105831533477,0.5971631205673759,0.5883180858550316,0.5883190883190883,0.5982203969883642,0.5863945578231292,0.5936010891763104,0.5980528511821975,0.5810126582278481
0.6088173547935619,0.5854341736694678,0.5671213208901651,0.5487214927436075,0.5922077922077922,0.5812080536912752,0.5892501658925017,0.5565102445472571,0.5589005235602095,0.5525606469002695,0.5666666666666667,0.5719769673704415,0.5650224215246636,0.5537459283387622,0.5581675708257987
0.6497829232995659,0.6228571428571429,0.6082949308755761,0.591304347826087,0.6174318030605456,0.6393210749646393,0.6288873531444368,0.5944444444444444,0.6111869031377899,0.5958363244795406,0.602280348759222,0.5958858659588586,0.6092265943012212,0.5959183673469388,0.5964467005076142
0.5978755690440061,0.5782771535580524,0.5653876272513704,0.5650887573964497,0.5833333333333334,0.5893648449039882,0.5805054151624549,0.5642498205312275,0.5635593220338984,0.564327485380117,0.5664578983994433,0.5664578983994433,0.5748587570621468,0.5738515901060071,0.5626229508196722
0.6093862815884477,0.5966690803765388,0.5599393019726859,0.545968882602546,0.5978552278820375,0.6039603960396039,0.5857627118644068,0.5597269624573379,0.5695097380792478,0.5562543675751223,0.5840589417280643,0.5748187211601846,0.575818303273213,0.575136612021858,0.5761006289308176
0.6223277909738717,0.5855572998430141,0.5681444991789819,0.5809450038729667,0.6106194690265486,0.6116578349735049,0.6142322097378277,0.56,0.5756026296566837,0.5746951219512195,0.5761494252873564,0.583868665239115,0.5771715721464465,0.5614035087719298,0.5735593220338983
0.6477187733732236,0.6171932402645114,0.6049382716049383,0.5782060785767235,0.6299651567944251,0.6303724928366762,0.6264204545454546,0.6057142857142858,0.5948575399583044,0.6034985422740525,0.6191135734072022,0.6112637362637363,0.6203508771929824,0.603085553997195,0.5943458251150558
0.6439169139465876,0.6269090909090909,0.6056018168054504,0.594017094017094,0.6340454858718125,0.6360373295046662,0.6265560165975104,0.6023432115782219,0.5969738651994498,0.6080793763288448,0.6166328600405679,0.6013422818791946,0.6175869120654397,0.6090534979423868,0.5876354365838113
0.6358118361153262,0.612274368231047,0.5909439754412893,0.574271499644634,0.6347222222222222,0.6163886874546773,0.6153846153846154,0.5995836224843858,0.600547195622435,0.5842857142857143,0.6267845003399048,0.6007957559681698,0.593346911065852,0.6004084411164057,0.6055880441845354
0.6304503216583274,0.6038001407459536,0.5975344452501813,0.5806451612903226,0.6243315508021391,0.6210670314637483,0.6266036461850101,0.5902731512325117,0.5921490352628077,0.592896174863388,0.6095487246566383,0.6105263157894737,0.6035502958579881,0.5890052356020943,0.5947630922693267
0.6080870917573873,0.6029074215761285,0.5838011226944667,0.5683890577507599,0.5971428571428572,0.6090909090909091,0.6115214180206795,0.5863335782512858,0.5882352941176471,0.5868263473053892,0.5917496443812233,0.5818692902319045,0.5928571428571429,0.5916305916305916,0.5836154366960055
0.6029411764705882,0.5735186539868324,0.5667189952904239,0.5457205559619605,0.5836791147994468,0.5942446043165468,0.5814606741573034,0.5592485549132948,0.5543328748280605,0.5384063173007897,0.5720108695652174,0.5708474576271186,0.55359565807327,0.5538461538461539,0.5586734693877551
0.613618974751339,0.5815176558978212,0.5659777424483307,0.5544117647058824,0.5849189570119803,0.5976331360946746,0.5858585858585859,0.5625899280575539,0.5628491620111732,0.561046511627907,0.5686546463245492,0.5696378830083565,0.5829216654904729,0.5722379603399433,0.5639651707970529
0.6259314456035767,0.6076696165191741,0.5986290936785986,0.5869565217391305,0.6122168840082362,0.6126510305614783,0.6170063246661982,0.5859154929577465,0.5879043600562588,0.5894134477825465,0.5934360348292029,0.5970548862115127,0.5981182795698925,0.5844686648501363,0.5817950350095481
0.6182336182336182,0.5949458483754513,0.5754857997010463,0.5611721611721612,0.6041527126590757,0.610145934676859,0.5989010989010989,0.569672131147541,0.5710363761153054,0.5744530698659139,0.5785569790964261,0.5868830290736985,0.58,0.5633039945836155,0.5717948717948718
0.6011477761836442,0.6014084507042253,0.5854732208363903,0.5545517720639332,0.6005361930294906,0.6073662265462126,0.6029609690444145,0.5798657718120805,0.5794019933554817,0.578839590443686,0.5840474620962426,0.5853658536585366,0.5784248841826605,0.582562747688243,0.5817490494296578
0.6262924667651403,0.5870503597122302,0.5869731800766284,0.5519244734931009,0.6056910569105691,0.6129722024233785,0.606694560669456,0.57991513437058,0.5764785859959212,0.5804597701149425,0.5908479138627187,0.5776315789473684,0.5993174061433447,0.5784447476125512,0.5621890547263682
0.6109550561797753,0.5868512110726644,0.5745140388768899,0.5471956224350205,0.596078431372549,0.5970149253731343,0.5885450954575379,0.5630306988896147,0.5609756097560976,0.5636487406398911,0.5802707930367504,0.5696040868454662,0.5710610932475885,0.5671641791044776,0.5740740740740741
0.6079365079365079,0.583596214511041,0.5578684429641965,0.5444785276073619,0.5913426265590609,0.5849923430321593,0.588929889298893,0.550185873605948,0.5545851528384279,0.5444866920152092,0.5674891146589259,0.5617021276595745,0.5714285714285714,0.5569253081943437,0.5581708137188971
0.6497764530551415,0.6281112737920937,0.6160990712074303,0.6002928257686676,0.6375,0.6329479768786127,0.6399427344309234,0.6042857142857143,0.6159217877094972,0.601590744757773,0.6152777777777778,0.6170648464163823,0.6168876482903001,0.6068675543097407,0.5998707175177763
0.6405638214565388,0.6125290023201856,0.6033789219629928,0.5712132629992465,0.6202898550724638,0.6196549137284321,0.6090116279069767,0.5894580549368968,0.5689778413152251,0.599250936329588,0.61,0.5918079096045198,0.6035587188612099,0.5992727272727273,0.5866486850977748
0.6344410876132931,0.5877061469265368,0.5981012658227848,0.5576208178438662,0.6221590909090909,0.6283185840707964,0.6129722024233785,0.5817134629229662,0.5812455261274159,0.5914454277286135,0.5998598458304134,0.5850622406639004,0.6012613875262789,0.5850533807829181,0.5897264843228819
0.6379182156133829,0.6108663729809104,0.6140625,0.6130728775356874,0.6232686980609419,0.6252707581227437,0.6264044943820225,0.5970772442588727,0.5926946933149552,0.6093862815884477,0.5986666666666667,0.5945223780895124,0.605604921394395,0.595221843003413,0.5862286797220467
0.584831899921814,0.5803981623277182,0.5604483586869495,0.5517762660619804,0.582314881380302,0.5802562170308968,0.5770925110132159,0.5653136531365314,0.5612762871646121,0.5519820493642483,0.5714285714285714,0.5726495726495726,0.556907659269864,0.5660102115244348,0.5488621151271754
0.5961977186311787,0.588495575221239,0.5847589424572317,0.5626865671641791,0.598893499308437,0.6054371785451874,0.5998558038932948,0.5724381625441696,0.5686680469289165,0.5695746214852199,0.5881533101045296,0.5772634445200817,0.5806451612903226,0.58222533240028,0.5761371127224786
0.6269781461944235,0.599850411368736,0.5828662930344275,0.5875370919881305,0.6136363636363636,0.6093979441997063,0.6219336219336219,0.5705967976710334,0.5834502103786816,0.5812090313182812,0.5827633378932968,0.5905947441217151,0.5892981236970118,0.5833924769339958,0.5765534913516976
0.6044508255563532,0.5689778413152251,0.5570570570570571,0.5663591199432222,0.5816949152542373,0.5894590846047156,0.5897435897435898,0.5552523874488404,0.558294470353098,0.5568022440392707,0.5676567656765676,0.5676567656765676,0.5614727153188692,0.5624582498329993,0.5576804441702653
0.5935483870967742,0.5889212827988338,0.5765765765765766,0.554670528602462,0.5993174061433447,0.5998598458304134,0.5921864290610007,0.571830985915493,0.5698478561549101,0.560681334279631,0.5677680377612947,0.5619174434087882,0.5691275167785235,0.5758211041229909,0.569628229363579
0.5823170731707317,0.5543398978847557,0.5454545454545454,0.5275532696546656,0.5574673090158293,0.569364161849711,0.5679715302491103,0.5484330484330484,0.5334261838440112,0.5386281588447653,0.544574982722875,0.5334242837653479,0.5412087912087912,0.5443126308443824,0.52925877763329
0.6320474777448071,0.6133133881824981,0.5936777178103315,0.5707931801334322,0.6192468619246861,0.6137339055793991,0.6090651558073654,0.5856432125088842,0.5806906272022551,0.5867052023121387,0.5958620689655172,0.5972413793103448,0.5913757700205339,0.5833333333333334,0.583386992916935
0.6352247605011054,0.6203365032918801,0.595292331055429,0.5988372093023255,0.6334716459197787,0.6246498599439776,0.6410614525139665,0.5961945031712473,0.5983493810178817,0.6051136363636364,0.6125760649087221,0.6190155091031693,0.611748818365969,0.5953678474114441,0.5924551638837353
0.6077684691546078,0.575689783743475,0.5680379746835443,0.560480841472577,0.5879003558718862,0.5884923525127458,0.5945165945165946,0.574300071787509,0.5706254392129304,0.5714285714285714,0.575136612021858,0.5826989619377163,0.567287784679089,0.5754385964912281,0.5679487179487179
0.6527777777777778,0.6331045003813882,0.6212361331220285,0.6028853454821564,0.6445229681978799,0.6492926284437825,0.6405325443786982,0.6244541484716157,0.6175839885632595,0.6240713224368499,0.6306937631394534,0.6304044630404463,0.6350106307583274,0.6243691420331651,0.6237424547283702
0.6381025248661056,0.6157407407407407,0.5723370429252782,0.594847775175644,0.6230440967283073,0.6158357771260997,0.6286137879911046,0.5782608695652174,0.6072463768115942,0.5667655786350149,0.5991561181434599,0.6103619588360539,0.5869872701555869,0.5819730305180979,0.6028131279303416
0.6079881656804734,0.5830860534124629,0.5692771084337349,0.5649963689179376,0.6012354152367879,0.6050775740479548,0.6027777777777777,0.573436401967674,0.5653075328265377,0.5647887323943662,0.597544338335607,0.5817694369973191,0.574111334674715,0.5747599451303155,0.5647504737839545
0.6152671755725191,0.5619469026548672,0.5748218527315915,0.5614567526555387,0.5836849507735584,0.6029411764705882,0.6010211524434719,0.5516749821810406,0.5585964912280702,0.5575485799701047,0.5722300140252454,0.5622435020519836,0.5686411149825784,0.5566433566433566,0.559638942617666
0.625,0.616600790513834,0.6038961038961039,0.5847589424572317,0.6185567010309279,0.6255707762557078,0.6139954853273137,0.5898004434589801,0.5948717948717949,0.5921958684009181,0.6034985422740525,0.6002906976744186,0.5957756737072105,0.5942773294203962,0.5789473684210527
0.6344725111441307,0.607483492296405,0.6094946401225115,0.57856093979442,0.6262763784887678,0.6414285714285715,0.6216968011126565,0.5853994490358126,0.6002766251728907,0.6021505376344086,0.6137281292059219,0.6093959731543624,0.6133879781420765,0.5900068446269678,0.6051282051282051
0.5826656955571741,0.5786802030456852,0.5684051398337112,0.5487627365356623,0.5859269282814614,0.594059405940594,0.5855670103092784,0.5670391061452514,0.5627586206896552,0.5572842998585573,0.5729513657561626,0.5756358768406962,0.5645484949832776,0.5618591934381408,0.5563247325361863
0.6025934401220442,0.5729089563286455,0.5720894371626831,0.5592203898050975,0.5756302521008403,0.5894428152492669,0.5859318346627991,0.5504587155963303,0.5547752808988764,0.5630066322770818,0.5588850174216028,0.5525773195876289,0.5616724738675958,0.5534591194968553,0.5479274611398963
0.5945945945945946,0.5814977973568282,0.5613496932515337,0.5431918008784773,0.5903859174001355,0.594059405940594,0.5911330049261084,0.5616724738675958,0.5528120713305898,0.5576102418207681,0.5814266487213997,0.5682119205298013,0.5798090040927695,0.5624142661179699,0.559289790741915
0.6034353995519044,0.5689277899343544,0.5534495830174374,0.5371841155234657,0.5764785859959212,0.577304964539007,0.5837988826815642,0.5504840940525588,0.5448323066392882,0.5463483146067416,0.5665529010238908,0.5572672471533825,0.5558546433378196,0.5522388059701493,0.5528031290743155
0.6101694915254238,0.5623145400593472,0.5615686274509804,0.5454545454545454,0.5816901408450704,0.5982274741506647,0.5890909090909091,0.5398860398860399,0.5557924662402275,0.5555555555555556,0.5648535564853556,0.5604395604395604,0.578125,0.56758669497523,0.5663366336633663
0.6064710308502633,0.5940298507462687,0.5864197530864198,0.5682326621923938,0.603399433427762,0.603448275862069,0.5988700564971752,0.5696022727272727,0.5720369056068133,0.5724690458849235,0.5803324099722992,0.5803324099722992,0.5787292817679558,0.577304964539007,0.569774919614148
0.6062052505966588,0.5850980392156863,0.5726072607260726,0.5485625485625486,0.5991189427312775,0.6086956521739131,0.593939393939394,0.5640648011782032,0.5618141916605706,0.5688212927756654,0.5887445887445888,0.5757575757575758,0.5831501831501832,0.5684981684981685,0.5712300208478109
0.6090979182729376,0.5846867749419954,0.5832669322709163,0.5609573672400897,0.5971223021582733,0.6029629629629629,0.5875542691751086,0.567032967032967,0.5624103299856528,0.5731254639940608,0.5838068181818182,0.5798319327731093,0.5829787234042553,0.5663338088445078,0.557246856386499
0.637114951164538,0.6062364031907179,0.6056879323597233,0.5875457875457876,0.6203576341127923,0.6342857142857142,0.6300784034212402,0.5931131412508784,0.5936199722607489,0.5963898916967509,0.6049046321525886,0.6010928961748634,0.6077348066298343,0.5938803894297635,0.5869424692954105
0.5968503937007874,0.5674846625766872,0.5503685503685504,0.5440613026819924,0.5714285714285714,0.580015026296018,0.5699404761904762,0.540381791483113,0.5491624180626365,0.5635528330781011,0.5600578871201157,0.5502121640735502,0.560463432295438,0.5465116279069767,0.5464406779661017
0.6113416320885201,0.6098226466575716,0.5944005743000718,0.5718194254445964,0.6082474226804123,0.6148693904889484,0.607661822985469,0.5844155844155844,0.5816784112748238,0.5865771812080537,0.5946632782719187,0.5871091257179324,0.5781748564135291,0.5869424692954105,0.5850999394306481
0.6173584905660378,0.5749817117776153,0.5694864048338368,0.5521292217327459,0.6022253129346314,0.6031518624641834,0.5951704545454546,0.5497896213183731,0.5706332637439109,0.5463552724699221,0.5645272601794341,0.5637860082304527,0.5628002745367193,0.5450791465932553,0.5668380462724936
0.6314152410575428,0.6100443131462334,0.5982498011137629,0.593423019431988,0.6286919831223629,0.6265775798069785,0.6304985337243402,0.597552195824334,0.6027972027972028,0.6002949852507374,0.6118466898954704,0.6124137931034482,0.6061884669479606,0.6085106382978723,0.6046204620462046
0.5996932515337423,0.5554716981132075,0.5591229444009397,0.5466766243465273,0.5688202247191011,0.5901162790697675,0.5829145728643216,0.5419901199717714,0.5423728813559322,0.5493060628195763,0.5634379263301501,0.5516769336071184,0.5527777777777778,0.5477351916376306,0.5394566623544631
0.6279809220985691,0.5978755690440061,0.595028067361668,0.5746951219512195,0.6089508437270726,0.6218487394957983,0.6077265973254086,0.5764192139737991,0.5691527878349022,0.5787106446776612,0.582441113490364,0.5734664764621968,0.5807385952208545,0.5848375451263538,0.5791610284167794
0.6001467351430667,0.5984251968503937,0.5907365223993926,0.5726495726495726,0.5918367346938775,0.5975869410929737,0.5886426592797784,0.5612594113620808,0.5644415069398546,0.573025856044724,0.5630420280186791,0.562254259501966,0.5698704839809134,0.5624161073825503,0.5530864197530864
0.6340288924558587,0.6017014694508894,0.5775225594749795,0.5686274509803921,0.6049562682215743,0.6090283091048202,0.6064710308502633,0.5763473053892215,0.5830311820159536,0.5805970149253732,0.596820809248555,0.5851216022889842,0.5982658959537572,0.586764705882353,0.5753613214039918
0.605972323379461,0.5832127351664255,0.571647509578544,0.5640648011782032,0.5890318212593094,0.5968436154949784,0.5926449787835927,0.5654596100278552,0.5735797399041752,0.5589080459770115,0.5733512786002691,0.5787348586810229,0.5704652730950776,0.5702592087312415,0.5603985056039851
0.6180758017492711,0.6007272727272728,0.5727411944869831,0.5678466076696165,0.607094133697135,0.6059743954480796,0.6023594725884802,0.5669183253260124,0.5712319339298004,0.5722501797268152,0.5771543086172345,0.5754527162977867,0.5863236289776574,0.5820178448867536,0.5701809107922645
0.608564988730278,0.6095238095238096,0.5897832817337462,0.5586107091172214,0.6013698630136987,0.6202346041055719,0.6077032810271041,0.5751724137931035,0.594031922276197,0.5732758620689655,0.5924914675767918,0.5797691785471826,0.5878284923928078,0.5855354659248957,0.5701415701415702
0.5933085501858736,0.5604151223128243,0.5571205007824727,0.5370506236243581,0.5848925848925849,0.5930149679258732,0.5810055865921788,0.5415778251599147,0.5525400139178844,0.5476702508960574,0.5641025641025641,0.5612860013395847,0.5609756097560976,0.5502793296089385,0.5428211586901763
0.5998329156223893,0.5660079051383399,0.5631891433418151,0.5415335463258786,0.5785498489425982,0.5857142857142857,0.5736314572089437,0.5495011511895626,0.5476369092273068,0.5634477254588987,0.5637982195845698,0.5525349008082292,0.5597579425113465,0.5567164179104478,0.5525017618040874
0.6468797564687976,0.6109857035364936,0.5924739791833467,0.5863874345549738,0.6361071932299013,0.6358296622613803,0.6286950252343186,0.5958062183658713,0.5945945945945946,0.5909752547307132,0.6164574616457462,0.5973847212663455,0.6124737210932025,0.6002844950213371,0.5963541666666666
0.6166419019316494,0.5877318116975749,0.5928189457601223,0.5808770668583753,0.6046511627906976,0.6158232359230221,0.6078566505858028,0.5743801652892562,0.5743243243243243,0.5780918727915194,0.5883152173913043,0.5822784810126582,0.5892735913102511,0.5803389830508474,0.5781151170145478
0.6006144393241167,0.5709900230237912,0.5636070853462157,0.5424492862509391,0.5905172413793104,0.600297176820208,0.5794797687861272,0.547550432276657,0.5488505747126436,0.5671191553544495,0.5692414752957551,0.564673157162726,0.569593147751606,0.556907659269864,0.5601604278074866
0.5922116091109478,0.5463695183321352,0.5427910562837317,0.538965768390386,0.5694729637234771,0.5724533715925395,0.5726256983240223,0.5392633773453788,0.5423497267759563,0.5396145610278372,0.5442359249329759,0.5392809587217043,0.5490196078431373,0.5444444444444444,0.5361596009975063
0.6377663482733285,0.6020558002936858,0.576271186440678,0.5796897038081805,0.6154900616860863,0.610600706713781,0.6168741355463347,0.5756302521008403,0.5820178448867536,0.581844174410293,0.5876840696117804,0.588,0.5955734406438632,0.5875862068965517,0.582003828972559
0.6594045025417574,0.6514611546685674,0.624441132637854,0.6090592334494773,0.653252850435949,0.6564673157162726,0.6540795684423466,0.6280193236714976,0.6326393552719947,0.6119917298414886,0.6399465597862392,0.6263020833333334,0.6302465023317788,0.6322147651006711,0.6277463904582549
0.6162962962962963,0.5960170697012802,0.6072811773818745,0.5638067772170151,0.6056910569105691,0.6280400572246065,0.6029723991507431,0.578875171467764,0.5879158180583842,0.6028368794326241,0.5975935828877005,0.5934797072521624,0.5963240299523486,0.5866486850977748,0.578005115089514
0.6395621579358874,0.6004691164972635,0.5894909688013136,0.5794392523364486,0.621861152141802,0.6151537884471118,0.6190833959429001,0.5815176558978212,0.586924219910847,0.5744520030234316,0.5867828612926652,0.5894279507603186,0.5932944606413995,0.5794117647058824,0.5830461750516885
0.6111111111111112,0.5864884929472903,0.5765182186234817,0.5629742033383915,0.5987170349251604,0.6071428571428571,0.6097201767304861,0.5653104925053534,0.5826086956521739,0.5778781038374717,0.5722222222222222,0.5786163522012578,0.5910064239828694,0.5724482512491078,0.5737051792828686
0.6186943620178041,0.5958660014255167,0.602760736196319,0.5553935860058309,0.6088135593220338,0.6202980837473385,0.6180555555555556,0.575,0.5846363018354861,0.5766526019690577,0.5884745762711865,0.5840589417280643,0.5926430517711172,0.5768707482993197,0.5897435897435898
0.678117998506348,0.6438661710037175,0.6265822784810127,0.599250936329588,0.657323055360897,0.6671469740634006,0.6572036905606813,0.6186012977649603,0.624561403508772,0.624633431085044,0.627696590118302,0.6371191135734072,0.6432022084195997,0.6269503546099291,0.6258148631029987
0.6220886551465064,0.6066565809379728,0.5995388162951576,0.5764192139737991,0.6156028368794326,0.6111111111111112,0.6032417195207893,0.58,0.5884016973125884,0.5890909090909091,0.5964664310954063,0.5901183020180932,0.5990202939118264,0.5873239436619718,0.5838343353373413
0.6344827586206897,0.6149253731343284,0.5974842767295597,0.5925925925925926,0.6257142857142857,0.6241758241758242,0.6202440775305097,0.5930232558139535,0.5831024930747922,0.5797523670793882,0.597457627118644,0.6058495821727019,0.5888044229440221,0.5888181174805379,0.581913499344692
0.6150234741784038,0.5709828393135725,0.5737840065952184,0.5485103132161956,0.592375366568915,0.6046153846153847,0.5882352941176471,0.5652173913043478,0.5597667638483965,0.5642965204236006,0.5770925110132159,0.5616045845272206,0.5835777126099707,0.5640648011782032,0.5596140592694693
0.5958083832335329,0.5902828136330674,0.5618677042801556,0.5478073328540618,0.6015141087405368,0.5932944606413995,0.5899788285109386,0.5859154929577465,0.5714285714285714,0.5736994219653179,0.5956854558107167,0.5882352941176471,0.5804676753782668,0.5718251214434421,0.5822950819672131
0.6212238574748257,0.6003062787136294,0.5919494869771112,0.5705614567526556,0.6175839885632595,0.6186627479794269,0.6150442477876106,0.5916305916305916,0.5875542691751086,0.5911764705882353,0.594632768361582,0.5928571428571429,0.596167494677076,0.5926459985580389,0.5899665551839465
0.5950413223140496,0.5764966740576497,0.5727626459143969,0.5512159174649963,0.5718232044198895,0.5941605839416059,0.5771144278606966,0.555010511562719,0.5503080082135524,0.5648414985590778,0.5710344827586207,0.5614754098360656,0.5631868131868132,0.5612813370473537,0.5643044619422573
0.6129032258064516,0.5854383358098069,0.5776061776061776,0.5557228915662651,0.5871559633027523,0.5986793837123991,0.6010137581462708,0.5655270655270656,0.5698086463501063,0.5658181818181818,0.5775922059846903,0.5770034843205575,0.5680224403927069,0.5730416372618208,0.568241469816273
0.6213592233009708,0.6005917159763313,0.5819032761310452,0.5693106004447739,0.6051712089447938,0.6149383611312546,0.6080114449213162,0.5800988002822866,0.5822959889349931,0.576978417266187,0.5986206896551725,0.5970974429854872,0.5861358956760466,0.5873347251217815,0.5846354166666666
0.6132556445739257,0.5869872701555869,0.568642160540135,0.5670775924583031,0.5970744680851063,0.5975103734439834,0.6027397260273972,0.5661914460285132,0.5651595744680851,0.5730337078651685,0.5748187211601846,0.574607329842932,0.5818908122503329,0.5729585006693441,0.5661310259579728
0.6054216867469879,0.5882352941176471,0.5924764890282131,0.5684678016284234,0.5975103734439834,0.6055718475073314,0.6009992862241256,0.5633802816901409,0.5665058580289456,0.5708029197080292,0.5851648351648352,0.582089552238806,0.5843164469118668,0.5682295311406578,0.572538860103627
0.6347760060744115,0.592375366568915,0.5969465648854961,0.5816326530612245,0.6144244105409153,0.622286541244573,0.6208869814020028,0.5788732394366197,0.5833333333333334,0.5889212827988338,0.5871186440677966,0.5867937372362151,0.5998617829993089,0.5771626297577854,0.5863192182410424
0.5809731299927379,0.5532523230879199,0.544360902255639,0.5308464849354376,0.5619946091644205,0.5652477320307048,0.5698630136986301,0.5290055248618785,0.5405405405405406,0.5309859154929577,0.5350993377483444,0.5477453580901857,0.5481481481481482,0.5264567983924984,0.5306122448979592
0.5995457986373959,0.5754646840148699,0.5666929755327546,0.5739776951672863,0.5918079096045198,0.5892725936811168,0.5949820788530465,0.5631205673758866,0.5648213034337771,0.5601750547045952,0.5716234652114598,0.5735900962861072,0.5700416088765603,0.5736111111111111,0.5605177993527508
0.5828313253012049,0.5608856088560885,0.5468873128447597,0.5376506024096386,0.5791666666666667,0.5821868211440985,0.5771144278606966,0.5454545454545454,0.5515789473684211,0.566813509544787,0.5633995887594243,0.5688949522510232,0.5670816044260027,0.552924791086351,0.5495495495495496
0.630057803468208,0.6034602076124568,0.6083086053412463,0.5826330532212886,0.6099865047233468,0.6176266481609993,0.6202185792349727,0.5910326086956522,0.5723727693324521,0.5909090909090909,0.5964214711729622,0.592156862745098,0.5936675461741425,0.5918503674014696,0.5761875385564467
0.6215022091310751,0.5920114122681883,0.5703422053231939,0.5742857142857143,0.5959731543624162,0.6004198740377886,0.5943719972546329,0.5710382513661202,0.5764075067024129,0.5756097560975609,0.5761154855643045,0.576271186440678,0.5837765957446809,0.5681969394544245,0.5652442795299938
0.6095526914329037,0.595166163141994,0.578538102643857,0.5655799848369977,0.5929078014184397,0.5992673992673992,0.5995623632385121,0.5800430725053841,0.5777777777777777,0.5804555473916239,0.5823488533703961,0.5696465696465697,0.5797306874557052,0.5829216654904729,0.5761589403973509
0.5888475836431227,0.5605839416058395,0.5539403213465952,0.5418790968681719,0.5730180806675939,0.5816108339272986,0.5788005578800558,0.5496503496503496,0.548431105047749,0.548480463096961,0.5768967874231032,0.5663956639566395,0.5674931129476584,0.5591695501730104,0.5467260012714558
0.6201322556943424,0.5786802030456852,0.5766312594840668,0.56,0.5960890087660148,0.6083274523641496,0.6035911602209945,0.572218382861092,0.5760649087221096,0.5800988002822866,0.5887913571910871,0.5848806366047745,0.5952861952861953,0.5802968960863698,0.5820238843494657
0.6263079222720478,0.6097922848664689,0.5878741366078281,0.580130529369108,0.6167832167832168,0.6138181818181818,0.6074700493305144,0.5970149253731343,0.5894736842105263,0.5787234042553191,0.5957446808510638,0.581646423751687,0.5897790055248618,0.5842541436464088,0.5813953488372093
0.6079632465543645,0.5676664228237015,0.573655494933749,0.5498127340823971,0.5925925925925926,0.6030589949016751,0.5994277539341917,0.5584691708008505,0.5522491349480969,0.5660649819494585,0.5733882030178327,0.5757368060315284,0.5846579129232896,0.5578512396694215,0.5630198336532309
0.6496090973702914,0.629553264604811,0.6144842721287491,0.6027586206896551,0.6388336646785951,0.6351813826146475,0.6341137123745819,0.6087533156498673,0.6071197411003236,0.614441416893733,0.6146788990825688,0.6144890038809832,0.6090909090909091,0.6025806451612903,0.6085319949811794
0.6240601503759399,0.5887509130752374,0.5884146341463414,0.5688756515264334,0.6004198740377886,0.597864768683274,0.6044191019244476,0.5642458100558659,0.5656984785615491,0.5812090313182812,0.5828729281767956,0.5737704918032787,0.5820178448867536,0.5724137931034483,0.5661341853035143
0.609387430389817,0.5964912280701754,0.5742092457420924,0.555301296720061,0.6008771929824561,0.5944700460829493,0.5851462865716429,0.5780089153046062,0.5718370264474625,0.563984674329502,0.5849744711889132,0.5724482512491078,0.5716374269005848,0.5743589743589743,0.5610738255033557
0.6108149276466108,0.5896474118529632,0.5591229444009397,0.551624548736462,0.5976039464411558,0.5982532751091703,0.5854004252303331,0.5728429985855729,0.5672473867595819,0.5599425699928212,0.5829285218598196,0.5673662830060935,0.5775327360441075,0.5654596100278552,0.5591116917047682
0.6080363912054587,0.5878833208676141,0.5839874411302983,0.5695461200585652,0.5930555555555556,0.607871720116618,0.603448275862069,0.5696113074204947,0.5768421052631579,0.569164265129683,0.5737817433081674,0.5753052917232022,0.5767634854771784,0.5822784810126582,0.5688073394495413
0.6192969334330591,0.5779411764705882,0.5809968847352025,0.5655070318282753,0.5994436717663422,0.6048502139800286,0.6130160951714486,0.5672061928219564,0.5704419889502762,0.5704022988505747,0.5756358768406962,0.5740987983978638,0.5836680053547524,0.5708333333333333,0.5670886075949367
0.6391459074733096,0.6263345195729537,0.612037708484409,0.5839721254355401,0.6273458445040214,0.6325966850828729,0.6205023761031908,0.6063902107409925,0.5938748335552596,0.5867208672086721,0.6174318030605456,0.6053841103086014,0.603448275862069,0.6001339584728734,0.5891181988742964
0.6010286554004408,0.5727204220045214,0.5503875968992248,0.5318518518518518,0.5935754189944135,0.5844428871758934,0.5893108298171589,0.5526501766784452,0.5521048999309869,0.5494978479196556,0.5692934782608695,0.5628415300546448,0.5698704839809134,0.556401384083045,0.5545171339563862
0.6090979182729376,0.576194086429113,0.5714285714285714,0.5447761194029851,0.5840957072484166,0.6118518518518519,0.597953216374269,0.5655677655677656,0.5621925509486999,0.5718475073313783,0.5770862800565771,0.5772187281621244,0.5897435897435898,0.5722419928825623,0.5642673521850899
0.624441132637854,0.5787545787545788,0.56875,0.5681326604181687,0.5937072503419972,0.6057142857142858,0.6076655052264809,0.5648854961832062,0.5648336727766463,0.579957356076759,0.5868983957219251,0.5835010060362174,0.5900747790618627,0.5849965588437716,0.5665181413112667
0.6181556195965417,0.5786516853932584,0.5899925317401046,0.5575158786167961,0.5945587259455872,0.6086350974930362,0.6080436264485344,0.5590230664857531,0.56158940397351,0.5724282715185445,0.5710491367861886,0.5684485006518905,0.5804749340369393,0.5630420280186791,0.5641661500309981
0.6255778120184899,0.5997001499250375,0.5763779527559055,0.5592972181551976,0.6130867709815079,0.6249078850405306,0.6144927536231884,0.5827910339840926,0.5714285714285714,0.573082489146165,0.5823488533703961,0.5879888268156425,0.592801693719125,0.5786873676781934,0.5914552736982643
0.613933236574746,0.5856832971800434,0.5746951219512195,0.5570710696338838,0.5989232839838493,0.6100278551532033,0.600547195622435,0.565880721220527,0.5766871165644172,0.5718329794762915,0.5834983498349835,0.5849802371541502,0.582109479305741,0.5725915875169606,0.5721455457967378
0.6239882266372333,0.6097031136857349,0.6133333333333333,0.5922684172137126,0.6145479265805575,0.616140350877193,0.6127898805340829,0.5889655172413794,0.5870165745856354,0.5935943060498221,0.6026845637583893,0.6103542234332425,0.5971563981042654,0.5903203817314246,0.5840821566110398
0.6091686091686092,0.5951825951825952,0.5806451612903226,0.5577211394302849,0.6024799416484318,0.6068759342301944,0.6029629629629629,0.5890207715133531,0.5691756272401434,0.5745775165319618,0.5868005738880918,0.5834522111269614,0.5854700854700855,0.5943600867678959,0.575818303273213
0.6082621082621082,0.5945945945945946,0.5666178623718887,0.5625,0.5874587458745875,0.5967078189300411,0.5941536369816451,0.5689189189189189,0.5689655172413793,0.561501042390549,0.5721716514954487,0.5706806282722513,0.5748031496062992,0.5773610180843939,0.5617433414043583
0.6541916167664671,0.6034353995519044,0.5976653696498054,0.569583931133429,0.616643929058663,0.6246418338108882,0.6329639889196675,0.5931721194879089,0.5874222529371113,0.5867237687366167,0.6061855670103092,0.6004056795131846,0.6119402985074627,0.5908460471567267,0.5974358974358974
0.6228003060443764,0.5918057663125948,0.5768621236133122,0.5625,0.6134094151212554,0.6134880348078318,0.6153846153846154,0.5656272661348803,0.5734664764621968,0.5739385065885798,0.5871559633027523,0.5968882602545968,0.5932678821879382,0.5663591199432222,0.5725593667546174
0.6048324240062354,0.5957446808510638,0.58700882117081,0.5920245398773006,0.5981173062997828,0.6093514328808446,0.6029850746268657,0.5754231052244297,0.5761732851985559,0.5750560119492159,0.58,0.5822064056939502,0.5706093189964158,0.574300071787509,0.5662162162162162
0.633357825128582,0.5932325413966882,0.5869731800766284,0.5761732851985559,0.6147596479350034,0.624033731553057,0.6139022711631108,0.5815102328863797,0.580040187541862,0.5885673959068455,0.5970744680851063,0.5879265091863517,0.5960890087660148,0.5932553337921541,0.5663390663390664
0.579499596448749,0.5532591414944356,0.5410235580828595,0.5323854660347551,0.5621703089675961,0.5707692307692308,0.5631216526396328,0.5333333333333333,0.5374251497005988,0.54,0.5386861313868613,0.5367272727272727,0.5521835677276091,0.5323529411764706,0.5273356401384083
0.6339285714285714,0.5988455988455988,0.5953846153846154,0.5650224215246636,0.6205943331029716,0.6205420827389444,0.6247349823321555,0.5793103448275863,0.5780821917808219,0.5753424657534246,0.5972972972972973,0.5955435516542876,0.6091718001368925,0.5768967874231032,0.6024405908798972
0.5807478122513922,0.5388127853881278,0.5422077922077922,0.5118411000763942,0.5539143279172821,0.5597579425113465,0.5502567865003668,0.5193855157278713,0.5121951219512195,0.5289634146341463,0.5343839541547278,0.525195173882186,0.5341074020319303,0.5228571428571429,0.5191661062542031
0.6329501915708812,0.5890207715133531,0.5949764521193093,0.5536639526276832,0.6086341118188252,0.6266666666666667,0.6107091172214182,0.5775862068965517,0.5792811839323467,0.5779748706577975,0.601123595505618,0.584931506849315,0.602135231316726,0.5801418439716312,0.5981182795698925
0.5957120980091883,0.5797752808988764,0.5672105672105672,0.5402985074626866,0.5917655268667132,0.5857860732232592,0.5857860732232592,0.566145092460882,0.5682137834036568,0.5710102489019033,0.5817932922655715,0.5702702702702702,0.5777777777777777,0.5718251214434421,0.5671447196870926
0.6219956300072833,0.5911764705882353,0.5740181268882175,0.5764966740576497,0.6024930747922438,0.6067892503536068,0.6027972027972028,0.5720192970365265,0.5832167832167832,0.577683615819209,0.5877605917955615,0.5852660300136425,0.5893587994542974,0.5818431911966988,0.5663492063492064
0.622187742435997,0.5961977186311787,0.598896769109535,0.5800604229607251,0.6077032810271041,0.6152727272727273,0.6130434782608696,0.5851905104241553,0.5806916426512968,0.5946745562130178,0.5875,0.5892232330300909,0.596045197740113,0.5912305516265912,0.5962314939434724
0.5924834193072955,0.5958702064896755,0.5701219512195121,0.5747973470891673,0.606694560669456,0.5954415954415955,0.5874912157413914,0.5778717406624383,0.571032571032571,0.5846372688477952,0.5900962861072903,0.5948158253751705,0.582709326072158,0.5879888268156425,0.5717948717948718
0.6152705707931801,0.5918958031837916,0.583206106870229,0.5778108711839166,0.6005434782608695,0.6016949152542372,0.600971547536433,0.5762237762237762,0.5843621399176955,0.5896700143472023,0.5916837082481254,0.588704318936877,0.5947403910991234,0.5820689655172414,0.5721551176096631
0.6207928197456993,0.587892049598833,0.5690184049079755,0.5627705627705628,0.6028905712319339,0.6061036195883606,0.6047819971870605,0.5714285714285714,0.5720081135902637,0.5690140845070423,0.5801630434782609,0.579476861167002,0.5820391627278866,0.5700680272108843,0.567979669631512
0.6247224278312361,0.58972554539057,0.5871015567086731,0.5694050991501416,0.5886243386243386,0.607911172796669,0.6002728512960437,0.5687074829931973,0.5790527018012008,0.5760111576011158,0.5689540306462358,0.5620915032679739,0.5725699067909454,0.5744822979291917,0.5801526717557252
0.5985294117647059,0.5821325648414986,0.5694760820045558,0.5418790968681719,0.5863013698630137,0.5956552207428171,0.588317107093185,0.5682605682605683,0.5566870332654447,0.5671852899575672,0.5758597437626433,0.562962962962963,0.5671843349088453,0.562457337883959,0.5644644002565747
0.6036536934074662,0.5666156202143952,0.5735537190082645,0.5504587155963303,0.5956834532374101,0.6073059360730594,0.6010362694300518,0.5535714285714286,0.5545977011494253,0.5626441199077633,0.5872218234027279,0.5720338983050848,0.5822416302765647,0.5642909625275533,0.5579854208084825
0.5974416854778029,0.599250936329588,0.5943396226415094,0.5502248875562219,0.6029309141660851,0.5982532751091703,0.5925925925925926,0.5767045454545454,0.5795454545454546,0.5745775165319618,0.5798492117888965,0.5843793584379359,0.5712290502793296,0.5778401122019635,0.5725439167208849
0.616692426584235,0.5810306198655714,0.5684713375796179,0.5541448842419716,0.5879003558718862,0.5953079178885631,0.6016023306627822,0.5628140703517588,0.5681978798586572,0.5722757598220904,0.5790583274771609,0.5824561403508772,0.5766784452296819,0.5599435825105783,0.5647840531561462
0.6244604316546762,0.6084425036390102,0.5938931297709924,0.5883222468588323,0.6139283299526708,0.6231578947368421,0.6251728907330567,0.580110497237569,0.59366391184573,0.5869106263194933,0.6050870147255689,0.6025215660252157,0.6009389671361502,0.5828804347826086,0.5814977973568282
0.6268199233716475,0.5915915915915916,0.5832012678288431,0.5604900459418071,0.59644128113879,0.6130952380952381,0.5943600867678959,0.5622317596566524,0.5708215297450425,0.5705705705705706,0.5863509749303621,0.5839721254355401,0.5857142857142857,0.5595489781536294,0.5716162943495401
0.6183150183150183,0.5938615274803711,0.5773353751914242,0.5695557174071376,0.6139283299526708,0.6182602444284687,0.6027972027972028,0.5757997218358831,0.5782638414217361,0.5738758029978587,0.5887788778877888,0.5934797072521624,0.590815627141878,0.5821404226312201,0.5832290362953693
0.6123076923076923,0.5753634276970161,0.5766773162939297,0.5457364341085271,0.5997150997150997,0.6028210838901262,0.5870356882738529,0.5676470588235294,0.5749456915278783,0.5632958801498127,0.592801693719125,0.5772187281621244,0.597864768683274,0.5838779956427015,0.5778961384820239
0.5968992248062015,0.5628373168851195,0.54733492442323,0.532608695652174,0.5751258087706685,0.5813097866077999,0.5814126394052045,0.5494505494505495,0.5492451473759885,0.5419161676646707,0.561877667140825,0.5540636042402827,0.550354609929078,0.555956678700361,0.5517693315858454
0.5736314572089437,0.5727482678983834,0.5346062052505967,0.5468277945619335,0.5743145743145743,0.5680297397769517,0.5640648011782032,0.5527272727272727,0.5598845598845599,0.5612998522895125,0.5614783226723525,0.5724482512491078,0.5523131672597865,0.5669515669515669,0.5516787360105333
0.6388888888888888,0.5977186311787073,0.5952755905511811,0.5630630630630631,0.6109921484653819,0.6253731343283582,0.612691466083151,0.586940572267058,0.582314881380302,0.5837676842889055,0.5944798301486199,0.5907172995780591,0.6070150322118826,0.5932325413966882,0.5871186440677966
0.6350148367952523,0.6209439528023599,0.5938461538461538,0.5998492840994725,0.6263888888888889,0.6131597975415762,0.6160458452722063,0.6114649681528662,0.6047819971870605,0.5956834532374101,0.6204024982650936,0.6049382716049383,0.6109191430545957,0.6011080332409973,0.591715976331361
0.624124513618677,0.5963808025177026,0.5791190864600326,0.552099533437014,0.6016140865737344,0.6094808126410836,0.5982142857142857,0.5752608047690015,0.5718475073313783,0.566066066066066,0.5870356882738529,0.5767575322812052,0.5830903790087464,0.5805022156573116,0.5667351129363449
0.6192660550458715,0.6058823529411764,0.5672333848531684,0.5625,0.6105263157894737,0.5995623632385121,0.6071942446043166,0.5864768683274021,0.5817932922655715,0.5736994219653179,0.5870165745856354,0.5892857142857143,0.5937282229965157,0.5852981969486823,0.575465639049454
0.5976653696498054,0.5607755406413124,0.5473186119873817,0.5558019216555802,0.5760792639773531,0.5735735735735735,0.5815808556925308,0.5306122448979592,0.5512909979064898,0.5502567865003668,0.5530458590006845,0.5608247422680412,0.5598885793871866,0.5473537604456824,0.5485342019543974
0.6413690476190477,0.6158357771260997,0.5977011494252874,0.5747460087082729,0.6293706293706294,0.6159267089499648,0.6243016759776536,0.5948215535339398,0.6011004126547456,0.5957756737072105,0.6015141087405368,0.6028708133971292,0.6049723756906077,0.5972413793103448,0.5975842339478703
0.6177777777777778,0.5909090909090909,0.5808429118773947,0.5575935436537051,0.5989010989010989,0.6132952108649035,0.6059322033898306,0.5807365439093485,0.5712319339298004,0.56998556998557,0.5872689938398358,0.5708529214237743,0.5901639344262295,0.5813148788927336,0.5767984445884641
0.618510158013544,0.5952732644017725,0.5855210819411297,0.5644804716285925,0.6033287101248266,0.6126255380200861,0.6091872791519435,0.5845272206303725,0.5805555555555556,0.5783308931185944,0.5791978246091094,0.5768707482993197,0.5878284923928078,0.5757997218358831,0.5705329153605015
0.5875457875457876,0.5602888086642599,0.5558086560364465,0.5272206303724928,0.5710401087695445,0.5768958185683912,0.56353591160221,0.5420689655172414,0.5479265805574439,0.540385989992852,0.5552596537949401,0.5423280423280423,0.563894523326572,0.5434633812457221,0.5437382001258654
0.5947955390334573,0.575,0.5705705705705706,0.535740072202166,0.5935127674258109,0.5871428571428572,0.5929577464788732,0.5597788527988943,0.5554054054054054,0.5547850208044383,0.5789120214909335,0.5716216216216217,0.5688949522510232,0.5540720961281709,0.5509433962264151
0.6357414448669202,0.6037453183520599,0.5942492012779552,0.5783664459161147,0.6248256624825662,0.6402349486049926,0.624910007199424,0.5835125448028674,0.5848527349228612,0.5963369963369963,0.5914718019257221,0.5939643347050755,0.6099092812281927,0.587737843551797,0.589238845144357
0.6214605067064084,0.5915492957746479,0.56855151045701,0.5655070318282753,0.6104078762306611,0.599713055954089,0.5958660014255167,0.5632594710507506,0.5793991416309013,0.5712187958883994,0.5855354659248957,0.5829903978052127,0.580110497237569,0.5638148667601683,0.5821287779237845
0.6249067859806114,0.5986597170513775,0.5990712074303406,0.5731432858214554,0.6157082748948106,0.618840579710145,0.6105563480741797,0.5819730305180979,0.5732305536089699,0.5908761766835626,0.5895316804407713,0.5922330097087378,0.6016713091922006,0.5833333333333334,0.5804333552199606
0.5685199686765857,0.552156862745098,0.5225806451612903,0.5111969111969112,0.5497076023391813,0.5491679273827534,0.5508537490720119,0.532150776053215,0.5321637426900585,0.5221305326331583,0.5333333333333333,0.5321888412017167,0.532561505065123,0.5341972642188625,0.5319148936170213
0.6120300751879699,0.5588014981273408,0.5580322828593389,0.5256222547584187,0.5792044661549197,0.5906810035842294,0.5718290119131044,0.553584102200142,0.5427974947807933,0.5450612833453496,0.5559368565545642,0.5598904859685148,0.5590230664857531,0.5513955071477196,0.5503527902501604
0.6194690265486725,0.5926986399427344,0.5865237366003063,0.5588447653429602,0.6225255972696245,0.6142857142857143,0.609471516815374,0.573187414500684,0.5683355886332883,0.5689900426742532,0.5981308411214953,0.5880794701986755,0.5849433710859427,0.5768967874231032,0.5776942355889725
0.6188679245283019,0.591044776119403,0.5802469135802469,0.5529753265602322,0.5966386554621849,0.611151339608979,0.5991440798858774,0.5612535612535613,0.5700280112044818,0.5714285714285714,0.5757997218358831,0.5782967032967034,0.5623306233062331,0.5622377622377622,0.5697522816166884
0.6339285714285714,0.5930735930735931,0.5975422427035331,0.572463768115942,0.5960624575695859,0.6036931818181818,0.6169014084507042,0.5702422145328719,0.5751014884979703,0.58840372226199,0.5756556825823806,0.5865771812080537,0.5979661016949153,0.5825908156271419,0.5665829145728644
0.6033950617283951,0.5858895705521472,0.5746753246753247,0.5524100994644223,0.591776798825257,0.5904617713853142,0.5796460176991151,0.5705838876570584,0.5647403072421361,0.5692425401683244,0.5777777777777777,0.5732484076433121,0.5708061002178649,0.5691411935953421,0.5613559322033899
0.5992565055762081,0.5901162790697675,0.5759398496240602,0.5542691751085383,0.5972222222222222,0.601568068424804,0.6004228329809725,0.5688329839273235,0.5708390646492435,0.5800988002822866,0.5889655172413794,0.5822613405551794,0.5838509316770186,0.5735694822888283,0.5792207792207792
0.640746500777605,0.6067073170731707,0.6063492063492063,0.5858895705521472,0.6305916305916306,0.6275092936802974,0.6211453744493393,0.5838150289017341,0.5955299206921413,0.5894580549368968,0.6022408963585434,0.5954738330975955,0.6021505376344086,0.5897435897435898,0.5986486486486486
0.6097378277153558,0.5997088791848617,0.5939204988308652,0.5676855895196506,0.6027586206896551,0.6033117350611951,0.5990063875088716,0.5842217484008528,0.5816186556927297,0.5854014598540146,0.5935572309801234,0.5836154366960055,0.5935127674258109,0.5943331029716655,0.5743073047858942
0.6010137581462708,0.5867052023121387,0.5607333842627961,0.5554760200429492,0.5846774193548387,0.5954738330975955,0.592901878914405,0.5649171270718232,0.5683060109289617,0.5603932584269663,0.5763842561707805,0.5746818486269256,0.574496644295302,0.5689069925322471,0.5595463137996219
0.6033434650455927,0.5836909871244635,0.5752143413873734,0.5699782451051486,0.5889655172413794,0.5985401459854015,0.5945186226282502,0.5652777777777778,0.5585464333781965,0.5778421433743663,0.5878332194121668,0.5718120805369128,0.5774744027303754,0.5700744752877455,0.5652173913043478
0.626489138051857,0.5956854558107167,0.5909752547307132,0.5751724137931035,0.6032786885245902,0.6090425531914894,0.6096752816434725,0.5699277741300066,0.5742315238718116,0.584406779661017,0.5930680359435173,0.5923076923076923,0.5948717948717949,0.5837696335078534,0.5686746987951807
0.5903527717782577,0.5682451253481894,0.5558823529411765,0.5494350282485876,0.5731225296442688,0.5743801652892562,0.5714285714285714,0.5431266846361186,0.5391527599486521,0.5528120713305898,0.5546875,0.5538261997405967,0.5648148148148148,0.5513157894736842,0.5393532641854789
0.6102449888641426,0.5931952662721893,0.5725132877752468,0.5737463126843658,0.5969738651994498,0.6007168458781362,0.5952380952380952,0.56743535988819,0.576437587657784,0.5612762871646121,0.5784447476125512,0.5731790333560245,0.581267217630854,0.5820476858345021,0.5756985055230669
0.5949367088607594,0.5723029839326702,0.5592654424040067,0.5558912386706949,0.5764192139737991,0.586890243902439,0.5762962962962963,0.5593984962406015,0.5444287729196051,0.5495836487509462,0.572463768115942,0.5602836879432624,0.5617328519855596,0.5651857246904588,0.5429326287978864
0.6046511627906976,0.5870206489675516,0.5646518745218057,0.5631349782293179,0.5837912087912088,0.5886575735821967,0.5789101203113942,0.5556333100069979,0.5628002745367193,0.5619116582186822,0.5710382513661202,0.5668016194331984,0.5678670360110804,0.5573770491803278,0.5597931480284422
0.5919145690312738,0.5594614809274495,0.5651144435674822,0.5352112676056338,0.5712250712250713,0.58719646799117,0.5790613718411552,0.5450581395348837,0.542016806722689,0.5477239353891337,0.5672061928219564,0.5428176795580111,0.5613540197461213,0.556745182012848,0.5522682445759369
0.6384,0.6003134796238244,0.6018596787827557,0.584446190102121,0.6203288490284006,0.633693972179289,0.6257575757575757,0.5887708649468892,0.5833333333333334,0.5984251968503937,0.6079881656804734,0.6014492753623188,0.6207407407407407,0.5952380952380952,0.5837912087912088
0.5878741366078281,0.5476014760147602,0.5471698113207547,0.5465465465465466,0.5788367203924317,0.5641399416909622,0.5808770668583753,0.5393896380411639,0.5515818431911967,0.5402635431918009,0.5503080082135524,0.5590659340659341,0.5562456866804693,0.5443213296398892,0.5477870429762668
0.5716417910447761,0.5434782608695652,0.540090771558245,0.5108225108225108,0.5626283367556468,0.5575842696629213,0.5560975609756098,0.5333333333333333,0.5403937542430414,0.5297450424929179,0.5423956931359354,0.530961791831357,0.5385656292286874,0.5244565217391305,0.5277246653919694
0.5948339483394834,0.5772893772893772,0.573373676248109,0.5444287729196051,0.5823488533703961,0.5885714285714285,0.5760111576011158,0.5557083906464925,0.5473110959836623,0.5661712668082095,0.5636487406398911,0.5539083557951483,0.5698704839809134,0.5591836734693878,0.5436028007638447
0.6248037676609105,0.6060138781804163,0.591869918699187,0.5809379727685325,0.6132556445739257,0.6219512195121951,0.6231454005934718,0.5847076461769115,0.5845932325413967,0.5825825825825826,0.6033601168736303,0.6030150753768844,0.5965166908563135,0.5914056809905317,0.5923392612859097
0.6051829268292683,0.5619707467282525,0.56,0.5488663017982799,0.5870646766169154,0.5877128053293856,0.5918367346938775,0.5546588407923698,0.5552367288378766,0.5533834586466165,0.5706293706293706,0.5710286913925823,0.5732217573221757,0.5662299854439592,0.5474642392717816
0.5686567164179105,0.5580357142857143,0.5464231354642314,0.5343173431734317,0.5609065155807366,0.5595408895265424,0.5578424414478353,0.546875,0.5393103448275862,0.5425912670007158,0.5527222605099931,0.5553235908141962,0.5464556090846524,0.5470914127423823,0.5319561007101355
0.6134515890613451,0.5776805251641138,0.5767154973014649,0.5493372606774669,0.6030640668523677,0.6054131054131054,0.5933756166314306,0.565984474241355,0.5617198335644937,0.5670775924583031,0.5778997940974605,0.5689069925322471,0.5677154582763337,0.5652777777777778,0.5744125326370757
0.6190114068441065,0.6056547619047619,0.6029757243539546,0.5750184774575019,0.6189801699716714,0.6185567010309279,0.6123919308357348,0.5864022662889519,0.5792044661549197,0.5970802919708029,0.5980528511821975,0.5972413793103448,0.6005586592178771,0.5865921787709497,0.586366644606221
0.6210607225211375,0.5682980277574872,0.5649095200629426,0.5416666666666666,0.5957152729785764,0.6107871720116618,0.6001405481377372,0.55049786628734,0.5528120713305898,0.5512265512265512,0.5667796610169491,0.5644834571235652,0.5628415300546448,0.5578800557880056,0.5710627400768246
0.5926481620405101,0.5796038151137197,0.5638629283489096,0.5342066957787481,0.5888044229440221,0.5900216919739696,0.5821529745042493,0.5553235908141962,0.5533980582524272,0.5553935860058309,0.5735900962861072,0.5625,0.5724137931034483,0.5694347522679692,0.5549805950840879
0.6332794830371568,0.6072013093289689,0.5981465880370682,0.584070796460177,0.6133133881824981,0.6237393328161366,0.6189376443418014,0.5742879137798307,0.5838414634146342,0.5931800158604282,0.6021021021021021,0.5938668661181751,0.5974607916355489,0.593939393939394,0.58972554539057
0.6342592592592593,0.5949177877428998,0.5852140077821012,0.580887885628292,0.5981441827266238,0.6067746686303387,0.611353711790393,0.5650611071171819,0.5854004252303331,0.5733137829912024,0.5690259285213735,0.5870020964360587,0.5810055865921788,0.5716302046577276,0.5776315789473684
0.5982008995502249,0.555878084179971,0.543778801843318,0.541757443718228,0.5692520775623269,0.5848375451263538,0.5806451612903226,0.5367904695164681,0.5358126721763086,0.5464788732394367,0.5495557074504442,0.5501706484641639,0.5539518900343643,0.5516285516285516,0.5416936005171299
0.6068563092633115,0.5835125448028674,0.5583524027459954,0.5306704707560628,0.5824847250509165,0.5885634588563459,0.5839721254355401,0.5571526351813826,0.5669824086603519,0.5591549295774648,0.5748502994011976,0.5695451549110085,0.5760649087221096,0.5658073270013568,0.5597996242955542
0.6430769230769231,0.6056445461479787,0.605868358445678,0.5790273556231003,0.623826714801444,0.6305637982195845,0.619533527696793,0.5849744711889132,0.5775553967119371,0.5780089153046062,0.5963431786216596,0.5920679886685553,0.6022727272727273,0.5875625446747677,0.5790527018012008
0.6269592476489029,0.6006191950464397,0.5781376518218624,0.5566037735849056,0.6206896551724138,0.6175595238095238,0.607916355489171,0.5811209439528023,0.5945144551519644,0.5780169100691775,0.6027397260273972,0.5905172413793104,0.5942028985507246,0.5915492957746479,0.5780730897009967
0.6104477611940299,0.58557902403496,0.5961977186311787,0.5636623748211731,0.6,0.6034732272069464,0.5952045133991537,0.5815602836879432,0.5631330182309251,0.574300071787509,0.5825908156271419,0.5797297297297297,0.5844245348035837,0.5859697386519945,0.5689112649465072
0.6088957055214724,0.5900383141762452,0.565593087195601,0.5610310841546626,0.607942238267148,0.5940298507462687,0.5909752547307132,0.5656272661348803,0.5665480427046263,0.56071964017991,0.5818181818181818,0.5865921787709497,0.5789473684210527,0.5708185053380783,0.5718085106382979
0.6389099167297502,0.6077265973254086,0.6047244094488189,0.5973451327433629,0.6267806267806267,0.6397058823529411,0.6315028901734104,0.594017094017094,0.6035587188612099,0.6032448377581121,0.6083916083916084,0.6072931276297335,0.6073446327683616,0.6046841731724627,0.5952380952380952
0.6026133743274404,0.5900621118012422,0.5716573258606885,0.5677902621722847,0.5927536231884057,0.5972120322817315,0.5956521739130435,0.5710059171597633,0.5662824207492796,0.5712187958883994,0.5827439886845828,0.5782456140350877,0.5726435152374203,0.5808770668583753,0.5725699067909454
0.5971914264597191,0.5722585330428468,0.5565081839438816,0.5422740524781341,0.5795531482735274,0.5902335456475584,0.5815405968077724,0.5582047685834503,0.551440329218107,0.5605187319884726,0.5577051367578385,0.5513585155732273,0.5759668508287292,0.556401384083045,0.5558343789209536
0.6027397260273972,0.5783298826777088,0.5751633986928104,0.5553264604810997,0.5930309007232084,0.5877551020408164,0.5813333333333334,0.5723727693324521,0.5535248041775457,0.564,0.5743721828718609,0.5586734693877551,0.5592783505154639,0.5629820051413882,0.5543345543345544
0.6061538461538462,0.5868081880212282,0.5808,0.5593984962406015,0.5971223021582733,0.5943536404160475,0.5939306358381503,0.5799853907962016,0.5653409090909091,0.5628654970760234,0.5866666666666667,0.5789839944328462,0.5868945868945868,0.5767309064953604,0.5593108018555335
0.6408921933085502,0.6114369501466276,0.601076095311299,0.5722713864306784,0.6111888111888112,0.6151624548736462,0.6125617501764291,0.5988779803646563,0.5868347338935574,0.5859030837004405,0.5925414364640884,0.5974025974025974,0.603042876901798,0.5990271021542738,0.5938521909744932
0.5970836531082118,0.5769828926905132,0.5661290322580645,0.5445026178010471,0.6018718502519799,0.6011816838995568,0.5983787767133383,0.5654450261780105,0.5646551724137931,0.5609756097560976,0.5724331926863573,0.581844174410293,0.5788732394366197,0.5677045619116582,0.5627073656270737
0.5828835774865073,0.5677123182861515,0.5508406725380304,0.5304606240713224,0.5786435786435786,0.5733532934131736,0.5658181818181818,0.5501474926253688,0.5471428571428572,0.5464071856287425,0.5641389085754784,0.5543859649122806,0.5608540925266904,0.5485961123110151,0.548941798941799
0.6061538461538462,0.6043707611152976,0.5847589424572317,0.570779712339137,0.6083213773314203,0.6039676708302718,0.5973837209302325,0.5761732851985559,0.5877318116975749,0.5654450261780105,0.5833333333333334,0.5748251748251748,0.5796897038081805,0.5742434904996482,0.5692007797270955
0.6321483771251932,0.6064710308502633,0.6074544012688342,0.575075075075075,0.6087580760947595,0.6297681376215407,0.6196769456681351,0.5852231163130943,0.5784658691062632,0.5875370919881305,0.5894886363636364,0.5830985915492958,0.5981308411214953,0.5921146953405018,0.5788423153692615
0.609992542878449,0.5758468335787923,0.5821812596006144,0.5605187319884726,0.5893719806763285,0.5899280575539568,0.592280701754386,0.5627644569816643,0.56,0.5769230769230769,0.5782638414217361,0.5700808625336927,0.5830461750516885,0.5696804894629504,0.5575221238938053
0.5832705350414469,0.5661764705882353,0.5554693560899923,0.5428784489187174,0.5793871866295265,0.58557902403496,0.5829787234042553,0.5523672883787661,0.5495867768595041,0.5497494631352899,0.5728155339805825,0.5675675675675675,0.5732044198895028,0.5591695501730104,0.5654993514915694
0.6133743274404304,0.5844057532172596,0.5707434052757794,0.5553869499241275,0.5897620764239365,0.6028421839940165,0.5964653902798233,0.5517740767559739,0.5663338088445078,0.5614296351451973,0.5804638088545326,0.5732305536089699,0.5842217484008528,0.5697841726618705,0.562874251497006
0.6101694915254238,0.5704225352112676,0.5377643504531722,0.5346260387811634,0.5815508021390374,0.5908460471567267,0.5821404226312201,0.5373134328358209,0.5479814692256784,0.5436893203883495,0.5527508090614887,0.5613577023498695,0.5531353135313531,0.5427807486631016,0.5419432709716355
0.6213438735177865,0.5747846515270164,0.5782537067545305,0.5614035087719298,0.588495575221239,0.6047220106626047,0.5892991710625471,0.5660377358490566,0.5623188405797102,0.5794676806083651,0.5741556534508077,0.5701943844492441,0.5828488372093024,0.5756457564575646,0.5683060109289617
0.6139954853273137,0.5891126025354213,0.5798252581413821,0.562272396212673,0.604551920341394,0.6093979441997063,0.6088825214899714,0.5779411764705882,0.5780590717299579,0.5730909090909091,0.5888966971187631,0.5816186556927297,0.5949367088607594,0.5758865248226951,0.5723598435462842
0.586284853051997,0.5617147080561715,0.5646687697160884,0.5589080459770115,0.5753803596127247,0.5858585858585859,0.5897435897435898,0.547486033519553,0.551772063933287,0.5585454545454546,0.55420054200542,0.5531628532974427,0.5686680469289165,0.5632823365785814,0.5459216441875402
0.6269349845201239,0.6158536585365854,0.6033789219629928,0.5917252146760343,0.6138181818181818,0.617005267118134,0.6104951958610495,0.592375366568915,0.6001456664238893,0.5989385898407885,0.6051502145922747,0.6002844950213371,0.607871720116618,0.5986890021849963,0.5826144658261446
0.5995045417010735,0.587288817377313,0.5741056218057922,0.5577235772357724,0.5879629629629629,0.5913725490196079,0.5843558282208589,0.5640219952867243,0.5648148148148148,0.5696,0.5658682634730539,0.5737827715355805,0.5666666666666667,0.5703363914373089,0.562631210636809
0.6123973114264376,0.5801640566741237,0.5770992366412214,0.5508100147275405,0.5948215535339398,0.5929139551699205,0.5854004252303331,0.5663841807909604,0.5652477320307048,0.5595408895265424,0.5778997940974605,0.5704419889502762,0.5673274094326726,0.5620287868403016,0.5591259640102828
0.6192223037417461,0.5901875901875901,0.588144726712856,0.5705967976710334,0.6100068540095956,0.6194563662374821,0.6120749479528106,0.5816398037841626,0.5826558265582655,0.5832737669764118,0.5931972789115646,0.5887913571910871,0.5973665973665974,0.5787647467036781,0.5842985842985843
0.6013667425968109,0.5901140684410646,0.583533173461231,0.5596958174904944,0.5918653576437588,0.604135893648449,0.591792656587473,0.5724797645327446,0.5677233429394812,0.5735512630014858,0.5848527349228612,0.5744234800838575,0.5800561797752809,0.5770348837209303,0.5667107001321003
0.6238938053097345,0.592901878914405,0.5712109672505712,0.5558698727015559,0.5957727873183619,0.6113843991567112,0.6027397260273972,0.5749152542372882,0.5663600525624178,0.5698401667824878,0.5790849673202615,0.57421875,0.5812873258128732,0.5784903139612558,0.5682242990654206
0.6028571428571429,0.5883190883190883,0.5770392749244713,0.5592151366503153,0.5967957276368492,0.6001386001386001,0.6055293324342549,0.5674740484429066,0.5659630606860159,0.5582356995175741,0.5849180327868853,0.5741935483870968,0.5848806366047745,0.5725752508361204,0.562268803945746
0.6498470948012233,0.6436251920122887,0.6308300395256917,0.59625468164794,0.6574141709276844,0.6548410938654841,0.6436443791329904,0.6165084002921841,0.6252739225712198,0.6140089418777943,0.6398852223816356,0.6318021201413427,0.6277580071174377,0.6261749819233551,0.6263736263736264
0.6285266457680251,0.5799373040752351,0.5746569814366425,0.557556773688332,0.5934545454545455,0.5934897804693414,0.5962825278810409,0.5617977528089888,0.5523809523809524,0.5581749049429657,0.5845481049562682,0.5786435786435786,0.5796269727403156,0.5676274944567627,0.5648021828103683
0.653817642698295,0.6050295857988166,0.6105585309869931,0.5995525727069351,0.6368159203980099,0.6261615439599714,0.6373937677053825,0.5950877192982457,0.5998598458304134,0.5851216022889842,0.6112637362637363,0.6135734072022161,0.61782999308915,0.5937716262975778,0.5969756738987508
0.603030303030303,0.5885841363973313,0.5641838351822503,0.5731254639940608,0.6004198740377886,0.5989847715736041,0.5984251968503937,0.5720461095100865,0.5664578983994433,0.575402635431918,0.5733788395904437,0.5780821917808219,0.5842068483577918,0.5768688293370945,0.5678358702845797
0.5917076598735067,0.5639614855570839,0.5598290598290598,0.5543328748280605,0.5856496444731739,0.5833887043189369,0.5874587458745875,0.5404699738903395,0.5496774193548387,0.553020134228188,0.5601023017902813,0.5547169811320755,0.5536507936507936,0.5434920634920635,0.5471923536439666
0.6243542435424354,0.608195542774982,0.59472049689441,0.5647403072421361,0.6169491525423729,0.6214285714285714,0.611764705882353,0.5742024965325936,0.5846363018354861,0.5838779956427015,0.5903614457831325,0.5901856763925729,0.6013698630136987,0.5831622176591376,0.5919282511210763
0.6183431952662722,0.6028002947678703,0.5856697819314641,0.5685714285714286,0.5898491083676269,0.6129496402877698,0.5985915492957746,0.57991513437058,0.5732130464954892,0.5836350470673425,0.5874222529371113,0.5788043478260869,0.5780821917808219,0.5851590106007067,0.5657472738935215
0.612432847275518,0.5735849056603773,0.5584,0.5612403100775194,0.5874026893135174,0.6008902077151336,0.5936811168258633,0.5565969718817592,0.5636232925952552,0.5660377358490566,0.5619834710743802,0.5734072022160664,0.5790583274771609,0.5604551920341394,0.5662337662337662
0.5965177895533686,0.5792188651436994,0.5792349726775956,0.5478841870824054,0.585635359116022,0.5897620764239365,0.5924339757316203,0.5593815881939564,0.5647058823529412,0.5603511338697879,0.5784447476125512,0.5665990534144693,0.5813630041724618,0.5652477320307048,0.5712409717662508
0.6158490566037735,0.586707410236822,0.5626016260162602,0.5593348450491308,0.5945165945165946,0.5991189427312775,0.5957756737072105,0.5562043795620438,0.5718432510885341,0.5692995529061102,0.5704274702172389,0.5822603719599427,0.5746799431009957,0.5733041575492341,0.5653333333333334
0.6176024279210925,0.593558282208589,0.584518167456556,0.5735849056603773,0.5919540229885057,0.6057906458797327,0.5941605839416059,0.5686994856722998,0.5642135642135642,0.5752608047690015,0.5823321554770318,0.5780265920223933,0.5772187281621244,0.5833333333333334,0.5644090305444888
0.6092214663643235,0.5688888888888889,0.552,0.5414781297134238,0.5761024182076814,0.5831501831501832,0.5919540229885057,0.5475339528234453,0.5582047685834503,0.5507462686567164,0.5650969529085873,0.5674740484429066,0.5651867512332629,0.5579761068165847,0.5555555555555556
0.6523668639053254,0.6055718475073314,0.6031987814166032,0.5701754385964912,0.6360473208072372,0.6353944562899787,0.6368794326241135,0.6022727272727273,0.5923875432525951,0.599568655643422,0.6234652114597544,0.6218601493550577,0.6254295532646048,0.6107617051013278,0.6007702182284981
0.6187050359712231,0.6018584703359543,0.5733235077376566,0.5671428571428572,0.6123557365919892,0.6103351955307262,0.6036960985626283,0.5813478556841388,0.5866486850977748,0.5740609496810772,0.585043017868961,0.5791201575837164,0.5861148197596796,0.5810356422326832,0.5873417721518988
0.6229508196721312,0.5992217898832685,0.6024489795918367,0.5683563748079877,0.6087591240875913,0.6218487394957983,0.6146993318485523,0.5792188651436994,0.584070796460177,0.5918524212144505,0.5956204379562043,0.5852962169878658,0.604274134119381,0.5960264900662252,0.590752242926156
0.5809312638580931,0.5664488017429193,0.5686567164179105,0.5335255948089401,0.5724090597117364,0.5821000704721635,0.5718290119131044,0.557758031442242,0.5511596180081856,0.5571227080394923,0.5647530040053405,0.5587044534412956,0.5566037735849056,0.5572881355932203,0.549520766773163
0.587289992695398,0.5702127659574469,0.5635276532137519,0.5477707006369427,0.568561872909699,0.5815102328863797,0.580110497237569,0.5525238744884038,0.548941798941799,0.5563282336578581,0.5595716198125836,0.5510876730388925,0.5490716180371353,0.5490981963927856,0.540407156076496
0.6144486692015209,0.577485380116959,0.5848484848484848,0.5663454410674573,0.5866666666666667,0.5960841189267585,0.5829145728643216,0.5660112359550562,0.5670175438596491,0.5787923416789397,0.5696465696465697,0.5680390788555478,0.5770034843205575,0.5672676837725381,0.5618421052631579
0.6228070175438597,0.5888252148997135,0.5818735719725818,0.561877667140825,0.6064782908339077,0.5980113636363636,0.595536959553696,0.5731790333560245,0.565304755525787,0.5797306874557052,0.5847400405131667,0.5832223701731025,0.5895875591615957,0.582365003417635,0.5683544303797469
0.5944700460829493,0.5757575757575758,0.5605700712589073,0.5498489425981873,0.5884016973125884,0.583941605839416,0.5901875901875901,0.5604075691411936,0.5633598841419262,0.5612998522895125,0.5766270118964311,0.5616438356164384,0.5752650176678445,0.5710186513629842,0.556420233463035
0.6366459627329193,0.6047904191616766,0.587288817377313,0.5798192771084337,0.6120141342756183,0.6144668158090977,0.6124542124542125,0.5844155844155844,0.5814606741573034,0.5907421013960323,0.6093640810621943,0.6009648518263266,0.605543710021322,0.5932203389830508,0.5798429319371727
0.6096096096096096,0.5997088791848617,0.5825688073394495,0.5646711012564671,0.5962732919254659,0.6041816870944484,0.5950530035335689,0.5722300140252454,0.5754189944134078,0.5818181818181818,0.5873452544704264,0.571622539035981,0.5814917127071824,0.5820476858345021,0.5776602775941837
0.6134779240898528,0.5938931297709924,0.5677626303127506,0.5575485799701047,0.5972915181753385,0.5985185185185186,0.5959302325581395,0.5733333333333334,0.5690140845070423,0.5596465390279823,0.5853314527503526,0.5842068483577918,0.5784658691062632,0.5786073223259153,0.5659881812212738
0.6046511627906976,0.5807385952208545,0.5668934240362812,0.556118754525706,0.5820391627278866,0.5842857142857143,0.5875,0.5596650383810189,0.5546448087431693,0.5539112050739958,0.568135593220339,0.5643097643097643,0.5626255860683188,0.5601092896174863,0.5638709677419355
0.621861152141802,0.5839829907866761,0.5799540933435348,0.5760233918128655,0.5876010781671159,0.5998588567395907,0.6063977746870653,0.5614754098360656,0.5668016194331984,0.5762952448545068,0.5753968253968254,0.5731225296442688,0.5834464043419267,0.5723905723905723,0.5563161169881767
0.5948876839659178,0.5744203440538519,0.5750394944707741,0.556390977443609,0.5706214689265536,0.5867460908413998,0.5801749271137027,0.5454545454545454,0.5450733752620545,0.5632352941176471,0.5629322268326418,0.5645272601794341,0.5533101045296167,0.5500349895031491,0.5308720560152769
0.6236559139784946,0.5896474118529632,0.5791567223548131,0.5584795321637427,0.5967628430682618,0.6083761939750184,0.6113099498926271,0.5654374548083876,0.5732305536089699,0.5781710914454278,0.5784313725490197,0.5718175629680055,0.5936395759717314,0.5740740740740741,0.5771276595744681
0.6418128654970761,0.607898448519041,0.6092814371257484,0.5923244026068066,0.6265223274695535,0.6326102169349195,0.6333333333333333,0.5949625595643295,0.5985003408316292,0.5935302390998594,0.6052980132450331,0.606951871657754,0.6021361815754339,0.6027210884353742,0.579888957433683
0.6243305279265493,0.5722757598220904,0.5734710087370929,0.5652173913043478,0.6015569709837226,0.6111929307805597,0.6047516198704104,0.5635036496350365,0.5691756272401434,0.5699481865284974,0.5849189570119803,0.5730027548209367,0.5904628330995793,0.5741007194244604,0.5737051792828686
0.6109375,0.5707831325301205,0.5680566483084186,0.5625,0.5998568360773086,0.591672753834916,0.6011560693641619,0.5542857142857143,0.5588235294117647,0.548621190130624,0.5698478561549101,0.571032571032571,0.5593922651933702,0.5596072931276297,0.5622179239200515
0.6422578184591915,0.6211453744493393,0.610248447204969,0.6061980347694633,0.6362359550561798,0.6323422770123278,0.630901287553648,0.6001435750179469,0.6035087719298246,0.602919708029197,0.6161335187760779,0.6080436264485344,0.6145251396648045,0.607773851590106,0.60546875
0.6041506533435819,0.5707964601769911,0.5518867924528302,0.5487364620938628,0.5832167832167832,0.586764705882353,0.5862068965517241,0.55863539445629,0.5600558659217877,0.5632772494513534,0.5694540428472702,0.5637491385251551,0.5656424581005587,0.5662228451296426,0.5577536694320357
0.620583717357911,0.5923076923076923,0.5723370429252782,0.5595325054784515,0.597552195824334,0.5995525727069351,0.5938864628820961,0.567032967032967,0.5726744186046512,0.5712166172106825,0.5864022662889519,0.5774647887323944,0.5808720112517581,0.5743145743145743,0.5691275167785235
0.6332574031890661,0.5845229151014275,0.5787370103916867,0.5537065052950075,0.6025280898876404,0.621861152141802,0.6067577282530554,0.5565969718817592,0.5692090395480226,0.5720588235294117,0.5941422594142259,0.585635359116022,0.5963431786216596,0.5742857142857143,0.5784248841826605
0.6178988326848249,0.5807407407407408,0.5646687697160884,0.5552282768777614,0.6025824964131994,0.6010286554004408,0.5991316931982634,0.5691980127750177,0.5620641562064156,0.5593590677348871,0.5730180806675939,0.5722222222222222,0.5810526315789474,0.5674157303370787,0.5547634478289047
0.6047244094488189,0.6033950617283951,0.582995951417004,0.5712086220169361,0.6068563092633115,0.5973053892215568,0.5914221218961625,0.5827123695976155,0.5728937728937729,0.5840304182509506,0.5805535841022001,0.5845272206303725,0.5936811168258633,0.5741417092768444,0.5653333333333334
0.6158536585365854,0.5940740740740741,0.5850556438791733,0.5752212389380531,0.609429978888107,0.6223520818115412,0.6236403190717912,0.5882352941176471,0.5762004175365344,0.587289992695398,0.5972222222222222,0.5899379738111648,0.5963687150837989,0.5923836389280677,0.5831168831168831
0.6152597402597403,0.6037441497659907,0.5891980360065466,0.5786163522012578,0.6185567010309279,0.6155038759689923,0.6177138531415595,0.5850746268656717,0.5903345724907063,0.5986185725249424,0.6106194690265486,0.5938173975557153,0.6113989637305699,0.5915492957746479,0.5878332194121668
0.5835222978080121,0.558932542624166,0.5368502715283165,0.5262401150251618,0.5668299510146956,0.5716332378223495,0.5499645641389086,0.5340909090909091,0.5322245322245323,0.5415162454873647,0.5541006202618883,0.5450819672131147,0.5476025017373176,0.5420689655172414,0.5305343511450382
0.615625,0.5920125293657008,0.5847665847665847,0.5743348982785602,0.5986984815618221,0.601526717557252,0.5964391691394659,0.5794947994056464,0.5911477869467366,0.5871559633027523,0.5851905104241553,0.5764872521246459,0.5885755603759942,0.5820029027576198,0.5787694388100068
0.6421748714180749,0.5987261146496815,0.5947169811320755,0.5788732394366197,0.6143437077131259,0.6239436619718309,0.6130584192439863,0.584931506849315,0.5706630944407234,0.5885673959068455,0.596514745308311,0.5868421052631579,0.596514745308311,0.5869711215580927,0.5872611464968153
0.6140350877192983,0.5945945945945946,0.5842696629213483,0.5687943262411348,0.6063100137174211,0.607773851590106,0.599721059972106,0.5708362128541811,0.5655456417295813,0.5802816901408451,0.5805142083897158,0.5748663101604278,0.5737265415549598,0.5692729766803841,0.5719745222929936
0.5880452342487884,0.5593087195600943,0.5618729096989966,0.5316653635652854,0.581081081081081,0.5754276827371695,0.5705568268497331,0.5462822458270106,0.537890044576523,0.5470219435736677,0.5583090379008746,0.5609934258582907,0.5511111111111111,0.5442278860569715,0.5497630331753555
0.6217765042979942,0.608876560332871,0.5988372093023255,0.5827538247566064,0.6081342801807618,0.604778156996587,0.6118598382749326,0.580946035976016,0.5896103896103896,0.5818431911966988,0.5943152454780362,0.5871212121212122,0.5908209437621202,0.5935653315824031,0.575
0.6062283737024221,0.5896907216494846,0.5538243626062322,0.556673373574782,0.5911708253358925,0.5932432432432433,0.5867182462927144,0.5714285714285714,0.5579288025889968,0.5592105263157895,0.5792141951837769,0.5708884688090737,0.5668586052463211,0.5628205128205128,0.5787181082762912
0.6110260336906586,0.5705614567526556,0.573015873015873,0.559025133282559,0.5863799283154122,0.5947136563876652,0.5949090909090909,0.5522174535050072,0.5642857142857143,0.5527488855869243,0.5632823365785814,0.5601131541725601,0.5754985754985755,0.5538243626062322,0.5551181102362205
0.6201322556943424,0.5820568927789934,0.5654450261780105,0.5672937771345875,0.5971173644474949,0.5923344947735192,0.5948575399583044,0.5614525139664804,0.5724090597117364,0.5612025769506085,0.5906313645621182,0.5714285714285714,0.5828262339418526,0.5679347826086957,0.5523690773067331
0.6031746031746031,0.5670731707317073,0.5636942675159236,0.5441860465116279,0.5738515901060071,0.5971914264597191,0.5883201153568853,0.5382395382395382,0.5599425699928212,0.5600589535740604,0.5673959068454482,0.5666666666666667,0.576056338028169,0.5499645641389086,0.5578673602080624
0.6264682850430697,0.5885093167701864,0.5747126436781609,0.5639810426540285,0.6011644832605532,0.6190833959429001,0.6141141141141141,0.5607064017660044,0.5697503671071953,0.5648854961832062,0.567814476458187,0.5761494252873564,0.585436193222783,0.564963503649635,0.5607973421926911
0.6124031007751938,0.5923709798055348,0.5905068382944489,0.5716486902927581,0.5911047345767575,0.6196969696969697,0.6097922848664689,0.5778748180494906,0.5718390804597702,0.5774121166791324,0.590421729807005,0.5776528460997892,0.5817134629229662,0.578226387887527,0.5757575757575758
0.6275964391691394,0.6020114942528736,0.6025544703230654,0.5843681519357194,0.6231983527796843,0.6224417784050812,0.6236860546601262,0.5880721220527045,0.589041095890411,0.594017094017094,0.6014935505770537,0.6025727826675694,0.605191256830601,0.5949625595643295,0.5874125874125874
0.6016260162601627,0.5748930099857347,0.5923134890730972,0.5586592178770949,0.5883940620782726,0.5992932862190813,0.5767634854771784,0.5651877133105802,0.5582655826558266,0.5692307692307692,0.5691275167785235,0.5662891405729513,0.5602649006622517,0.5633039945836155,0.5566097406704618
0.6235565819861432,0.6021341463414634,0.5955414012738853,0.5818452380952381,0.6108726752503576,0.6194423511680482,0.6077428780131483,0.5803183791606368,0.5754985754985755,0.5906735751295337,0.5950530035335689,0.5884831460674157,0.6054519368723099,0.5889921372408864,0.5894308943089431
0.6395786305492852,0.6180758017492711,0.6063912704598597,0.5892857142857143,0.6328938237335184,0.6335493160547156,0.6232091690544412,0.5926439972241498,0.5988857938718662,0.6090169992609017,0.6010854816824966,0.6025903203817314,0.6109191430545957,0.6036671368124118,0.5930764206401045
0.6392067124332571,0.617005267118134,0.6106264869151468,0.5957446808510638,0.6297085998578535,0.640117994100295,0.6318082788671024,0.6042857142857143,0.6037735849056604,0.6010064701653487,0.6147368421052631,0.6078431372549019,0.6098591549295774,0.6089385474860335,0.5927868852459016
0.6153846153846154,0.5948876839659178,0.5631536604987932,0.5608628659476117,0.5974025974025974,0.5994020926756353,0.593519882179676,0.5655070318282753,0.5777460770328102,0.5683890577507599,0.5862313697657914,0.5871559633027523,0.577524893314367,0.5763688760806917,0.5754527162977867
0.6267806267806267,0.6044880785413744,0.5852568875651526,0.5700280112044818,0.6047430830039525,0.5994475138121547,0.6066802999318337,0.5867208672086721,0.5761809713905522,0.5749656121045392,0.5960526315789474,0.594059405940594,0.5956607495069034,0.5929919137466307,0.5785536159600998
0.6335664335664336,0.6131687242798354,0.6077586206896551,0.5981956974323387,0.6302250803858521,0.6296791443850267,0.635822868473232,0.5824607329842932,0.6014075495841331,0.5967523680649527,0.6017587939698492,0.6113207547169811,0.6089171974522293,0.5944907110826393,0.5974955277280859
0.6367781155015197,0.6019563581640331,0.5924170616113744,0.5823170731707317,0.6087570621468926,0.6262773722627737,0.6162706983441325,0.5830945558739254,0.5801418439716312,0.6026785714285714,0.6049122807017544,0.5867032213845099,0.5964664310954063,0.5885714285714285,0.5664290343486714
0.5879518072289157,0.5457364341085271,0.5233333333333333,0.5185185185185185,0.5566106647187729,0.5685670261941448,0.5585585585585585,0.5220030349013657,0.5356371490280778,0.5228658536585366,0.5466472303206997,0.5347517730496454,0.5473527218493661,0.5265486725663717,0.5353260869565217
0.5844748858447488,0.5609573672400897,0.5675889328063242,0.5301914580265096,0.5769496204278813,0.5843681519357194,0.5848375451263538,0.5413105413105413,0.5453277545327755,0.5470588235294118,0.561141304347826,0.5675492192803802,0.572829131652661,0.5493741307371349,0.5547725816784113
0.637155297532656,0.6183368869936035,0.6101438304314913,0.6001446131597975,0.624409979770735,0.6251748251748251,0.628133704735376,0.5919778699861687,0.5944482058226134,0.596167494677076,0.6022501654533422,0.6027944111776448,0.6040268456375839,0.5876010781671159,0.5863151286880101
0.6195234435049961,0.6018808777429467,0.5839299920445505,0.5846153846153846,0.618450184501845,0.6090169992609017,0.6085043988269795,0.5843866171003718,0.5902118334550767,0.5821665438467207,0.5876508161816891,0.5873925501432665,0.5845070422535211,0.5798561151079137,0.5714285714285714
0.6195085629188384,0.6051282051282051,0.5831399845320959,0.5636896046852123,0.6177076183939602,0.6116642958748222,0.6150598170302604,0.5706254392129304,0.594031922276197,0.5649396735273243,0.6030013642564802,0.5943012211668928,0.5842391304347826,0.5800687285223368,0.5853035143769968
0.6395864106351551,0.5982008995502249,0.5901898734177216,0.5836459114778695,0.6195804195804195,0.6363636363636364,0.6189473684210526,0.5823699421965318,0.5752840909090909,0.5980611483967189,0.5835616438356165,0.5863236289776574,0.6004169562195969,0.5866477272727273,0.5901426718547341
0.5900151285930408,0.5697061039939714,0.5610717100078803,0.5350036845983788,0.573049645390071,0.5858290723155588,0.5693848354792561,0.5493871665465032,0.5364836692147325,0.5475671750181554,0.5620182200420463,0.5502063273727648,0.5485871812543074,0.5472496473906912,0.5418589321028345
0.5868725868725869,0.5506376594148538,0.5536,0.5388679245283019,0.5627214741318214,0.5743740795287187,0.5714285714285714,0.5306416726748377,0.5239749826268242,0.5485799701046338,0.546583850931677,0.5437026841018582,0.5540636042402827,0.5442948263642806,0.5335942596216569
0.6110689916603488,0.5970836531082118,0.5594294770206022,0.5660377358490566,0.6024442846872753,0.5954645208485735,0.5991316931982634,0.5695461200585652,0.5757795503988398,0.5767234988880652,0.5815602836879432,0.570034843205575,0.5790960451977402,0.5766158315177923,0.5673202614379085
0.5841874084919473,0.5747973470891673,0.558282208588957,0.550915750915751,0.5720164609053497,0.5789849892780558,0.5740223463687151,0.5543859649122806,0.5469613259668509,0.5499645641389086,0.5571331981068289,0.5521885521885522,0.5454545454545454,0.5521472392638037,0.5455696202531646
0.6278026905829597,0.6118175018698578,0.5889665889665889,0.5796886582653817,0.6138613861386139,0.6030589949016751,0.5988538681948424,0.5911680911680912,0.5850914205344585,0.5831501831501832,0.583859649122807,0.5853658536585366,0.5864240727781665,0.5864978902953587,0.5811965811965812
0.6043058648849294,0.5677710843373494,0.5563435776201734,0.5465465465465466,0.5879043600562588,0.5859030837004405,0.5773638968481375,0.5453226976069616,0.5653104925053534,0.5544848035581913,0.5650035137034435,0.5607603530210454,0.5648854961832062,0.5568181818181818,0.565016501650165
0.5807429871114481,0.562731997030438,0.5547675334909378,0.5414201183431953,0.5734563520227112,0.5798381162619574,0.5651245551601424,0.5542691751085383,0.541782729805014,0.5520295202952029,0.5601688951442646,0.5509065550906556,0.5581395348837209,0.5561044460127029,0.5395778364116095
0.6335590669676449,0.5922116091109478,0.5923664122137404,0.5724962630792227,0.6019417475728155,0.6162790697674418,0.6126255380200861,0.5746478873239437,0.5702422145328719,0.5783475783475783,0.587991718426501,0.5868673050615595,0.5910034602076124,0.5886475122634899,0.5800524934383202
0.5972222222222222,0.5690814040328603,0.5648369132856006,0.5454545454545454,0.5736111111111111,0.582723279648609,0.5863570391872278,0.5506829618979152,0.5572625698324022,0.5602365114560236,0.5696378830083565,0.5628002745367193,0.5714285714285714,0.5558698727015559,0.5504587155963303
0.6123727486296007,0.5986597170513775,0.5641838351822503,0.5469448584202683,0.5913902611150318,0.5887573964497042,0.5892597968069666,0.5765379113018598,0.5654596100278552,0.5598259608411893,0.5802382620882971,0.56353591160221,0.5726375176304654,0.5750708215297451,0.5575279421433268
0.6339677891654466,0.6052044609665428,0.6056445461479787,0.5802098950524738,0.6160220994475138,0.6216216216216216,0.6199158485273493,0.5852272727272727,0.5819444444444445,0.6031746031746031,0.5935572309801234,0.6031528444139822,0.6006825938566553,0.5867768595041323,0.5837628865979382
0.6092124814264487,0.5826656955571741,0.576036866359447,0.561119293078056,0.5847632120796157,0.5929577464788732,0.5828092243186582,0.5668073136427567,0.5622435020519836,0.5596002855103498,0.568135593220339,0.5691056910569106,0.5722033898305084,0.5702535983550377,0.5528662420382165
0.6122448979591837,0.5689655172413793,0.5788667687595712,0.5632183908045977,0.5930470347648262,0.5961945031712473,0.590186592950933,0.5612594113620808,0.5708474576271186,0.5734463276836158,0.5737051792828686,0.5654174884944115,0.5828262339418526,0.566621803499327,0.5699745547073791
0.6137724550898204,0.5870356882738529,0.5760869565217391,0.5608856088560885,0.6015246015246015,0.6069364161849711,0.5975869410929737,0.5712270803949224,0.5631469979296067,0.5681492109038737,0.5852981969486823,0.5632262474367737,0.574792243767313,0.5726141078838174,0.5675500969618616
0.6199854121079504,0.5973837209302325,0.5841363973313566,0.5690021231422505,0.6158075601374571,0.606694560669456,0.609471516815374,0.5876645876645876,0.5873555404486743,0.5818181818181818,0.588704318936877,0.5842696629213483,0.5910006715916722,0.5839514497639919,0.5841836734693877
0.6009104704097117,0.575689783743475,0.5612952968388589,0.5489051094890511,0.5787292817679558,0.5943190094683175,0.586132952108649,0.5592011412268189,0.5599445599445599,0.556745182012848,0.5690834473324213,0.5663956639566395,0.5751724137931035,0.5666434054431263,0.5511111111111111
0.6031007751937985,0.5936285936285937,0.5737308622078968,0.5525114155251142,0.5953079178885631,0.6022813688212928,0.5833945628214549,0.5739910313901345,0.5703918722786647,0.5807429871114481,0.5812455261274159,0.5781584582441114,0.5800865800865801,0.5784883720930233,0.5704607046070461
0.6227272727272727,0.5924855491329479,0.5793103448275863,0.5605839416058395,0.611456176673568,0.5990202939118264,0.6058495821727019,0.5694444444444444,0.5671843349088453,0.5718370264474625,0.5809906291834003,0.5767690253671562,0.5841784989858012,0.5733695652173914,0.5627705627705628
0.5869218500797448,0.5732383214568487,0.5573221757322175,0.5407523510971787,0.5822784810126582,0.5742879137798307,0.5759398496240602,0.5595776772247361,0.5538233110616184,0.5538461538461539,0.5642909625275533,0.5565969718817592,0.5541818181818182,0.5605947955390335,0.5454545454545454
0.6103423160961399,0.5832727272727273,0.5707762557077626,0.5704125177809388,0.6037215713301172,0.6013986013986014,0.6026261230131306,0.5647887323943662,0.5683646112600537,0.5635202271114266,0.5808182427900738,0.5793010752688172,0.5785907859078591,0.5757368060315284,0.5681674064679771
0.6370370370370371,0.6162962962962963,0.6031007751937985,0.5931336742147553,0.6246537396121884,0.6372832369942196,0.6248216833095578,0.601568068424804,0.5899182561307902,0.5901408450704225,0.6104972375690608,0.6057298772169167,0.6039807824296499,0.5998617829993089,0.5860524632117722
0.6279245283018868,0.6118518518518519,0.6034214618973561,0.6011730205278593,0.6121593291404612,0.6205903527717782,0.6153846153846154,0.5925384052670081,0.5958952583156405,0.6007380073800738,0.5977808599167822,0.6089385474860335,0.6079664570230608,0.5947105075053609,0.5845951283739302
0.6047582501918649,0.5567765567765568,0.5395569620253164,0.5268579838116262,0.5766526019690577,0.5801749271137027,0.5691868758915835,0.5377558221594919,0.5309734513274337,0.5447976878612717,0.5505464480874317,0.5445945945945946,0.5568573397656789,0.5379876796714579,0.5440613026819924
0.5631216526396328,0.5716463414634146,0.5425867507886435,0.5339435545385202,0.5706214689265536,0.5622254758418741,0.5730994152046783,0.543884892086331,0.5512367491166078,0.5297138664710198,0.5479641131815045,0.5463414634146342,0.5417256011315418,0.5509915014164306,0.5513585155732273
0.6347390993566834,0.6061036195883606,0.5980896399706098,0.5758645024700071,0.625503355704698,0.6242214532871972,0.6204081632653061,0.5855670103092784,0.5932885906040268,0.5819958129797628,0.6003949967083607,0.6025049439683586,0.5963302752293578,0.592,0.594960049170252
0.5980896399706098,0.5769506084466715,0.5572519083969466,0.5622775800711743,0.579092159559835,0.5931721194879089,0.5912921348314607,0.5627586206896552,0.5611899932386748,0.5664335664335665,0.5622918054630246,0.5708474576271186,0.5685483870967742,0.5702702702702702,0.5633440514469453
0.6046875,0.5716498838109992,0.5690515806988353,0.5263963274674828,0.5906735751295337,0.5927051671732523,0.5840179238237491,0.5609573672400897,0.5665930831493745,0.5592705167173252,0.5652173913043478,0.5594306049822064,0.574762946754194,0.5701624815361891,0.5522788203753352
0.5822970007315289,0.5599415204678363,0.5505443234836703,0.5453216374269005,0.5688581314878892,0.5826210826210826,0.572829131652661,0.5357643758765779,0.5522491349480969,0.5470085470085471,0.5496598639455782,0.5448415374241402,0.5538039753255655,0.5355191256830601,0.5387547649301143
0.619865571321882,0.597684515195369,0.5965177895533686,0.5685570710696339,0.6104972375690608,0.6104078762306611,0.6029106029106029,0.5810439560439561,0.5669824086603519,0.5824561403508772,0.5967741935483871,0.5775116433799069,0.5869565217391305,0.5793758480325645,0.5687022900763359
0.6224566691785983,0.6041979010494752,0.572107765451664,0.5662921348314607,0.6140845070422535,0.6209912536443148,0.6080793763288448,0.5722460658082976,0.5758211041229909,0.5766423357664233,0.5979238754325259,0.5953038674033149,0.5862552594670407,0.5728360309641097,0.5876152832674572
0.6049204052098408,0.5898752751283932,0.5725368502715283,0.5680647534952171,0.5962988348183688,0.6032880629020729,0.5986013986013986,0.5803255484784147,0.5776271186440678,0.5790613718411552,0.5914343983684568,0.5773610180843939,0.5888812628689087,0.5842541436464088,0.5824742268041238
0.5751421608448416,0.5567176186645213,0.5434962717481359,0.548770816812054,0.5648503453568687,0.558891454965358,0.5653876272513704,0.5482625482625483,0.5331302361005331,0.5439005439005439,0.5513108614232209,0.5502645502645502,0.543026706231454,0.5438066465256798,0.5291228070175439
0.6198034769463341,0.5927029039463887,0.5813586097946287,0.5735849056603773,0.5964912280701754,0.6062364031907179,0.6031518624641834,0.5772298767222626,0.5785714285714286,0.5795369678864825,0.5839112343966713,0.5831593597773138,0.5836249125262422,0.5710267229254571,0.5697368421052632
0.5976505139500734,0.5706134094151213,0.562929061784897,0.5386819484240688,0.5797691785471826,0.5982905982905983,0.5839721254355401,0.5498281786941581,0.5471571906354515,0.5510349750178444,0.5681969394544245,0.5573122529644269,0.5677680377612947,0.557980900409277,0.5518955873213176
0.6004319654427646,0.5812324929971989,0.5645645645645646,0.5503931379556827,0.5973333333333334,0.6016597510373444,0.5893587994542974,0.5634379263301501,0.5549668874172186,0.5654596100278552,0.5896934116112198,0.5857795172863666,0.5784248841826605,0.5655355954757152,0.5726548129981607
0.6183368869936035,0.590782122905028,0.6026200873362445,0.5696551724137932,0.6079582517938682,0.614247311827957,0.6078301260783012,0.5627476882430648,0.5797665369649806,0.5869565217391305,0.5874757908327953,0.5809768637532133,0.577120822622108,0.5745642349903163,0.5707462686567164
0.6265232974910394,0.6200564971751412,0.593939393939394,0.5653710247349824,0.6122994652406417,0.6307692307692307,0.6132971506105834,0.5831649831649832,0.5887788778877888,0.5860400829302004,0.5956890920966689,0.5920104780615586,0.6018641810918774,0.5942320590207915,0.5813664596273292
0.6383623957543594,0.6174298375184638,0.5998433829287392,0.5852568875651526,0.6274509803921569,0.6240115025161754,0.6254493170381021,0.6011477761836442,0.5941422594142259,0.586764705882353,0.5983493810178817,0.5987525987525988,0.5990202939118264,0.5862552594670407,0.5824104234527687
0.630844382414515,0.6190145732130465,0.6086330935251798,0.584,0.6422498364944408,0.6265865063460254,0.6355876559422193,0.6098360655737705,0.6086956521739131,0.6035502958579881,0.6240409207161125,0.6256345177664975,0.6138107416879796,0.6055979643765903,0.6080097087378641
0.6093630084420568,0.5894736842105263,0.5777054515866559,0.5492537313432836,0.5916489738145789,0.5989544436146378,0.5975344452501813,0.5728862973760933,0.5809187279151944,0.5672082717872969,0.5782122905027933,0.5773768216516308,0.5827439886845828,0.5787965616045845,0.5714285714285714
0.65625,0.6193548387096774,0.6070038910505836,0.590421729807005,0.6302294197031039,0.6434163701067616,0.6213183730715287,0.6008230452674898,0.6133700895933839,0.6090712742980562,0.6177451634422949,0.609739826551034,0.6242299794661191,0.6063100137174211,0.5985778926955397
0.6044830079537238,0.591467823571945,0.5755071374906086,0.5557122708039492,0.5883161512027492,0.5912921348314607,0.5836200963523744,0.5581395348837209,0.5698778833107191,0.5685714285714286,0.5677506775067751,0.5555555555555556,0.5693035835023664,0.5658073270013568,0.565989847715736
0.6148255813953488,0.6038011695906432,0.5841509433962264,0.5655563430191354,0.5998627316403569,0.5995777621393384,0.5712347354138398,0.580958999305073,0.5686944634313056,0.5810055865921788,0.5986206896551725,0.5664662658650634,0.5794392523364486,0.5866114561766735,0.5745784695201037
0.6136701337295691,0.5672082717872969,0.5623547637490317,0.5626373626373626,0.5894590846047156,0.6023054755043228,0.5992932862190813,0.5514809590973202,0.5571526351813826,0.5565969718817592,0.5652759084791387,0.5689307330195024,0.5785123966942148,0.5637119113573407,0.5577536694320357
0.6294881588999236,0.6016381236038719,0.5907241659886087,0.5640243902439024,0.6138472519628837,0.6282722513089005,0.6176470588235294,0.5736994219653179,0.584045584045584,0.5848214285714286,0.5936395759717314,0.5829846582984658,0.5954415954415955,0.5870503597122302,0.5899665551839465
0.6025544703230654,0.5685131195335277,0.5622119815668203,0.5543556515478761,0.5895316804407713,0.5971223021582733,0.5876577840112202,0.548936170212766,0.5679012345679012,0.540385989992852,0.5659603554340397,0.5757162346521146,0.567143830947512,0.5575589459084604,0.5649644473173885
0.6332046332046332,0.6166794185156848,0.5977564102564102,0.601823708206687,0.6216798277099784,0.6134328358208955,0.6209439528023599,0.5894279507603186,0.6002844950213371,0.5827814569536424,0.6169154228855721,0.6088794926004228,0.6027007818052594,0.6002844950213371,0.5906666666666667
0.5946337926033357,0.5874026893135174,0.5502567865003668,0.5553977272727273,0.5921938088829072,0.5816186556927297,0.5852660300136425,0.5524712254570074,0.5588822355289421,0.5665058580289456,0.5714285714285714,0.5704918032786885,0.5685884691848907,0.560105680317041,0.5651353052234109
0.6612903225806451,0.6398274622573688,0.6187161639597835,0.6045156591405682,0.6461327857631759,0.6490350250178699,0.6452961672473868,0.622813156053184,0.6226546212647672,0.6217391304347826,0.6310088016249153,0.6178428761651131,0.623641304347826,0.6180798878766643,0.6098484848484849
0.6016023306627822,0.5641399416909622,0.5617283950617284,0.5430656934306569,0.5735694822888283,0.5909732016925247,0.5824706694271912,0.5559465165376496,0.5471698113207547,0.5563380281690141,0.568733153638814,0.5627073656270737,0.5720081135902637,0.5644171779141104,0.5544303797468354
0.6318051575931232,0.6017069701280228,0.5883233532934131,0.579172610556348,0.610079575596817,0.6134969325153374,0.6225895316804407,0.5752869682646861,0.5955435516542876,0.5797909407665506,0.5959661678594665,0.5988334413480233,0.6003976143141153,0.5870580386924616,0.5778588807785888
0.6297151655119323,0.6082949308755761,0.5912762520193862,0.5794676806083651,0.6144842721287491,0.6205357142857143,0.6142649199417758,0.5798816568047337,0.567741935483871,0.5798637395912187,0.5873015873015873,0.5800988002822866,0.5863799283154122,0.5697674418604651,0.5966101694915255
0.6264150943396226,0.6005917159763313,0.5908028059236166,0.5699558173784978,0.6044260027662517,0.6125730994152047,0.6130867709815079,0.5656140350877193,0.5778087927424983,0.5778748180494906,0.5828804347826086,0.581989247311828,0.580952380952381,0.5791292328956462,0.5745085605580216
0.5909797822706065,0.5509893455098934,0.5396825396825397,0.5232646834477498,0.572039942938659,0.5693323550990462,0.5701754385964912,0.529839883551674,0.5445329471397538,0.5434131736526946,0.5418994413407822,0.5462184873949579,0.5540636042402827,0.5471562275017998,0.539413680781759
0.6025544703230654,0.5813097866077999,0.5845447589900535,0.5441067457375834,0.592797783933518,0.6047516198704104,0.5885714285714285,0.5798138869005011,0.5570517363571935,0.5757795503988398,0.585802894555479,0.5721925133689839,0.5872689938398358,0.5740350877192982,0.5675500969618616
0.6134969325153374,0.5977358490566038,0.5871271585557299,0.5653170359052712,0.6066282420749279,0.5989773557341125,0.6065934065934065,0.5759312320916905,0.5819730305180979,0.5783664459161147,0.5824561403508772,0.5822784810126582,0.5851216022889842,0.5836298932384342,0.562048588312541
0.6666666666666666,0.6314285714285715,0.6104477611940299,0.5987170349251604,0.6429530201342282,0.6472222222222223,0.6373626373626373,0.6116040955631399,0.6147540983606558,0.6113475177304964,0.6307385229540918,0.6175115207373272,0.6231691078561917,0.6114130434782609,0.6208201892744479
0.6367041198501873,0.6118721461187214,0.5888801879404855,0.5874233128834356,0.627034677990092,0.6297627606038821,0.6243691420331651,0.5850439882697948,0.5901162790697675,0.5844544095665172,0.6094839609483961,0.611731843575419,0.593103448275862,0.590778097982709,0.5857142857142857
0.6046511627906976,0.5825688073394495,0.5718901453957996,0.5555555555555556,0.587892049598833,0.595648912228057,0.5961538461538461,0.562962962962963,0.5662299854439592,0.558667676003028,0.5763688760806917,0.5720461095100865,0.5714285714285714,0.565406976744186,0.5515394912985274
0.6282051282051282,0.5849923430321593,0.5864661654135338,0.5617623918174666,0.6010286554004408,0.621011673151751,0.6172465960665658,0.5745937961595273,0.5786350148367952,0.5855161787365177,0.5872093023255814,0.586608442503639,0.6014598540145986,0.5813097866077999,0.5822436338609773
0.5577812018489985,0.5218045112781955,0.5114443567482242,0.5040530582166544,0.5413427561837456,0.5443786982248521,0.539454806312769,0.510938602681722,0.5121602288984263,0.5138686131386861,0.5258019525801952,0.5204152249134948,0.5271210013908206,0.5136459062281316,0.5076923076923077
0.5854732208363903,0.5753823743627094,0.554290053151101,0.5488505747126436,0.5821404226312201,0.5843793584379359,0.582365003417635,0.5513439007580979,0.5604921394395078,0.5537366548042705,0.5797297297297297,0.5771543086172345,0.5743243243243243,0.5560053981106613,0.5608065532451165
0.6165644171779141,0.5589782118707739,0.5662460567823344,0.5449146250927989,0.5734265734265734,0.6008902077151336,0.5847033595425304,0.54,0.5406935598018401,0.5562130177514792,0.5557083906464925,0.5480572597137015,0.5672268907563025,0.5443037974683544,0.5441558441558442
0.618978102189781,0.6075036075036075,0.6024464831804281,0.5770065075921909,0.604267033723331,0.6176890156918687,0.6093640810621943,0.5828729281767956,0.5748987854251012,0.5859872611464968,0.5884745762711865,0.5849056603773585,0.5815983881799865,0.5805574439157036,0.5772669220945083
0.6465256797583081,0.6121256391526662,0.5965996908809892,0.5735080058224163,0.6180555555555556,0.6281227694503926,0.620933521923621,0.5911949685534591,0.5983263598326359,0.5950653120464441,0.6098901098901099,0.5911864406779661,0.6035911602209945,0.5973665973665974,0.5951602354480052
0.623718887262079,0.5942857142857143,0.5848915482423336,0.5737226277372263,0.6091644204851752,0.6079664570230608,0.6062283737024221,0.5761092150170648,0.5772357723577236,0.5873239436619718,0.5894039735099338,0.589095744680851,0.5915492957746479,0.5870445344129555,0.5730337078651685
0.6063348416289592,0.5889477668433005,0.585635359116022,0.5615094339622642,0.5988700564971752,0.597552195824334,0.5961123110151187,0.5706010137581463,0.56,0.5693215339233039,0.580958999305073,0.5757575757575758,0.5818935729094679,0.5700211118930331,0.564935064935065
0.6221232368225686,0.5954645208485735,0.5906976744186047,0.5767790262172284,0.6089385474860335,0.6144927536231884,0.6071428571428571,0.5742434904996482,0.5773768216516308,0.5745296671490593,0.5889655172413794,0.5899379738111648,0.592280701754386,0.5730103806228374,0.5841519318925998
0.6073619631901841,0.5885022692889561,0.5896414342629482,0.5663026521060842,0.59644128113879,0.604992657856094,0.5997067448680352,0.5656272661348803,0.5594306049822064,0.5720653789004457,0.5742574257425742,0.5722379603399433,0.5761258041458185,0.5739005046863734,0.5693527080581242
0.6317343173431734,0.5866861741038771,0.5863636363636363,0.5741007194244604,0.6076124567474048,0.6140845070422535,0.6107617051013278,0.5758211041229909,0.5632262474367737,0.577962577962578,0.5911864406779661,0.5906313645621182,0.5860904794058069,0.5749152542372882,0.5785123966942148
0.5909090909090909,0.56752655538695,0.5576148267526189,0.5470459518599562,0.5712219812002892,0.5838976674191121,0.5720588235294117,0.5494830132939439,0.5457142857142857,0.5582089552238806,0.5653104925053534,0.5640307907627712,0.5610795454545454,0.5645863570391872,0.5319289005924951
0.6107594936708861,0.5635948210205636,0.5663430420711975,0.5687789799072643,0.5884079236977257,0.5985074626865672,0.5962825278810409,0.5494830132939439,0.5580389329488104,0.5468053491827637,0.5648745519713262,0.5638829407566024,0.5702066999287242,0.5656565656565656,0.5601074546675622
0.5997023809523809,0.5832106038291606,0.5720858895705522,0.5389133627019089,0.5850622406639004,0.5961945031712473,0.5854341736694678,0.5667380442541042,0.5628070175438596,0.5648745519713262,0.5764785859959212,0.5664429530201343,0.578114246386786,0.5633217993079584,0.5692405871091257
0.6130434782608696,0.5945945945945946,0.5922619047619048,0.5712260807937632,0.5993265993265994,0.6075418994413407,0.5942622950819673,0.5904109589041096,0.5731625084288604,0.585195530726257,0.5989304812834224,0.5812417437252312,0.5902079141515761,0.5942320590207915,0.586427656850192
0.6223612197028929,0.6045801526717557,0.584831899921814,0.5707865168539326,0.6002886002886003,0.6056129985228951,0.6057059253840527,0.5780346820809249,0.58840372226199,0.5879765395894428,0.5849189570119803,0.592801693719125,0.5913902611150318,0.5911330049261084,0.583941605839416
0.6102189781021898,0.5661218424962853,0.5618153364632238,0.5528089887640449,0.598893499308437,0.5967399007795889,0.6073446327683616,0.5558739255014327,0.5588437715072264,0.5523255813953488,0.5835616438356165,0.5683646112600537,0.5828804347826086,0.5668523676880223,0.5625790139064475
0.6014814814814815,0.5551497443389335,0.5538461538461539,0.5437589670014347,0.5814917127071824,0.586132952108649,0.5738161559888579,0.5434173669467787,0.5489390828199863,0.5513280689160086,0.5617367706919946,0.5531062124248497,0.568104038329911,0.5493150684931507,0.5633074935400517
0.632375189107413,0.5877976190476191,0.5811437403400309,0.5648628613787992,0.6041958041958042,0.6144927536231884,0.6115819209039548,0.5761258041458185,0.5815899581589958,0.5797101449275363,0.5816186556927297,0.5912806539509536,0.6013888888888889,0.579020979020979,0.5834411384217335
0.5892307692307692,0.5603053435114503,0.5432883240667196,0.5300837776085301,0.5755395683453237,0.5771217712177121,0.5785244704163623,0.5481049562682215,0.5390070921985816,0.5483146067415731,0.558303886925795,0.5491861288039632,0.5514285714285714,0.5510791366906475,0.5483870967741935
0.6318883174136665,0.604982206405694,0.6031273268801192,0.5881523272214386,0.6108506363027462,0.6156008432888265,0.6133700895933839,0.5932553337921541,0.5763842561707805,0.5833333333333334,0.5970744680851063,0.5863874345549738,0.5997322623828648,0.5912698412698413,0.5726817042606517
0.6376811594202898,0.624441132637854,0.6114151681000782,0.5946745562130178,0.6224417784050812,0.631578947368421,0.623826714801444,0.6,0.6033755274261603,0.6085693536673928,0.6064425770308123,0.6069444444444444,0.6097902097902098,0.5944055944055944,0.5861618798955613
0.6088922381311228,0.5766691122523845,0.5692068429237948,0.5473372781065089,0.5965156794425087,0.6045845272206304,0.592226148409894,0.5537596626844694,0.5509227614490773,0.5630372492836676,0.5745554035567716,0.576662143826323,0.5683355886332883,0.5615491009681881,0.5705003248862898
0.6426380368098159,0.6105585309869931,0.5925324675324676,0.5714285714285714,0.6236559139784946,0.636698599852616,0.6329670329670329,0.5985294117647059,0.5965417867435159,0.5945144551519644,0.5962473940236275,0.6023926812104152,0.5967628430682618,0.596415770609319,0.5945587259455872
0.6175807663410969,0.5978021978021978,0.5937260902830911,0.5761732851985559,0.6113416320885201,0.6088214027476501,0.6120996441281139,0.57991513437058,0.5775922059846903,0.5892597968069666,0.5957152729785764,0.5895166780122533,0.5995836224843858,0.590687977762335,0.575465639049454
0.6092037983929875,0.5781584582441114,0.5819295558958653,0.5749636098981077,0.5818673883626523,0.6018194541637508,0.5988779803646563,0.5702479338842975,0.5637221847606204,0.5839210155148096,0.5837765957446809,0.5796135909393737,0.5893459204315576,0.581646423751687,0.5623043206011271
0.5912040374909877,0.5648414985590778,0.5598824393828068,0.5426573426573427,0.5720053835800808,0.580958999305073,0.5694729637234771,0.5517711171662125,0.5449664429530201,0.5569272976680384,0.5542483660130719,0.5573770491803278,0.5564409030544488,0.556,0.5343980343980343
0.6595744680851063,0.6319493314567206,0.6083086053412463,0.5970359915314044,0.6441593517893315,0.6468555632342778,0.6419420094403236,0.6130584192439863,0.6199460916442049,0.6121593291404612,0.6203703703703703,0.6191419141914192,0.625832223701731,0.6093853271645737,0.6132665832290363
0.5974025974025974,0.5666917859834213,0.5347928068803753,0.5467836257309941,0.5828571428571429,0.5739257101238164,0.5767575322812052,0.5516265912305516,0.5463414634146342,0.5601719197707736,0.5654885654885655,0.5617198335644937,0.5649171270718232,0.5632022471910112,0.557161629434954
0.6145339652448657,0.5736079328756675,0.5663716814159292,0.5513595166163142,0.5940879596250901,0.5891016200294551,0.5885797950219619,0.5470332850940666,0.558303886925795,0.5654450261780105,0.5667844522968198,0.5670175438596491,0.5700211118930331,0.5534950071326676,0.5583554376657824
0.5683690280065898,0.555735056542811,0.5382003395585738,0.5336500395882818,0.5622612681436211,0.5662172878667724,0.5523076923076923,0.5308641975308642,0.5378787878787878,0.5340729001584786,0.537714712471994,0.5455904334828101,0.5356600910470409,0.5299924069855733,0.5378031383737518
0.6016140865737344,0.5811594202898551,0.5757806549885758,0.5683760683760684,0.584192439862543,0.5924339757316203,0.5836249125262422,0.5571725571725572,0.5708362128541811,0.5751258087706685,0.5720136518771332,0.5569620253164557,0.575136612021858,0.5677154582763337,0.5622593068035944
0.661608497723824,0.6177325581395349,0.6283941039565555,0.6033601168736303,0.6391030133146461,0.6430635838150289,0.6417803302225413,0.6107954545454546,0.6080892608089261,0.6264705882352941,0.6323835997220292,0.6115254237288136,0.6391030133146461,0.6167832167832168,0.6023778071334214
0.6225980015372791,0.5895522388059702,0.5702938840349484,0.5480059084194978,0.598458304134548,0.6051660516605166,0.597552195824334,0.5710123816460306,0.5610607117934403,0.5637982195845698,0.5786163522012578,0.5757997218358831,0.570034843205575,0.5683607730851825,0.561178731582319
0.618291761148904,0.5922116091109478,0.5942142298670836,0.5676077265973254,0.6023759608665269,0.6145985401459854,0.5995747696669029,0.5769230769230769,0.5771626297577854,0.5849744711889132,0.5919778699861687,0.5879120879120879,0.5905292479108635,0.5818181818181818,0.5753246753246753
0.5928189457601223,0.5597667638483965,0.5496535796766744,0.5428571428571428,0.5696378830083565,0.571632216678546,0.5759539236861051,0.5547038327526133,0.533515731874145,0.5520684736091298,0.5479082321187584,0.5391304347826087,0.5504087193460491,0.5519614590502409,0.532063492063492
0.6170542635658914,0.583206106870229,0.5757335448057097,0.5489006823351024,0.5971631205673759,0.5974607916355489,0.5830311820159536,0.5634408602150538,0.5659025787965616,0.5611402850712678,0.5849189570119803,0.5810526315789474,0.5767045454545454,0.5639575971731449,0.5636963696369637
0.6173979984603541,0.5894897182025894,0.5758754863813229,0.5653817082388511,0.6007168458781362,0.6060606060606061,0.6061493411420205,0.5657894736842105,0.5728500355366027,0.5631768953068592,0.573025856044724,0.5762237762237762,0.5692090395480226,0.562942008486563,0.5727513227513228
0.6022364217252396,0.5882352941176471,0.5834018077239113,0.5700861393891934,0.5909090909090909,0.591012947448591,0.5873493975903614,0.5644080416976918,0.5617328519855596,0.5738461538461539,0.5714285714285714,0.564755838641189,0.5718475073313783,0.568081991215227,0.5544286680189318
0.633457249070632,0.5949926362297496,0.6040372670807453,0.5819793205317577,0.6133518776077886,0.6202440775305097,0.6175637393767706,0.5821000704721635,0.5875785066294487,0.5927007299270073,0.5933014354066986,0.5896032831737346,0.5979094076655053,0.5795297372060858,0.5912031047865459
0.5844255975327679,0.5764525993883792,0.5691573926868044,0.5515151515151515,0.5716332378223495,0.5932584269662922,0.5732946298984035,0.5513748191027497,0.5399293286219081,0.5663716814159292,0.565798733286418,0.5633404104741684,0.5718329794762915,0.5554760200429492,0.5469277515192438
0.6183431952662722,0.601590744757773,0.5775401069518716,0.5616045845272206,0.6120218579234973,0.6005665722379604,0.6035911602209945,0.5839112343966713,0.5791610284167794,0.5777460770328102,0.5879194630872483,0.5877659574468085,0.592741935483871,0.5852002715546504,0.5810553083280356
0.6237989652623799,0.5874538745387454,0.5651846269781462,0.5612472160356348,0.6172148355493352,0.5997191011235955,0.6098591549295774,0.5654008438818565,0.5677331518039482,0.5615550755939525,0.5788043478260869,0.5863236289776574,0.5770006724949562,0.5779944289693594,0.5726872246696035
0.6531835205992509,0.6092037983929875,0.6179861644888547,0.5885797950219619,0.623789764868603,0.6482958665699783,0.6291814946619217,0.5959241040056219,0.5925925925925926,0.6102675343456254,0.6161268090971743,0.6037735849056604,0.6173010380622838,0.6055555555555555,0.6015424164524421
0.6335311572700296,0.5994152046783626,0.5937260902830911,0.5893648449039882,0.6146272855133614,0.6262626262626263,0.6228571428571429,0.5919091554293825,0.5876645876645876,0.5940450254175744,0.5979522184300341,0.6048109965635738,0.6086350974930362,0.5894590846047156,0.6007905138339921
0.607428987618354,0.5796269727403156,0.5823353293413174,0.5633001422475107,0.580386924616411,0.5910034602076124,0.5939226519337016,0.5527027027027027,0.5639300134589502,0.5676975945017182,0.5674786043449638,0.5721819380355966,0.5685752330226365,0.5648148148148148,0.5532963647566236
0.6159754224270353,0.6150341685649203,0.5813586097946287,0.5871015567086731,0.6165730337078652,0.6161764705882353,0.6129496402877698,0.5935483870967742,0.6028368794326241,0.5961538461538461,0.6018068102849201,0.5987525987525988,0.6067892503536068,0.6026629292221444,0.5881570192947438
0.6050670640834576,0.5877128053293856,0.5775729646697388,0.5405405405405406,0.5887207702888583,0.6004258339247693,0.5883180858550316,0.5545517720639332,0.5760336370007008,0.5654676258992806,0.5817438692098093,0.5782312925170068,0.5681198910081744,0.5632823365785814,0.5679012345679012
0.6334310850439883,0.6200294550810015,0.588144726712856,0.595648912228057,0.6205943331029716,0.6137339055793991,0.620494699646643,0.5972222222222222,0.6013888888888889,0.592964824120603,0.6026261230131306,0.6009582477754962,0.6175243393602226,0.6028905712319339,0.6025049439683586
0.6447166921898928,0.6091445427728613,0.6131045241809673,0.6074626865671642,0.627260083449235,0.6292296616270698,0.6264367816091954,0.5786941580756014,0.5916266300617707,0.6027201145311382,0.5957161981258366,0.6032608695652174,0.610803324099723,0.5966101694915255,0.5857687420584498
0.656957928802589,0.6139389193422083,0.617056856187291,0.5841816758026624,0.6206384558277654,0.6344505066250974,0.6234567901234568,0.5885022692889561,0.5866666666666667,0.6106264869151468,0.6086309523809523,0.6014705882352941,0.6168929110105581,0.5978915662650602,0.5852981969486823
0.5994108983799705,0.6056129985228951,0.586284853051997,0.5625451916124368,0.5981956974323387,0.5951704545454546,0.5879082696316886,0.5889830508474576,0.5802469135802469,0.5689530685920577,0.576662143826323,0.5733603786342123,0.5851648351648352,0.5888044229440221,0.5629348513598988
0.6373467916366258,0.6034236804564908,0.6096654275092936,0.5863799283154122,0.6238286479250335,0.6275051831375259,0.6322314049586777,0.5902539464653397,0.5997322623828648,0.5892232330300909,0.6065029860650298,0.6030085022890779,0.6097883597883598,0.5978695073235686,0.5941578620261032
0.6389918458117124,0.6089508437270726,0.6003039513677811,0.5821665438467207,0.624561403508772,0.6232091690544412,0.6150568181818182,0.5872340425531914,0.5945568736915562,0.5945165945165946,0.5941136208076659,0.5933014354066986,0.5982324949014276,0.5947075208913649,0.5909677419354838
0.6257166257166257,0.6083401471790678,0.576530612244898,0.5658536585365853,0.6138613861386139,0.6066718386346005,0.6020015396458814,0.5741029641185648,0.5836575875486382,0.5556432517758485,0.5818735719725818,0.5780780780780781,0.5781132075471698,0.5653170359052712,0.5740223463687151
0.6063675832127352,0.5703971119133574,0.5567928730512249,0.5457163426925846,0.5843895930620414,0.5824175824175825,0.5832766825288919,0.547683923705722,0.5519568151147098,0.5544005544005544,0.5682119205298013,0.5641693811074918,0.5697131420947298,0.5639300134589502,0.5606435643564357
0.6144668158090977,0.6056547619047619,0.6065318818040435,0.5973254086181278,0.6148459383753502,0.6276517922457937,0.6126255380200861,0.5870646766169154,0.5983263598326359,0.5927536231884057,0.5906593406593407,0.5954825462012321,0.6036161335187761,0.6051136363636364,0.5799739921976593
0.616576297443842,0.5712086220169361,0.5913185913185913,0.5617805065234075,0.586552217453505,0.6129518072289156,0.5904059040590406,0.5507669831994156,0.5582067968185105,0.5688350983358548,0.5773638968481375,0.5669957686882934,0.5889212827988338,0.5658181818181818,0.5621262458471761
0.5986496624156039,0.5782957028404953,0.5698672911787666,0.540381791483113,0.5859000684462696,0.590711175616836,0.5819444444444445,0.5535465924895688,0.5569965870307167,0.5519244734931009,0.5619946091644205,0.5554817275747508,0.569060773480663,0.5482993197278911,0.5544933078393881
0.6371027346637103,0.6054519368723099,0.5950155763239875,0.5565217391304348,0.6198910081743869,0.624113475177305,0.6147368421052631,0.5858725761772853,0.5930470347648262,0.5842857142857143,0.5963734049697784,0.5971943887775552,0.5917955615332885,0.5879945429740792,0.59125
0.6272098385857033,0.5893792071802543,0.5775656324582339,0.5612998522895125,0.6159267089499648,0.6095238095238096,0.6048850574712644,0.5736766809728183,0.564673157162726,0.5633187772925764,0.5902097902097903,0.5793485793485793,0.5862313697657914,0.5736434108527132,0.5791201575837164
0.65402124430956,0.6313432835820896,0.6210691823899371,0.5955555555555555,0.644709180098108,0.6373467916366258,0.6392629340892984,0.6089425124201562,0.6121593291404612,0.6122448979591837,0.6168741355463347,0.6153846153846154,0.6167706167706167,0.6128133704735376,0.5989847715736041
0.6038575667655787,0.5883222468588323,0.5674418604651162,0.5473071324599709,0.5870922970159611,0.5891583452211127,0.5786516853932584,0.5659301496792587,0.5576005453306067,0.5598290598290598,0.5706447187928669,0.5639972621492129,0.5546558704453441,0.56353591160221,0.5487728130899937
0.6328011611030478,0.6189111747851003,0.6033182503770739,0.5973837209302325,0.6167341430499326,0.6246537396121884,0.6157024793388429,0.59366391184573,0.592944369063772,0.5941011235955056,0.5937707090788602,0.5924453280318092,0.5993265993265994,0.5955435516542876,0.5804847731510255
0.6204906204906205,0.5780682643427741,0.586890243902439,0.574169741697417,0.6051560379918589,0.6118980169971672,0.608876560332871,0.5740223463687151,0.5780821917808219,0.5829145728643216,0.583941605839416,0.5880776959142666,0.5933917734322319,0.5824175824175825,0.5705329153605015
0.6309611151870873,0.5943661971830986,0.5995525727069351,0.56758669497523,0.6036217303822937,0.6171107994389902,0.6077348066298343,0.5796906523201076,0.5602649006622517,0.5852311939268461,0.5914191419141914,0.5871559633027523,0.6005398110661269,0.5900537634408602,0.576271186440678
0.6429699842022117,0.5976653696498054,0.6026058631921825,0.5818759936406995,0.6275964391691394,0.6370597243491577,0.6265060240963856,0.5872659176029963,0.5894580549368968,0.6,0.5970802919708029,0.5981173062997828,0.6134328358208955,0.59625468164794,0.60056258790436
0.5989222478829869,0.5616224648985959,0.5460420032310178,0.5265553869499241,0.5889921372408864,0.5833945628214549,0.5765895953757225,0.5563798219584569,0.5532223026792179,0.5441067457375834,0.5673959068454482,0.5603932584269663,0.5664089950808152,0.55863539445629,0.5667107001321003
