Abstract,Methods,Results,Discussion,Abstract+Methods,Abstract+Results,Abstract+Discussion,Methods+Results,Methods+Discussion,Results+Discussion,Abstract+Methods+Results,Abstract+Methods+Discussion,Abstract+Results+Discussion,Methods+Results+Discussion,Full Text
0.8493150684931506,0.8165680473372781,0.8004778972520908,0.8014354066985646,0.8477272727272728,0.854875283446712,0.8471910112359551,0.8186046511627907,0.8190255220417634,0.8126463700234192,0.8478015783540023,0.8458049886621315,0.8382022471910112,0.8098591549295775,0.8552338530066815
0.8279181708784596,0.7945879458794588,0.759493670886076,0.7934508816120907,0.8208778173190985,0.8317535545023697,0.8313817330210773,0.8101571946795647,0.7913148371531966,0.7897934386391251,0.8313817330210773,0.8228438228438228,0.8246445497630331,0.7966305655836342,0.8229777256740914
0.8185053380782918,0.7792848335388409,0.7711442786069652,0.7975609756097561,0.8231132075471698,0.8264462809917356,0.8200934579439252,0.7854545454545454,0.7908653846153846,0.7865707434052758,0.8161328588374852,0.8315911730545877,0.8244994110718492,0.7845968712394705,0.8308400460299195
0.8219512195121951,0.7737789203084833,0.7407407407407407,0.7803617571059431,0.8087167070217918,0.817625458996328,0.8205741626794258,0.7745222929936306,0.7763819095477387,0.7828282828282829,0.8,0.8106796116504854,0.8178528347406514,0.7880299251870324,0.8257756563245824
0.8414779499404053,0.8119551681195517,0.7985074626865671,0.8029739776951673,0.8486293206197855,0.8534278959810875,0.8544600938967136,0.833939393939394,0.8145454545454546,0.8188405797101449,0.8564650059311981,0.852112676056338,0.8466981132075472,0.8216867469879519,0.8597914252607184
0.8137254901960784,0.8020050125313283,0.7796178343949045,0.8113440197287299,0.827503015681544,0.8198307134220073,0.8370986920332937,0.8079306071871127,0.8175182481751825,0.8024691358024691,0.8317307692307693,0.8374851720047449,0.821256038647343,0.8,0.8347205707491082
0.8160779537149817,0.7955390334572491,0.7557251908396947,0.7793190416141236,0.8144578313253013,0.8229665071770335,0.8204518430439952,0.8038976857490865,0.80440097799511,0.7812113720642769,0.8157894736842105,0.8352941176470589,0.8176400476758046,0.7877300613496933,0.8428405122235157
0.8133174791914387,0.8004926108374384,0.7680798004987531,0.7896039603960396,0.8137603795966786,0.8221436984687868,0.8263888888888888,0.8077858880778589,0.8067226890756303,0.7942238267148014,0.817432273262662,0.831981460023175,0.8159437280187574,0.8072289156626506,0.8348837209302326
0.8291517323775388,0.7916666666666666,0.7766749379652605,0.7945544554455446,0.8356807511737089,0.8343125734430082,0.8341121495327103,0.7980652962515115,0.8,0.7990314769975787,0.8378063010501751,0.8366164542294322,0.8315911730545877,0.7913148371531966,0.8344988344988346
0.8077858880778589,0.7915632754342432,0.756687898089172,0.7737041719342604,0.8200238379022646,0.8130277442702051,0.8297872340425532,0.7882496940024479,0.8019441069258809,0.7671232876712328,0.8138424821002387,0.8229777256740914,0.8157894736842105,0.7784577723378213,0.8306264501160093
0.8199052132701422,0.8038507821901324,0.7515605493133583,0.7852760736196319,0.8302325581395349,0.8235294117647058,0.8346820809248555,0.7961630695443646,0.8061104582843713,0.7870036101083032,0.8156028368794326,0.8293241695303551,0.8263888888888888,0.7885304659498208,0.8297142857142857
0.8285024154589372,0.7794486215538847,0.7582697201017812,0.7817258883248731,0.8195937873357229,0.8284023668639053,0.836662749706228,0.7680798004987531,0.7926380368098159,0.7764127764127764,0.8315665488810365,0.8233918128654971,0.8222748815165877,0.7596513075965131,0.8440366972477065
0.8102189781021898,0.7801778907242694,0.7626459143968871,0.785982478097622,0.8165249088699879,0.8274173806609547,0.8263473053892215,0.7909887359198998,0.7911547911547911,0.7872078720787208,0.8140947752126367,0.8130277442702051,0.8134777376654633,0.7931034482758621,0.8201438848920863
0.8319623971797885,0.805352798053528,0.7747524752475248,0.7995110024449877,0.8389339513325609,0.8422273781902552,0.836027713625866,0.8139255702280912,0.8194774346793349,0.8085106382978723,0.8378063010501751,0.843069873997709,0.8314087759815243,0.8124253285543608,0.849942726231386
0.8335419274092616,0.7958921694480102,0.7724317295188556,0.7979539641943734,0.8207663782447466,0.830655129789864,0.8280871670702179,0.7938931297709924,0.7873417721518987,0.7873417721518987,0.8212083847102343,0.824969400244798,0.8132678132678133,0.7853535353535354,0.8380952380952381
0.8168674698795181,0.7748427672955975,0.7451984635083226,0.775,0.8062953995157385,0.8129496402877698,0.8222748815165877,0.7728983688833124,0.7747524752475248,0.7661691542288557,0.8019323671497585,0.8028673835125448,0.8095808383233533,0.7657992565055762,0.8113879003558719
0.8315911730545877,0.7995169082125604,0.781021897810219,0.7971014492753623,0.8406466512702079,0.8393063583815029,0.8441410693970421,0.8127962085308057,0.8154205607476636,0.7923627684964201,0.8381171067738232,0.8423423423423423,0.8271889400921659,0.8065268065268065,0.8462401795735129
0.8311990686845169,0.8192488262910798,0.7971188475390156,0.8125,0.8477272727272728,0.8442906574394463,0.8568207440811725,0.8228438228438228,0.8212226066897347,0.8126463700234192,0.8460661345496009,0.8584269662921349,0.8441410693970421,0.8210526315789474,0.8584269662921349
0.8523409363745498,0.8347613219094248,0.7934508816120907,0.8255528255528255,0.8601645123384254,0.8571428571428571,0.8654970760233918,0.8200734394124847,0.8438617401668653,0.8122699386503067,0.8534278959810875,0.856140350877193,0.8418549346016647,0.8240963855421687,0.8597914252607184
0.8508158508158508,0.8258221680876979,0.7940813810110974,0.8131868131868132,0.8521939953810623,0.8484136310223267,0.8440366972477065,0.8228155339805825,0.801452784503632,0.8170011806375442,0.8414918414918415,0.8451025056947609,0.847926267281106,0.8152562574493445,0.8502857142857143
0.8217821782178217,0.7949044585987262,0.776500638569604,0.7914032869785083,0.8164251207729468,0.8321167883211679,0.8253588516746412,0.8089887640449438,0.8034188034188035,0.7905824039653035,0.8264058679706602,0.8228299643281808,0.8163265306122449,0.8004895960832313,0.8292108362779741
0.8085612366230678,0.8162291169451074,0.7867647058823529,0.8063725490196079,0.8314087759815243,0.8300117233294255,0.8354430379746836,0.8056872037914692,0.8014184397163121,0.7914183551847438,0.8191365227537923,0.832,0.8235294117647058,0.8009478672985783,0.8418657565415245
0.8381642512077294,0.8098765432098766,0.7960199004975125,0.8123456790123457,0.8390941597139452,0.8408551068883611,0.8637951105937136,0.8048780487804879,0.8062953995157385,0.8177458033573142,0.8448687350835322,0.8474970896391153,0.8321513002364066,0.8029020556227328,0.8441860465116279
0.8311990686845169,0.8033980582524272,0.7766749379652605,0.8024096385542169,0.8436781609195402,0.846242774566474,0.8516421291053228,0.8009650180940893,0.8108747044917257,0.8009592326139089,0.8323699421965318,0.8404133180252583,0.8390804597701149,0.7947178871548619,0.8536036036036037
0.8196319018404908,0.7888748419721872,0.7591623036649214,0.7897435897435897,0.8270858524788391,0.8209500609013398,0.8222490931076178,0.7930174563591023,0.7950310559006211,0.7795765877957659,0.8044280442804428,0.8287425149700599,0.8193939393939393,0.7970297029702971,0.8168674698795181
0.8082026537997588,0.7901234567901234,0.7835820895522388,0.7835820895522388,0.8147268408551069,0.8299643281807372,0.8229777256740914,0.8057553956834532,0.7961165048543689,0.7913148371531966,0.8146399055489965,0.8300117233294255,0.8217237308146399,0.7946859903381642,0.8346820809248555
0.8423586040914561,0.8044831880448319,0.7873417721518987,0.7944514501891551,0.8363201911589009,0.8475390156062425,0.8422301304863582,0.7980173482032218,0.8048780487804879,0.8024539877300614,0.8339307048984468,0.8321513002364066,0.838479809976247,0.7990196078431373,0.8471411901983664
0.8179611650485437,0.8093480934809348,0.7713567839195979,0.7965474722564735,0.8267622461170848,0.8222748815165877,0.8307692307692308,0.8116646415552855,0.8201438848920863,0.801452784503632,0.8323424494649228,0.8390129259694477,0.8252080856123662,0.8,0.8428405122235157
0.8319226118500604,0.8323133414932681,0.7712082262210797,0.7990012484394506,0.851063829787234,0.8357487922705314,0.8370986920332937,0.8137254901960784,0.821256038647343,0.8112058465286236,0.8380952380952381,0.8538011695906432,0.8453364817001181,0.8097560975609757,0.8437132784958872
0.8449704142011835,0.8,0.7570332480818415,0.8014888337468983,0.8364928909952607,0.838479809976247,0.8402366863905325,0.805352798053528,0.8062953995157385,0.7975609756097561,0.8374851720047449,0.8387850467289719,0.839766081871345,0.7941534713763703,0.8414918414918415
0.8004926108374384,0.7763819095477387,0.7392996108949417,0.7503201024327785,0.7990314769975787,0.7970479704797048,0.8067226890756303,0.7791563275434243,0.7798277982779828,0.7657992565055762,0.7956204379562044,0.8127208480565371,0.8110047846889952,0.7677261613691931,0.8104265402843602
0.801007556675063,0.7897435897435897,0.7562582345191041,0.7809278350515464,0.8068880688806888,0.8154613466334164,0.8091787439613527,0.7934508816120907,0.7905236907730673,0.7670886075949367,0.8137254901960784,0.8164251207729468,0.803921568627451,0.7890137328339576,0.8194774346793349
0.8309859154929577,0.8271752085816448,0.7872078720787208,0.8172043010752689,0.839907192575406,0.8458864426419467,0.8529076396807298,0.8301886792452831,0.8266978922716628,0.8043217286914766,0.8495981630309989,0.8465974625144176,0.8446490218642118,0.8235294117647058,0.8532423208191127
0.8,0.7929736511919699,0.764102564102564,0.7868852459016393,0.8096385542168675,0.8175182481751825,0.8172043010752689,0.8044280442804428,0.8019559902200489,0.7820672478206725,0.8033980582524272,0.8228299643281808,0.8129496402877698,0.7980535279805353,0.8148148148148148
0.8438617401668653,0.8207663782447466,0.7817258883248731,0.8110137672090113,0.8479809976247031,0.8551236749116607,0.8618266978922716,0.8088235294117647,0.8135593220338984,0.8097560975609757,0.8568075117370892,0.8434579439252337,0.8474178403755869,0.8164251207729468,0.851508120649652
0.8228299643281808,0.8062575210589651,0.7745098039215687,0.8125,0.8515535097813579,0.8358556461001164,0.848,0.8142011834319527,0.8172293364377182,0.7985781990521327,0.8422273781902552,0.8434285714285714,0.8400460299194477,0.8028503562945368,0.848
0.8233890214797136,0.8098159509202454,0.7684478371501272,0.7766749379652605,0.8244994110718492,0.8349282296650717,0.8294392523364486,0.7970479704797048,0.801920768307323,0.7829268292682927,0.8286384976525821,0.8263888888888888,0.8188235294117647,0.7908653846153846,0.8273464658169177
0.8113879003558719,0.7711442786069652,0.7462311557788944,0.7762669962917181,0.8028004667444574,0.8136792452830188,0.8096885813148789,0.7863247863247863,0.7792521109770808,0.7772397094430993,0.8061104582843713,0.8051044083526682,0.8217592592592593,0.7924080664294187,0.8178694158075601
0.8018979833926453,0.8028335301062574,0.7787182587666264,0.7956989247311828,0.8147295742232451,0.8187134502923976,0.8289920724801813,0.810244470314319,0.8082663605051664,0.7910798122065728,0.8143021914648212,0.8289920724801813,0.8201603665521191,0.8055555555555556,0.831081081081081
0.8240963855421687,0.797011207970112,0.7820672478206725,0.8034398034398035,0.8321342925659473,0.8173076923076923,0.8292108362779741,0.7950617283950617,0.7990314769975787,0.7941534713763703,0.8221153846153846,0.8351126927639383,0.8195937873357229,0.7985436893203883,0.8327485380116959
0.8300970873786407,0.7944862155388471,0.7874213836477988,0.8090452261306532,0.8215568862275449,0.8369304556354916,0.8347205707491082,0.8024844720496894,0.8156288156288156,0.8078335373317014,0.8279181708784596,0.8323424494649228,0.8211284513805522,0.8165249088699879,0.8333333333333334
0.7950617283950617,0.7692307692307693,0.734375,0.7684478371501272,0.8058252427184466,0.8102189781021898,0.8096385542168675,0.7715355805243446,0.7812113720642769,0.773067331670823,0.8062953995157385,0.819047619047619,0.8067632850241546,0.771712158808933,0.8343125734430082
0.8173076923076923,0.7945205479452054,0.7742749054224464,0.783375314861461,0.8200238379022646,0.8299643281807372,0.8217237308146399,0.7936117936117936,0.7917675544794189,0.7743526510480888,0.8077388149939541,0.8298368298368298,0.8253223915592028,0.7728395061728395,0.8257309941520468
0.8248847926267281,0.8014184397163121,0.7597087378640777,0.7980884109916367,0.8291571753986332,0.830102622576967,0.8416289592760181,0.810244470314319,0.8138728323699422,0.7943595769682726,0.8299319727891157,0.835214446952596,0.8253968253968254,0.8092485549132948,0.831638418079096
0.8086642599277978,0.7692307692307693,0.7433628318584071,0.7657992565055762,0.807556080283353,0.8246445497630331,0.8023529411764706,0.7760097919216646,0.7753623188405797,0.7761557177615572,0.8,0.8186046511627907,0.819557625145518,0.7654921020656136,0.814385150812065
0.8474178403755869,0.8517200474495848,0.8213851761846902,0.8395657418576599,0.8521939953810623,0.8657407407407407,0.864,0.8484136310223267,0.8388625592417062,0.8349056603773585,0.8672768878718535,0.8577929465301479,0.8677966101694915,0.8315665488810365,0.8706411698537683
0.8178528347406514,0.789937106918239,0.7538461538461538,0.776500638569604,0.8219832735961768,0.834326579261025,0.8172043010752689,0.7945205479452054,0.788627935723115,0.7900621118012422,0.8163265306122449,0.8309859154929577,0.827262044653349,0.7921279212792128,0.8257309941520468
0.8194444444444444,0.7872340425531915,0.7701564380264742,0.7919143876337693,0.8255416191562144,0.8227272727272728,0.8355855855855856,0.7902097902097902,0.8036739380022963,0.7850467289719626,0.8211009174311926,0.8211473565804275,0.8144796380090498,0.7823050058207218,0.8368479467258602
0.8215568862275449,0.7862407862407862,0.7421383647798742,0.7703889585947302,0.8175355450236966,0.8132387706855791,0.8164705882352942,0.7828220858895706,0.7898550724637681,0.7750611246943765,0.8076009501187649,0.8229777256740914,0.8033373063170441,0.7854545454545454,0.8381839348079162
0.8145454545454546,0.7990196078431373,0.7641866330390921,0.7925925925925926,0.8238095238095238,0.8299643281807372,0.8282352941176471,0.7995139732685298,0.8004778972520908,0.7927272727272727,0.831353919239905,0.8350877192982457,0.8331360946745562,0.7825030376670717,0.8333333333333334
0.8110047846889952,0.7951515151515152,0.7661691542288557,0.7931873479318735,0.8280701754385965,0.8280701754385965,0.8350634371395617,0.8066825775656324,0.8047337278106509,0.7990543735224587,0.8187134502923976,0.8460661345496009,0.8346820809248555,0.8,0.8281430219146482
0.8294478527607362,0.8154613466334164,0.7717948717948718,0.7974522292993631,0.8349514563106796,0.8433734939759037,0.8424821002386634,0.8158220024721878,0.8233861144945189,0.7890137328339576,0.8381642512077294,0.8493475682087782,0.827503015681544,0.8014796547472256,0.8537735849056604
0.8217237308146399,0.8028846153846154,0.7647058823529411,0.7913148371531966,0.822429906542056,0.8275058275058275,0.8283752860411899,0.8066429418742586,0.8009313154831199,0.7943595769682726,0.8259860788863109,0.8216340621403913,0.8212226066897347,0.7952941176470588,0.831081081081081
0.8129496402877698,0.8004895960832313,0.7757125154894672,0.7966101694915254,0.8254716981132075,0.8279952550415184,0.8358556461001164,0.8048484848484848,0.8033175355450237,0.7889022919179735,0.8313817330210773,0.8292682926829268,0.8210526315789474,0.7913669064748201,0.8329519450800915
0.8219832735961768,0.8004866180048662,0.7764127764127764,0.7941534713763703,0.817966903073286,0.8204518430439952,0.8246225319396051,0.8024096385542169,0.7932692307692307,0.798569725864124,0.8169014084507042,0.8341013824884793,0.831981460023175,0.7985781990521327,0.8415051311288484
0.8068459657701712,0.7862595419847328,0.7666666666666667,0.7622739018087855,0.8115942028985508,0.825511432009627,0.8119760479041916,0.7900621118012422,0.7935323383084577,0.7765567765567766,0.8062953995157385,0.8129496402877698,0.8139255702280912,0.7722772277227723,0.8222748815165877
0.810244470314319,0.8009478672985783,0.7720144752714113,0.8103651354534747,0.8237986270022883,0.8229885057471265,0.832579185520362,0.8125727590221188,0.8125727590221188,0.7900943396226415,0.8282138794084186,0.8432919954904171,0.8282138794084186,0.8032786885245902,0.837471783295711
0.8412322274881516,0.8165249088699879,0.7950617283950617,0.8170731707317073,0.8468677494199536,0.8558139534883721,0.8457142857142858,0.8181818181818182,0.8183962264150944,0.8105515587529976,0.8451688009313155,0.8465974625144176,0.8452655889145496,0.8095238095238095,0.8506271379703535
0.8222748815165877,0.8024242424242424,0.7794117647058824,0.8125755743651754,0.8400460299194477,0.8347010550996483,0.8428246013667426,0.8095808383233533,0.806146572104019,0.8076009501187649,0.8327566320645905,0.8395904436860068,0.8381171067738232,0.8004778972520908,0.8489702517162472
0.8197879858657244,0.7965474722564735,0.769811320754717,0.7901234567901234,0.8261376896149358,0.8296122209165687,0.8331415420023015,0.8014616321559074,0.8023952095808383,0.7912621359223301,0.8296122209165687,0.8167053364269141,0.8290993071593533,0.7912621359223301,0.8316151202749141
0.8226779252110977,0.7856257744733581,0.7616645649432535,0.7950920245398773,0.8172043010752689,0.8143712574850299,0.8347010550996483,0.7980535279805353,0.8053204353083434,0.7897934386391251,0.8217237308146399,0.8354725787631272,0.8258823529411765,0.7917675544794189,0.8475750577367206
0.8062575210589651,0.7960687960687961,0.7726708074534161,0.7850931677018633,0.8215962441314554,0.828978622327791,0.8294392523364486,0.8038740920096852,0.8081048867699643,0.7937649880095923,0.8274231678486997,0.8225616921269095,0.823943661971831,0.8086124401913876,0.8372093023255814
0.8708971553610503,0.851685393258427,0.8205714285714286,0.8350398179749715,0.8793103448275862,0.875406283856988,0.881283422459893,0.8457269700332963,0.847682119205298,0.8348214285714286,0.8805166846071044,0.8805970149253731,0.8715203426124197,0.8372093023255814,0.8796592119275826
0.828978622327791,0.8092909535452323,0.7690387016229713,0.8126520681265207,0.833922261484099,0.8376470588235294,0.8379629629629629,0.8097560975609757,0.8038507821901324,0.8009592326139089,0.8270142180094787,0.8369942196531792,0.8408826945412311,0.801452784503632,0.835820895522388
0.8367593712212817,0.8372093023255814,0.7994987468671679,0.8110137672090113,0.8404761904761905,0.8393285371702638,0.8374851720047449,0.8321167883211679,0.8295042321644498,0.8088235294117647,0.8383233532934131,0.8558030480656507,0.8437132784958872,0.8141809290953546,0.8521536670547147
0.8442330558858502,0.8177339901477833,0.7979924717691342,0.818070818070818,0.8394768133174791,0.8418549346016647,0.836662749706228,0.8218181818181818,0.8173076923076923,0.8192771084337349,0.8301435406698564,0.8381839348079162,0.83451536643026,0.8154402895054282,0.8377445339470656
0.8249118683901293,0.8004926108374384,0.7857142857142857,0.7965686274509803,0.8342989571263036,0.8501742160278746,0.8325688073394495,0.8077858880778589,0.7961630695443646,0.806146572104019,0.8442906574394463,0.8434285714285714,0.848,0.7995226730310262,0.8392246294184721
0.8317535545023697,0.8121212121212121,0.7940813810110974,0.8175182481751825,0.8323563892145369,0.8453364817001181,0.8445475638051044,0.8135593220338984,0.8166666666666667,0.8081534772182254,0.8419811320754716,0.8370457209847597,0.8461538461538461,0.8149038461538461,0.8475750577367206
0.8327485380116959,0.8192771084337349,0.7936117936117936,0.8082026537997588,0.847651775486827,0.8391608391608392,0.8463302752293578,0.8180737217598097,0.8203309692671394,0.8004778972520908,0.8261376896149358,0.8513053348467651,0.8367816091954023,0.8108108108108109,0.8477272727272728
0.81786133960047,0.817966903073286,0.762962962962963,0.7932285368802902,0.8377445339470656,0.831981460023175,0.8384879725085911,0.8080568720379147,0.8158508158508159,0.797153024911032,0.8317972350230415,0.8425821064552661,0.8458049886621315,0.8051643192488263,0.8416289592760181
0.840512223515716,0.8076923076923077,0.7864897466827503,0.8033573141486811,0.843069873997709,0.8489702517162472,0.8526434195725534,0.8132387706855791,0.8149010477299186,0.8074679113185531,0.8388571428571429,0.8532731376975169,0.8454545454545455,0.8209302325581396,0.8552338530066815
0.8325471698113207,0.8034188034188035,0.7831474597273854,0.7907542579075426,0.8412514484356894,0.8467836257309942,0.849942726231386,0.8087167070217918,0.8014268727705113,0.7961399276236429,0.8337236533957846,0.8373702422145328,0.8358556461001164,0.7923169267707083,0.8535469107551488
0.8299643281807372,0.8129496402877698,0.7772277227722773,0.7886977886977887,0.8221436984687868,0.8292108362779741,0.8280701754385965,0.8109393579072532,0.8042704626334519,0.7937649880095923,0.8229777256740914,0.8344827586206897,0.8210526315789474,0.8014268727705113,0.8350634371395617
0.8325581395348837,0.8247914183551848,0.7851851851851852,0.8192771084337349,0.8460661345496009,0.8343125734430082,0.8486916951080774,0.8142011834319527,0.8233918128654971,0.8151658767772512,0.8400460299194477,0.8574610244988864,0.8460661345496009,0.812206572769953,0.8484848484848485
0.8201438848920863,0.8279181708784596,0.7881773399014779,0.8209500609013398,0.8501742160278746,0.8434579439252337,0.8439306358381503,0.8210023866348448,0.8210023866348448,0.8043217286914766,0.8428405122235157,0.8435689455388181,0.8419838523644751,0.8172043010752689,0.860730593607306
0.847255369928401,0.800976800976801,0.7757125154894672,0.8131067961165048,0.8427230046948356,0.8443396226415094,0.8428405122235157,0.8077388149939541,0.8110047846889952,0.8195937873357229,0.833922261484099,0.8564867967853043,0.8391608391608392,0.8081048867699643,0.8532110091743119
0.834326579261025,0.807361963190184,0.7765293383270911,0.796044499381953,0.8275862068965517,0.8285714285714286,0.8441860465116279,0.7985257985257985,0.8024096385542169,0.78239608801956,0.8210023866348448,0.823943661971831,0.8233918128654971,0.7882496940024479,0.8401400233372228
0.8193939393939393,0.8063337393422655,0.7748427672955975,0.7936117936117936,0.827262044653349,0.8357142857142857,0.8339140534262486,0.7990314769975787,0.8024096385542169,0.7858880778588808,0.8286384976525821,0.8290398126463701,0.8200934579439252,0.7971188475390156,0.8506271379703535
0.8412514484356894,0.8171021377672208,0.7893462469733656,0.8139255702280912,0.8434285714285714,0.8390804597701149,0.8558558558558559,0.819672131147541,0.8155111633372503,0.7966706302021404,0.8381171067738232,0.8532731376975169,0.8340909090909091,0.8160377358490566,0.8561872909698997
0.8282582216808769,0.8089330024813896,0.789937106918239,0.7934918648310388,0.8333333333333334,0.825511432009627,0.84,0.8156288156288156,0.814993954050786,0.8049079754601227,0.8281622911694511,0.8382526564344747,0.8307692307692308,0.8087167070217918,0.8478513356562137
0.8302325581395349,0.8142857142857143,0.7892813641900122,0.7985436893203883,0.832183908045977,0.8472222222222222,0.8401826484018264,0.8085612366230678,0.81786133960047,0.8009478672985783,0.836405529953917,0.8340909090909091,0.8281430219146482,0.8037602820211516,0.8536312849162011
0.8273381294964028,0.8151774785801713,0.7855361596009975,0.8,0.839390386869871,0.8315665488810365,0.8344988344988346,0.8092345078979344,0.8128724672228844,0.8192771084337349,0.8321513002364066,0.8425925925925926,0.8314087759815243,0.80622009569378,0.8473019517795637
0.8009950248756219,0.770618556701031,0.7622739018087855,0.7822784810126582,0.8126520681265207,0.8049689440993789,0.8239520958083832,0.7848101265822784,0.7741935483870968,0.7709637046307884,0.8121951219512196,0.8238095238095238,0.8135593220338984,0.7875776397515528,0.8167664670658683
0.8316831683168316,0.8066581306017926,0.7803617571059431,0.794344473007712,0.8353510895883777,0.8459657701711492,0.8434886499402628,0.8136882129277566,0.8035043804755945,0.7959442332065906,0.8464328899637243,0.8383233532934131,0.8367593712212817,0.8035043804755945,0.8511137162954279
0.8207663782447466,0.8121059268600253,0.7923076923076923,0.8071065989847716,0.8363636363636363,0.8523002421307506,0.8400954653937948,0.8281829419035847,0.8093480934809348,0.7909887359198998,0.8429951690821256,0.8428571428571429,0.84688995215311,0.8094645080946451,0.8469750889679716
0.8140096618357487,0.7719298245614035,0.7391304347826086,0.7980295566502463,0.8124253285543608,0.8177458033573142,0.8311990686845169,0.7787391841779975,0.7926829268292683,0.7903030303030303,0.8170011806375442,0.8282352941176471,0.8199052132701422,0.78239608801956,0.8292682926829268
0.8094645080946451,0.8060453400503779,0.7516425755584757,0.7799227799227799,0.8218181818181818,0.818070818070818,0.8187274909963985,0.7984981226533167,0.8108108108108109,0.7784730913642053,0.8240963855421687,0.8176400476758046,0.8187274909963985,0.7880299251870324,0.8274231678486997
0.7896678966789668,0.7711757269279393,0.7441860465116279,0.7729591836734694,0.7971188475390156,0.8029197080291971,0.8095238095238095,0.767879548306148,0.7831474597273854,0.7667493796526055,0.7874396135265701,0.8056872037914692,0.8132387706855791,0.7584480600750939,0.8076009501187649
0.8365384615384616,0.8069738480697385,0.7745222929936306,0.7960199004975125,0.8373205741626795,0.8397129186602871,0.8521536670547147,0.8142681426814268,0.8024539877300614,0.7995110024449877,0.8321342925659473,0.8357142857142857,0.833729216152019,0.8121212121212121,0.8471411901983664
0.829683698296837,0.8125,0.786346396965866,0.8045112781954887,0.8345323741007195,0.8305084745762712,0.833729216152019,0.8059701492537313,0.7995110024449877,0.8,0.8290909090909091,0.8370986920332937,0.8205741626794258,0.80440097799511,0.8417350527549824
0.8325358851674641,0.7980049875311721,0.7841191066997518,0.7946210268948656,0.8356807511737089,0.8423529411764706,0.8481308411214953,0.8009888751545118,0.8100961538461539,0.7947178871548619,0.8264462809917356,0.8252080856123662,0.8297872340425532,0.788391777509069,0.8354430379746836
0.8359281437125748,0.8198307134220073,0.7755610972568578,0.8074074074074075,0.8356807511737089,0.8325471698113207,0.851808634772462,0.8180737217598097,0.8210023866348448,0.8090692124105012,0.8309859154929577,0.8385598141695703,0.8395348837209302,0.8052256532066508,0.8413793103448276
0.8256658595641646,0.7845161290322581,0.7774936061381074,0.7924050632911392,0.8226779252110977,0.8256658595641646,0.8394768133174791,0.7959697732997482,0.7880299251870324,0.7970660146699267,0.816969696969697,0.8259303721488596,0.8187274909963985,0.7857142857142857,0.8319623971797885
0.7952095808383234,0.7766749379652605,0.7537688442211056,0.7946210268948656,0.807556080283353,0.8114558472553699,0.8183908045977012,0.7766990291262136,0.7885304659498208,0.7714631197097944,0.8108747044917257,0.8168028004667445,0.8074679113185531,0.774818401937046,0.8239355581127733
0.8094645080946451,0.7574578469520103,0.7503267973856209,0.7621550591327201,0.8151774785801713,0.8108776266996292,0.8174123337363967,0.7783375314861462,0.7690355329949239,0.7680608365019012,0.7990135635018496,0.8159806295399515,0.8077858880778589,0.7752525252525253,0.8164251207729468
0.8581477139507621,0.8193069306930693,0.8059701492537313,0.8229548229548229,0.8474178403755869,0.863849765258216,0.8614668218859138,0.8253968253968254,0.8236714975845411,0.8259303721488596,0.8429752066115702,0.8604651162790697,0.8558139534883721,0.8231046931407943,0.8584579976985041
0.8066581306017926,0.8015665796344648,0.7620320855614974,0.7878787878787878,0.8192161820480405,0.8152866242038217,0.8208955223880597,0.7974025974025974,0.8035487959442332,0.7830551989730423,0.8236775818639799,0.8164794007490637,0.8150943396226416,0.7917737789203085,0.8255528255528255
0.8004866180048662,0.7713567839195979,0.7586206896551724,0.7904642409033877,0.8014440433212996,0.8106151990349819,0.8208778173190985,0.7836835599505563,0.7743526510480888,0.7686567164179104,0.8091236494597839,0.8113879003558719,0.8143712574850299,0.7807881773399015,0.8160377358490566
0.8433179723502304,0.8250591016548463,0.7976047904191617,0.8188235294117647,0.8444948921679909,0.8489702517162472,0.8561797752808988,0.8164705882352942,0.8287037037037037,0.8042203985932005,0.8398169336384439,0.8419864559819413,0.8365714285714285,0.8125727590221188,0.8501118568232662
0.8133498145859085,0.7893401015228426,0.7684346701164295,0.7855297157622739,0.833939393939394,0.8278388278388278,0.8307322929171669,0.7919799498746867,0.794044665012407,0.78,0.8215158924205379,0.8452380952380952,0.8325242718446602,0.7875,0.834326579261025
0.8313253012048193,0.795,0.7614213197969543,0.7787610619469026,0.8279181708784596,0.8380952380952381,0.831353919239905,0.7925925925925926,0.7965474722564735,0.7831474597273854,0.8257756563245824,0.8364928909952607,0.8243727598566308,0.7965686274509803,0.8323424494649228
0.8203221809169765,0.8095838587641866,0.7647831800262812,0.7913486005089059,0.8258221680876979,0.8310727496917386,0.8239520958083832,0.8020050125313283,0.8,0.7940813810110974,0.8258221680876979,0.829736211031175,0.8347406513872135,0.7905236907730673,0.831353919239905
0.8416075650118203,0.8236714975845411,0.8058968058968059,0.829683698296837,0.8551724137931035,0.8511137162954279,0.8561643835616438,0.8247914183551848,0.8355029585798817,0.8119047619047619,0.8428405122235157,0.8460661345496009,0.8402777777777778,0.8214285714285714,0.854524627720504
0.8256227758007118,0.8140947752126367,0.7657430730478589,0.7855361596009975,0.821301775147929,0.8307692307692308,0.8341121495327103,0.8076923076923077,0.8028673835125448,0.7806060606060606,0.8351126927639383,0.839907192575406,0.8257309941520468,0.7874396135265701,0.8416184971098266
0.818297331639136,0.7714663143989432,0.7651006711409396,0.7751322751322751,0.8160200250312891,0.8202531645569621,0.8228004956629492,0.7808041504539559,0.7773487773487774,0.7684346701164295,0.8105395232120451,0.8290282902829028,0.8139825218476904,0.7787839586028461,0.823238566131026
0.8204518430439952,0.7921279212792128,0.7644110275689223,0.7857142857142857,0.8292682926829268,0.839622641509434,0.839907192575406,0.8019323671497585,0.788391777509069,0.7913148371531966,0.8187134502923976,0.8317972350230415,0.8284714119019837,0.7942925089179548,0.8506271379703535
0.8470066518847007,0.8283752860411899,0.8028004667444574,0.8237986270022883,0.8590163934426229,0.8568257491675916,0.8648648648648649,0.8293785310734463,0.827354260089686,0.8135593220338984,0.8536853685368537,0.8608695652173913,0.8590163934426229,0.8275084554678692,0.8624052004333694
0.8187579214195184,0.7994825355756792,0.7579787234042553,0.8046272493573264,0.8300492610837439,0.837037037037037,0.8242424242424242,0.7948717948717948,0.7989886219974716,0.7893401015228426,0.8212083847102343,0.8357843137254902,0.8341463414634146,0.7852604828462516,0.8258221680876979
0.8266666666666667,0.8133498145859085,0.7894736842105263,0.7980173482032218,0.8364928909952607,0.8410991636798089,0.8364485981308412,0.8108108108108109,0.8033980582524272,0.802937576499388,0.8225419664268585,0.8331360946745562,0.8374851720047449,0.7970660146699267,0.8321678321678322
0.8159806295399515,0.7834793491864831,0.7661188369152971,0.7980295566502463,0.8195937873357229,0.8201438848920863,0.8292108362779741,0.7922235722964763,0.7888349514563107,0.778998778998779,0.8232502965599051,0.8249118683901293,0.8221436984687868,0.7980884109916367,0.8271028037383178
0.851258581235698,0.8169014084507042,0.7957244655581948,0.8215962441314554,0.8480725623582767,0.8390022675736961,0.8561872909698997,0.8290993071593533,0.8356164383561644,0.8186046511627907,0.8475336322869955,0.8400900900900901,0.8432919954904171,0.823121387283237,0.8609566184649611
0.8168674698795181,0.7860696517412935,0.7531806615776081,0.7818411097099621,0.8181818181818182,0.8293838862559242,0.8208778173190985,0.7897310513447433,0.7901840490797546,0.7765567765567766,0.8100358422939068,0.8204518430439952,0.8086124401913876,0.7911547911547911,0.8215962441314554
0.8179611650485437,0.8009950248756219,0.7649301143583227,0.7864321608040201,0.8353221957040573,0.8291517323775388,0.8250591016548463,0.8107448107448108,0.7906976744186046,0.7886977886977887,0.8195937873357229,0.840512223515716,0.8207547169811321,0.7945879458794588,0.8395348837209302
0.8277511961722488,0.8084054388133498,0.7879548306148055,0.8103448275862069,0.830952380952381,0.8367103694874851,0.836662749706228,0.8137254901960784,0.8145454545454546,0.8125755743651754,0.8224076281287247,0.8484848484848485,0.8288075560802833,0.8141809290953546,0.8501742160278746
0.818976279650437,0.802547770700637,0.764629388816645,0.7827191867852605,0.8212083847102343,0.8345679012345679,0.8293269230769231,0.8005018820577164,0.796044499381953,0.7891491985203453,0.8149068322981367,0.8345498783454988,0.8171779141104294,0.7875,0.8273381294964028
0.8386336866902238,0.7995110024449877,0.7857142857142857,0.7995169082125604,0.8313817330210773,0.8406466512702079,0.843069873997709,0.8144578313253013,0.8133174791914387,0.8104886769964244,0.8406466512702079,0.8447488584474886,0.836405529953917,0.8104265402843602,0.8471121177802945
0.8219832735961768,0.7950617283950617,0.7694235588972431,0.7742749054224464,0.8185053380782918,0.8252080856123662,0.823943661971831,0.7931456548347613,0.7917675544794189,0.778998778998779,0.8119760479041916,0.8242142025611175,0.8225616921269095,0.7874396135265701,0.8304498269896193
0.8094059405940595,0.8035264483627204,0.7664516129032258,0.788339670468948,0.8193939393939393,0.818070818070818,0.8235294117647058,0.8020050125313283,0.8004956629491945,0.7884856070087609,0.8136419001218027,0.8168674698795181,0.8159806295399515,0.8,0.8221153846153846
0.801980198019802,0.789873417721519,0.7564766839378239,0.7776365946632783,0.8242424242424242,0.817625458996328,0.8279181708784596,0.79,0.8004956629491945,0.7721518987341772,0.8193939393939393,0.8347205707491082,0.8250904704463209,0.775,0.8433451118963486
0.8152709359605911,0.7816091954022989,0.7666666666666667,0.7878787878787878,0.8209500609013398,0.8258221680876979,0.8311377245508982,0.7884856070087609,0.7925925925925926,0.7935723114956736,0.8135593220338984,0.8205741626794258,0.8172043010752689,0.7896039603960396,0.8382526564344747
0.8311377245508982,0.7990196078431373,0.7616645649432535,0.785,0.8258823529411765,0.8351126927639383,0.8327485380116959,0.7970660146699267,0.7961399276236429,0.7724477244772447,0.8274231678486997,0.8286384976525821,0.821301775147929,0.7878048780487805,0.8362369337979094
0.8242730720606827,0.807843137254902,0.7862796833773087,0.8082901554404145,0.8293897882938979,0.8368617683686177,0.8414634146341463,0.807741935483871,0.8110831234256927,0.8131313131313131,0.844059405940594,0.8368098159509203,0.8213399503722084,0.8121827411167513,0.847457627118644
0.8146341463414634,0.8009888751545118,0.7748427672955975,0.7905824039653035,0.8271752085816448,0.8291517323775388,0.8360655737704918,0.8048780487804879,0.8067226890756303,0.7858017135862914,0.833729216152019,0.8197879858657244,0.8319623971797885,0.7985524728588661,0.8335273573923166
0.8045112781954887,0.7757731958762887,0.7574578469520103,0.7682291666666666,0.8054187192118226,0.8098765432098766,0.8112058465286236,0.7801778907242694,0.779746835443038,0.768837803320562,0.8058968058968059,0.8063725490196079,0.8024539877300614,0.7690355329949239,0.8131067961165048
0.8574821852731591,0.821078431372549,0.7853535353535354,0.80545229244114,0.851063829787234,0.8561236623067776,0.8531468531468531,0.8185140073081608,0.8236714975845411,0.8024539877300614,0.8476977567886659,0.8477751756440282,0.8463356973995272,0.8034188034188035,0.8548199767711963
0.8327316486161251,0.8039950062421972,0.7715736040609137,0.7980049875311721,0.8359281437125748,0.8335329341317366,0.8444444444444444,0.8123456790123457,0.8111380145278451,0.802439024390244,0.8390941597139452,0.8171021377672208,0.8238095238095238,0.8106796116504854,0.8421052631578947
0.8432304038004751,0.7980173482032218,0.7920298879202988,0.8044554455445545,0.8341232227488151,0.8484136310223267,0.8474970896391153,0.8053855569155447,0.8029197080291971,0.8193939393939393,0.8325471698113207,0.8352941176470589,0.8350877192982457,0.8014616321559074,0.8491879350348028
0.8250591016548463,0.8083538083538083,0.788627935723115,0.8127294981640147,0.8293838862559242,0.8444444444444444,0.8491879350348028,0.8178528347406514,0.8176400476758046,0.8110047846889952,0.8296122209165687,0.8366164542294322,0.8325581395348837,0.8138424821002387,0.8525345622119815
0.8466819221967964,0.8207547169811321,0.7785888077858881,0.8170011806375442,0.859075535512965,0.8532423208191127,0.8688888888888889,0.8218859138533178,0.8300578034682081,0.8149010477299186,0.8460661345496009,0.8513053348467651,0.8532731376975169,0.8125727590221188,0.8651059085841695
0.8056872037914692,0.8024096385542169,0.7642679900744417,0.7843137254901961,0.8180764774044033,0.8282352941176471,0.813441483198146,0.8042704626334519,0.8056537102473498,0.7904761904761904,0.8225806451612904,0.8171296296296297,0.8316151202749141,0.7919621749408984,0.8246013667425968
0.8105515587529976,0.8077388149939541,0.7769423558897243,0.802937576499388,0.8352941176470589,0.833530106257379,0.8298368298368298,0.8156956004756243,0.8146399055489965,0.8009478672985783,0.8333333333333334,0.8422273781902552,0.8372093023255814,0.8142857142857143,0.8381171067738232
0.8333333333333334,0.8004778972520908,0.7730061349693251,0.7946537059538274,0.827906976744186,0.8344827586206897,0.825836216839677,0.8018867924528302,0.7990654205607477,0.7995283018867925,0.8273464658169177,0.835990888382688,0.8281430219146482,0.795774647887324,0.8320180383314544
0.8136419001218027,0.8035043804755945,0.7755102040816326,0.805,0.8149038461538461,0.8451380552220888,0.8210023866348448,0.8068459657701712,0.7995079950799509,0.8102189781021898,0.8285714285714286,0.8256227758007118,0.8271752085816448,0.8,0.8307692307692308
0.8329411764705882,0.8209500609013398,0.8004926108374384,0.8058608058608059,0.8456221198156681,0.8518518518518519,0.8421052631578947,0.8246674727932285,0.7956989247311828,0.8113207547169812,0.8457943925233645,0.848,0.8531791907514451,0.8076009501187649,0.837471783295711
0.8193624557260921,0.7892813641900122,0.7481296758104738,0.7877300613496933,0.8261376896149358,0.822429906542056,0.8217592592592593,0.789410348977136,0.7952380952380952,0.7792521109770808,0.8222996515679443,0.8342857142857143,0.8254335260115607,0.7773766546329723,0.8329519450800915
0.8347010550996483,0.8043478260869565,0.7887667887667887,0.8019441069258809,0.8459770114942529,0.8489042675893888,0.8434285714285714,0.8222748815165877,0.8136792452830188,0.8076009501187649,0.8463302752293578,0.8496583143507973,0.8457142857142858,0.8170011806375442,0.8497175141242937
0.8157894736842105,0.8063725490196079,0.7671232876712328,0.7940813810110974,0.8347010550996483,0.8355029585798817,0.8372093023255814,0.8072727272727273,0.8076009501187649,0.7869249394673123,0.8266033254156769,0.8331360946745562,0.8381839348079162,0.7941888619854721,0.8445475638051044
0.8482039397450754,0.8110709987966306,0.7887667887667887,0.8116646415552855,0.8535469107551488,0.8581235697940504,0.855188141391106,0.8185053380782918,0.8175355450236966,0.8114558472553699,0.8419838523644751,0.8645598194130926,0.8558456299659478,0.8137603795966786,0.8603603603603603
0.8347613219094248,0.8261405672009864,0.7893401015228426,0.82,0.8363201911589009,0.847457627118644,0.85,0.8118081180811808,0.8151774785801713,0.7990135635018496,0.8393285371702638,0.8466981132075472,0.829736211031175,0.8150851581508516,0.842603550295858
0.7939317319848294,0.7803617571059431,0.7483530961791831,0.7700394218134035,0.7985074626865671,0.8119551681195517,0.8024539877300614,0.772020725388601,0.7684478371501272,0.7554980595084088,0.7959697732997482,0.8088235294117647,0.7995110024449877,0.767052767052767,0.8092909535452323
0.8121353558926487,0.7947494033412887,0.7718446601941747,0.7961859356376639,0.8232611174458381,0.8184971098265896,0.832579185520362,0.8,0.7915194346289752,0.7967853042479908,0.8170310701956272,0.8346456692913385,0.8308740068104427,0.7967667436489607,0.8331466965285554
0.8058968058968059,0.767879548306148,0.7653701380175659,0.7864321608040201,0.8120481927710843,0.8115246098439376,0.8219832735961768,0.7851851851851852,0.7768187422934648,0.7724477244772447,0.8125,0.8276670574443142,0.8177458033573142,0.7779141104294478,0.8275058275058275
0.8247663551401869,0.8238153098420413,0.795593635250918,0.825511432009627,0.8393063583815029,0.8457943925233645,0.8387096774193549,0.8240963855421687,0.8104886769964244,0.8127962085308057,0.8438228438228438,0.8561643835616438,0.8457142857142858,0.8076923076923077,0.8529076396807298
0.8197115384615384,0.7872078720787208,0.7615480649188514,0.7876543209876543,0.823943661971831,0.8166666666666667,0.8258823529411765,0.7951515151515152,0.8085612366230678,0.7937273823884198,0.8211764705882353,0.8227114716106605,0.819557625145518,0.787515006002401,0.8333333333333334
0.8121951219512196,0.8085106382978723,0.7755102040816326,0.7919293820933165,0.8187274909963985,0.8333333333333334,0.8266033254156769,0.812807881773399,0.8062953995157385,0.8063337393422655,0.8283313325330132,0.8331360946745562,0.8125,0.8038976857490865,0.8225616921269095
0.8260869565217391,0.8229548229548229,0.7814070351758794,0.8109452736318408,0.8245192307692307,0.8305489260143198,0.839390386869871,0.8178528347406514,0.8201438848920863,0.8009650180940893,0.8380952380952381,0.8309859154929577,0.8286384976525821,0.8096969696969697,0.8472222222222222
0.8294392523364486,0.8145454545454546,0.7828220858895706,0.8038740920096852,0.8333333333333334,0.8429561200923787,0.8386363636363636,0.8137603795966786,0.8140350877192982,0.8065650644783119,0.8418604651162791,0.85456595264938,0.8344827586206897,0.7981109799291618,0.8365276211950394
0.8296296296296296,0.8025641025641026,0.7643979057591623,0.8,0.8387878787878787,0.8254364089775561,0.8355663824604141,0.7924050632911392,0.7989949748743719,0.8020176544766708,0.8302808302808303,0.8502994011976048,0.8268292682926829,0.7934918648310388,0.8309178743961353
0.8468033775633294,0.8236744759556104,0.7868852459016393,0.8203221809169765,0.8466111771700356,0.8530465949820788,0.8524203069657615,0.8282582216808769,0.8331332533013205,0.8160779537149817,0.8489892984542212,0.8615023474178404,0.8402366863905325,0.8265060240963855,0.8624277456647399
0.8418549346016647,0.8379351740696278,0.8068459657701712,0.8270858524788391,0.8477751756440282,0.8518518518518519,0.8528735632183908,0.8353221957040573,0.8392434988179669,0.8329355608591885,0.8450704225352113,0.8498253783469151,0.839766081871345,0.8253588516746412,0.8564814814814815
0.8329355608591885,0.8098159509202454,0.7713567839195979,0.8058968058968059,0.8461538461538461,0.8321513002364066,0.8505747126436781,0.8063337393422655,0.8081048867699643,0.8004836759371221,0.8423529411764706,0.8597491448118586,0.8308051341890315,0.8043217286914766,0.839907192575406
0.8226950354609929,0.8096969696969697,0.7862407862407862,0.795593635250918,0.8257309941520468,0.8381839348079162,0.8419838523644751,0.8028846153846154,0.8081534772182254,0.7966305655836342,0.8188235294117647,0.825836216839677,0.8246225319396051,0.8,0.8451025056947609
0.8412322274881516,0.8361858190709046,0.8054187192118226,0.8177339901477833,0.8497652582159625,0.8442330558858502,0.8591385331781141,0.8280871670702179,0.8271752085816448,0.8077858880778589,0.8497652582159625,0.8412514484356894,0.836662749706228,0.8164251207729468,0.8607594936708861
0.8201970443349754,0.8,0.7769230769230769,0.7817258883248731,0.8246674727932285,0.8418491484184915,0.8357142857142857,0.8024844720496894,0.8019680196801968,0.7855361596009975,0.8345323741007195,0.8281622911694511,0.8353221957040573,0.7931034482758621,0.8423529411764706
0.8206388206388207,0.7950617283950617,0.7725,0.7934508816120907,0.8173076923076923,0.8315412186379928,0.8228299643281808,0.7975609756097561,0.7961399276236429,0.7822878228782287,0.8195937873357229,0.8186157517899761,0.8224076281287247,0.7882496940024479,0.8299643281807372
0.8323831242873432,0.8032979976442874,0.7871581450653984,0.7919621749408984,0.835214446952596,0.8465011286681715,0.844789356984479,0.8148148148148148,0.816933638443936,0.804147465437788,0.8423423423423423,0.843400447427293,0.8402234636871508,0.8100686498855835,0.8403547671840355
0.837378640776699,0.7964601769911505,0.7780612244897959,0.801007556675063,0.8327316486161251,0.8451380552220888,0.8404761904761905,0.8014981273408239,0.8068880688806888,0.796044499381953,0.8405797101449275,0.8466981132075472,0.825511432009627,0.802937576499388,0.8490566037735849
0.8358913813459268,0.8068459657701712,0.7755610972568578,0.8107448107448108,0.840512223515716,0.8267622461170848,0.8425925925925926,0.8014616321559074,0.8028846153846154,0.8081048867699643,0.8304093567251462,0.8421052631578947,0.846242774566474,0.7951807228915663,0.8427095292766934
0.8163771712158809,0.7850707850707851,0.7802340702210663,0.7928388746803069,0.8157248157248157,0.8246913580246914,0.8209500609013398,0.7848101265822784,0.8019925280199253,0.7979924717691342,0.818070818070818,0.8159806295399515,0.8164251207729468,0.795,0.8327316486161251
0.822360248447205,0.815,0.7716129032258064,0.8005082592121983,0.8315151515151515,0.8220858895705522,0.8407185628742515,0.8118081180811808,0.8232445520581114,0.7990012484394506,0.8371531966224367,0.8305489260143198,0.8193939393939393,0.8063725490196079,0.8429752066115702
0.8121212121212121,0.8019925280199253,0.7532133676092545,0.7838179519595448,0.8238095238095238,0.8140096618357487,0.8261904761904761,0.8034610630407911,0.8131067961165048,0.7891491985203453,0.8201438848920863,0.8297872340425532,0.8279952550415184,0.8004866180048662,0.8418604651162791
0.8144578313253013,0.7925,0.7766497461928934,0.7884856070087609,0.8250591016548463,0.8201438848920863,0.8236686390532545,0.8004926108374384,0.7897310513447433,0.7916666666666666,0.8200238379022646,0.8257309941520468,0.8109393579072532,0.7985347985347986,0.823803967327888
0.8484848484848485,0.8109452736318408,0.7790549169859514,0.8095838587641866,0.8438617401668653,0.8442822384428224,0.8527315914489311,0.806930693069307,0.8106796116504854,0.8019680196801968,0.8393285371702638,0.838479809976247,0.8323281061519904,0.8088235294117647,0.842603550295858
0.8264462809917356,0.7886977886977887,0.7858017135862914,0.795593635250918,0.8253223915592028,0.8358556461001164,0.836027713625866,0.8038507821901324,0.8052256532066508,0.7956989247311828,0.8169014084507042,0.8387096774193549,0.8280701754385965,0.7904191616766467,0.8410138248847926
0.8233890214797136,0.805352798053528,0.7980535279805353,0.8159806295399515,0.8448074679113186,0.8424737456242707,0.8450057405281286,0.8218527315914489,0.8104265402843602,0.8057210965435042,0.8411214953271028,0.8463302752293578,0.8475750577367206,0.8089622641509434,0.8388571428571429
0.8313253012048193,0.8212083847102343,0.7984886649874056,0.8134328358208955,0.8432304038004751,0.8485576923076923,0.8466981132075472,0.8282582216808769,0.8231046931407943,0.8159806295399515,0.8418549346016647,0.8454332552693209,0.8374851720047449,0.8273381294964028,0.8444444444444444
0.817432273262662,0.7980652962515115,0.7906403940886699,0.8240850059031877,0.836405529953917,0.8376470588235294,0.8371559633027523,0.817432273262662,0.8107476635514018,0.8037602820211516,0.8255813953488372,0.8373151308304891,0.8421052631578947,0.8066037735849056,0.8406779661016949
0.8250904704463209,0.7946210268948656,0.7646326276463262,0.7875,0.8162291169451074,0.8279952550415184,0.8313817330210773,0.7971188475390156,0.7937273823884198,0.7880952380952381,0.8203309692671394,0.8229777256740914,0.8166666666666667,0.7903614457831325,0.8300578034682081
0.8327316486161251,0.8104738154613467,0.7828282828282829,0.7879548306148055,0.8267622461170848,0.8458781362007168,0.839390386869871,0.8019680196801968,0.7922235722964763,0.7906403940886699,0.8269230769230769,0.833729216152019,0.8186157517899761,0.7975609756097561,0.8333333333333334
0.8222490931076178,0.8009888751545118,0.782608695652174,0.8059332509270705,0.8277511961722488,0.8239520958083832,0.8323563892145369,0.7985257985257985,0.8091787439613527,0.804374240583232,0.831353919239905,0.8299643281807372,0.8152562574493445,0.8102189781021898,0.840512223515716
0.8202115158636898,0.804374240583232,0.7615480649188514,0.7995139732685298,0.8276670574443142,0.8339140534262486,0.8273464658169177,0.8057901085645356,0.7961859356376639,0.7933491686460807,0.8286384976525821,0.8406466512702079,0.826945412311266,0.7961630695443646,0.8298850574712644
0.8267326732673267,0.8071519795657727,0.7761966364812419,0.8121827411167513,0.8246913580246914,0.8327228327228328,0.8349514563106796,0.8055908513341804,0.8135168961201502,0.7944514501891551,0.824969400244798,0.8235294117647058,0.8220858895705522,0.7994955863808323,0.8317073170731707
0.8119760479041916,0.7872860635696821,0.7646326276463262,0.7936893203883495,0.8254716981132075,0.8236686390532545,0.8244803695150116,0.789410348977136,0.7962308598351001,0.7833333333333333,0.8244994110718492,0.8271028037383178,0.8251748251748252,0.7842669845053635,0.8354143019296254
0.8289322617680827,0.8057210965435042,0.7827130852340937,0.7769784172661871,0.8412698412698413,0.8342857142857143,0.8380520951302378,0.7961859356376639,0.7985948477751756,0.7920094007050529,0.8412698412698413,0.8449438202247191,0.8240635641316686,0.7877358490566038,0.8482834994462901
0.8287037037037037,0.8066429418742586,0.7733333333333333,0.7885304659498208,0.8337129840546698,0.8407789232531501,0.8338983050847457,0.8051948051948052,0.8037166085946573,0.7906976744186046,0.8356164383561644,0.8359550561797753,0.8310502283105022,0.7953488372093023,0.8452914798206278
0.8152562574493445,0.8038740920096852,0.7646326276463262,0.7835820895522388,0.8173302107728337,0.8319623971797885,0.8261376896149358,0.7985611510791367,0.7942238267148014,0.7912621359223301,0.8205128205128205,0.8383371824480369,0.8325581395348837,0.7918660287081339,0.8333333333333334
0.8250591016548463,0.7892813641900122,0.7644110275689223,0.7832512315270936,0.8247663551401869,0.8301886792452831,0.8457142857142858,0.7912621359223301,0.7840772014475271,0.784503631961259,0.8306264501160093,0.8419838523644751,0.8379629629629629,0.7869249394673123,0.8568181818181818
0.8129496402877698,0.7965474722564735,0.7728983688833124,0.785982478097622,0.8114558472553699,0.8177458033573142,0.8266978922716628,0.7902439024390244,0.8009650180940893,0.7868453105968332,0.8183962264150944,0.8155111633372503,0.817966903073286,0.7814407814407814,0.8294392523364486
0.8424908424908425,0.8149068322981367,0.8010012515644556,0.8261405672009864,0.8286755771567437,0.841978287092883,0.8398576512455516,0.8166259168704156,0.8092909535452323,0.827503015681544,0.8333333333333334,0.8438617401668653,0.8370986920332937,0.8116646415552855,0.8470588235294118
0.8272506082725061,0.8114856429463171,0.7874213836477988,0.8130489335006273,0.8341346153846154,0.824390243902439,0.8450704225352113,0.8205128205128205,0.8113440197287299,0.8218181818181818,0.8279181708784596,0.8387096774193549,0.8345323741007195,0.8199513381995134,0.8440797186400938
0.8301435406698564,0.7931034482758621,0.7744360902255639,0.8088779284833539,0.8252080856123662,0.8292108362779741,0.8444444444444444,0.8082026537997588,0.8033980582524272,0.7971188475390156,0.8224076281287247,0.8313817330210773,0.8305882352941176,0.7985436893203883,0.8276670574443142
0.8325581395348837,0.8235294117647058,0.8052256532066508,0.8103651354534747,0.8493771234428086,0.843069873997709,0.8468468468468469,0.8284714119019837,0.8190255220417634,0.8046783625730994,0.8424657534246576,0.8513513513513513,0.8448471121177803,0.8157589803012746,0.8536312849162011
0.8289156626506025,0.8034825870646766,0.7838179519595448,0.8123456790123457,0.833729216152019,0.8431137724550898,0.8376470588235294,0.8146341463414634,0.8133971291866029,0.8193939393939393,0.8432304038004751,0.8477751756440282,0.8358913813459268,0.805352798053528,0.8451688009313155
0.821256038647343,0.8222222222222222,0.7770700636942676,0.8005018820577164,0.8357142857142857,0.8317307692307693,0.8368794326241135,0.8118811881188119,0.7980295566502463,0.7995079950799509,0.8178528347406514,0.8329411764705882,0.8270142180094787,0.796044499381953,0.8258823529411765
0.8450057405281286,0.8137603795966786,0.8090692124105012,0.8193624557260921,0.850967007963595,0.8581157775255391,0.86,0.8306264501160093,0.8294930875576036,0.8130841121495327,0.8424657534246576,0.853907134767837,0.8467650397275823,0.8327566320645905,0.8478747203579419
0.8164705882352942,0.7838827838827839,0.75,0.788391777509069,0.8153310104529616,0.8200934579439252,0.832579185520362,0.7923169267707083,0.7980997624703088,0.7800237812128419,0.8197474167623421,0.8257918552036199,0.81199538638985,0.7857988165680473,0.8389261744966443
0.8226950354609929,0.8072727272727273,0.7755610972568578,0.7941534713763703,0.8304093567251462,0.8407494145199064,0.8354430379746836,0.8124253285543608,0.8023668639053254,0.8004778972520908,0.8432055749128919,0.8377445339470656,0.8296639629200464,0.8028673835125448,0.8516421291053228
0.8249400479616307,0.8104089219330854,0.7766497461928934,0.7995049504950495,0.8331360946745562,0.8373205741626795,0.8461538461538461,0.8102815177478581,0.8072727272727273,0.7762669962917181,0.8205741626794258,0.8313817330210773,0.833922261484099,0.7858017135862914,0.8438228438228438
0.8175355450236966,0.8114558472553699,0.7644882860665845,0.7975757575757576,0.8281430219146482,0.8292108362779741,0.8424657534246576,0.8004750593824228,0.8070175438596491,0.784688995215311,0.8366164542294322,0.8367816091954023,0.8317972350230415,0.7957497048406139,0.8432919954904171
0.8282582216808769,0.8106060606060606,0.7789203084832905,0.8005050505050505,0.8218181818181818,0.8359659781287971,0.8279181708784596,0.8120300751879699,0.8089330024813896,0.8044554455445545,0.8295042321644498,0.8325358851674641,0.8351383874849578,0.8079306071871127,0.831353919239905
0.8079306071871127,0.7867177522349936,0.765399737876802,0.7969348659003831,0.8107448107448108,0.8245398773006135,0.8208232445520581,0.7852604828462516,0.7890137328339576,0.7775,0.8213851761846902,0.8191616766467066,0.8087697929354446,0.7858942065491183,0.8167664670658683
0.8216867469879519,0.7890137328339576,0.7635903919089759,0.7915632754342432,0.8133971291866029,0.8321342925659473,0.8250591016548463,0.8053855569155447,0.8057553956834532,0.7883211678832117,0.817966903073286,0.8290398126463701,0.8118343195266272,0.7941888619854721,0.8315911730545877
0.8474178403755869,0.8319226118500604,0.8179611650485437,0.8218181818181818,0.8484848484848485,0.8588235294117647,0.8545034642032333,0.8331332533013205,0.8176400476758046,0.8242280285035629,0.852803738317757,0.8458864426419467,0.8614318706697459,0.8194774346793349,0.8489042675893888
0.8195121951219512,0.8025,0.7729591836734694,0.7847133757961784,0.8206979542719615,0.8270858524788391,0.831353919239905,0.806930693069307,0.7980416156670747,0.7950617283950617,0.8317307692307693,0.838479809976247,0.8287425149700599,0.8044280442804428,0.8457008244994111
0.8253223915592028,0.8038507821901324,0.7762669962917181,0.8119047619047619,0.8325581395348837,0.8253223915592028,0.8392246294184721,0.7937649880095923,0.8079625292740047,0.7985865724381626,0.8271028037383178,0.8344671201814059,0.8218859138533178,0.7962308598351001,0.8412698412698413
0.8250904704463209,0.7959949937421777,0.7704081632653061,0.7935323383084577,0.8235294117647058,0.8303249097472925,0.8450704225352113,0.8058968058968059,0.8121212121212121,0.7995110024449877,0.8221153846153846,0.8284023668639053,0.8291517323775388,0.7985436893203883,0.8411214953271028
0.8402366863905325,0.8009950248756219,0.7650834403080873,0.8108108108108109,0.8353221957040573,0.8541176470588235,0.8528389339513326,0.8154402895054282,0.8239520958083832,0.8077858880778589,0.858139534883721,0.8438228438228438,0.8521939953810623,0.8140096618357487,0.865296803652968
0.8438617401668653,0.800982800982801,0.7779171894604768,0.8039702233250621,0.8392434988179669,0.8376470588235294,0.8521536670547147,0.8101571946795647,0.8157894736842105,0.8024242424242424,0.8372641509433962,0.8304093567251462,0.8349056603773585,0.8149038461538461,0.8434579439252337
0.8275058275058275,0.8109393579072532,0.7769607843137255,0.8038507821901324,0.8323699421965318,0.8283062645011601,0.8415051311288484,0.8056537102473498,0.8149010477299186,0.7947805456702254,0.8323699421965318,0.8409090909090909,0.825836216839677,0.8032979976442874,0.851685393258427
0.8189349112426035,0.8119760479041916,0.7869249394673123,0.7802469135802469,0.839907192575406,0.8389339513325609,0.8373702422145328,0.80622009569378,0.8145539906103286,0.7947494033412887,0.8325581395348837,0.8433179723502304,0.8400460299194477,0.8033175355450237,0.8561721404303511
0.8282582216808769,0.8054862842892768,0.7737041719342604,0.7984790874524715,0.8365384615384616,0.8385542168674699,0.838479809976247,0.7929736511919699,0.8049382716049382,0.7876543209876543,0.8269230769230769,0.8305489260143198,0.8249400479616307,0.8049382716049382,0.8432304038004751
0.8033175355450237,0.782716049382716,0.7638190954773869,0.7902439024390244,0.819672131147541,0.8161328588374852,0.8232558139534883,0.7903030303030303,0.7923169267707083,0.7855421686746988,0.8202115158636898,0.8203939745075318,0.8213457076566125,0.7899159663865546,0.8348623853211009
0.8058608058608059,0.79,0.7506426735218509,0.7812895069532237,0.8293269230769231,0.829736211031175,0.8257756563245824,0.8034398034398035,0.7906976744186046,0.7781908302354399,0.8303249097472925,0.8278301886792453,0.8125,0.7911547911547911,0.8282352941176471
0.824390243902439,0.7879548306148055,0.765685019206146,0.7804878048780488,0.8307322929171669,0.8280871670702179,0.8365384615384616,0.8,0.80440097799511,0.7876543209876543,0.831942789034565,0.833922261484099,0.8321342925659473,0.7950617283950617,0.8392434988179669
0.8513053348467651,0.8203309692671394,0.8033573141486811,0.813599062133646,0.8421052631578947,0.8564971751412429,0.8542600896860987,0.8273464658169177,0.8266360505166476,0.8212226066897347,0.8600223964165733,0.8596881959910914,0.8478015783540023,0.81199538638985,0.8644444444444445
0.8374269005847953,0.8218527315914489,0.7701863354037267,0.8053204353083434,0.8394495412844036,0.8451688009313155,0.8422247446083996,0.8090692124105012,0.8273464658169177,0.7961859356376639,0.8373702422145328,0.8483466362599772,0.841743119266055,0.8085106382978723,0.8536036036036037
0.8342989571263036,0.7980652962515115,0.7660098522167488,0.7754601226993865,0.8308400460299195,0.831981460023175,0.8350398179749715,0.8023809523809524,0.7928994082840237,0.7822966507177034,0.8180764774044033,0.8240635641316686,0.8340909090909091,0.7886658795749705,0.8231292517006803
0.8408551068883611,0.7995049504950495,0.769620253164557,0.7930174563591023,0.8466981132075472,0.8347205707491082,0.8474970896391153,0.8063725490196079,0.8152562574493445,0.8004836759371221,0.8394768133174791,0.8485549132947977,0.8311688311688312,0.805352798053528,0.8445475638051044
0.8226600985221675,0.8035487959442332,0.767833981841764,0.7866323907455013,0.8201970443349754,0.8314883148831488,0.8285024154589372,0.7959697732997482,0.7955112219451371,0.7864321608040201,0.8298653610771114,0.8280871670702179,0.8295042321644498,0.7919799498746867,0.8476190476190476
0.8221153846153846,0.796044499381953,0.7641866330390921,0.7841191066997518,0.8288075560802833,0.8323424494649228,0.8471411901983664,0.802439024390244,0.7975609756097561,0.7843137254901961,0.8215568862275449,0.8407494145199064,0.8374269005847953,0.7985436893203883,0.8390129259694477
0.8111380145278451,0.7850931677018633,0.7647798742138365,0.7744360902255639,0.8090692124105012,0.8277511961722488,0.8147268408551069,0.7995139732685298,0.7878787878787878,0.7798277982779828,0.8110047846889952,0.8156956004756243,0.8057553956834532,0.7849331713244229,0.8202115158636898
0.8345323741007195,0.7975460122699386,0.775,0.7965260545905707,0.8352941176470589,0.8464243845252052,0.8437132784958872,0.796092796092796,0.8062575210589651,0.7985436893203883,0.83451536643026,0.8422273781902552,0.833922261484099,0.8019323671497585,0.8417350527549824
0.8317757009345794,0.8009708737864077,0.7863247863247863,0.7931456548347613,0.8342989571263036,0.8408826945412311,0.8532423208191127,0.8033573141486811,0.7976190476190477,0.7831325301204819,0.8296639629200464,0.8421052631578947,0.8350634371395617,0.7918660287081339,0.859392575928009
0.8188235294117647,0.7932285368802902,0.7714987714987716,0.7792848335388409,0.8275862068965517,0.8387850467289719,0.8337129840546698,0.8051948051948052,0.7981109799291618,0.7886658795749705,0.8222996515679443,0.8111239860950173,0.8184971098265896,0.7971698113207547,0.8363636363636363
0.8176400476758046,0.7961399276236429,0.762962962962963,0.7916666666666666,0.8284714119019837,0.8229777256740914,0.8390804597701149,0.7980884109916367,0.8018979833926453,0.7836538461538461,0.8342989571263036,0.8186046511627907,0.8273464658169177,0.7933491686460807,0.8375286041189931
0.8192771084337349,0.7894736842105263,0.7676767676767676,0.7960687960687961,0.8091787439613527,0.8281622911694511,0.8185053380782918,0.7960687960687961,0.7932285368802902,0.7970479704797048,0.8239520958083832,0.8194774346793349,0.812206572769953,0.7858017135862914,0.839677047289504
0.8301886792452831,0.7946537059538274,0.7621419676214197,0.8033980582524272,0.8402777777777778,0.8424737456242707,0.8529076396807298,0.8100358422939068,0.8156028368794326,0.8004778972520908,0.8389339513325609,0.855188141391106,0.8525714285714285,0.8128724672228844,0.8600682593856656
0.8225214198286414,0.7939317319848294,0.7652399481193255,0.7842639593908629,0.818955042527339,0.8286755771567437,0.829736211031175,0.7945205479452054,0.7990196078431373,0.7794486215538847,0.8373205741626795,0.8261904761904761,0.8216867469879519,0.7881040892193308,0.8285714285714286
0.8307322929171669,0.8094059405940595,0.7750952986022872,0.7842639593908629,0.8205741626794258,0.8383233532934131,0.8317535545023697,0.7980295566502463,0.805352798053528,0.7995139732685298,0.8327402135231317,0.8186157517899761,0.8178528347406514,0.7985436893203883,0.8343125734430082
0.80440097799511,0.7935323383084577,0.7657430730478589,0.7763819095477387,0.8081048867699643,0.8247914183551848,0.8268551236749117,0.7975609756097561,0.7902439024390244,0.7804878048780488,0.8168674698795181,0.8246445497630331,0.8104265402843602,0.7779141104294478,0.8207547169811321
0.8368298368298368,0.8264462809917356,0.778998778998779,0.827262044653349,0.8604118993135011,0.8465974625144176,0.8584371460928653,0.817966903073286,0.8177570093457944,0.8155111633372503,0.861397479954181,0.8690744920993227,0.8470319634703196,0.822429906542056,0.8561721404303511
0.8186274509803921,0.8289637952559301,0.7830551989730423,0.8111533586818758,0.8361445783132531,0.8341463414634146,0.8370986920332937,0.8179551122194514,0.817283950617284,0.813810110974106,0.8347406513872135,0.8393285371702638,0.8394768133174791,0.812807881773399,0.8442330558858502
0.8143564356435643,0.8126582278481013,0.7887323943661971,0.788339670468948,0.8266666666666667,0.8402948402948403,0.8369304556354916,0.8179551122194514,0.8121951219512196,0.7875,0.829683698296837,0.8351648351648352,0.833939393939394,0.8108108108108109,0.8558030480656507
0.8202115158636898,0.8106796116504854,0.7690387016229713,0.7832512315270936,0.8310185185185185,0.8296122209165687,0.8325688073394495,0.8114558472553699,0.8161328588374852,0.7952380952380952,0.8189158016147635,0.8378995433789954,0.8244803695150116,0.7899761336515513,0.8401826484018264
0.8555176336746303,0.8181818181818182,0.7947805456702254,0.8038049940546967,0.851063829787234,0.8484162895927602,0.8507295173961841,0.8176538908246226,0.8266360505166476,0.8116279069767441,0.8406779661016949,0.8450390189520625,0.8295454545454546,0.812428078250863,0.8631346578366446
0.8495370370370371,0.8185053380782918,0.7898550724637681,0.80622009569378,0.8561643835616438,0.8594285714285714,0.8658399098083427,0.8247663551401869,0.8191365227537923,0.800942285041225,0.8493150684931506,0.8444948921679909,0.8577878103837472,0.8112543962485346,0.8629213483146068
0.8213851761846902,0.7989949748743719,0.768837803320562,0.7801778907242694,0.816969696969697,0.8299155609167672,0.8238095238095238,0.783375314861461,0.7916152897657214,0.7810945273631841,0.8293269230769231,0.8273381294964028,0.8283313325330132,0.7786069651741293,0.8323424494649228
0.8186157517899761,0.7995139732685298,0.7688504326328801,0.8091236494597839,0.8306264501160093,0.8297872340425532,0.8390804597701149,0.7971014492753623,0.8076009501187649,0.8014268727705113,0.823803967327888,0.845360824742268,0.8329466357308585,0.7913669064748201,0.8375286041189931
0.816374269005848,0.8081048867699643,0.769041769041769,0.8214285714285714,0.8271889400921659,0.826945412311266,0.8318181818181818,0.8047619047619048,0.8070175438596491,0.7995283018867925,0.8271889400921659,0.8321995464852607,0.8255416191562144,0.7942925089179548,0.8331441543700341
0.8267622461170848,0.800982800982801,0.7734668335419274,0.7896039603960396,0.8360655737704918,0.8378698224852071,0.8472222222222222,0.8120481927710843,0.8133971291866029,0.7951515151515152,0.8417350527549824,0.8412514484356894,0.8395348837209302,0.8057553956834532,0.8422273781902552
0.8057901085645356,0.8014705882352942,0.7858017135862914,0.788627935723115,0.8215962441314554,0.8278301886792453,0.8329466357308585,0.8100961538461539,0.7995169082125604,0.7961630695443646,0.8317757009345794,0.8373702422145328,0.8233918128654971,0.7966507177033493,0.835820895522388
0.8205741626794258,0.8078335373317014,0.7770859277708593,0.7925925925925926,0.8286384976525821,0.8327402135231317,0.8287037037037037,0.8048192771084337,0.7956730769230769,0.7831325301204819,0.8187134502923976,0.8364485981308412,0.8309859154929577,0.7976047904191617,0.8423475258918297
0.833130328867235,0.8089887640449438,0.7929736511919699,0.8095838587641866,0.8335329341317366,0.8465227817745803,0.8380952380952381,0.8089330024813896,0.8175182481751825,0.7940813810110974,0.8339307048984468,0.8464243845252052,0.8347205707491082,0.7940813810110974,0.8467836257309942
0.8303249097472925,0.8,0.7831632653061225,0.7969735182849937,0.8257756563245824,0.8315151515151515,0.8321513002364066,0.7995049504950495,0.7950920245398773,0.7866004962779156,0.8408551068883611,0.8450704225352113,0.8284023668639053,0.7980173482032218,0.8360655737704918
0.8251231527093597,0.7933247753530167,0.772609819121447,0.8040973111395646,0.8215158924205379,0.8329238329238329,0.8262454434993924,0.7989949748743719,0.7965043695380774,0.782608695652174,0.8209500609013398,0.8232502965599051,0.8270858524788391,0.7910447761194029,0.8383233532934131
0.8262454434993924,0.8085106382978723,0.7567567567567568,0.7919293820933165,0.8309178743961353,0.8268292682926829,0.8390941597139452,0.7984981226533167,0.8112058465286236,0.7812113720642769,0.8185140073081608,0.8317307692307693,0.8315151515151515,0.7896678966789668,0.833729216152019
0.8449704142011835,0.8161764705882353,0.7930174563591023,0.8088779284833539,0.8453364817001181,0.8476190476190476,0.8591549295774648,0.8222490931076178,0.8229665071770335,0.8219832735961768,0.8453364817001181,0.851808634772462,0.838479809976247,0.8275862068965517,0.8474178403755869
0.8380024360535931,0.8089887640449438,0.7853535353535354,0.8152709359605911,0.8388625592417062,0.8479041916167664,0.8480565371024735,0.8157248157248157,0.8140947752126367,0.8135593220338984,0.833729216152019,0.8418604651162791,0.8388625592417062,0.8067632850241546,0.8521939953810623
0.8071428571428572,0.7970660146699267,0.7866831072749692,0.7851851851851852,0.8182883939038686,0.8317535545023697,0.8242142025611175,0.8082026537997588,0.8009592326139089,0.7913148371531966,0.8215962441314554,0.8172293364377182,0.8315911730545877,0.7976047904191617,0.8227114716106605
0.8218181818181818,0.8268991282689913,0.7918781725888325,0.8135168961201502,0.8273381294964028,0.829683698296837,0.8462455303933254,0.8222222222222222,0.8140096618357487,0.8034188034188035,0.8369304556354916,0.8349056603773585,0.8357142857142857,0.8097560975609757,0.852112676056338
0.8355029585798817,0.8245192307692307,0.7881773399014779,0.8034188034188035,0.8387850467289719,0.8451688009313155,0.8329466357308585,0.8186157517899761,0.827262044653349,0.8052568697729988,0.8356481481481481,0.8590909090909091,0.8419838523644751,0.8156028368794326,0.8526077097505669
0.8264462809917356,0.8004866180048662,0.7749077490774908,0.7758620689655172,0.8276670574443142,0.8249118683901293,0.8361970217640321,0.8052568697729988,0.8023809523809524,0.781664656212304,0.8141176470588235,0.826945412311266,0.8247663551401869,0.7904761904761904,0.8314350797266514
0.8061831153388823,0.7866004962779156,0.7644110275689223,0.7701863354037267,0.8047337278106509,0.8086124401913876,0.8194444444444444,0.7822878228782287,0.7807228915662651,0.7710843373493976,0.8066429418742586,0.8262910798122066,0.8168028004667445,0.7889022919179735,0.8271889400921659
0.817625458996328,0.8039950062421972,0.7827191867852605,0.7812895069532237,0.8285024154589372,0.8315151515151515,0.8301435406698564,0.8024691358024691,0.8121951219512196,0.7886977886977887,0.821256038647343,0.8311377245508982,0.8329297820823245,0.8014796547472256,0.8416075650118203
0.8407494145199064,0.8232445520581114,0.7990196078431373,0.7975155279503106,0.8407494145199064,0.8551564310544612,0.8393063583815029,0.8287425149700599,0.8199052132701422,0.7995198079231692,0.8413631022326674,0.855188141391106,0.8276670574443142,0.8114558472553699,0.8633257403189066
0.8306264501160093,0.7889688249400479,0.7609756097560976,0.7694174757281553,0.830316742081448,0.8352402745995423,0.8385650224215246,0.7924080664294187,0.7801418439716312,0.7886658795749705,0.8342857142857143,0.8247422680412371,0.8244620611551529,0.7835294117647059,0.8337078651685393
0.8,0.8,0.7658473479948253,0.7848101265822784,0.8098159509202454,0.8236744759556104,0.8214285714285714,0.80545229244114,0.8068459657701712,0.7726708074534161,0.8131067961165048,0.8199052132701422,0.8115942028985508,0.7990135635018496,0.8264462809917356
0.8250591016548463,0.8058968058968059,0.7808564231738035,0.8019680196801968,0.8288707799767171,0.8301886792452831,0.8394495412844036,0.80440097799511,0.8162291169451074,0.8119760479041916,0.8381839348079162,0.8300578034682081,0.8300578034682081,0.8120481927710843,0.8457142857142858
0.8305084745762712,0.8205128205128205,0.8004956629491945,0.8079306071871127,0.8412322274881516,0.8479809976247031,0.8403755868544601,0.8265060240963855,0.8206979542719615,0.815347721822542,0.8406139315230224,0.8454332552693209,0.8413631022326674,0.8197115384615384,0.8505747126436781
0.8122786304604487,0.8014616321559074,0.781750924784217,0.8033775633293124,0.8350634371395617,0.8385598141695703,0.8405466970387244,0.8091236494597839,0.8086124401913876,0.8047904191616766,0.8323699421965318,0.8447488584474886,0.8308400460299195,0.8132387706855791,0.8422247446083996
0.8238095238095238,0.7985347985347986,0.781750924784217,0.8019559902200489,0.8235294117647058,0.8333333333333334,0.8302325581395349,0.8086124401913876,0.8056537102473498,0.7952095808383234,0.827262044653349,0.8184971098265896,0.8259860788863109,0.7890345649582837,0.8279816513761468
0.8187422934648582,0.8076433121019109,0.7766233766233767,0.8056265984654731,0.8400488400488401,0.8386308068459658,0.8381642512077294,0.8065739570164349,0.8173913043478261,0.8014981273408239,0.8361858190709046,0.8309178743961353,0.8302808302808303,0.8085642317380353,0.841726618705036
0.8274231678486997,0.7936507936507936,0.7625,0.7734668335419274,0.82063305978898,0.8225616921269095,0.825836216839677,0.8057901085645356,0.7899159663865546,0.787515006002401,0.8221436984687868,0.8356481481481481,0.8284714119019837,0.7869249394673123,0.8464163822525598
0.8386336866902238,0.8232445520581114,0.8019441069258809,0.816969696969697,0.8495370370370371,0.8578034682080925,0.8532110091743119,0.8277511961722488,0.81786133960047,0.8123515439429929,0.8531468531468531,0.851508120649652,0.8518518518518519,0.8090692124105012,0.8574686431014823
0.8496583143507973,0.8221436984687868,0.7903614457831325,0.8207547169811321,0.8493771234428086,0.854875283446712,0.8590455049944506,0.82063305978898,0.8312284730195177,0.8056206088992974,0.8549107142857143,0.8507795100222717,0.8500563697857948,0.8213457076566125,0.8568257491675916
0.8384710234278668,0.8277571251548946,0.7959697732997482,0.823238566131026,0.8574821852731591,0.841978287092883,0.8645465253239105,0.8394160583941606,0.8403361344537815,0.8351383874849578,0.8581644815256257,0.8547815820543093,0.8424821002386634,0.8303249097472925,0.8481308411214953
0.8262910798122066,0.807185628742515,0.7946859903381642,0.8009650180940893,0.8312284730195177,0.8390804597701149,0.8429378531073446,0.8136792452830188,0.8089622641509434,0.8023391812865497,0.8361970217640321,0.840317100792752,0.8342857142857143,0.8,0.8402234636871508
0.8307692307692308,0.8178528347406514,0.7797029702970297,0.8014705882352942,0.8422273781902552,0.8544819557625145,0.8400460299194477,0.8100961538461539,0.8085612366230678,0.7951807228915663,0.8408826945412311,0.8436781609195402,0.8414918414918415,0.7995226730310262,0.8526077097505669
0.8148148148148148,0.7877300613496933,0.7711442786069652,0.8029197080291971,0.8341121495327103,0.8222748815165877,0.8419838523644751,0.7990373044524669,0.8023809523809524,0.7942583732057417,0.8150765606595995,0.8348623853211009,0.8242142025611175,0.7962085308056872,0.8407789232531501
0.7936507936507936,0.7653061224489796,0.7198952879581152,0.7760814249363868,0.8023952095808383,0.795593635250918,0.8086124401913876,0.7667087011349306,0.766541822721598,0.755,0.7936893203883495,0.8066825775656324,0.80622009569378,0.76,0.8081048867699643
0.8355995055624228,0.8045685279187818,0.7917737789203085,0.8065739570164349,0.8262454434993924,0.8410757946210269,0.8373205741626795,0.8104738154613467,0.8088779284833539,0.8083538083538083,0.821078431372549,0.8250904704463209,0.8174123337363967,0.8009950248756219,0.8442330558858502
0.825511432009627,0.8223844282238443,0.7945544554455446,0.8019680196801968,0.8329411764705882,0.8470588235294118,0.8395348837209302,0.8250904704463209,0.8238095238095238,0.8077858880778589,0.8380281690140845,0.8414918414918415,0.8356807511737089,0.8100961538461539,0.8432055749128919
0.8214285714285714,0.8053855569155447,0.7801242236024845,0.8126520681265207,0.8411214953271028,0.8465116279069768,0.8452655889145496,0.8095808383233533,0.8244994110718492,0.8214285714285714,0.8435689455388181,0.8506271379703535,0.841743119266055,0.8066825775656324,0.8655367231638418
0.8246445497630331,0.8,0.7736318407960199,0.8024242424242424,0.8251748251748252,0.8278301886792453,0.831981460023175,0.7975757575757576,0.7947494033412887,0.8028846153846154,0.8335273573923166,0.8221709006928406,0.8287037037037037,0.7961630695443646,0.8344827586206897
0.8238213399503722,0.8061224489795918,0.762532981530343,0.788586251621271,0.8226600985221675,0.8267326732673267,0.8208232445520581,0.8055555555555556,0.8055207026348808,0.7893401015228426,0.823960880195599,0.8293269230769231,0.8255528255528255,0.7929292929292929,0.829736211031175
0.8558139534883721,0.8087167070217918,0.7975757575757576,0.8146341463414634,0.8469505178365938,0.8545034642032333,0.8542141230068337,0.8142011834319527,0.8142011834319527,0.8200238379022646,0.8368298368298368,0.8471121177802945,0.8418657565415245,0.8085106382978723,0.8616422947131609
0.8260355029585799,0.7916152897657214,0.7703889585947302,0.8096969696969697,0.8350877192982457,0.8423529411764706,0.8389339513325609,0.8038507821901324,0.8043217286914766,0.7990373044524669,0.8335273573923166,0.8335273573923166,0.8372093023255814,0.8033573141486811,0.8314087759815243
0.8152562574493445,0.7985257985257985,0.7534766118836915,0.7901234567901234,0.8173302107728337,0.821301775147929,0.8304498269896193,0.804374240583232,0.7966305655836342,0.7932285368802902,0.8165680473372781,0.836027713625866,0.8290993071593533,0.7966305655836342,0.8361970217640321
0.8183962264150944,0.8052568697729988,0.7835550181378477,0.8135593220338984,0.8407789232531501,0.8406466512702079,0.8339060710194731,0.8089622641509434,0.8144690781796966,0.8125727590221188,0.8387096774193549,0.8471910112359551,0.8471121177802945,0.8149882903981265,0.8552188552188552
0.8019441069258809,0.7865168539325843,0.7515762925598991,0.7860696517412935,0.8057901085645356,0.8072289156626506,0.8117647058823529,0.7891491985203453,0.7839805825242718,0.7775061124694377,0.8115246098439376,0.8149038461538461,0.807185628742515,0.7829268292682927,0.8173302107728337
0.8390129259694477,0.8024539877300614,0.7836835599505563,0.8164251207729468,0.8421052631578947,0.8304093567251462,0.8413793103448276,0.8009708737864077,0.8129496402877698,0.8104886769964244,0.8313817330210773,0.8379629629629629,0.8383371824480369,0.8028846153846154,0.8389339513325609
0.8124253285543608,0.7850931677018633,0.7641866330390921,0.7875,0.8128724672228844,0.8311688311688312,0.8225616921269095,0.7842170160295932,0.7878048780487805,0.7775061124694377,0.8199052132701422,0.8253223915592028,0.817966903073286,0.7858880778588808,0.8284714119019837
0.8218527315914489,0.8009888751545118,0.7839195979899497,0.7946210268948656,0.8182883939038686,0.8370986920332937,0.8310185185185185,0.7941534713763703,0.7879518072289157,0.7938021454112039,0.8197879858657244,0.8275862068965517,0.8217592592592593,0.7827130852340937,0.8206896551724138
0.8308051341890315,0.8048192771084337,0.7777777777777778,0.7995169082125604,0.8279816513761468,0.8390804597701149,0.8378995433789954,0.8052568697729988,0.8149882903981265,0.8113879003558719,0.8248847926267281,0.8331441543700341,0.8293241695303551,0.8018867924528302,0.8335220838052095
0.8447058823529412,0.8195937873357229,0.7921760391198044,0.8265060240963855,0.8402777777777778,0.8474970896391153,0.851894374282434,0.817966903073286,0.8276670574443142,0.8152562574493445,0.8458864426419467,0.8463302752293578,0.8486238532110092,0.8192488262910798,0.8577929465301479
0.8198757763975155,0.806615776081425,0.7740259740259741,0.8005082592121983,0.8398058252427184,0.8308823529411765,0.8385542168674699,0.8005050505050505,0.8119551681195517,0.795483061480552,0.8238153098420413,0.8355342136854742,0.8252427184466019,0.8,0.8395657418576599
0.8287425149700599,0.8068880688806888,0.7793190416141236,0.8064118372379778,0.8297872340425532,0.8374851720047449,0.8294392523364486,0.8121951219512196,0.8076923076923077,0.8033775633293124,0.8349056603773585,0.8489042675893888,0.8325471698113207,0.8110047846889952,0.8419838523644751
0.8283313325330132,0.7936117936117936,0.7787391841779975,0.8102189781021898,0.8236686390532545,0.8317535545023697,0.8358556461001164,0.7951515151515152,0.7966305655836342,0.7980884109916367,0.8268551236749117,0.8347010550996483,0.8286384976525821,0.792814371257485,0.8337182448036952
0.8213851761846902,0.7929292929292929,0.7838179519595448,0.7939317319848294,0.8337349397590361,0.8400954653937948,0.8283313325330132,0.8253968253968254,0.8151774785801713,0.8150851581508516,0.8341346153846154,0.8476977567886659,0.837708830548926,0.8246674727932285,0.842603550295858
0.8245398773006135,0.8110831234256927,0.7933673469387755,0.8055555555555556,0.8266666666666667,0.8333333333333334,0.8383233532934131,0.818407960199005,0.8104738154613467,0.8004926108374384,0.8185140073081608,0.8221153846153846,0.8323281061519904,0.8147239263803681,0.830952380952381
0.8315665488810365,0.8057901085645356,0.7698019801980198,0.7916152897657214,0.8325581395348837,0.8329466357308585,0.8406466512702079,0.7951807228915663,0.8,0.7879518072289157,0.8313817330210773,0.8275058275058275,0.8329466357308585,0.7913148371531966,0.8394495412844036
0.8484848484848485,0.829736211031175,0.7985257985257985,0.818070818070818,0.8485549132947977,0.8568075117370892,0.855188141391106,0.831942789034565,0.8337236533957846,0.8171021377672208,0.8571428571428571,0.8473019517795637,0.8620689655172413,0.8189349112426035,0.8680947012401353
0.8299155609167672,0.8103448275862069,0.779746835443038,0.8064918851435705,0.8239520958083832,0.8414779499404053,0.833922261484099,0.8131067961165048,0.8087167070217918,0.8184019370460048,0.8301435406698564,0.8487690504103166,0.8279952550415184,0.8165249088699879,0.8413631022326674
0.8235294117647058,0.8024096385542169,0.7800729040097205,0.7941888619854721,0.8300578034682081,0.8259860788863109,0.8331415420023015,0.7976047904191617,0.7938021454112039,0.8037602820211516,0.8281430219146482,0.8350398179749715,0.8202764976958525,0.7952941176470588,0.8287671232876712
0.837378640776699,0.8207663782447466,0.7990012484394506,0.8084577114427861,0.8414779499404053,0.8540925266903915,0.833530106257379,0.8156288156288156,0.8140947752126367,0.8058608058608059,0.8404761904761905,0.8531139835487661,0.850412249705536,0.8019559902200489,0.8448074679113186
0.8271604938271605,0.7819354838709678,0.7746113989637305,0.7770534550195567,0.8264058679706602,0.8333333333333334,0.821256038647343,0.7872611464968153,0.7905236907730673,0.7929736511919699,0.8312958435207825,0.8270858524788391,0.816969696969697,0.7949685534591195,0.8341346153846154
0.8252080856123662,0.8208232445520581,0.7738693467336684,0.7916666666666666,0.8370457209847597,0.83451536643026,0.8304498269896193,0.8091236494597839,0.8124253285543608,0.7938021454112039,0.8309859154929577,0.8366164542294322,0.8362369337979094,0.8047619047619048,0.8418657565415245
0.8014616321559074,0.8019680196801968,0.7496790757381258,0.7839195979899497,0.8191616766467066,0.7950920245398773,0.8156956004756243,0.7941176470588235,0.7966507177033493,0.7623762376237624,0.8058252427184466,0.822429906542056,0.7971188475390156,0.7806060606060606,0.8141176470588235
0.8129496402877698,0.7970297029702971,0.7738693467336684,0.7970660146699267,0.8284714119019837,0.8351126927639383,0.8296639629200464,0.800976800976801,0.8,0.7927710843373494,0.8262910798122066,0.8263888888888888,0.8159437280187574,0.8033373063170441,0.8367816091954023
0.8624277456647399,0.825511432009627,0.821256038647343,0.8317307692307693,0.8591065292096219,0.8650519031141869,0.8731762065095399,0.84,0.8450704225352113,0.8401400233372228,0.8587699316628702,0.8555304740406321,0.8581157775255391,0.8313817330210773,0.8654708520179372
0.8184019370460048,0.8034398034398035,0.7925465838509317,0.7934918648310388,0.836104513064133,0.8398576512455516,0.8484848484848485,0.8072727272727273,0.8225419664268585,0.7945879458794588,0.830367734282325,0.840512223515716,0.8323424494649228,0.8116646415552855,0.8501742160278746
0.8619447779111644,0.8194271481942715,0.8132147395171537,0.8377358490566038,0.8444976076555024,0.8646080760095012,0.8601645123384254,0.8181818181818182,0.8242424242424242,0.8108108108108109,0.8393285371702638,0.8443396226415094,0.8422301304863582,0.8177339901477833,0.8423529411764706
0.8294478527607362,0.8147208121827412,0.7772020725388601,0.796895213454075,0.8422330097087378,0.8383961117861483,0.8369304556354916,0.8110831234256927,0.8104738154613467,0.7964824120603015,0.8288508557457213,0.8353510895883777,0.8407185628742515,0.8075471698113208,0.8405797101449275
0.8172043010752689,0.7895392278953923,0.7647798742138365,0.7812113720642769,0.8129496402877698,0.8273381294964028,0.8183962264150944,0.7847478474784748,0.8004750593824228,0.7800729040097205,0.8186157517899761,0.8251748251748252,0.8023668639053254,0.784503631961259,0.8250289687137891
0.8212226066897347,0.8080568720379147,0.7864897466827503,0.7874396135265701,0.8318181818181818,0.8388571428571429,0.832579185520362,0.8056537102473498,0.8070175438596491,0.789289871944121,0.8395061728395061,0.8346456692913385,0.8299319727891157,0.7967097532314924,0.843400447427293
0.8514150943396226,0.8315412186379928,0.7990196078431373,0.8363201911589009,0.8525345622119815,0.8604651162790697,0.8643101482326112,0.8229665071770335,0.8356807511737089,0.8199052132701422,0.8600917431192661,0.8671963677639046,0.8441860465116279,0.8235294117647058,0.8613303269447576
0.8187274909963985,0.7835820895522388,0.7588832487309645,0.7702020202020202,0.8119047619047619,0.8299643281807372,0.8240850059031877,0.7866831072749692,0.78239608801956,0.761433868974042,0.8232502965599051,0.8226950354609929,0.821301775147929,0.7837837837837838,0.8253223915592028
0.831942789034565,0.7911001236093943,0.7651515151515151,0.7890818858560794,0.8278301886792453,0.8325471698113207,0.8430913348946136,0.7956204379562044,0.796092796092796,0.7868453105968332,0.8278301886792453,0.8280701754385965,0.8368298368298368,0.7903030303030303,0.8402777777777778
0.836104513064133,0.8199513381995134,0.773067331670823,0.8,0.8413631022326674,0.833922261484099,0.8434579439252337,0.8240963855421687,0.8204518430439952,0.8019323671497585,0.8319623971797885,0.8347010550996483,0.8305882352941176,0.8029020556227328,0.8410138248847926
0.8282582216808769,0.8084054388133498,0.770012706480305,0.8108776266996292,0.8429752066115702,0.8329355608591885,0.8481308411214953,0.8131868131868132,0.8184019370460048,0.8087697929354446,0.8404761904761905,0.8406139315230224,0.833530106257379,0.8192771084337349,0.8454332552693209
0.8438228438228438,0.8317535545023697,0.7975757575757576,0.8191616766467066,0.8469505178365938,0.8600682593856656,0.859075535512965,0.8313817330210773,0.8354725787631272,0.8085106382978723,0.8522727272727273,0.8519362186788155,0.8506271379703535,0.81786133960047,0.8574635241301908
0.796044499381953,0.7861715749039693,0.7519582245430809,0.7619047619047619,0.80440097799511,0.8149068322981367,0.8164251207729468,0.7879548306148055,0.7856257744733581,0.7653701380175659,0.8108108108108109,0.8198307134220073,0.8102189781021898,0.7753086419753087,0.8163265306122449
0.8514619883040936,0.8261904761904761,0.7902439024390244,0.8144578313253013,0.851894374282434,0.8489042675893888,0.8545454545454545,0.8250591016548463,0.8226950354609929,0.8169014084507042,0.846242774566474,0.8574660633484162,0.8480725623582767,0.8247663551401869,0.8661417322834646
0.8305489260143198,0.8145454545454546,0.7850931677018633,0.8078817733990148,0.8297872340425532,0.8347205707491082,0.8384074941451991,0.8072727272727273,0.8139255702280912,0.7970838396111786,0.8356807511737089,0.8449074074074074,0.8286384976525821,0.8096385542168675,0.8475750577367206
0.8009650180940893,0.7866004962779156,0.7468030690537084,0.7732997481108312,0.8090154211150652,0.8019441069258809,0.8191365227537923,0.7921760391198044,0.7941888619854721,0.7830303030303031,0.8033373063170441,0.8302325581395349,0.8132387706855791,0.7917675544794189,0.8116959064327486
0.8373205741626795,0.8078335373317014,0.7780548628428927,0.8168316831683168,0.8481308411214953,0.8392434988179669,0.851508120649652,0.7990255785627284,0.8249400479616307,0.7936507936507936,0.8329411764705882,0.8554913294797688,0.8311688311688312,0.8062953995157385,0.8574712643678161
0.8427230046948356,0.8228155339805825,0.7995110024449877,0.8235294117647058,0.8574712643678161,0.8554778554778555,0.8581157775255391,0.8247914183551848,0.8276670574443142,0.8057210965435042,0.8521939953810623,0.8505747126436781,0.851894374282434,0.8226950354609929,0.859392575928009
0.8290282902829028,0.8144458281444583,0.7928843710292249,0.823238566131026,0.8337349397590361,0.8353510895883777,0.8364928909952607,0.8226600985221675,0.8150851581508516,0.8141809290953546,0.841726618705036,0.8455089820359282,0.8418549346016647,0.8156288156288156,0.8403755868544601
0.8170011806375442,0.8068043742405833,0.7858017135862914,0.8024096385542169,0.8339140534262486,0.8368298368298368,0.8384879725085911,0.8119047619047619,0.8071005917159764,0.812206572769953,0.8393063583815029,0.8392246294184721,0.839677047289504,0.8159437280187574,0.8444948921679909
0.8275058275058275,0.8014440433212996,0.7858880778588808,0.8009592326139089,0.8218859138533178,0.8372093023255814,0.8384879725085911,0.8113207547169812,0.8051948051948052,0.7919621749408984,0.8373702422145328,0.8329519450800915,0.8285385500575374,0.8149882903981265,0.8529411764705882
0.8307692307692308,0.800976800976801,0.7872860635696821,0.8024539877300614,0.8331388564760793,0.8305882352941176,0.8273464658169177,0.8104886769964244,0.8104886769964244,0.8009478672985783,0.8182883939038686,0.8377445339470656,0.8302325581395349,0.8004750593824228,0.8341013824884793
0.8362779740871613,0.801980198019802,0.772104607721046,0.807361963190184,0.8305882352941176,0.8390129259694477,0.8419838523644751,0.8038976857490865,0.8,0.8047619047619048,0.8343125734430082,0.8384074941451991,0.8276670574443142,0.7975903614457831,0.8310185185185185
0.8005115089514067,0.7833981841763943,0.7635402906208718,0.78580814717477,0.81,0.819672131147541,0.8169364881693649,0.7872611464968153,0.7908745247148289,0.776500638569604,0.8114856429463171,0.8069738480697385,0.8119551681195517,0.7690322580645161,0.8226600985221675
0.8612099644128114,0.8304668304668305,0.7949685534591195,0.8241082410824109,0.8544819557625145,0.8752941176470588,0.8707799767171129,0.8295042321644498,0.8410991636798089,0.8315412186379928,0.8664343786295006,0.8644264194669756,0.8571428571428571,0.8329355608591885,0.8584686774941995
0.8335388409371147,0.80970625798212,0.797940797940798,0.7782101167315175,0.8327228327228328,0.8470873786407767,0.8295042321644498,0.8165829145728644,0.8065326633165829,0.7989949748743719,0.837772397094431,0.8423586040914561,0.8323281061519904,0.8035043804755945,0.8448687350835322
0.8285714285714286,0.8198307134220073,0.8058608058608059,0.8325242718446602,0.8372093023255814,0.8440797186400938,0.849942726231386,0.8164251207729468,0.8246445497630331,0.8317535545023697,0.8458864426419467,0.8413793103448276,0.8425925925925926,0.8172043010752689,0.8587699316628702
0.8273381294964028,0.8098159509202454,0.7844611528822055,0.7931034482758621,0.8378698224852071,0.8473372781065088,0.8421052631578947,0.8164251207729468,0.8148148148148148,0.7917675544794189,0.8412322274881516,0.8504672897196262,0.8501170960187353,0.8024096385542169,0.8531791907514451
0.8173913043478261,0.8136882129277566,0.7875647668393783,0.8050955414012739,0.8335358444714459,0.8392638036809816,0.8319226118500604,0.8155583437892095,0.8079800498753117,0.8,0.8258221680876979,0.8325358851674641,0.8333333333333334,0.7984981226533167,0.8410991636798089
0.8302325581395349,0.8071428571428572,0.7730061349693251,0.8056537102473498,0.8392246294184721,0.8440366972477065,0.8490990990990991,0.8075117370892019,0.8193325661680092,0.7876631079478055,0.8378995433789954,0.8314606741573034,0.8478015783540023,0.7849588719153937,0.8357541899441341
0.8321167883211679,0.8089887640449438,0.7648578811369509,0.8159203980099502,0.8489892984542212,0.8423586040914561,0.8497041420118343,0.8113440197287299,0.8213851761846902,0.8039457459926017,0.8421052631578947,0.8544600938967136,0.8479809976247031,0.803921568627451,0.8494117647058823
0.8133174791914387,0.7941534713763703,0.7747524752475248,0.7779141104294478,0.8171021377672208,0.8164705882352942,0.8227114716106605,0.8028673835125448,0.7852028639618138,0.7765830346475507,0.8197879858657244,0.8263888888888888,0.8187134502923976,0.7841726618705036,0.8302752293577982
0.8246674727932285,0.7901840490797546,0.77,0.7985257985257985,0.8401400233372228,0.8355029585798817,0.8482039397450754,0.7975757575757576,0.80622009569378,0.788391777509069,0.8452655889145496,0.8435689455388181,0.8418604651162791,0.7985611510791367,0.8394495412844036
0.8512110726643599,0.834326579261025,0.8,0.8029197080291971,0.8587830080367393,0.8714448236632537,0.8661417322834646,0.8460634547591069,0.8488372093023255,0.8156028368794326,0.8788221970554927,0.8564971751412429,0.8561643835616438,0.8344988344988346,0.8758314855875832
0.830367734282325,0.8092345078979344,0.7822878228782287,0.7990255785627284,0.8251748251748252,0.8433451118963486,0.8410138248847926,0.8086642599277978,0.8071005917159764,0.7947178871548619,0.8290398126463701,0.826945412311266,0.8311990686845169,0.8042959427207638,0.8352402745995423
0.8029739776951673,0.7759282970550576,0.7532467532467533,0.7897435897435897,0.8,0.800498753117207,0.8115942028985508,0.7762326169405815,0.7955112219451371,0.7790262172284644,0.7907542579075426,0.8149038461538461,0.8178528347406514,0.7830423940149626,0.8082026537997588
0.8467836257309942,0.8231046931407943,0.7891491985203453,0.8301435406698564,0.8555045871559633,0.8574739281575898,0.8558456299659478,0.8284023668639053,0.8304093567251462,0.8156028368794326,0.849942726231386,0.8510158013544018,0.845360824742268,0.8261376896149358,0.8571428571428571
0.8068880688806888,0.7990135635018496,0.7651515151515151,0.7955390334572491,0.8291517323775388,0.8307322929171669,0.8299643281807372,0.8014705882352942,0.8062953995157385,0.7892156862745098,0.8163265306122449,0.8311688311688312,0.8374851720047449,0.7970838396111786,0.8264462809917356
0.8484136310223267,0.8343409915356711,0.8048780487804879,0.8270858524788391,0.8597914252607184,0.8524970963995354,0.8630609896432682,0.8422301304863582,0.8358913813459268,0.8376470588235294,0.8488372093023255,0.86368843069874,0.8531791907514451,0.8413631022326674,0.8594285714285714
0.8101571946795647,0.8034610630407911,0.7828282828282829,0.801980198019802,0.8242280285035629,0.8228299643281808,0.8352668213457076,0.8014616321559074,0.8082026537997588,0.784841075794621,0.8244994110718492,0.8308051341890315,0.817966903073286,0.8115246098439376,0.8187134502923976
0.830367734282325,0.8,0.7757125154894672,0.7857142857142857,0.8275058275058275,0.828978622327791,0.8350634371395617,0.7908101571946796,0.7971360381861575,0.8018979833926453,0.8283062645011601,0.8312284730195177,0.827033218785796,0.7947805456702254,0.8325688073394495
0.816969696969697,0.7865168539325843,0.7410256410256411,0.7738693467336684,0.8048484848484848,0.8163265306122449,0.8156956004756243,0.7757125154894672,0.7737948084054388,0.7673267326732673,0.8043478260869565,0.8132387706855791,0.8122786304604487,0.7694204685573366,0.8207547169811321
0.8292108362779741,0.7950310559006211,0.7553865652724968,0.7945544554455446,0.8333333333333334,0.8370457209847597,0.8442906574394463,0.8019559902200489,0.8135593220338984,0.8009592326139089,0.8327485380116959,0.8383371824480369,0.8290398126463701,0.8014440433212996,0.8506271379703535
0.8271028037383178,0.8165680473372781,0.7761557177615572,0.7976047904191617,0.8302752293577982,0.8371559633027523,0.835016835016835,0.8136792452830188,0.8055878928987195,0.8018757327080891,0.8444948921679909,0.8308740068104427,0.8376844494892168,0.8004694835680751,0.8411633109619687
0.8253588516746412,0.8195121951219512,0.767879548306148,0.7830423940149626,0.8242280285035629,0.833729216152019,0.8358556461001164,0.7950617283950617,0.8,0.7741147741147741,0.8261904761904761,0.8170011806375442,0.8152562574493445,0.7829268292682927,0.8381171067738232
0.8189349112426035,0.7917675544794189,0.7669543773119606,0.7813267813267813,0.8259860788863109,0.8354725787631272,0.8327566320645905,0.7961859356376639,0.7990487514863258,0.7919143876337693,0.8177570093457944,0.8325688073394495,0.8227114716106605,0.7919621749408984,0.8304498269896193
0.8032979976442874,0.7829268292682927,0.7593052109181141,0.7843137254901961,0.8216340621403913,0.831981460023175,0.8295454545454546,0.8047619047619048,0.78031212484994,0.7928994082840237,0.8167053364269141,0.8333333333333334,0.8356164383561644,0.7910271546635183,0.8335220838052095
0.8054187192118226,0.7842639593908629,0.7395833333333334,0.7837150127226463,0.8107448107448108,0.8147239263803681,0.8197115384615384,0.7803030303030303,0.7896678966789668,0.769811320754717,0.8195121951219512,0.8281622911694511,0.8004866180048662,0.7703889585947302,0.830367734282325
0.8171021377672208,0.8120481927710843,0.7801242236024845,0.7990196078431373,0.8298368298368298,0.8370457209847597,0.8465974625144176,0.8019323671497585,0.8166666666666667,0.7971360381861575,0.8283062645011601,0.832183908045977,0.8387850467289719,0.8037825059101655,0.8506271379703535
0.8191616766467066,0.7941176470588235,0.7784730913642053,0.7881773399014779,0.8137603795966786,0.8307692307692308,0.8149010477299186,0.7956469165659008,0.7976047904191617,0.7753623188405797,0.81786133960047,0.8116279069767441,0.8214702450408401,0.7884615384615384,0.8235294117647058
0.8311990686845169,0.8057901085645356,0.7946859903381642,0.7931873479318735,0.8480725623582767,0.8555176336746303,0.8558659217877095,0.8183962264150944,0.812206572769953,0.8116959064327486,0.8558456299659478,0.8548931383577053,0.8468468468468469,0.8125727590221188,0.8615384615384616
0.84,0.8179611650485437,0.7846534653465347,0.7990255785627284,0.8369942196531792,0.8471411901983664,0.8384879725085911,0.828978622327791,0.8189349112426035,0.8023809523809524,0.8375870069605569,0.8495981630309989,0.8350634371395617,0.8156028368794326,0.8373151308304891
0.8358913813459268,0.801980198019802,0.7784730913642053,0.8009708737864077,0.8358913813459268,0.8481308411214953,0.8362369337979094,0.8063725490196079,0.8009650180940893,0.7932285368802902,0.8390129259694477,0.8362369337979094,0.8423475258918297,0.7966101694915254,0.8413793103448276
0.8471411901983664,0.8096969696969697,0.7747524752475248,0.7955665024630542,0.8385598141695703,0.8435689455388181,0.8528735632183908,0.8143712574850299,0.8148148148148148,0.8004807692307693,0.8395348837209302,0.8350634371395617,0.8509174311926605,0.7951807228915663,0.8515981735159818
0.8127962085308057,0.7941888619854721,0.7456359102244389,0.7941888619854721,0.8176538908246226,0.8331388564760793,0.8371559633027523,0.7947805456702254,0.799059929494712,0.7800237812128419,0.8304498269896193,0.827033218785796,0.8216340621403913,0.7849588719153937,0.8308740068104427
0.8051948051948052,0.7821782178217822,0.7490542244640606,0.7707558859975217,0.8144690781796966,0.813599062133646,0.8111888111888111,0.7941534713763703,0.7854545454545454,0.7827130852340937,0.810244470314319,0.8175519630484989,0.8189158016147635,0.78031212484994,0.8206896551724138
0.8405797101449275,0.8149068322981367,0.7934508816120907,0.8095238095238095,0.8337349397590361,0.84375,0.8439716312056738,0.8162762022194822,0.816969696969697,0.8184019370460048,0.8458781362007168,0.8380952380952381,0.8367103694874851,0.8131868131868132,0.8581477139507621
0.8173076923076923,0.7985257985257985,0.7616645649432535,0.8127294981640147,0.8188235294117647,0.8271752085816448,0.8329466357308585,0.7888349514563107,0.8114558472553699,0.7890345649582837,0.8262910798122066,0.8440366972477065,0.8243559718969555,0.7932692307692307,0.8427095292766934
0.8245192307692307,0.8118081180811808,0.7756653992395437,0.7884130982367759,0.8264462809917356,0.8279181708784596,0.8258823529411765,0.8058608058608059,0.8111380145278451,0.7847478474784748,0.8278301886792453,0.8323563892145369,0.8123515439429929,0.7980535279805353,0.839907192575406
0.8189349112426035,0.8038740920096852,0.7832512315270936,0.7921760391198044,0.8354725787631272,0.8369942196531792,0.8450057405281286,0.8052884615384616,0.8171021377672208,0.7932285368802902,0.8311990686845169,0.8456221198156681,0.8348837209302326,0.8067226890756303,0.8506271379703535
0.8299643281807372,0.812807881773399,0.779746835443038,0.8034610630407911,0.8376470588235294,0.8452380952380952,0.8401400233372228,0.8209500609013398,0.8215568862275449,0.7970660146699267,0.831942789034565,0.8422273781902552,0.8427230046948356,0.8096969696969697,0.8475750577367206
0.8108747044917257,0.8004895960832313,0.7647798742138365,0.8087167070217918,0.8304093567251462,0.836662749706228,0.8369942196531792,0.8057901085645356,0.8085612366230678,0.7937273823884198,0.8335273573923166,0.8277456647398844,0.8277456647398844,0.8014440433212996,0.8446490218642118
0.8135168961201502,0.7810499359795134,0.7330677290836654,0.7628865979381443,0.8158220024721878,0.8177339901477833,0.8185140073081608,0.7776365946632783,0.7809762202753442,0.7670886075949367,0.8059701492537313,0.8273381294964028,0.8112745098039216,0.7727272727272727,0.8140947752126367
0.8321513002364066,0.8034398034398035,0.7865168539325843,0.8126520681265207,0.8386336866902238,0.8501170960187353,0.8428405122235157,0.814993954050786,0.8033775633293124,0.7980652962515115,0.8362779740871613,0.8379629629629629,0.8428405122235157,0.8057901085645356,0.8492520138089759
0.8308400460299195,0.8220140515222483,0.7793764988009593,0.7923627684964201,0.8552188552188552,0.8503401360544217,0.8513966480446927,0.8172293364377182,0.8253968253968254,0.7925840092699884,0.8438914027149321,0.8536312849162011,0.8439955106621774,0.816933638443936,0.8606465997770345
0.8073170731707318,0.7791878172588832,0.7653061224489796,0.7823899371069183,0.8167664670658683,0.8232445520581114,0.8170011806375442,0.8029556650246306,0.7876543209876543,0.7701863354037267,0.8215568862275449,0.8256227758007118,0.8171021377672208,0.7921279212792128,0.8391608391608392
0.8229426433915212,0.8106060606060606,0.7688311688311689,0.7953667953667953,0.8264058679706602,0.8325123152709359,0.8300970873786407,0.8035264483627204,0.8123456790123457,0.7904642409033877,0.8323133414932681,0.8238153098420413,0.8196319018404908,0.8005018820577164,0.8444976076555024
0.8175182481751825,0.8156288156288156,0.7860696517412935,0.8009950248756219,0.8243727598566308,0.8273381294964028,0.83451536643026,0.8154402895054282,0.8191616766467066,0.8068459657701712,0.8252080856123662,0.8381839348079162,0.8297872340425532,0.801452784503632,0.8440797186400938
0.8282582216808769,0.810062893081761,0.7868020304568528,0.799492385786802,0.8451380552220888,0.8433734939759037,0.8517200474495848,0.8163771712158809,0.8074074074074075,0.8102815177478581,0.8428745432399513,0.8496420047732697,0.8341346153846154,0.8103448275862069,0.8520710059171598
0.8186274509803921,0.789937106918239,0.7807351077313055,0.788339670468948,0.8126520681265207,0.8315151515151515,0.8305489260143198,0.8,0.794044665012407,0.7870485678704857,0.8240963855421687,0.8202653799758746,0.8225419664268585,0.7950310559006211,0.8392434988179669
0.8339307048984468,0.8256658595641646,0.800976800976801,0.8029739776951673,0.8481308411214953,0.8490566037735849,0.8401400233372228,0.8228299643281808,0.8260355029585799,0.8091236494597839,0.8464243845252052,0.8528389339513326,0.8481308411214953,0.8176400476758046,0.8495370370370371
0.8372093023255814,0.8106734434561627,0.793854033290653,0.7964601769911505,0.8485576923076923,0.8495145631067961,0.8459715639810427,0.8084577114427861,0.8014888337468983,0.7915632754342432,0.8313253012048193,0.8540925266903915,0.847255369928401,0.8098159509202454,0.8554778554778555
0.8694610778443114,0.8255959849435383,0.8020304568527918,0.8331242158092849,0.8642857142857143,0.8629320619785459,0.8694638694638694,0.8228004956629492,0.829683698296837,0.8325242718446602,0.8672985781990521,0.866822429906542,0.8541423570595099,0.8314883148831488,0.8790697674418605
0.8308400460299195,0.8066037735849056,0.7870813397129187,0.7966903073286052,0.823394495412844,0.8277456647398844,0.8301462317210349,0.8014101057579318,0.804147465437788,0.7958236658932715,0.8287671232876712,0.8276643990929705,0.8229885057471265,0.7986191024165707,0.8383500557413601
0.8186046511627907,0.8226950354609929,0.7913148371531966,0.8042704626334519,0.8356164383561644,0.8354430379746836,0.8451977401129943,0.8149010477299186,0.812933025404157,0.8060747663551402,0.8365714285714285,0.8462401795735129,0.8432919954904171,0.8060046189376443,0.8359550561797753
0.7984981226533167,0.7751937984496124,0.7568270481144344,0.7751937984496124,0.8079306071871127,0.8143564356435643,0.8171779141104294,0.7904040404040404,0.7808564231738035,0.789937106918239,0.8219512195121951,0.8220858895705522,0.8228155339805825,0.800498753117207,0.8283313325330132
0.8136792452830188,0.7889022919179735,0.7644882860665845,0.7927272727272727,0.8213457076566125,0.8321678321678322,0.8329519450800915,0.7875894988066826,0.8018648018648019,0.7714631197097944,0.8251748251748252,0.8271889400921659,0.8153310104529616,0.7745803357314148,0.8243398392652124
0.8450363196125908,0.8217821782178217,0.7944514501891551,0.8140703517587939,0.8375451263537906,0.8471720818291215,0.8469750889679716,0.8200734394124847,0.8170731707317073,0.8078335373317014,0.8397129186602871,0.8473372781065088,0.8466111771700356,0.8083028083028083,0.8494749124854143
0.8527679623085983,0.8218181818181818,0.7866004962779156,0.802937576499388,0.8548009367681498,0.8527679623085983,0.8650519031141869,0.8301435406698564,0.8301886792452831,0.8194774346793349,0.8531468531468531,0.865979381443299,0.8481308411214953,0.8331360946745562,0.8578034682080925
0.8205128205128205,0.7796178343949045,0.7682458386683739,0.7807351077313055,0.8176400476758046,0.8265060240963855,0.8195937873357229,0.7929736511919699,0.7975460122699386,0.797011207970112,0.8148148148148148,0.8293838862559242,0.8119760479041916,0.7896039603960396,0.8434579439252337
0.8367103694874851,0.8175182481751825,0.7732997481108312,0.8014796547472256,0.8471411901983664,0.839622641509434,0.8545034642032333,0.8240963855421687,0.8219832735961768,0.7990314769975787,0.8437132784958872,0.859122401847575,0.8474970896391153,0.815347721822542,0.8584579976985041
0.8347406513872135,0.8168316831683168,0.7909887359198998,0.8104738154613467,0.8394768133174791,0.8444976076555024,0.8473372781065088,0.8223844282238443,0.8252427184466019,0.8096969696969697,0.8374851720047449,0.8398576512455516,0.8452380952380952,0.8164251207729468,0.8407494145199064
0.8050632911392405,0.7818181818181819,0.7506631299734748,0.78125,0.8178438661710037,0.8194271481942715,0.8212083847102343,0.7824967824967825,0.7944162436548223,0.782608695652174,0.8110137672090113,0.8241082410824109,0.8197530864197531,0.7877237851662404,0.8171779141104294
0.8325471698113207,0.8058252427184466,0.7951219512195122,0.8231046931407943,0.8373702422145328,0.8350877192982457,0.851258581235698,0.8297872340425532,0.8327485380116959,0.8180737217598097,0.8463302752293578,0.841743119266055,0.8427095292766934,0.8235294117647058,0.8480725623582767
0.8367103694874851,0.8117359413202934,0.7719298245614035,0.8053855569155447,0.8471411901983664,0.831353919239905,0.8491879350348028,0.8082026537997588,0.8194774346793349,0.8029020556227328,0.8465116279069768,0.851894374282434,0.8352668213457076,0.8047619047619048,0.8571428571428571
0.8105515587529976,0.7975460122699386,0.7581863979848866,0.801452784503632,0.8292108362779741,0.8180737217598097,0.8333333333333334,0.8019441069258809,0.8147268408551069,0.8023952095808383,0.8317757009345794,0.8342989571263036,0.8298368298368298,0.8014268727705113,0.8369942196531792
0.8179611650485437,0.7980173482032218,0.7865168539325843,0.8044554455445545,0.8331360946745562,0.8347205707491082,0.833530106257379,0.796092796092796,0.8072727272727273,0.7908101571946796,0.8274231678486997,0.839390386869871,0.8362779740871613,0.7941534713763703,0.8468677494199536
0.8295589988081049,0.7975308641975308,0.7616645649432535,0.7629911280101395,0.8246445497630331,0.8323424494649228,0.8333333333333334,0.7921279212792128,0.7931873479318735,0.7785888077858881,0.8210023866348448,0.8331388564760793,0.8268551236749117,0.7912087912087912,0.8319623971797885
0.8410991636798089,0.8159203980099502,0.7708066581306018,0.8286066584463625,0.8489892984542212,0.8369304556354916,0.8601156069364162,0.8064118372379778,0.8098159509202454,0.8168674698795181,0.8351126927639383,0.8531468531468531,0.842603550295858,0.8195121951219512,0.8584579976985041
0.8042203985932005,0.7980884109916367,0.7656441717791411,0.784688995215311,0.8212226066897347,0.8168028004667445,0.8232611174458381,0.7938388625592417,0.7911318553092183,0.7800237812128419,0.8147295742232451,0.8223234624145785,0.8060046189376443,0.7849588719153937,0.8246013667425968
0.8347010550996483,0.7913148371531966,0.7692307692307693,0.7937273823884198,0.8341013824884793,0.835820895522388,0.8405466970387244,0.8047337278106509,0.8047058823529412,0.7942925089179548,0.8375286041189931,0.8451025056947609,0.8208092485549133,0.8041958041958042,0.8299319727891157
0.8394768133174791,0.8058252427184466,0.7876543209876543,0.8122699386503067,0.8378063010501751,0.8376470588235294,0.8461538461538461,0.8100358422939068,0.8090692124105012,0.8028673835125448,0.8305882352941176,0.8436781609195402,0.8323563892145369,0.8217237308146399,0.8387096774193549
0.8271604938271605,0.7959183673469388,0.7730220492866408,0.7902813299232737,0.8381642512077294,0.8351648351648352,0.8409638554216867,0.8105395232120451,0.8069738480697385,0.801007556675063,0.8259803921568627,0.8389423076923077,0.8381642512077294,0.8039950062421972,0.8480565371024735
0.847255369928401,0.8241082410824109,0.7969924812030075,0.8143564356435643,0.8520286396181385,0.859504132231405,0.856140350877193,0.8403361344537815,0.8325358851674641,0.8165249088699879,0.8618654073199528,0.8598130841121495,0.8554641598119859,0.8249400479616307,0.871264367816092
0.8004926108374384,0.7735368956743003,0.7362924281984334,0.7723785166240409,0.8044280442804428,0.7995110024449877,0.80622009569378,0.769620253164557,0.7694204685573366,0.7550505050505051,0.788627935723115,0.8240850059031877,0.7931456548347613,0.7651515151515151,0.8167664670658683
0.8409638554216867,0.8290909090909091,0.7834793491864831,0.8005018820577164,0.8548009367681498,0.8628370457209847,0.8607888631090487,0.8369304556354916,0.8422301304863582,0.805352798053528,0.8457943925233645,0.8647398843930636,0.8457943925233645,0.8398576512455516,0.8719723183391004
0.7985436893203883,0.8009888751545118,0.7580025608194623,0.8044554455445545,0.8252080856123662,0.8192771084337349,0.840512223515716,0.8073170731707318,0.8076923076923077,0.7857142857142857,0.8143712574850299,0.8262910798122066,0.8171021377672208,0.8096969696969697,0.8366164542294322
0.8104265402843602,0.8034398034398035,0.7630922693266833,0.7807881773399015,0.817432273262662,0.8229777256740914,0.8190255220417634,0.7946210268948656,0.78125,0.7765567765567766,0.8246445497630331,0.8182883939038686,0.8199767711962834,0.781973203410475,0.8294930875576036
0.8404133180252583,0.7912621359223301,0.7669543773119606,0.7971188475390156,0.8304498269896193,0.835820895522388,0.8405466970387244,0.7854545454545454,0.7880239520958083,0.7895362663495838,0.8175519630484989,0.8285385500575374,0.8290993071593533,0.7759036144578313,0.851063829787234
0.8367103694874851,0.8014796547472256,0.7809762202753442,0.8034398034398035,0.8382526564344747,0.8370986920332937,0.8451688009313155,0.8048484848484848,0.8029197080291971,0.7975903614457831,0.8297872340425532,0.8381839348079162,0.839390386869871,0.7936893203883495,0.8389339513325609
0.8337182448036952,0.8028335301062574,0.7720144752714113,0.8122786304604487,0.8331441543700341,0.8352402745995423,0.8503937007874016,0.8079625292740047,0.815242494226328,0.8097447795823666,0.8439955106621774,0.8424581005586592,0.8425821064552661,0.8036951501154734,0.8517279821627648
0.8274173806609547,0.8025157232704403,0.7682458386683739,0.7979924717691342,0.8383961117861483,0.8331332533013205,0.831353919239905,0.7995018679950187,0.8,0.7975460122699386,0.8250904704463209,0.830952380952381,0.8201438848920863,0.7925465838509317,0.8409893992932862
0.8121951219512196,0.7756653992395437,0.7509677419354839,0.7769230769230769,0.8192771084337349,0.8131067961165048,0.8362779740871613,0.770595690747782,0.7926380368098159,0.7684605757196495,0.8125755743651754,0.8297872340425532,0.8057901085645356,0.7835820895522388,0.8260355029585799
0.8341463414634146,0.8253164556962025,0.788659793814433,0.7908163265306123,0.8464328899637243,0.8459657701711492,0.841978287092883,0.8190954773869347,0.8039702233250621,0.8045112781954887,0.8378378378378378,0.8351383874849578,0.8329297820823245,0.8094059405940595,0.8486293206197855
0.8434579439252337,0.8259303721488596,0.8063337393422655,0.8057553956834532,0.8475750577367206,0.8498253783469151,0.8584474885844748,0.8267622461170848,0.8319623971797885,0.8108747044917257,0.8508670520231214,0.8502857142857143,0.849942726231386,0.8133174791914387,0.8510158013544018
0.8191881918819188,0.8179551122194514,0.7939698492462312,0.8025157232704403,0.8293269230769231,0.8353510895883777,0.8295589988081049,0.8274173806609547,0.8132678132678133,0.8122699386503067,0.8387096774193549,0.8423529411764706,0.8367103694874851,0.8170731707317073,0.8351126927639383
0.8199052132701422,0.8105515587529976,0.7640449438202247,0.7961165048543689,0.8242142025611175,0.8221436984687868,0.8383371824480369,0.7913148371531966,0.8085106382978723,0.788391777509069,0.8283062645011601,0.8375286041189931,0.8232558139534883,0.7995226730310262,0.8361970217640321
0.8044280442804428,0.7814070351758794,0.7564766839378239,0.7842639593908629,0.8048484848484848,0.7990074441687345,0.8119760479041916,0.7881040892193308,0.7807881773399015,0.7931034482758621,0.8102189781021898,0.8128724672228844,0.8048192771084337,0.7831474597273854,0.8123515439429929
0.8312284730195177,0.7990487514863258,0.7718446601941747,0.8023668639053254,0.8205714285714286,0.8342857142857143,0.8378378378378378,0.7995283018867925,0.8065650644783119,0.7943595769682726,0.8257918552036199,0.8424581005586592,0.8264840182648402,0.7868852459016393,0.8404494382022472
0.8292682926829268,0.7974522292993631,0.7809278350515464,0.7913486005089059,0.8262454434993924,0.8386308068459658,0.8259303721488596,0.7980049875311721,0.8024844720496894,0.7905824039653035,0.8313253012048193,0.8273381294964028,0.8343409915356711,0.7950617283950617,0.8343125734430082
0.8152562574493445,0.7916666666666666,0.7749077490774908,0.7936117936117936,0.8089622641509434,0.8232502965599051,0.8227114716106605,0.7942238267148014,0.7938021454112039,0.7841726618705036,0.8090154211150652,0.8235294117647058,0.8168028004667445,0.7831325301204819,0.8306636155606407
0.8387096774193549,0.8126582278481013,0.7892030848329049,0.8163265306122449,0.8376068376068376,0.8368098159509203,0.8533653846153846,0.815,0.8222222222222222,0.8015170670037927,0.8323133414932681,0.8434886499402628,0.8405797101449275,0.8084577114427861,0.8588374851720048
0.833130328867235,0.8159203980099502,0.7867177522349936,0.7918263090676884,0.831942789034565,0.8389423076923077,0.8349282296650717,0.8185140073081608,0.818070818070818,0.8150851581508516,0.8345323741007195,0.8437132784958872,0.8387096774193549,0.8198307134220073,0.8341232227488151
0.8374269005847953,0.8106796116504854,0.7852760736196319,0.8033980582524272,0.8366164542294322,0.8505214368482039,0.8522727272727273,0.8110047846889952,0.8229777256740914,0.7995255041518387,0.8335273573923166,0.843069873997709,0.8354430379746836,0.806146572104019,0.8437856328392246
0.8294478527607362,0.803030303030303,0.7887323943661971,0.8145363408521303,0.8246674727932285,0.8300492610837439,0.8380952380952381,0.8118811881188119,0.8034398034398035,0.7945544554455446,0.8300970873786407,0.8367103694874851,0.8222490931076178,0.8102815177478581,0.842603550295858
0.8160779537149817,0.7984886649874056,0.764102564102564,0.7989886219974716,0.8289156626506025,0.8240963855421687,0.833530106257379,0.8064516129032258,0.8107448107448108,0.7866004962779156,0.8313253012048193,0.8299643281807372,0.8057901085645356,0.8,0.8327402135231317
0.7884615384615384,0.7780548628428927,0.7436548223350253,0.7675,0.8,0.8004778972520908,0.8093567251461988,0.7787391841779975,0.7845968712394705,0.7609756097560976,0.8009535160905841,0.8065650644783119,0.7995255041518387,0.7694174757281553,0.8212226066897347
0.8245398773006135,0.8005050505050505,0.7672301690507152,0.7964824120603015,0.8353510895883777,0.8235294117647058,0.8397129186602871,0.8020050125313283,0.8034610630407911,0.7990074441687345,0.8311057108140948,0.8367103694874851,0.8283313325330132,0.7980049875311721,0.8469750889679716
0.8601895734597157,0.8193069306930693,0.7959697732997482,0.8173913043478261,0.8581560283687943,0.8632075471698113,0.8634772462077013,0.8170731707317073,0.8270858524788391,0.8252427184466019,0.8449704142011835,0.8504672897196262,0.850412249705536,0.8087697929354446,0.8584795321637427
0.8152709359605911,0.8050632911392405,0.7662835249042146,0.7918263090676884,0.8238153098420413,0.8118081180811808,0.8285024154589372,0.8069738480697385,0.8167281672816729,0.7860696517412935,0.8199513381995134,0.8327316486161251,0.8265060240963855,0.7960199004975125,0.8433451118963486
0.8283313325330132,0.807361963190184,0.7719298245614035,0.7921279212792128,0.8279952550415184,0.8388625592417062,0.8370457209847597,0.8063337393422655,0.8004836759371221,0.8,0.8325471698113207,0.8301886792452831,0.8268551236749117,0.7936893203883495,0.8389339513325609
0.833729216152019,0.8133498145859085,0.7965043695380774,0.8108108108108109,0.8382526564344747,0.8432304038004751,0.8481308411214953,0.8097560975609757,0.8106151990349819,0.8116646415552855,0.8436018957345972,0.8484848484848485,0.8280701754385965,0.8024242424242424,0.8428405122235157
0.8462401795735129,0.8346820809248555,0.8023809523809524,0.8259860788863109,0.8404494382022472,0.8500563697857948,0.8387096774193549,0.8339060710194731,0.8280542986425339,0.823394495412844,0.8514412416851441,0.8596685082872928,0.8411633109619687,0.8293241695303551,0.8624454148471615
0.8331360946745562,0.8233890214797136,0.8019441069258809,0.8167664670658683,0.8468677494199536,0.8477751756440282,0.847926267281106,0.8114558472553699,0.8215962441314554,0.8146399055489965,0.8449074074074074,0.8454545454545455,0.8379629629629629,0.8066037735849056,0.8552036199095022
0.8248847926267281,0.8105515587529976,0.7834549878345499,0.813599062133646,0.8418657565415245,0.848,0.8463251670378619,0.8310185185185185,0.8065268065268065,0.8074245939675174,0.8419864559819413,0.8395061728395061,0.8406779661016949,0.8151549942594719,0.8549450549450549
0.8437132784958872,0.8163265306122449,0.7971014492753623,0.8235294117647058,0.8416184971098266,0.8449074074074074,0.8561643835616438,0.8236686390532545,0.8242142025611175,0.8103651354534747,0.8489042675893888,0.8459770114942529,0.8429561200923787,0.8085106382978723,0.8421052631578947
0.8096969696969697,0.7985257985257985,0.7628607277289837,0.8058968058968059,0.8299643281807372,0.8274231678486997,0.8448074679113186,0.7931456548347613,0.8200238379022646,0.8023952095808383,0.839390386869871,0.8302325581395349,0.8368298368298368,0.7946859903381642,0.8452655889145496
0.8188405797101449,0.803921568627451,0.7794486215538847,0.7980295566502463,0.83451536643026,0.8311377245508982,0.8370457209847597,0.8140096618357487,0.8072289156626506,0.7941888619854721,0.8386336866902238,0.8258823529411765,0.8315665488810365,0.8033775633293124,0.8381839348079162
0.8089622641509434,0.7975903614457831,0.7718865598027127,0.7732342007434945,0.8158508158508159,0.8225616921269095,0.813953488372093,0.7913669064748201,0.7880239520958083,0.7833333333333333,0.8199767711962834,0.8271889400921659,0.8203939745075318,0.7793764988009593,0.8264840182648402
0.8197115384615384,0.7990135635018496,0.7806691449814126,0.8171779141104294,0.8341121495327103,0.8421052631578947,0.8378063010501751,0.8101571946795647,0.8252080856123662,0.7990487514863258,0.8319623971797885,0.8378063010501751,0.8347010550996483,0.8,0.8413793103448276
0.8074074074074075,0.8024844720496894,0.7717948717948718,0.7733674775928298,0.8134777376654633,0.8171779141104294,0.8215568862275449,0.7990135635018496,0.8058608058608059,0.7836835599505563,0.8215568862275449,0.8240850059031877,0.8158844765342961,0.7975609756097561,0.8305882352941176
0.8163771712158809,0.7963917525773195,0.7686274509803922,0.7906976744186046,0.8261405672009864,0.8300492610837439,0.8299155609167672,0.8060836501901141,0.7889447236180904,0.7827191867852605,0.8271604938271605,0.8283313325330132,0.8264058679706602,0.795483061480552,0.8279181708784596
0.8191616766467066,0.8140947752126367,0.7732997481108312,0.8068459657701712,0.8352941176470589,0.8370986920332937,0.8515535097813579,0.8186157517899761,0.8270142180094787,0.7855421686746988,0.8391608391608392,0.8528735632183908,0.8311688311688312,0.819047619047619,0.8457142857142858
0.8274173806609547,0.7872611464968153,0.7773584905660378,0.8020050125313283,0.8283313325330132,0.8345323741007195,0.8439716312056738,0.8098765432098766,0.795593635250918,0.7941176470588235,0.8245192307692307,0.8351126927639383,0.8317535545023697,0.7896039603960396,0.8423529411764706
0.8132678132678133,0.8175,0.7700258397932817,0.7918781725888325,0.8341346153846154,0.8321167883211679,0.8299643281807372,0.8124223602484472,0.814993954050786,0.7915106117353309,0.8333333333333334,0.8299643281807372,0.8240963855421687,0.7980173482032218,0.8382526564344747
0.8299643281807372,0.8222490931076178,0.8102815177478581,0.8121951219512196,0.8386336866902238,0.842603550295858,0.8449074074074074,0.831942789034565,0.8104265402843602,0.8161328588374852,0.8370986920332937,0.8459770114942529,0.8428405122235157,0.8156956004756243,0.845360824742268
0.7713920817369093,0.7566137566137566,0.7292225201072386,0.7645502645502645,0.7914572864321608,0.7914032869785083,0.7892156862745098,0.7609254498714653,0.7675,0.7445442875481386,0.7990012484394506,0.7990196078431373,0.7856257744733581,0.7655259822560203,0.8024242424242424
0.8235294117647058,0.8203883495145631,0.769811320754717,0.8019680196801968,0.8481308411214953,0.8374851720047449,0.8457943925233645,0.8150851581508516,0.8210023866348448,0.7883211678832117,0.8411214953271028,0.8564760793465578,0.8368794326241135,0.7956204379562044,0.8594470046082949
0.8260355029585799,0.7995079950799509,0.7672955974842768,0.7945879458794588,0.8264462809917356,0.8355029585798817,0.8424737456242707,0.7936117936117936,0.8038507821901324,0.7917174177831913,0.8180737217598097,0.8313817330210773,0.8313817330210773,0.8057901085645356,0.8374269005847953
0.8349282296650717,0.7890137328339576,0.7670886075949367,0.7756653992395437,0.8239520958083832,0.8245192307692307,0.8218527315914489,0.7851851851851852,0.7951515151515152,0.7828220858895706,0.8225419664268585,0.8268551236749117,0.8203309692671394,0.7828220858895706,0.8380281690140845
0.8171779141104294,0.8075,0.7712082262210797,0.8039950062421972,0.8218181818181818,0.8359659781287971,0.8315412186379928,0.8024691358024691,0.8136419001218027,0.7941176470588235,0.8208232445520581,0.8362779740871613,0.8226779252110977,0.8038976857490865,0.8331360946745562
0.8178438661710037,0.8212083847102343,0.7918781725888325,0.8020176544766708,0.8367593712212817,0.8408262454434994,0.8321342925659473,0.8206388206388207,0.8121951219512196,0.8024539877300614,0.8290909090909091,0.8295589988081049,0.8399518652226233,0.8117359413202934,0.836662749706228
0.8524590163934426,0.8159806295399515,0.7830423940149626,0.8193939393939393,0.8455284552845529,0.852112676056338,0.864,0.8106151990349819,0.8286384976525821,0.8038507821901324,0.8424737456242707,0.8465974625144176,0.8474970896391153,0.8176400476758046,0.8493150684931506
0.8353221957040573,0.8078817733990148,0.7659033078880407,0.7855361596009975,0.8429752066115702,0.8561320754716981,0.8352941176470589,0.8014616321559074,0.7937273823884198,0.7946859903381642,0.8402366863905325,0.8518518518518519,0.8292108362779741,0.7961399276236429,0.8442906574394463
0.8190709046454768,0.8045397225725095,0.7857142857142857,0.7938931297709924,0.8226779252110977,0.8205128205128205,0.8339307048984468,0.805,0.8127294981640147,0.8074074074074075,0.8256658595641646,0.8243727598566308,0.8280871670702179,0.8024539877300614,0.8232502965599051
0.8219512195121951,0.8168316831683168,0.786346396965866,0.8015075376884422,0.8357142857142857,0.8371531966224367,0.8372641509433962,0.8215158924205379,0.8155339805825242,0.8092909535452323,0.8299155609167672,0.8380952380952381,0.8438617401668653,0.8053855569155447,0.8448074679113186
0.8235294117647058,0.7950617283950617,0.7755610972568578,0.8102189781021898,0.8268551236749117,0.8274231678486997,0.8406466512702079,0.7912621359223301,0.7990373044524669,0.7956989247311828,0.8402366863905325,0.8368298368298368,0.8298368298368298,0.789410348977136,0.8344827586206897
0.8261376896149358,0.7933094384707288,0.7682926829268293,0.8004778972520908,0.8294930875576036,0.8236658932714617,0.8497175141242937,0.7924080664294187,0.7981330221703618,0.7839433293978748,0.8202764976958525,0.8380520951302378,0.8342857142857143,0.7906432748538011,0.8376844494892168
0.8364083640836408,0.8092189500640204,0.753315649867374,0.788036410923277,0.8380024360535931,0.8437884378843789,0.8357487922705314,0.7979539641943734,0.8191881918819188,0.7842639593908629,0.8278388278388278,0.8395657418576599,0.8383961117861483,0.7872611464968153,0.8469750889679716
0.7995079950799509,0.776796973518285,0.7551020408163265,0.7815230961298377,0.8096385542168675,0.8102189781021898,0.8081048867699643,0.7844611528822055,0.7807881773399015,0.7741935483870968,0.8095808383233533,0.8226950354609929,0.8157894736842105,0.7680798004987531,0.823943661971831
0.818070818070818,0.7807351077313055,0.7529107373868047,0.7964824120603015,0.8267622461170848,0.8266666666666667,0.8311688311688312,0.7930607187112764,0.7931456548347613,0.7941534713763703,0.8242280285035629,0.8246445497630331,0.8261904761904761,0.7990314769975787,0.8233918128654971
0.8061831153388823,0.7936893203883495,0.7515605493133583,0.7842170160295932,0.8221436984687868,0.8150765606595995,0.8209302325581396,0.7995198079231692,0.7938021454112039,0.7909199522102748,0.8276670574443142,0.8296639629200464,0.8210526315789474,0.7859733978234583,0.8281430219146482
0.8456057007125891,0.8092345078979344,0.7851851851851852,0.8155339805825242,0.8368298368298368,0.8414918414918415,0.8495981630309989,0.8100961538461539,0.8172043010752689,0.8152562574493445,0.8414918414918415,0.8455284552845529,0.8428405122235157,0.8047619047619048,0.8574686431014823
0.8311990686845169,0.8150765606595995,0.7933094384707288,0.7975903614457831,0.8335220838052095,0.8379629629629629,0.8393665158371041,0.8210526315789474,0.8198614318706697,0.8037383177570093,0.8333333333333334,0.8482142857142857,0.8378378378378378,0.8171296296296297,0.8457269700332963
0.851063829787234,0.8187422934648582,0.7935323383084577,0.8220858895705522,0.8508158508158508,0.8608490566037735,0.8623853211009175,0.8195121951219512,0.8187274909963985,0.8168674698795181,0.8551401869158879,0.8449074074074074,0.8467836257309942,0.8073170731707318,0.8473019517795637
0.8223234624145785,0.7900355871886121,0.7666263603385731,0.7881656804733728,0.8275084554678692,0.830316742081448,0.8303571428571429,0.8088578088578089,0.7995365005793743,0.7958236658932715,0.821917808219178,0.8392857142857143,0.8168373151308305,0.794425087108014,0.8298109010011123
0.837772397094431,0.8029739776951673,0.7814070351758794,0.8212083847102343,0.8412322274881516,0.8438617401668653,0.8460634547591069,0.802937576499388,0.8057901085645356,0.8057901085645356,0.8497041420118343,0.8564760793465578,0.8501170960187353,0.8087697929354446,0.8440797186400938
0.8300117233294255,0.7975609756097561,0.7690387016229713,0.7946537059538274,0.8227114716106605,0.8329466357308585,0.827033218785796,0.7913148371531966,0.7870036101083032,0.7779111644657863,0.8304498269896193,0.8344827586206897,0.8281430219146482,0.782608695652174,0.8423423423423423
0.7930607187112764,0.8,0.7589743589743589,0.7843631778058008,0.8187274909963985,0.8140947752126367,0.8224076281287247,0.8024844720496894,0.7960687960687961,0.7660098522167488,0.8164251207729468,0.8142857142857143,0.8331360946745562,0.7906976744186046,0.8222748815165877
0.8221153846153846,0.796044499381953,0.7669172932330827,0.7935723114956736,0.8266033254156769,0.8291517323775388,0.8258823529411765,0.808252427184466,0.8123515439429929,0.7912621359223301,0.8279952550415184,0.840512223515716,0.8151658767772512,0.8033573141486811,0.840512223515716
0.8315151515151515,0.8095238095238095,0.7894073139974779,0.7969543147208121,0.8311057108140948,0.8407185628742515,0.8331332533013205,0.813810110974106,0.8014888337468983,0.7990074441687345,0.8147239263803681,0.8239520958083832,0.8245192307692307,0.8078817733990148,0.8398576512455516
0.8296296296296296,0.7959183673469388,0.765399737876802,0.8202531645569621,0.8222222222222222,0.8283582089552238,0.8426150121065376,0.7974842767295598,0.7965043695380774,0.7930174563591023,0.8235294117647058,0.8349514563106796,0.8341463414634146,0.7904642409033877,0.854066985645933
0.8226779252110977,0.806930693069307,0.7849056603773585,0.7864321608040201,0.8321513002364066,0.8469750889679716,0.8413631022326674,0.8250904704463209,0.8067632850241546,0.7951515151515152,0.8436018957345972,0.8432055749128919,0.839390386869871,0.8072289156626506,0.8495981630309989
0.8329355608591885,0.8058968058968059,0.7829360100376411,0.7939698492462312,0.8362779740871613,0.8514150943396226,0.8481308411214953,0.8159806295399515,0.8106151990349819,0.8019441069258809,0.83451536643026,0.8341121495327103,0.8403755868544601,0.8014616321559074,0.8535178777393311
0.7858048162230672,0.7908163265306123,0.7486910994764397,0.7696267696267697,0.8068459657701712,0.8014888337468983,0.8106151990349819,0.789937106918239,0.7931034482758621,0.7758186397984886,0.7985074626865671,0.8111380145278451,0.7950920245398773,0.7890818858560794,0.8173076923076923
0.80622009569378,0.7866831072749692,0.7578419071518193,0.7876543209876543,0.8056872037914692,0.8109393579072532,0.8158508158508159,0.7822878228782287,0.7878787878787878,0.7730061349693251,0.82063305978898,0.814385150812065,0.8103651354534747,0.7834549878345499,0.8199767711962834
0.8222748815165877,0.7965895249695494,0.7743526510480888,0.796092796092796,0.822429906542056,0.8412514484356894,0.8381171067738232,0.8067226890756303,0.8042959427207638,0.7947178871548619,0.8310185185185185,0.8383371824480369,0.8267898383371824,0.8023952095808383,0.836405529953917
0.8098591549295775,0.7995169082125604,0.7562189054726368,0.7800729040097205,0.8335246842709529,0.827906976744186,0.8290993071593533,0.7933094384707288,0.797153024911032,0.7900943396226415,0.8248847926267281,0.8447488584474886,0.8323831242873432,0.7828162291169452,0.8444948921679909
0.8551068883610451,0.8329297820823245,0.8049382716049382,0.833939393939394,0.872093023255814,0.8621089223638471,0.875995449374289,0.8432304038004751,0.8497652582159625,0.8370986920332937,0.8677494199535963,0.8706697459584296,0.8676639815880323,0.8507638072855465,0.8792710706150342
0.8159806295399515,0.8,0.7605633802816901,0.801980198019802,0.8271752085816448,0.8249400479616307,0.8390129259694477,0.8093480934809348,0.8097560975609757,0.7891491985203453,0.8362779740871613,0.8266978922716628,0.8246445497630331,0.8033775633293124,0.8416184971098266
0.8269230769230769,0.8083028083028083,0.7865168539325843,0.8107448107448108,0.84,0.8370986920332937,0.8428405122235157,0.8119760479041916,0.8238095238095238,0.8009592326139089,0.8364928909952607,0.8458864426419467,0.8424737456242707,0.807185628742515,0.8529076396807298
0.8323424494649228,0.802937576499388,0.7744360902255639,0.800982800982801,0.8421052631578947,0.8491228070175438,0.8475750577367206,0.8043478260869565,0.8104886769964244,0.7956204379562044,0.8412514484356894,0.8509174311926605,0.8354725787631272,0.7951807228915663,0.8433179723502304
0.8676122931442081,0.8337408312958435,0.8079800498753117,0.8314883148831488,0.8698710433763188,0.8678362573099415,0.8736964078794901,0.8412121212121212,0.8331332533013205,0.8327316486161251,0.8682352941176471,0.8700696055684455,0.8604382929642446,0.8319226118500604,0.8708571428571429
0.8444976076555024,0.8280871670702179,0.779874213836478,0.8371531966224367,0.8608187134502924,0.8483412322274881,0.8614318706697459,0.8291517323775388,0.8368794326241135,0.8266033254156769,0.8474178403755869,0.8604118993135011,0.8541666666666666,0.8293838862559242,0.8532110091743119
0.8252427184466019,0.7995018679950187,0.7760814249363868,0.8009950248756219,0.8373205741626795,0.8482676224611708,0.852112676056338,0.7995049504950495,0.8004866180048662,0.7941176470588235,0.8270858524788391,0.8370986920332937,0.8351126927639383,0.7950920245398773,0.8347010550996483
0.8073170731707318,0.7782002534854245,0.7621483375959079,0.7853535353535354,0.8121212121212121,0.8175182481751825,0.8266033254156769,0.7723270440251573,0.7806691449814126,0.7722772277227723,0.8131067961165048,0.8256227758007118,0.8072727272727273,0.7690387016229713,0.8249118683901293
0.8442906574394463,0.8199052132701422,0.7833537331701347,0.8086642599277978,0.8561721404303511,0.8478513356562137,0.8629213483146068,0.8211764705882353,0.8135198135198135,0.8070175438596491,0.843069873997709,0.854875283446712,0.8558352402745996,0.8079625292740047,0.8688888888888889
0.8490566037735849,0.8293269230769231,0.8256658595641646,0.829736211031175,0.8531468531468531,0.852112676056338,0.8594470046082949,0.8423529411764706,0.8343125734430082,0.8329411764705882,0.8465116279069768,0.8627002288329519,0.8568129330254042,0.8384074941451991,0.8574686431014823
0.8359281437125748,0.8123456790123457,0.8035043804755945,0.8069738480697385,0.8321342925659473,0.8428571428571429,0.836104513064133,0.8155339805825242,0.8226779252110977,0.8053204353083434,0.8368794326241135,0.8460634547591069,0.8416075650118203,0.8121212121212121,0.8534883720930233
0.8341013824884793,0.8217237308146399,0.7865707434052758,0.8133174791914387,0.8609865470852018,0.8545454545454545,0.8654060066740823,0.8423475258918297,0.8467650397275823,0.8285385500575374,0.8680089485458613,0.8723640399556049,0.8565022421524664,0.8398169336384439,0.8719646799116998
0.81786133960047,0.7985436893203883,0.7713226205191595,0.7858017135862914,0.8236658932714617,0.8315911730545877,0.823394495412844,0.8061831153388823,0.8033373063170441,0.7966507177033493,0.8143021914648212,0.8178694158075601,0.8329519450800915,0.7875894988066826,0.8299319727891157
0.8181818181818182,0.8172293364377182,0.7794994040524433,0.8042959427207638,0.8327645051194539,0.8291571753986332,0.8395061728395061,0.817451205510907,0.8193325661680092,0.7972190034762456,0.834841628959276,0.8365276211950394,0.832579185520362,0.8151549942594719,0.8430493273542601
0.8181818181818182,0.8130277442702051,0.769811320754717,0.8092909535452323,0.8284714119019837,0.8270142180094787,0.8412514484356894,0.8119760479041916,0.8080568720379147,0.7971014492753623,0.8249118683901293,0.8266360505166476,0.8290993071593533,0.8043217286914766,0.8352402745995423
0.8427230046948356,0.8327316486161251,0.8068459657701712,0.831942789034565,0.8505214368482039,0.8465116279069768,0.8558352402745996,0.8301435406698564,0.8285714285714286,0.8185053380782918,0.8541666666666666,0.8489702517162472,0.847926267281106,0.8276670574443142,0.8460661345496009
0.833530106257379,0.8087697929354446,0.7820672478206725,0.7936117936117936,0.8360655737704918,0.8380281690140845,0.8362369337979094,0.8211284513805522,0.8138424821002387,0.7995169082125604,0.8364485981308412,0.8446490218642118,0.8391608391608392,0.8105515587529976,0.839677047289504
0.8118343195266272,0.7911547911547911,0.7525,0.7836835599505563,0.8247663551401869,0.8217237308146399,0.8250289687137891,0.7946859903381642,0.8037825059101655,0.7660606060606061,0.81786133960047,0.8183908045977012,0.8120649651972158,0.7885985748218527,0.8376844494892168
0.8185140073081608,0.7965260545905707,0.7742749054224464,0.7914572864321608,0.8239520958083832,0.8178528347406514,0.8281622911694511,0.800976800976801,0.8116646415552855,0.7803680981595092,0.8106151990349819,0.8238095238095238,0.8187274909963985,0.796092796092796,0.8337236533957846
0.8317307692307693,0.823960880195599,0.783375314861461,0.7871287128712872,0.8351126927639383,0.8375451263537906,0.8319623971797885,0.8146341463414634,0.8104886769964244,0.787363304981774,0.8269230769230769,0.8425925925925926,0.8301886792452831,0.7966305655836342,0.8350634371395617
0.8351126927639383,0.8068459657701712,0.7850931677018633,0.8184019370460048,0.8280701754385965,0.8437132784958872,0.851258581235698,0.8009650180940893,0.8104886769964244,0.8047904191616766,0.8308051341890315,0.8348837209302326,0.831981460023175,0.7956989247311828,0.8473019517795637
0.8609112709832134,0.8251231527093597,0.818407960199005,0.8261405672009864,0.8601895734597157,0.8568047337278106,0.8654970760233918,0.8323281061519904,0.8208232445520581,0.8305084745762712,0.8588235294117647,0.8631578947368421,0.8591549295774648,0.8265060240963855,0.8607888631090487
0.8167664670658683,0.8335329341317366,0.784019975031211,0.8122699386503067,0.8468677494199536,0.8362779740871613,0.8465116279069768,0.8253588516746412,0.8270142180094787,0.8115246098439376,0.8485549132947977,0.8577981651376146,0.85385500575374,0.8148148148148148,0.869762174405436
0.825836216839677,0.8085106382978723,0.7909199522102748,0.8132387706855791,0.8416289592760181,0.8346636259977195,0.8333333333333334,0.8121353558926487,0.8178694158075601,0.8101851851851852,0.8406779661016949,0.8439955106621774,0.8355855855855856,0.8133640552995391,0.8507795100222717
0.8391777509068924,0.8145363408521303,0.8080301129234629,0.7953964194373402,0.8447653429602888,0.854066985645933,0.8438617401668653,0.8182941903584673,0.8215158924205379,0.8200734394124847,0.8485576923076923,0.8510131108462455,0.8341346153846154,0.8225214198286414,0.8591715976331361
0.8215962441314554,0.7961399276236429,0.7784577723378213,0.8,0.8209302325581396,0.8302325581395349,0.8310502283105022,0.798569725864124,0.7985865724381626,0.8032979976442874,0.826945412311266,0.8291571753986332,0.8229885057471265,0.8004722550177096,0.8308740068104427
0.8346820809248555,0.8115246098439376,0.7927710843373494,0.7971360381861575,0.8339060710194731,0.8366164542294322,0.840317100792752,0.8161328588374852,0.8051341890315052,0.8079161816065192,0.8412514484356894,0.8451977401129943,0.8392246294184721,0.8023255813953488,0.8504464285714286
0.8103448275862069,0.8019925280199253,0.7644787644787645,0.7702182284980744,0.8290909090909091,0.8233861144945189,0.8313253012048193,0.7930607187112764,0.8024539877300614,0.7713567839195979,0.8203883495145631,0.8225419664268585,0.8126520681265207,0.7985257985257985,0.8299643281807372
0.8325242718446602,0.7980049875311721,0.7662835249042146,0.7989949748743719,0.8271752085816448,0.8262454434993924,0.839622641509434,0.7895392278953923,0.7906403940886699,0.7855361596009975,0.8111380145278451,0.8165680473372781,0.8291517323775388,0.7916666666666666,0.8282352941176471
0.8425925925925926,0.830952380952381,0.8133971291866029,0.8210023866348448,0.850967007963595,0.8542141230068337,0.853907134767837,0.833922261484099,0.8339140534262486,0.8257309941520468,0.856492027334852,0.8619528619528619,0.8519774011299435,0.8283062645011601,0.8574635241301908
0.8392434988179669,0.8211284513805522,0.7871287128712872,0.8029556650246306,0.8524970963995354,0.8514619883040936,0.8561484918793504,0.8152562574493445,0.8226950354609929,0.7947494033412887,0.8524970963995354,0.8471411901983664,0.8430913348946136,0.8081048867699643,0.8620689655172413
0.8394160583941606,0.8322981366459627,0.8140703517587939,0.8030112923462986,0.841726618705036,0.8485576923076923,0.8551236749116607,0.8319018404907975,0.8268292682926829,0.8167281672816729,0.8410991636798089,0.8506571087216248,0.8476190476190476,0.8157248157248157,0.8598130841121495
0.8312958435207825,0.8040201005025126,0.7934918648310388,0.8029925187032418,0.8389423076923077,0.8440145102781137,0.8368794326241135,0.8158220024721878,0.8038976857490865,0.7995110024449877,0.838479809976247,0.8413631022326674,0.8329355608591885,0.8019559902200489,0.8455284552845529
0.8335246842709529,0.8186046511627907,0.7995283018867925,0.8159437280187574,0.8452914798206278,0.8461538461538461,0.8565121412803532,0.8274285714285714,0.8267270668176671,0.8083140877598153,0.8504464285714286,0.8517279821627648,0.8404494382022472,0.8242009132420092,0.8668122270742358
0.8175355450236966,0.7867647058823529,0.7440699126092385,0.7745952677459527,0.8150765606595995,0.8187134502923976,0.8162790697674419,0.7864897466827503,0.7980884109916367,0.7733333333333333,0.8079625292740047,0.8191365227537923,0.8037383177570093,0.7890345649582837,0.8344827586206897
0.8231132075471698,0.800976800976801,0.781750924784217,0.8125755743651754,0.8242142025611175,0.8282352941176471,0.8377445339470656,0.8038507821901324,0.8156028368794326,0.7903614457831325,0.8243559718969555,0.8271889400921659,0.823803967327888,0.7918170878459687,0.8363636363636363
0.8164705882352942,0.8048780487804879,0.7822878228782287,0.7892156862745098,0.8222996515679443,0.8333333333333334,0.8294930875576036,0.8134777376654633,0.8086124401913876,0.7927710843373494,0.8280701754385965,0.8275058275058275,0.823121387283237,0.8028673835125448,0.8290993071593533
0.7930607187112764,0.7702020202020202,0.7595907928388747,0.776500638569604,0.7985436893203883,0.8073170731707318,0.8139255702280912,0.7772277227722773,0.7788697788697788,0.7634543178973717,0.7852760736196319,0.8028673835125448,0.7853658536585366,0.7690387016229713,0.8042959427207638
0.8167664670658683,0.7755610972568578,0.7569620253164557,0.8083028083028083,0.8199052132701422,0.8095238095238095,0.8271028037383178,0.7794117647058824,0.7794117647058824,0.7893462469733656,0.80622009569378,0.8200934579439252,0.8126463700234192,0.784503631961259,0.8130841121495327
0.8225419664268585,0.8,0.785,0.8014796547472256,0.8163265306122449,0.825511432009627,0.8274231678486997,0.8049382716049382,0.7926829268292683,0.7985436893203883,0.814993954050786,0.8297872340425532,0.8355029585798817,0.7777777777777778,0.8461538461538461
0.8244994110718492,0.7833537331701347,0.760248447204969,0.7843137254901961,0.8246225319396051,0.8321678321678322,0.8247422680412371,0.8004778972520908,0.7885304659498208,0.7876631079478055,0.8246225319396051,0.836027713625866,0.8199767711962834,0.800942285041225,0.8400900900900901
0.7985436893203883,0.7875,0.759493670886076,0.7885572139303483,0.8128724672228844,0.8115246098439376,0.8142011834319527,0.800982800982801,0.7936507936507936,0.7882496940024479,0.8105515587529976,0.8244994110718492,0.8122786304604487,0.7961165048543689,0.8266978922716628
0.8343409915356711,0.7995018679950187,0.7791878172588832,0.8024844720496894,0.8416075650118203,0.8345323741007195,0.8531468531468531,0.7805486284289277,0.8038976857490865,0.7846534653465347,0.8408551068883611,0.8352941176470589,0.8266033254156769,0.7872078720787208,0.8360655737704918
0.8171021377672208,0.8116646415552855,0.7677018633540372,0.7951515151515152,0.8290398126463701,0.8296122209165687,0.8275862068965517,0.8066825775656324,0.8122786304604487,0.7880239520958083,0.8296639629200464,0.8392246294184721,0.8205128205128205,0.7980997624703088,0.8177676537585421
0.8351126927639383,0.8034188034188035,0.7748427672955975,0.7769423558897243,0.8381839348079162,0.8430913348946136,0.8249118683901293,0.7975609756097561,0.7942238267148014,0.7878048780487805,0.8210023866348448,0.8308051341890315,0.8304093567251462,0.7853658536585366,0.8393063583815029
0.8251231527093597,0.8069738480697385,0.7684478371501272,0.8064918851435705,0.8361445783132531,0.8303249097472925,0.839622641509434,0.8083538083538083,0.8092345078979344,0.7995110024449877,0.8307692307692308,0.8257756563245824,0.830367734282325,0.8024539877300614,0.8380281690140845
0.817283950617284,0.789272030651341,0.7682291666666666,0.7850707850707851,0.8225214198286414,0.8363636363636363,0.8313253012048193,0.7944862155388471,0.8089330024813896,0.80545229244114,0.829683698296837,0.8307322929171669,0.8213851761846902,0.8024691358024691,0.8428571428571429
0.8035264483627204,0.771838331160365,0.7463479415670651,0.7692307692307693,0.8024691358024691,0.8164794007490637,0.8290909090909091,0.7759282970550576,0.7934918648310388,0.7748427672955975,0.8108776266996292,0.8145454545454546,0.8098159509202454,0.759493670886076,0.8215568862275449
0.8406862745098039,0.8225,0.7923076923076923,0.8040712468193384,0.8394160583941606,0.8543922984356197,0.8426150121065376,0.8222222222222222,0.8206388206388207,0.8099378881987578,0.8461538461538461,0.8463356973995272,0.847255369928401,0.8094645080946451,0.8581477139507621
0.8311377245508982,0.8058968058968059,0.7763819095477387,0.8235294117647058,0.8362779740871613,0.8436018957345972,0.8491879350348028,0.7980535279805353,0.8110709987966306,0.8091236494597839,0.8343125734430082,0.848,0.8301886792452831,0.7922705314009661,0.8473019517795637
0.8395348837209302,0.8186274509803921,0.7909887359198998,0.8179611650485437,0.8574739281575898,0.8578088578088578,0.8558352402745996,0.8303249097472925,0.8240850059031877,0.8156956004756243,0.8617886178861789,0.8558352402745996,0.847926267281106,0.8086642599277978,0.8607021517553793
0.8275862068965517,0.8109393579072532,0.7975903614457831,0.8090154211150652,0.8465011286681715,0.8443935926773455,0.843644544431946,0.8182883939038686,0.8116959064327486,0.8162790697674419,0.8478747203579419,0.8536312849162011,0.849438202247191,0.819672131147541,0.8631346578366446
0.8558352402745996,0.8282352941176471,0.8232502965599051,0.8434579439252337,0.856492027334852,0.8623435722411832,0.8674157303370786,0.8406466512702079,0.8446490218642118,0.8413793103448276,0.8686868686868687,0.8762541806020067,0.8635346756152126,0.8413793103448276,0.8761061946902655
0.8259303721488596,0.8048780487804879,0.7663782447466008,0.7858017135862914,0.8137603795966786,0.8347010550996483,0.8233918128654971,0.8048484848484848,0.7942583732057417,0.7899159663865546,0.8266033254156769,0.8313817330210773,0.8173302107728337,0.7908653846153846,0.8308400460299195
0.7994987468671679,0.7698309492847855,0.7410358565737052,0.764629388816645,0.8079306071871127,0.8178438661710037,0.8203883495145631,0.7786259541984732,0.7678571428571429,0.7631241997439181,0.8113440197287299,0.802439024390244,0.800976800976801,0.7621483375959079,0.8236714975845411
0.8040712468193384,0.7865459249676585,0.749003984063745,0.7712418300653595,0.8148148148148148,0.8210262828535669,0.812807881773399,0.7877237851662404,0.7766497461928934,0.7682458386683739,0.815365551425031,0.8185140073081608,0.80545229244114,0.7760814249363868,0.8272506082725061
0.8335358444714459,0.81,0.7929292929292929,0.8144458281444583,0.8268292682926829,0.8451380552220888,0.8353221957040573,0.8074074074074075,0.8088235294117647,0.7931034482758621,0.8369304556354916,0.8275862068965517,0.8383233532934131,0.7920298879202988,0.8352941176470589
0.839390386869871,0.8273381294964028,0.8072727272727273,0.8444976076555024,0.836405529953917,0.8502304147465438,0.8515981735159818,0.8307692307692308,0.8381839348079162,0.817966903073286,0.8470319634703196,0.8519774011299435,0.8341013824884793,0.8159437280187574,0.8574660633484162
0.8391608391608392,0.8205741626794258,0.7881773399014779,0.8247914183551848,0.8407789232531501,0.8455284552845529,0.8513053348467651,0.819047619047619,0.8261376896149358,0.8099173553719008,0.8447488584474886,0.8568207440811725,0.851258581235698,0.8038049940546967,0.8555304740406321
0.8014796547472256,0.7954545454545454,0.7522697795071336,0.7858048162230672,0.8242424242424242,0.8206388206388207,0.8368794326241135,0.7980173482032218,0.8019559902200489,0.7835820895522388,0.8236714975845411,0.8233890214797136,0.8164251207729468,0.7822878228782287,0.8246445497630331
0.8314087759815243,0.801909307875895,0.7899159663865546,0.8014440433212996,0.8348623853211009,0.8424657534246576,0.8526434195725534,0.8177570093457944,0.8191365227537923,0.8098591549295775,0.8412698412698413,0.8393665158371041,0.835990888382688,0.8065268065268065,0.8580931263858093
0.8286384976525821,0.8033775633293124,0.7768187422934648,0.8087167070217918,0.8329466357308585,0.8292108362779741,0.847651775486827,0.7951807228915663,0.801909307875895,0.7904191616766467,0.8335273573923166,0.8419838523644751,0.8393063583815029,0.8057210965435042,0.8470319634703196
0.8308051341890315,0.8072289156626506,0.7749077490774908,0.7951515151515152,0.8283062645011601,0.8329466357308585,0.8352402745995423,0.8114558472553699,0.8071005917159764,0.7957244655581948,0.8288707799767171,0.8437856328392246,0.8287037037037037,0.8014184397163121,0.8435374149659864
0.8261904761904761,0.8096969696969697,0.7780548628428927,0.7990196078431373,0.8258823529411765,0.8380281690140845,0.8408826945412311,0.8109393579072532,0.8191616766467066,0.7975903614457831,0.8311990686845169,0.8304498269896193,0.8337236533957846,0.7956730769230769,0.8513513513513513
0.8233890214797136,0.8094059405940595,0.7788944723618091,0.7940813810110974,0.8109393579072532,0.837708830548926,0.8218527315914489,0.8088235294117647,0.7980769230769231,0.7937273823884198,0.8382526564344747,0.8335273573923166,0.8243559718969555,0.801452784503632,0.8354725787631272
0.817451205510907,0.7995255041518387,0.7889022919179735,0.7947805456702254,0.8201603665521191,0.8442437923250564,0.8359550561797753,0.8084606345475911,0.7896592244418331,0.7986030267753201,0.8256880733944955,0.8318181818181818,0.8289920724801813,0.7924528301886793,0.8323959505061868
0.8063725490196079,0.797011207970112,0.7564102564102564,0.7935323383084577,0.8125,0.8188405797101449,0.8258823529411765,0.7945879458794588,0.7882496940024479,0.781973203410475,0.8072289156626506,0.8163265306122449,0.8194774346793349,0.7783251231527094,0.8217237308146399
0.8301886792452831,0.8165249088699879,0.8019559902200489,0.8257756563245824,0.8419838523644751,0.8477751756440282,0.8459770114942529,0.8242280285035629,0.8205128205128205,0.817966903073286,0.8425925925925926,0.8451977401129943,0.8411428571428572,0.8207547169811321,0.8561797752808988
0.8423529411764706,0.8210023866348448,0.7926380368098159,0.8072727272727273,0.8419838523644751,0.8502304147465438,0.8434285714285714,0.817966903073286,0.8233918128654971,0.806146572104019,0.836405529953917,0.8404133180252583,0.8350634371395617,0.8052256532066508,0.840317100792752
0.8303249097472925,0.7970297029702971,0.7874213836477988,0.8005018820577164,0.833729216152019,0.8388625592417062,0.8370457209847597,0.8107448107448108,0.800982800982801,0.8130277442702051,0.8327402135231317,0.8329411764705882,0.8278301886792453,0.8,0.8407494145199064
0.8142011834319527,0.7806691449814126,0.7590511860174781,0.7751552795031056,0.8123515439429929,0.8282352941176471,0.8228438228438228,0.7975757575757576,0.8038049940546967,0.7775061124694377,0.8296122209165687,0.8308051341890315,0.8113207547169812,0.7961399276236429,0.836405529953917
0.8149068322981367,0.8098318240620958,0.7726675427069645,0.7777777777777778,0.8319018404907975,0.8341584158415841,0.8347406513872135,0.8076433121019109,0.8009950248756219,0.776796973518285,0.8374384236453202,0.8319226118500604,0.8276699029126213,0.7803030303030303,0.8305489260143198
0.8480565371024735,0.8329297820823245,0.8178438661710037,0.8058968058968059,0.8578143360752056,0.8705882352941177,0.8554778554778555,0.8373205741626795,0.8253588516746412,0.8177458033573142,0.8564760793465578,0.8617886178861789,0.8641114982578397,0.8216867469879519,0.8718535469107551
0.8048780487804879,0.7921279212792128,0.75,0.7688442211055276,0.8104886769964244,0.8148148148148148,0.8094674556213017,0.7799511002444988,0.781973203410475,0.7760097919216646,0.8023809523809524,0.81786133960047,0.8130841121495327,0.7696078431372549,0.816374269005848
0.827262044653349,0.7942238267148014,0.7592137592137592,0.7769607843137255,0.8288707799767171,0.8288707799767171,0.8294930875576036,0.7966507177033493,0.8004750593824228,0.7895362663495838,0.8327566320645905,0.8419864559819413,0.8273464658169177,0.7865707434052758,0.8438914027149321
0.807361963190184,0.7770700636942676,0.7532133676092545,0.7908745247148289,0.815347721822542,0.8184019370460048,0.8156956004756243,0.7829360100376411,0.7802469135802469,0.7764127764127764,0.8048484848484848,0.8284023668639053,0.8297872340425532,0.7724477244772447,0.8233918128654971
0.851764705882353,0.8193939393939393,0.8073170731707318,0.8166259168704156,0.8544819557625145,0.8521536670547147,0.8508670520231214,0.8229665071770335,0.8296122209165687,0.8257756563245824,0.8491228070175438,0.8521939953810623,0.8465116279069768,0.8167664670658683,0.8528735632183908
0.8409090909090909,0.8142011834319527,0.7827130852340937,0.7976047904191617,0.8418657565415245,0.8417508417508418,0.8361204013377926,0.8154205607476636,0.8130081300813008,0.795774647887324,0.8371040723981901,0.8504983388704319,0.8314606741573034,0.8078703703703703,0.8351893095768375
0.8466819221967964,0.8310185185185185,0.813599062133646,0.8352668213457076,0.859375,0.8607021517553793,0.8679245283018868,0.841743119266055,0.8395904436860068,0.8304891922639362,0.8577827547592385,0.862876254180602,0.8676307007786429,0.8266360505166476,0.8707182320441988
0.8247914183551848,0.7890818858560794,0.7690387016229713,0.7744360902255639,0.8246445497630331,0.8270142180094787,0.827906976744186,0.8,0.7870813397129187,0.7961399276236429,0.8325471698113207,0.8254716981132075,0.8265424912689173,0.7903614457831325,0.8450057405281286
0.819672131147541,0.7937273823884198,0.7701711491442543,0.7990314769975787,0.8323699421965318,0.831981460023175,0.8400460299194477,0.7956989247311828,0.8127208480565371,0.7924080664294187,0.8273464658169177,0.847457627118644,0.8311990686845169,0.8061104582843713,0.85
0.823960880195599,0.8138957816377171,0.7723785166240409,0.8050632911392405,0.831942789034565,0.8363201911589009,0.8374851720047449,0.8024539877300614,0.8151774785801713,0.7896039603960396,0.8215568862275449,0.8347010550996483,0.833922261484099,0.7946210268948656,0.840512223515716
0.8434579439252337,0.8275862068965517,0.7946210268948656,0.8168674698795181,0.8482758620689655,0.8491879350348028,0.8590909090909091,0.8244994110718492,0.8375870069605569,0.8233918128654971,0.8406466512702079,0.8516421291053228,0.8489702517162472,0.8283062645011601,0.8622620380739082
0.8305882352941176,0.8019559902200489,0.7772277227722773,0.7980652962515115,0.8284714119019837,0.833922261484099,0.825836216839677,0.8110709987966306,0.7990543735224587,0.8033175355450237,0.8337236533957846,0.8240740740740741,0.8292682926829268,0.7928994082840237,0.8371040723981901
0.8407789232531501,0.8094117647058824,0.7737226277372263,0.7947178871548619,0.8363636363636363,0.8490351872871736,0.8363636363636363,0.814385150812065,0.8225806451612904,0.8227114716106605,0.8340909090909091,0.8561872909698997,0.8475336322869955,0.815668202764977,0.8539576365663322
0.8241206030150754,0.7932379713914174,0.7718832891246684,0.7790849673202614,0.830423940149626,0.8270676691729323,0.8347826086956521,0.8010269576379975,0.7944162436548223,0.7903430749682337,0.8333333333333334,0.8323133414932681,0.8254364089775561,0.788339670468948,0.8424908424908425
0.8238213399503722,0.7989756722151088,0.7809278350515464,0.7979669631512071,0.8345498783454988,0.8261405672009864,0.8353510895883777,0.7974522292993631,0.8143564356435643,0.7940074906367042,0.8255528255528255,0.8308823529411765,0.830694275274056,0.8128872366790583,0.8333333333333334
0.8466981132075472,0.8172043010752689,0.7896039603960396,0.8226779252110977,0.8505747126436781,0.836662749706228,0.8655367231638418,0.8137603795966786,0.8335273573923166,0.8009535160905841,0.8439306358381503,0.8568181818181818,0.8445475638051044,0.8188235294117647,0.8603603603603603
0.8192771084337349,0.8004926108374384,0.7638190954773869,0.7970479704797048,0.8297872340425532,0.8177458033573142,0.8342989571263036,0.7980535279805353,0.7995198079231692,0.7750611246943765,0.8133174791914387,0.8378063010501751,0.8300117233294255,0.7874396135265701,0.8337182448036952
0.8198307134220073,0.7869674185463659,0.7651515151515151,0.7940074906367042,0.8247914183551848,0.8363201911589009,0.8418604651162791,0.788627935723115,0.7941888619854721,0.7776427703523694,0.830952380952381,0.827262044653349,0.8222748815165877,0.7883211678832117,0.8400460299194477
0.8134777376654633,0.785982478097622,0.7643312101910829,0.7711757269279393,0.8221436984687868,0.8267622461170848,0.8315665488810365,0.7980295566502463,0.7849331713244229,0.7747524752475248,0.8232502965599051,0.8229777256740914,0.8189349112426035,0.7902439024390244,0.8362369337979094
0.8399518652226233,0.8030112923462986,0.7756653992395437,0.7888748419721872,0.837708830548926,0.8444976076555024,0.8452380952380952,0.8118081180811808,0.7945205479452054,0.8014796547472256,0.8351126927639383,0.8433451118963486,0.8427230046948356,0.8014705882352942,0.8476977567886659
0.8209500609013398,0.7928843710292249,0.768837803320562,0.7800511508951407,0.8225419664268585,0.8347406513872135,0.8222748815165877,0.7950310559006211,0.7847478474784748,0.7862407862407862,0.8321342925659473,0.8406139315230224,0.8142857142857143,0.7941176470588235,0.8349056603773585
0.8317972350230415,0.8110047846889952,0.7956469165659008,0.8086124401913876,0.8398169336384439,0.8581157775255391,0.8493771234428086,0.8225616921269095,0.8112543962485346,0.809801633605601,0.8367816091954023,0.8487584650112867,0.8415051311288484,0.8065650644783119,0.8526434195725534
0.8112745098039216,0.7959949937421777,0.7580853816300129,0.7846153846153846,0.8178528347406514,0.8285714285714286,0.8352941176470589,0.7914572864321608,0.8004866180048662,0.7915632754342432,0.8287425149700599,0.8281622911694511,0.8121212121212121,0.7880299251870324,0.8403755868544601
0.8315911730545877,0.7845968712394705,0.7626076260762608,0.7990373044524669,0.8274285714285714,0.835820895522388,0.8517279821627648,0.7981109799291618,0.7971698113207547,0.7952941176470588,0.8285385500575374,0.8282138794084186,0.830102622576967,0.7981109799291618,0.8368953880764904
0.8255528255528255,0.7882653061224489,0.7668393782383419,0.7822784810126582,0.8355342136854742,0.8312958435207825,0.8493475682087782,0.797011207970112,0.8014888337468983,0.7905824039653035,0.8383233532934131,0.8339307048984468,0.8240963855421687,0.7901234567901234,0.8484136310223267
0.8611764705882353,0.8248175182481752,0.8175182481751825,0.8236714975845411,0.8637951105937136,0.8703703703703703,0.8748564867967853,0.8438617401668653,0.8463356973995272,0.831353919239905,0.8584686774941995,0.859122401847575,0.8568129330254042,0.839622641509434,0.8777142857142857
0.8157894736842105,0.7881773399014779,0.7806691449814126,0.7897310513447433,0.8258823529411765,0.8278301886792453,0.8250289687137891,0.7980652962515115,0.8023809523809524,0.7777777777777778,0.8268551236749117,0.8220140515222483,0.8215962441314554,0.792814371257485,0.8293241695303551
0.8307349665924276,0.8191126279863481,0.7823050058207218,0.8073817762399077,0.847084708470847,0.8382838283828383,0.8465723612622416,0.8163265306122449,0.8232662192393736,0.8076923076923077,0.8407079646017699,0.8431372549019608,0.8382838283828383,0.818489289740699,0.8503253796095445
0.8392434988179669,0.8048484848484848,0.7743526510480888,0.7892156862745098,0.8372093023255814,0.8343125734430082,0.8419838523644751,0.8062575210589651,0.7975903614457831,0.8014268727705113,0.8280701754385965,0.8406466512702079,0.8308051341890315,0.8023809523809524,0.8443935926773455
0.852803738317757,0.8197115384615384,0.8004866180048662,0.8329355608591885,0.8538812785388128,0.8571428571428571,0.8684807256235828,0.8250591016548463,0.840512223515716,0.8253223915592028,0.8633754305396096,0.8700564971751412,0.8535469107551488,0.8302325581395349,0.8632768361581921
0.8231132075471698,0.7985436893203883,0.7648514851485149,0.7886977886977887,0.8352668213457076,0.8321678321678322,0.8394495412844036,0.80622009569378,0.8028335301062574,0.7976190476190477,0.8337236533957846,0.8300578034682081,0.8281430219146482,0.7995198079231692,0.8316151202749141
0.8392638036809816,0.8005115089514067,0.7836107554417413,0.8060836501901141,0.8412121212121212,0.8436363636363636,0.8496420047732697,0.8005050505050505,0.8119551681195517,0.8009950248756219,0.8383961117861483,0.8371531966224367,0.8381642512077294,0.7995018679950187,0.8407185628742515
0.8321513002364066,0.8203883495145631,0.7950617283950617,0.818955042527339,0.8407494145199064,0.8524590163934426,0.8505747126436781,0.8321342925659473,0.8264462809917356,0.815347721822542,0.8471411901983664,0.8541666666666666,0.8343125734430082,0.8281622911694511,0.8620689655172413
0.8277571251548946,0.8137755102040817,0.7859007832898173,0.8,0.8394160583941606,0.8532675709001233,0.8467153284671532,0.8221941992433796,0.822360248447205,0.8010139416983524,0.848780487804878,0.8343409915356711,0.8481166464155528,0.8146279949558638,0.8598574821852731
0.8343558282208589,0.803030303030303,0.7763496143958869,0.818523153942428,0.8289156626506025,0.8376068376068376,0.8387096774193549,0.8089330024813896,0.7950310559006211,0.8019680196801968,0.8250904704463209,0.8446026097271648,0.8301435406698564,0.8034188034188035,0.8406139315230224
0.8068043742405833,0.7871287128712872,0.7740324594257179,0.7925465838509317,0.8125,0.8311377245508982,0.821301775147929,0.7961165048543689,0.8,0.7874396135265701,0.8148148148148148,0.8302325581395349,0.8105515587529976,0.784503631961259,0.8218859138533178
0.8339140534262486,0.8043217286914766,0.7814407814407814,0.8076009501187649,0.8308400460299195,0.8413793103448276,0.8431818181818181,0.8122786304604487,0.8066037735849056,0.8084112149532711,0.8371559633027523,0.8419864559819413,0.8395904436860068,0.810304449648712,0.849438202247191
0.8176400476758046,0.7845579078455791,0.7628607277289837,0.7609511889862328,0.8155111633372503,0.8321513002364066,0.8308051341890315,0.7995110024449877,0.7947178871548619,0.7726161369193154,0.8197879858657244,0.8200934579439252,0.81786133960047,0.7836538461538461,0.8341013824884793
0.8414918414918415,0.8161328588374852,0.7980769230769231,0.8114558472553699,0.8405466970387244,0.8427095292766934,0.8382687927107062,0.8142011834319527,0.819557625145518,0.81786133960047,0.8327566320645905,0.8597081930415263,0.8428246013667426,0.816374269005848,0.8455467869222097
0.8398058252427184,0.8121059268600253,0.7944162436548223,0.7902813299232737,0.8395657418576599,0.8509615384615384,0.8359281437125748,0.8104738154613467,0.8039457459926017,0.8009950248756219,0.8443908323281062,0.8459715639810427,0.8331332533013205,0.7975308641975308,0.8474178403755869
0.8436724565756824,0.8091603053435115,0.7735099337748345,0.7989690721649485,0.8355995055624228,0.8302354399008675,0.8410757946210269,0.8040712468193384,0.8125786163522013,0.7902813299232737,0.8388683886838868,0.8405797101449275,0.8327228327228328,0.8095838587641866,0.8516284680337757
0.78239608801956,0.7566204287515763,0.7323943661971831,0.7538071065989848,0.8014440433212996,0.8091236494597839,0.8057210965435042,0.7758620689655172,0.7644882860665845,0.7595561035758323,0.7951807228915663,0.8070588235294117,0.8018979833926453,0.7652811735941321,0.8070588235294117
0.8106796116504854,0.7918781725888325,0.7644787644787645,0.7879548306148055,0.8164251207729468,0.8238153098420413,0.8329411764705882,0.7979924717691342,0.7945879458794588,0.7810945273631841,0.8159806295399515,0.830952380952381,0.8201438848920863,0.7935323383084577,0.8284023668639053
0.8158220024721878,0.8054862842892768,0.7676508344030809,0.7857142857142857,0.8309178743961353,0.8300970873786407,0.8388625592417062,0.8074074074074075,0.8102815177478581,0.7950617283950617,0.821256038647343,0.8327402135231317,0.8188405797101449,0.803921568627451,0.8352941176470589
0.8173076923076923,0.8232445520581114,0.7841191066997518,0.7950617283950617,0.8293838862559242,0.8180737217598097,0.8247663551401869,0.8057901085645356,0.8076463560334528,0.801920768307323,0.8279952550415184,0.840512223515716,0.8188235294117647,0.7976190476190477,0.8333333333333334
0.8454332552693209,0.8091787439613527,0.7926829268292683,0.8125755743651754,0.8393063583815029,0.8512110726643599,0.8538812785388128,0.8193624557260921,0.823803967327888,0.8264462809917356,0.8402777777777778,0.8424657534246576,0.8473804100227791,0.8028503562945368,0.85456595264938
0.830655129789864,0.8071065989847716,0.782608695652174,0.818976279650437,0.841596130592503,0.8274173806609547,0.8387096774193549,0.8149068322981367,0.8151774785801713,0.8233861144945189,0.8414634146341463,0.8502994011976048,0.8299155609167672,0.821078431372549,0.8517200474495848
0.8508670520231214,0.8476977567886659,0.8096385542168675,0.8317535545023697,0.8594285714285714,0.868270332187858,0.853907134767837,0.8505214368482039,0.8404133180252583,0.835820895522388,0.867579908675799,0.8636363636363636,0.8486916951080774,0.8427095292766934,0.8587443946188341
0.8275862068965517,0.8107476635514018,0.7919621749408984,0.8056537102473498,0.8429378531073446,0.8320180383314544,0.8478747203579419,0.8166089965397924,0.8264840182648402,0.8055235903337169,0.8393665158371041,0.8417508417508418,0.8346456692913385,0.8128587830080367,0.8453837597330367
0.8285024154589372,0.7929736511919699,0.7662835249042146,0.7750952986022872,0.8233890214797136,0.8370986920332937,0.8333333333333334,0.8034398034398035,0.7945544554455446,0.7790262172284644,0.8311377245508982,0.8208778173190985,0.8261904761904761,0.7886977886977887,0.8208778173190985
0.8341121495327103,0.8009708737864077,0.778998778998779,0.7995169082125604,0.8329466357308585,0.8350877192982457,0.8443935926773455,0.8161328588374852,0.8080094228504122,0.797153024911032,0.8311990686845169,0.8339140534262486,0.8346820809248555,0.8094117647058824,0.8294930875576036
0.810062893081761,0.7702349869451697,0.7674113009198423,0.7845161290322581,0.8158220024721878,0.818407960199005,0.8231046931407943,0.7837150127226463,0.7829360100376411,0.779746835443038,0.7980049875311721,0.8092909535452323,0.8058968058968059,0.7766497461928934,0.8260869565217391
0.8084606345475911,0.7985611510791367,0.769041769041769,0.8004807692307693,0.8240740740740741,0.8271028037383178,0.8283752860411899,0.8018979833926453,0.8060394889663183,0.7829181494661922,0.8392246294184721,0.8382687927107062,0.8240740740740741,0.8023529411764706,0.8468468468468469
0.837708830548926,0.8242424242424242,0.7810945273631841,0.8093480934809348,0.8511627906976744,0.8494749124854143,0.8578034682080925,0.8238095238095238,0.8323563892145369,0.8110047846889952,0.8474178403755869,0.8515535097813579,0.8489042675893888,0.8311688311688312,0.8642533936651584
0.821078431372549,0.7875,0.7809762202753442,0.7964824120603015,0.8242424242424242,0.8327316486161251,0.8388625592417062,0.8024539877300614,0.7970660146699267,0.7975609756097561,0.8193939393939393,0.8249400479616307,0.8208232445520581,0.7995110024449877,0.8355029585798817
0.8333333333333334,0.8075471698113208,0.7779204107830552,0.8050314465408805,0.8466111771700356,0.8343409915356711,0.8440797186400938,0.8133498145859085,0.802937576499388,0.8117359413202934,0.8347406513872135,0.842603550295858,0.8357142857142857,0.8029556650246306,0.8423529411764706
0.808252427184466,0.7980416156670747,0.7628607277289837,0.7945879458794588,0.8175355450236966,0.8119760479041916,0.8300117233294255,0.7995139732685298,0.8038507821901324,0.7833537331701347,0.8185053380782918,0.8333333333333334,0.8226950354609929,0.7947178871548619,0.8220140515222483
0.8283062645011601,0.7845968712394705,0.7729468599033816,0.7976190476190477,0.830102622576967,0.8365714285714285,0.834841628959276,0.7976608187134503,0.8046783625730994,0.7924970691676436,0.8242009132420092,0.8276643990929705,0.8195232690124858,0.7976744186046512,0.8293785310734463
0.8299643281807372,0.7995110024449877,0.7613065326633166,0.8019559902200489,0.8424737456242707,0.8266033254156769,0.8518518518518519,0.7985436893203883,0.8149038461538461,0.8,0.8243559718969555,0.8427095292766934,0.827262044653349,0.8043217286914766,0.8395348837209302
0.8331360946745562,0.7990255785627284,0.7806691449814126,0.7901234567901234,0.8298368298368298,0.8323563892145369,0.8387096774193549,0.801452784503632,0.8023809523809524,0.7835550181378477,0.8315665488810365,0.8275862068965517,0.8162790697674419,0.7980884109916367,0.8365714285714285
0.873015873015873,0.8218527315914489,0.8004836759371221,0.8163265306122449,0.8619909502262444,0.865909090909091,0.8655367231638418,0.817432273262662,0.823803967327888,0.8218859138533178,0.8519362186788155,0.8478015783540023,0.8552036199095022,0.8190255220417634,0.8603351955307262
0.8341232227488151,0.8101571946795647,0.7738693467336684,0.800982800982801,0.8372093023255814,0.8460634547591069,0.8423475258918297,0.8047904191616766,0.8110047846889952,0.8076463560334528,0.8321678321678322,0.847651775486827,0.8315911730545877,0.8014354066985646,0.8427095292766934
0.8496420047732697,0.8236744759556104,0.7747747747747747,0.8188585607940446,0.8479809976247031,0.8455089820359282,0.8608187134502924,0.8141809290953546,0.8198307134220073,0.8116646415552855,0.8527315914489311,0.8534583821805393,0.850412249705536,0.8106151990349819,0.8501170960187353
0.810062893081761,0.80306905370844,0.7403462050599201,0.7928388746803069,0.8194271481942715,0.8130489335006273,0.8327228327228328,0.7969543147208121,0.7989886219974716,0.7904040404040404,0.817283950617284,0.8278388278388278,0.8143564356435643,0.789272030651341,0.8250904704463209
0.8271752085816448,0.8106796116504854,0.7745952677459527,0.7892156862745098,0.8380281690140845,0.8481308411214953,0.8389339513325609,0.8134777376654633,0.8117647058823529,0.7918170878459687,0.8448074679113186,0.8393063583815029,0.8439306358381503,0.8071428571428572,0.8441410693970421
0.8130277442702051,0.7880299251870324,0.7707808564231738,0.7930607187112764,0.8162291169451074,0.8273381294964028,0.8390129259694477,0.8004895960832313,0.8019441069258809,0.7912087912087912,0.8232502965599051,0.8262910798122066,0.8264462809917356,0.7995169082125604,0.851258581235698
0.8554360812425329,0.8288508557457213,0.8109452736318408,0.8158220024721878,0.8541423570595099,0.8728121353558926,0.8611111111111112,0.8283313325330132,0.8327402135231317,0.8058252427184466,0.8481308411214953,0.8428405122235157,0.8558139534883721,0.821301775147929,0.8633257403189066
0.8280701754385965,0.817966903073286,0.7795371498172959,0.8124253285543608,0.8290993071593533,0.831981460023175,0.8431818181818181,0.813599062133646,0.8046783625730994,0.8042452830188679,0.8447488584474886,0.8321995464852607,0.8350398179749715,0.8144690781796966,0.8458942632170978
0.8528389339513326,0.8367103694874851,0.795593635250918,0.8120481927710843,0.861397479954181,0.860730593607306,0.8638920134983127,0.8299643281807372,0.840512223515716,0.8214285714285714,0.8594285714285714,0.8674157303370786,0.8594104308390023,0.8274231678486997,0.8645598194130926
0.8351383874849578,0.8074074074074075,0.7825,0.8019925280199253,0.8229665071770335,0.8421052631578947,0.8355029585798817,0.8117359413202934,0.814993954050786,0.8,0.8229665071770335,0.8481308411214953,0.833922261484099,0.7995139732685298,0.8428405122235157
0.8157248157248157,0.7923076923076923,0.765625,0.7924050632911392,0.8132678132678133,0.8182941903584673,0.8266666666666667,0.799492385786802,0.7955112219451371,0.7829360100376411,0.8266666666666667,0.8307322929171669,0.8200734394124847,0.785,0.8407185628742515
0.8117359413202934,0.806930693069307,0.7666666666666667,0.7879548306148055,0.8270142180094787,0.8270858524788391,0.84,0.8034398034398035,0.8096969696969697,0.7857142857142857,0.8307692307692308,0.8358913813459268,0.836662749706228,0.8033980582524272,0.8424737456242707
0.8422301304863582,0.802937576499388,0.7843137254901961,0.8063725490196079,0.8437132784958872,0.8457943925233645,0.8416184971098266,0.8140096618357487,0.8047904191616766,0.7903614457831325,0.851508120649652,0.8489042675893888,0.8335273573923166,0.8100358422939068,0.8452655889145496
0.8458864426419467,0.8216867469879519,0.8029020556227328,0.8091236494597839,0.841743119266055,0.8502304147465438,0.85,0.8200238379022646,0.8122786304604487,0.8251748251748252,0.8466819221967964,0.8590604026845637,0.8568181818181818,0.8,0.8603351955307262
0.8529411764705882,0.8254716981132075,0.7951807228915663,0.8229777256740914,0.8581005586592179,0.8561721404303511,0.8606194690265486,0.8214702450408401,0.823121387283237,0.8199767711962834,0.8484162895927602,0.8662983425414365,0.8549107142857143,0.8281430219146482,0.8530386740331491
0.8365714285714285,0.7905325443786982,0.7572815533980582,0.7870813397129187,0.8321995464852607,0.8382022471910112,0.8463251670378619,0.7929824561403509,0.7953488372093023,0.784452296819788,0.8275084554678692,0.8320355951056729,0.8305274971941639,0.7981330221703618,0.844789356984479
0.8229777256740914,0.80622009569378,0.7720588235294118,0.7980652962515115,0.8199767711962834,0.836405529953917,0.8361970217640321,0.8056872037914692,0.7995283018867925,0.7876631079478055,0.8293241695303551,0.816933638443936,0.8266360505166476,0.7877358490566038,0.8392246294184721
0.8310185185185185,0.8014440433212996,0.7686658506731946,0.7917174177831913,0.8341013824884793,0.8350634371395617,0.8510158013544018,0.8151658767772512,0.8200934579439252,0.7909199522102748,0.8312284730195177,0.8395904436860068,0.8248847926267281,0.8028335301062574,0.8571428571428571
0.8308823529411765,0.8212083847102343,0.7888040712468194,0.788339670468948,0.8400954653937948,0.8547619047619047,0.8437132784958872,0.8200734394124847,0.8156288156288156,0.8034610630407911,0.8400954653937948,0.8388625592417062,0.8299643281807372,0.8092909535452323,0.8423529411764706
0.8357142857142857,0.8225214198286414,0.7975460122699386,0.80545229244114,0.8457008244994111,0.8467836257309942,0.8471411901983664,0.8321342925659473,0.8195937873357229,0.8092345078979344,0.8449704142011835,0.8551401869158879,0.8491228070175438,0.8101571946795647,0.8554913294797688
0.8380024360535931,0.8155583437892095,0.7979669631512071,0.8198757763975155,0.8479041916167664,0.8502415458937198,0.8520710059171598,0.8143564356435643,0.8223844282238443,0.8147239263803681,0.8564593301435407,0.8458781362007168,0.8537735849056604,0.8112745098039216,0.8627906976744186
0.8235294117647058,0.8233861144945189,0.8,0.8245192307692307,0.8378698224852071,0.8349056603773585,0.8435689455388181,0.8277511961722488,0.8260355029585799,0.8090692124105012,0.839390386869871,0.8442906574394463,0.8321678321678322,0.8160377358490566,0.8457142857142858
0.8452655889145496,0.8311688311688312,0.8043217286914766,0.8110709987966306,0.843069873997709,0.8600917431192661,0.8519362186788155,0.8372093023255814,0.8298368298368298,0.8233918128654971,0.856492027334852,0.8548931383577053,0.8464163822525598,0.8277456647398844,0.8644444444444445
0.8033980582524272,0.7848101265822784,0.7660668380462725,0.7890137328339576,0.8076463560334528,0.8218181818181818,0.8186157517899761,0.7990074441687345,0.7975609756097561,0.7862407862407862,0.8062575210589651,0.8276670574443142,0.8195937873357229,0.7847478474784748,0.8292108362779741
0.8358556461001164,0.778998778998779,0.7705521472392638,0.7761557177615572,0.8263888888888888,0.831981460023175,0.8337129840546698,0.7852028639618138,0.7857142857142857,0.7818831942789034,0.8274285714285714,0.823394495412844,0.8283752860411899,0.7872340425531915,0.84375
0.8300970873786407,0.8009950248756219,0.7731305449936628,0.8113440197287299,0.8243727598566308,0.8371531966224367,0.8429752066115702,0.8083538083538083,0.8154402895054282,0.8092345078979344,0.8333333333333334,0.8416075650118203,0.8339307048984468,0.8068043742405833,0.836662749706228
0.8254716981132075,0.794044665012407,0.7845579078455791,0.8019559902200489,0.8257309941520468,0.8325471698113207,0.8459770114942529,0.7906976744186046,0.7932285368802902,0.8024096385542169,0.8418604651162791,0.8342989571263036,0.8259860788863109,0.788391777509069,0.8298850574712644
0.8621089223638471,0.8216867469879519,0.7945544554455446,0.7950920245398773,0.8478513356562137,0.8571428571428571,0.86368843069874,0.8139255702280912,0.8218527315914489,0.8119047619047619,0.8418604651162791,0.8452655889145496,0.8472222222222222,0.8100358422939068,0.8613636363636363
0.8244994110718492,0.8157894736842105,0.7780487804878049,0.8053204353083434,0.8276670574443142,0.8304093567251462,0.8331415420023015,0.8218527315914489,0.8140350877192982,0.8098591549295775,0.8439306358381503,0.8342857142857143,0.8473019517795637,0.8127208480565371,0.8390022675736961
0.8404761904761905,0.8137254901960784,0.7895392278953923,0.8143564356435643,0.851808634772462,0.8584795321637427,0.8511627906976744,0.8092345078979344,0.8135593220338984,0.8062575210589651,0.8477751756440282,0.8505214368482039,0.8417350527549824,0.8100961538461539,0.8427095292766934
0.8372093023255814,0.8202653799758746,0.7916666666666666,0.8063337393422655,0.8395348837209302,0.8393063583815029,0.8413793103448276,0.8247914183551848,0.8236686390532545,0.8,0.8410138248847926,0.8423475258918297,0.8306264501160093,0.8156028368794326,0.8457142857142858
0.8070175438596491,0.7688311688311689,0.7194630872483222,0.7690322580645161,0.7990135635018496,0.8114856429463171,0.8206388206388207,0.7694300518134715,0.7723785166240409,0.7580025608194623,0.8034825870646766,0.7985257985257985,0.8064118372379778,0.7611749680715197,0.8193939393939393
0.8428745432399513,0.8163771712158809,0.7889447236180904,0.8105395232120451,0.8456057007125891,0.8423586040914561,0.8483412322274881,0.8171779141104294,0.8208232445520581,0.818070818070818,0.8345323741007195,0.839622641509434,0.8424821002386634,0.8208232445520581,0.8504672897196262
0.825511432009627,0.8049382716049382,0.7823899371069183,0.7975155279503106,0.8327402135231317,0.8404761904761905,0.8358556461001164,0.7995110024449877,0.8058252427184466,0.7917174177831913,0.830367734282325,0.833922261484099,0.8356807511737089,0.7990255785627284,0.8450057405281286
0.8238153098420413,0.8074074074074075,0.7804265997490589,0.7890137328339576,0.8317535545023697,0.834326579261025,0.8356807511737089,0.8092345078979344,0.8124253285543608,0.7951515151515152,0.8356807511737089,0.8337236533957846,0.8240850059031877,0.8,0.8348837209302326
0.8537455410225921,0.8133498145859085,0.806930693069307,0.801980198019802,0.8541176470588235,0.859504132231405,0.8541423570595099,0.8249400479616307,0.8388625592417062,0.8266033254156769,0.8524590163934426,0.8528735632183908,0.8424737456242707,0.8222748815165877,0.8665906499429875
0.8068880688806888,0.770595690747782,0.7525773195876289,0.7668789808917198,0.8038976857490865,0.7995079950799509,0.8139255702280912,0.7766749379652605,0.7766749379652605,0.7690387016229713,0.7975757575757576,0.8009592326139089,0.7995169082125604,0.7667493796526055,0.8052884615384616
0.8264058679706602,0.7969735182849937,0.7786259541984732,0.807061790668348,0.8289156626506025,0.8253968253968254,0.8428571428571429,0.8094059405940595,0.807361963190184,0.8068880688806888,0.8266666666666667,0.833729216152019,0.8341346153846154,0.8098159509202454,0.8295589988081049
0.8056872037914692,0.7814407814407814,0.7487437185929648,0.769041769041769,0.8144690781796966,0.8294392523364486,0.8294930875576036,0.7806060606060606,0.7938021454112039,0.7755102040816326,0.819557625145518,0.8167053364269141,0.8130841121495327,0.7768395657418576,0.8448471121177803
0.8060747663551402,0.7995169082125604,0.7684729064039408,0.7980997624703088,0.8209806157354618,0.8250289687137891,0.8327721661054994,0.801909307875895,0.8093023255813954,0.7939110070257611,0.8220436280137773,0.8391451068616423,0.830102622576967,0.7868852459016393,0.8387096774193549
0.8210526315789474,0.7801932367149759,0.7586206896551724,0.7777777777777778,0.8135198135198135,0.8181818181818182,0.8202764976958525,0.7755102040816326,0.7865707434052758,0.7736526946107785,0.8194444444444444,0.8087557603686636,0.8193325661680092,0.7710843373493976,0.8199320498301246
0.8116646415552855,0.8112745098039216,0.782608695652174,0.7860696517412935,0.8319623971797885,0.829736211031175,0.8185053380782918,0.8116646415552855,0.8110709987966306,0.7922705314009661,0.8228299643281808,0.8315665488810365,0.8355029585798817,0.7985524728588661,0.8432055749128919
0.8444976076555024,0.8088779284833539,0.7850931677018633,0.8014888337468983,0.8412322274881516,0.8439716312056738,0.8534883720930233,0.8115942028985508,0.805352798053528,0.8115246098439376,0.8450704225352113,0.8432055749128919,0.8455284552845529,0.8062575210589651,0.8492520138089759
0.8358913813459268,0.8038740920096852,0.7892813641900122,0.8073170731707318,0.8482758620689655,0.8401400233372228,0.8633257403189066,0.8189349112426035,0.8170011806375442,0.8136792452830188,0.8425925925925926,0.8432919954904171,0.8473019517795637,0.8136792452830188,0.8610169491525423
0.8203221809169765,0.8025316455696202,0.7710219922380336,0.7943805874840357,0.8258221680876979,0.8382352941176471,0.8397129186602871,0.8020050125313283,0.8009888751545118,0.7949685534591195,0.8289156626506025,0.8466981132075472,0.8383233532934131,0.807361963190184,0.850412249705536
0.8222490931076178,0.7975,0.7766497461928934,0.7960199004975125,0.8333333333333334,0.8374851720047449,0.8329466357308585,0.8088235294117647,0.8072727272727273,0.7956204379562044,0.8443396226415094,0.8309859154929577,0.8311688311688312,0.8173076923076923,0.839677047289504
0.8214731585518102,0.7844155844155845,0.7631578947368421,0.78748370273794,0.821078431372549,0.826302729528536,0.8308823529411765,0.7979669631512071,0.7842639593908629,0.7888040712468194,0.8134328358208955,0.8141809290953546,0.8171779141104294,0.7929736511919699,0.8270858524788391
0.8423586040914561,0.8054862842892768,0.7884130982367759,0.8020050125313283,0.8355342136854742,0.8509615384615384,0.8544378698224852,0.8083538083538083,0.8048780487804879,0.7965686274509803,0.8317307692307693,0.833530106257379,0.838479809976247,0.7936117936117936,0.8454332552693209
0.8372093023255814,0.8118811881188119,0.7873417721518987,0.8020176544766708,0.830952380952381,0.8443908323281062,0.8459715639810427,0.8200734394124847,0.8185140073081608,0.7965260545905707,0.8432304038004751,0.8490566037735849,0.8281622911694511,0.8112058465286236,0.8545034642032333
0.8152709359605911,0.7844611528822055,0.7595907928388747,0.7853535353535354,0.804374240583232,0.8083538083538083,0.8263473053892215,0.7841191066997518,0.7850931677018633,0.7755610972568578,0.7990255785627284,0.8114558472553699,0.8105515587529976,0.7783251231527094,0.8162291169451074
0.8233890214797136,0.8121212121212121,0.7836835599505563,0.8019680196801968,0.839766081871345,0.8292108362779741,0.840512223515716,0.8167664670658683,0.8236686390532545,0.8057901085645356,0.8418604651162791,0.8419838523644751,0.8358556461001164,0.8181818181818182,0.8459770114942529
0.8306264501160093,0.8009650180940893,0.7694204685573366,0.7903030303030303,0.8317972350230415,0.8378063010501751,0.8318181818181818,0.8099762470308789,0.8023529411764706,0.7943262411347518,0.8329466357308585,0.8306636155606407,0.8244803695150116,0.8080094228504122,0.8251428571428572
0.8228299643281808,0.8009708737864077,0.7871287128712872,0.7941176470588235,0.8294392523364486,0.8276670574443142,0.8408826945412311,0.8066825775656324,0.8156028368794326,0.7856287425149701,0.8150765606595995,0.8346636259977195,0.8209302325581396,0.800942285041225,0.8365714285714285
0.833530106257379,0.8038976857490865,0.7653701380175659,0.7916152897657214,0.8350877192982457,0.8329411764705882,0.8317757009345794,0.7970838396111786,0.7917174177831913,0.7902439024390244,0.8249118683901293,0.8337182448036952,0.8325581395348837,0.787363304981774,0.8339140534262486
0.8218181818181818,0.8029739776951673,0.7845579078455791,0.7874213836477988,0.8323424494649228,0.8341232227488151,0.8264462809917356,0.8134777376654633,0.805352798053528,0.7888349514563107,0.8148148148148148,0.8207547169811321,0.817966903073286,0.7995169082125604,0.8156956004756243
0.8047619047619048,0.7961630695443646,0.7530864197530864,0.7723970944309927,0.8214702450408401,0.8074679113185531,0.8119266055045872,0.7904761904761904,0.7962529274004684,0.7741935483870968,0.8130081300813008,0.826879271070615,0.8127853881278538,0.7797408716136631,0.8235294117647058
0.80622009569378,0.7731305449936628,0.759235668789809,0.7627551020408163,0.8091236494597839,0.8134777376654633,0.8165680473372781,0.7820672478206725,0.7736318407960199,0.772104607721046,0.8067632850241546,0.8104265402843602,0.8109393579072532,0.7741935483870968,0.8280701754385965
0.8255528255528255,0.8015170670037927,0.762402088772846,0.7928843710292249,0.8315151515151515,0.8298653610771114,0.8235294117647058,0.7985074626865671,0.7965260545905707,0.7860696517412935,0.8146341463414634,0.8208232445520581,0.8187274909963985,0.7985166872682324,0.8246674727932285
0.8276699029126213,0.8094059405940595,0.7894073139974779,0.8075,0.8347205707491082,0.8311377245508982,0.8424737456242707,0.8122699386503067,0.8158844765342961,0.8019559902200489,0.8317535545023697,0.8430913348946136,0.8349056603773585,0.8116646415552855,0.8401400233372228
0.8347010550996483,0.8159806295399515,0.7841191066997518,0.7995110024449877,0.8451688009313155,0.8514619883040936,0.8410138248847926,0.8123515439429929,0.8109393579072532,0.7961859356376639,0.8350877192982457,0.8495981630309989,0.8375870069605569,0.8042704626334519,0.8375286041189931
0.7995139732685298,0.779746835443038,0.7421052631578947,0.7848101265822784,0.8048192771084337,0.8118081180811808,0.8133174791914387,0.7682619647355163,0.7921279212792128,0.7610619469026548,0.7995139732685298,0.8128724672228844,0.8052884615384616,0.7707808564231738,0.8094674556213017
0.8377445339470656,0.8141176470588235,0.7759036144578313,0.7995226730310262,0.8342728297632469,0.8378995433789954,0.8468468468468469,0.8167053364269141,0.825836216839677,0.8023255813953488,0.8209806157354618,0.8446927374301676,0.8329571106094809,0.8151549942594719,0.8625277161862528
0.8224076281287247,0.8014796547472256,0.7632241813602015,0.7935323383084577,0.8247663551401869,0.8266033254156769,0.8317757009345794,0.7896678966789668,0.8038277511961722,0.7815533980582524,0.8161328588374852,0.8182883939038686,0.8165680473372781,0.7855421686746988,0.8423475258918297
0.8184019370460048,0.8233861144945189,0.7879548306148055,0.8083538083538083,0.8402366863905325,0.831942789034565,0.839390386869871,0.8301435406698564,0.8228299643281808,0.8029020556227328,0.833530106257379,0.8425925925925926,0.8384074941451991,0.8166666666666667,0.8548387096774194
0.8463414634146341,0.8225,0.8151898734177215,0.8316831683168316,0.8523809523809524,0.8619447779111644,0.8651817116060961,0.8325123152709359,0.8292682926829268,0.8203883495145631,0.8578199052132701,0.8514619883040936,0.859504132231405,0.8266666666666667,0.8601398601398601
0.8149068322981367,0.797979797979798,0.7717948717948718,0.7888040712468194,0.8215158924205379,0.823960880195599,0.8265060240963855,0.7975,0.7955390334572491,0.7945205479452054,0.8127294981640147,0.8243727598566308,0.8083028083028083,0.7885572139303483,0.8305489260143198
0.8348837209302326,0.8124253285543608,0.8,0.8229665071770335,0.8394495412844036,0.8459770114942529,0.8568181818181818,0.8249118683901293,0.8287037037037037,0.8197879858657244,0.8465974625144176,0.8465011286681715,0.8405466970387244,0.8220140515222483,0.8587443946188341
0.8073170731707318,0.800982800982801,0.7668789808917198,0.7980295566502463,0.8204518430439952,0.8305489260143198,0.839390386869871,0.7995139732685298,0.7888349514563107,0.7932285368802902,0.8293838862559242,0.8225616921269095,0.8244994110718492,0.788391777509069,0.8288707799767171
0.8181818181818182,0.7985436893203883,0.7633209417596035,0.7945879458794588,0.8275058275058275,0.8323563892145369,0.8302325581395349,0.8028673835125448,0.8009535160905841,0.7932692307692307,0.8275058275058275,0.8323699421965318,0.8306264501160093,0.8023809523809524,0.8404133180252583
0.8248847926267281,0.7938021454112039,0.7630619684082625,0.7761557177615572,0.8342728297632469,0.8314087759815243,0.8333333333333334,0.7943262411347518,0.7920560747663551,0.7784290738569754,0.8183908045977012,0.8385650224215246,0.830102622576967,0.7887981330221704,0.8417508417508418
0.8086124401913876,0.7946210268948656,0.7641866330390921,0.8029197080291971,0.8290398126463701,0.8231132075471698,0.8333333333333334,0.7951515151515152,0.80622009569378,0.7918170878459687,0.8341121495327103,0.8400460299194477,0.8381171067738232,0.7922705314009661,0.8341013824884793
0.8221153846153846,0.7801242236024845,0.7560050568900126,0.7881040892193308,0.8252080856123662,0.8299643281807372,0.8343125734430082,0.7863247863247863,0.7966305655836342,0.782608695652174,0.8258823529411765,0.8311990686845169,0.8114558472553699,0.7796610169491526,0.8283062645011601
0.8203821656050956,0.8015564202334631,0.7649402390438247,0.7808764940239044,0.8190954773869347,0.8348045397225725,0.8207663782447466,0.7912371134020618,0.7933673469387755,0.7672301690507152,0.8035043804755945,0.826302729528536,0.818407960199005,0.7772020725388601,0.8288508557457213
0.8291517323775388,0.7839195979899497,0.7698209718670077,0.785982478097622,0.8238095238095238,0.8305489260143198,0.8329411764705882,0.7880299251870324,0.8019559902200489,0.7882496940024479,0.8143712574850299,0.8323563892145369,0.8214285714285714,0.7862407862407862,0.8378063010501751
0.8215568862275449,0.7931456548347613,0.7634543178973717,0.8,0.8309859154929577,0.821301775147929,0.8422273781902552,0.8019323671497585,0.8047904191616766,0.7825030376670717,0.823943661971831,0.8362369337979094,0.8375870069605569,0.7956730769230769,0.8413793103448276
0.7951219512195122,0.7757125154894672,0.7412060301507538,0.7836835599505563,0.8123515439429929,0.8047619047619048,0.8140350877192982,0.7902439024390244,0.7913669064748201,0.7761557177615572,0.8142857142857143,0.812206572769953,0.8094117647058824,0.782608695652174,0.8186046511627907
0.8403361344537815,0.8268292682926829,0.7770700636942676,0.806930693069307,0.8544378698224852,0.8496420047732697,0.8564705882352941,0.8213851761846902,0.8239520958083832,0.8073170731707318,0.8537735849056604,0.850412249705536,0.851764705882353,0.8225419664268585,0.8551564310544612
0.8311990686845169,0.8087167070217918,0.7711442786069652,0.8115246098439376,0.8423475258918297,0.8472222222222222,0.8542141230068337,0.8086124401913876,0.8193624557260921,0.7933094384707288,0.8440366972477065,0.8341013824884793,0.8427095292766934,0.7952380952380952,0.8490351872871736
0.8246445497630331,0.8014705882352942,0.7703889585947302,0.8231046931407943,0.8344827586206897,0.8497652582159625,0.8532731376975169,0.8115246098439376,0.8052256532066508,0.8141176470588235,0.8393063583815029,0.8424657534246576,0.8522727272727273,0.8052256532066508,0.8561797752808988
0.8321678321678322,0.8004807692307693,0.7839805825242718,0.7803680981595092,0.8410138248847926,0.8423475258918297,0.8390022675736961,0.8071428571428572,0.8084606345475911,0.7947805456702254,0.8333333333333334,0.8365714285714285,0.8352402745995423,0.8042704626334519,0.832
0.7995079950799509,0.7729591836734694,0.7532467532467533,0.7745222929936306,0.7941176470588235,0.8142681426814268,0.8101571946795647,0.7779171894604768,0.77,0.7846534653465347,0.8049079754601227,0.8029197080291971,0.7995139732685298,0.773067331670823,0.8004807692307693
0.8175182481751825,0.7737041719342604,0.7609254498714653,0.7822784810126582,0.8177458033573142,0.8299155609167672,0.83451536643026,0.7866004962779156,0.7802469135802469,0.7777777777777778,0.8235294117647058,0.8194774346793349,0.821301775147929,0.7741935483870968,0.8333333333333334
0.8271028037383178,0.8143712574850299,0.7720588235294118,0.8004836759371221,0.8242142025611175,0.8287037037037037,0.8346636259977195,0.8085106382978723,0.8208092485549133,0.7976331360946746,0.8265424912689173,0.835990888382688,0.8239355581127733,0.8121353558926487,0.831638418079096
0.8488372093023255,0.8114558472553699,0.7814407814407814,0.7897310513447433,0.8535469107551488,0.8678815489749431,0.8623024830699775,0.8188235294117647,0.8187134502923976,0.8118343195266272,0.8590909090909091,0.8473019517795637,0.8571428571428571,0.8169014084507042,0.8657718120805369
0.8156288156288156,0.7873417721518987,0.7758186397984886,0.8034825870646766,0.8158844765342961,0.8221153846153846,0.8284023668639053,0.796044499381953,0.8058968058968059,0.7852760736196319,0.8076923076923077,0.8246445497630331,0.8167664670658683,0.8,0.836662749706228
0.8240963855421687,0.8102815177478581,0.7865168539325843,0.821078431372549,0.8357142857142857,0.8387096774193549,0.8478513356562137,0.8077388149939541,0.8081534772182254,0.8,0.8274231678486997,0.8313817330210773,0.8447058823529412,0.8019441069258809,0.8461538461538461
0.8333333333333334,0.797011207970112,0.783375314861461,0.8014888337468983,0.838479809976247,0.8245192307692307,0.831942789034565,0.800982800982801,0.8178528347406514,0.795593635250918,0.8253588516746412,0.8413631022326674,0.8252080856123662,0.7961165048543689,0.8376470588235294
0.8311377245508982,0.8141809290953546,0.7784730913642053,0.8127294981640147,0.84,0.8305489260143198,0.8444444444444444,0.8202653799758746,0.8208778173190985,0.8104886769964244,0.8486997635933806,0.8461538461538461,0.8374269005847953,0.8133174791914387,0.8591065292096219
0.84375,0.8104089219330854,0.7894736842105263,0.815365551425031,0.8578199052132701,0.8428571428571429,0.8568075117370892,0.8127294981640147,0.8174123337363967,0.8029197080291971,0.8311377245508982,0.8476977567886659,0.850356294536817,0.8115942028985508,0.8409893992932862
0.833922261484099,0.8141809290953546,0.7896039603960396,0.800976800976801,0.8335273573923166,0.840512223515716,0.8446490218642118,0.8174123337363967,0.8201438848920863,0.8095808383233533,0.8339140534262486,0.8471121177802945,0.8323699421965318,0.7980769230769231,0.8387096774193549
0.8296296296296296,0.7994955863808323,0.7784891165172856,0.789873417721519,0.8230958230958231,0.8278388278388278,0.8341346153846154,0.8044831880448319,0.8127294981640147,0.7965260545905707,0.837772397094431,0.834326579261025,0.8216867469879519,0.8,0.8349282296650717
0.8260869565217391,0.8044831880448319,0.7879548306148055,0.8060075093867334,0.830367734282325,0.8408551068883611,0.8403755868544601,0.8053855569155447,0.8102189781021898,0.8095808383233533,0.8349056603773585,0.8362779740871613,0.8368794326241135,0.8029020556227328,0.8495370370370371
0.8087557603686636,0.8113207547169812,0.7594627594627594,0.7836538461538461,0.8172531214528944,0.8263337116912599,0.8239277652370203,0.8070588235294117,0.793465577596266,0.7783018867924528,0.8123569794050344,0.8251121076233184,0.8131370328425821,0.7887323943661971,0.8139013452914798
0.8148148148148148,0.7850931677018633,0.7646326276463262,0.782716049382716,0.8104265402843602,0.8199052132701422,0.8192488262910798,0.7912087912087912,0.792814371257485,0.7825030376670717,0.8119760479041916,0.8217237308146399,0.8117647058823529,0.7801932367149759,0.8232558139534883
0.8155111633372503,0.8014440433212996,0.7946537059538274,0.8043217286914766,0.8180764774044033,0.8344988344988346,0.8407789232531501,0.8113879003558719,0.8155111633372503,0.8004750593824228,0.8235294117647058,0.8340909090909091,0.814385150812065,0.8009535160905841,0.8451025056947609
0.8317535545023697,0.8159806295399515,0.7871287128712872,0.8044280442804428,0.839907192575406,0.8412322274881516,0.8427095292766934,0.8158844765342961,0.8124253285543608,0.8119760479041916,0.8225616921269095,0.8427095292766934,0.8325581395348837,0.8119760479041916,0.854524627720504
0.8205128205128205,0.7959949937421777,0.7755102040816326,0.7960199004975125,0.8242424242424242,0.8290909090909091,0.8390941597139452,0.8078817733990148,0.80440097799511,0.7945879458794588,0.8260869565217391,0.8409893992932862,0.8287425149700599,0.7995110024449877,0.8325471698113207
0.8052256532066508,0.7883211678832117,0.7558859975216853,0.7669172932330827,0.8099173553719008,0.8220140515222483,0.8158508158508159,0.7971188475390156,0.7932692307692307,0.7860576923076923,0.8172293364377182,0.8323831242873432,0.8227114716106605,0.7880239520958083,0.832183908045977
0.8377445339470656,0.8128724672228844,0.7932692307692307,0.8157894736842105,0.8271889400921659,0.8506271379703535,0.8390022675736961,0.8145539906103286,0.813599062133646,0.8181818181818182,0.8302752293577982,0.8510158013544018,0.8419864559819413,0.8094117647058824,0.8465011286681715
0.8402366863905325,0.8160779537149817,0.7831474597273854,0.8147239263803681,0.8319623971797885,0.8450704225352113,0.8492520138089759,0.8195937873357229,0.8214285714285714,0.8081048867699643,0.8356481481481481,0.8502857142857143,0.839907192575406,0.8186157517899761,0.854875283446712
0.851764705882353,0.8216867469879519,0.7990196078431373,0.8151774785801713,0.8478513356562137,0.8591385331781141,0.8433179723502304,0.831353919239905,0.8199052132701422,0.8284023668639053,0.8438228438228438,0.843069873997709,0.8505747126436781,0.8319623971797885,0.8590909090909091
0.828978622327791,0.7980295566502463,0.7672955974842768,0.7931034482758621,0.8297872340425532,0.8242280285035629,0.8350877192982457,0.7980535279805353,0.8105515587529976,0.7917675544794189,0.8311688311688312,0.8323563892145369,0.8317757009345794,0.8,0.8432055749128919
0.8240740740740741,0.8076463560334528,0.7947178871548619,0.8080568720379147,0.8371040723981901,0.8361970217640321,0.8449438202247191,0.8215962441314554,0.8312284730195177,0.8162790697674419,0.8363636363636363,0.842809364548495,0.8271186440677966,0.8194444444444444,0.8498331479421579
0.8385542168674699,0.8014796547472256,0.7940074906367042,0.8098765432098766,0.8347205707491082,0.8357142857142857,0.8487690504103166,0.8058608058608059,0.8102189781021898,0.8073170731707318,0.8323424494649228,0.8242280285035629,0.830367734282325,0.8019441069258809,0.8333333333333334
0.8228155339805825,0.8009950248756219,0.7595907928388747,0.7842639593908629,0.8374851720047449,0.8438617401668653,0.8437132784958872,0.8068880688806888,0.8087167070217918,0.7816377171215881,0.834326579261025,0.8409893992932862,0.8317535545023697,0.8019559902200489,0.8538011695906432
0.8459770114942529,0.8202115158636898,0.7995255041518387,0.8142011834319527,0.8473804100227791,0.8464163822525598,0.8455467869222097,0.822429906542056,0.8293241695303551,0.8180764774044033,0.8437856328392246,0.8481439820022497,0.8484848484848485,0.8225806451612904,0.8584070796460177
0.8186157517899761,0.7995169082125604,0.7754601226993865,0.7837837837837838,0.8099173553719008,0.8264462809917356,0.8173302107728337,0.8047904191616766,0.7995255041518387,0.7840772014475271,0.8225616921269095,0.8387096774193549,0.8283062645011601,0.7937649880095923,0.8354430379746836
0.8323133414932681,0.8159203980099502,0.7716129032258064,0.807061790668348,0.831942789034565,0.8290909090909091,0.8387096774193549,0.8118811881188119,0.813810110974106,0.7985074626865671,0.8245192307692307,0.8325471698113207,0.8378698224852071,0.8004926108374384,0.8423529411764706
0.8192488262910798,0.7942238267148014,0.7590511860174781,0.8163265306122449,0.8329466357308585,0.8229777256740914,0.8411428571428572,0.8028335301062574,0.8126463700234192,0.7985781990521327,0.835820895522388,0.8344671201814059,0.8323699421965318,0.8117647058823529,0.8350398179749715
0.8323281061519904,0.7989949748743719,0.7858048162230672,0.8089330024813896,0.8267622461170848,0.8347406513872135,0.8323563892145369,0.8093480934809348,0.8115942028985508,0.8019323671497585,0.831942789034565,0.8370457209847597,0.8275862068965517,0.8072727272727273,0.8343125734430082
0.8253223915592028,0.7913148371531966,0.7699876998769988,0.7798277982779828,0.8314087759815243,0.8438228438228438,0.8441410693970421,0.7952095808383234,0.7909738717339667,0.8051643192488263,0.8384879725085911,0.8442437923250564,0.8483466362599772,0.7885304659498208,0.847457627118644
0.8486916951080774,0.8055878928987195,0.7933884297520661,0.8191365227537923,0.8383500557413601,0.8449438202247191,0.8524590163934426,0.8046242774566474,0.8127128263337117,0.8077360637087599,0.8320180383314544,0.8483516483516483,0.8389261744966443,0.7995444191343963,0.845225027442371
0.8335329341317366,0.7990012484394506,0.7776365946632783,0.7975,0.8437132784958872,0.8359281437125748,0.8468677494199536,0.8,0.8097560975609757,0.8038976857490865,0.8417350527549824,0.8387850467289719,0.8455284552845529,0.7960687960687961,0.8449074074074074
0.833729216152019,0.8088235294117647,0.7672955974842768,0.7965474722564735,0.833922261484099,0.839390386869871,0.839766081871345,0.8087167070217918,0.8173076923076923,0.8129496402877698,0.8358913813459268,0.8424737456242707,0.8424737456242707,0.8052884615384616,0.8498845265588915
0.8295589988081049,0.7936507936507936,0.7552795031055901,0.8134777376654633,0.840512223515716,0.8391608391608392,0.8571428571428571,0.8128724672228844,0.8207547169811321,0.8099762470308789,0.8442906574394463,0.8470319634703196,0.8463302752293578,0.8085106382978723,0.8496583143507973
0.8352941176470589,0.8168674698795181,0.802439024390244,0.8091787439613527,0.8393063583815029,0.8348837209302326,0.843069873997709,0.8205741626794258,0.8210023866348448,0.8094674556213017,0.8310185185185185,0.8434285714285714,0.8331415420023015,0.8052256532066508,0.8506787330316742
0.8279181708784596,0.8163771712158809,0.7806122448979592,0.8010012515644556,0.8423529411764706,0.8448687350835322,0.8624277456647399,0.8132678132678133,0.8216867469879519,0.8073170731707318,0.8453364817001181,0.8451688009313155,0.830367734282325,0.8101571946795647,0.8389339513325609
0.8091236494597839,0.7909887359198998,0.7651515151515151,0.7935323383084577,0.8319623971797885,0.8403755868544601,0.8372093023255814,0.802937576499388,0.8081534772182254,0.7892813641900122,0.8378063010501751,0.8315911730545877,0.8416184971098266,0.7966101694915254,0.8406466512702079
0.8152562574493445,0.8034188034188035,0.7862407862407862,0.8029020556227328,0.8321678321678322,0.8438228438228438,0.8369942196531792,0.8043478260869565,0.7952662721893491,0.8018979833926453,0.8438228438228438,0.8333333333333334,0.8356481481481481,0.797153024911032,0.8384879725085911
0.813810110974106,0.7862595419847328,0.7648578811369509,0.786346396965866,0.8130277442702051,0.8152709359605911,0.8285714285714286,0.7839195979899497,0.8034398034398035,0.7910447761194029,0.8,0.8143712574850299,0.8168674698795181,0.7798277982779828,0.8246445497630331
0.8465974625144176,0.8125755743651754,0.7866831072749692,0.8077388149939541,0.8492520138089759,0.8485549132947977,0.8532423208191127,0.8076923076923077,0.8145539906103286,0.7918660287081339,0.8535178777393311,0.8509174311926605,0.8459770114942529,0.7985611510791367,0.8529076396807298
0.8295042321644498,0.7882653061224489,0.7759282970550576,0.8094059405940595,0.8345323741007195,0.841978287092883,0.8561320754716981,0.8094645080946451,0.8063725490196079,0.8044280442804428,0.8327316486161251,0.8474178403755869,0.8480565371024735,0.8156288156288156,0.8538011695906432
0.8351648351648352,0.8126582278481013,0.7809278350515464,0.8095838587641866,0.8443908323281062,0.8463414634146341,0.8608799048751486,0.8110137672090113,0.8089330024813896,0.8123456790123457,0.8408262454434994,0.8451380552220888,0.8499399759903962,0.8079306071871127,0.8615023474178404
0.7994987468671679,0.7949367088607595,0.7606727037516171,0.789272030651341,0.818070818070818,0.8103448275862069,0.8199513381995134,0.7960199004975125,0.8034610630407911,0.7830423940149626,0.816969696969697,0.814993954050786,0.8249400479616307,0.7871287128712872,0.8349282296650717
0.8259860788863109,0.7942583732057417,0.7764423076923077,0.7961630695443646,0.8434285714285714,0.8438914027149321,0.8376844494892168,0.8037825059101655,0.8046783625730994,0.7943595769682726,0.8464163822525598,0.8432919954904171,0.8323831242873432,0.7985865724381626,0.8363636363636363
0.8146279949558638,0.7809278350515464,0.7767741935483871,0.8045977011494253,0.8182941903584673,0.8236744759556104,0.8290909090909091,0.7939698492462312,0.7975,0.795,0.812807881773399,0.8218181818181818,0.824390243902439,0.7984981226533167,0.8293269230769231
0.8265424912689173,0.8185053380782918,0.7831474597273854,0.7834549878345499,0.8354430379746836,0.8335273573923166,0.8398169336384439,0.8202115158636898,0.8172293364377182,0.7942925089179548,0.8361970217640321,0.8399545970488081,0.8333333333333334,0.7990543735224587,0.8444948921679909
0.807361963190184,0.7865168539325843,0.7602040816326531,0.7756653992395437,0.8004866180048662,0.8134777376654633,0.8043217286914766,0.7857142857142857,0.781750924784217,0.7737948084054388,0.8043478260869565,0.8204518430439952,0.8023952095808383,0.7803680981595092,0.8290398126463701
0.8200238379022646,0.795593635250918,0.7852760736196319,0.8053204353083434,0.8210526315789474,0.8284023668639053,0.8265424912689173,0.8043217286914766,0.8009535160905841,0.7990487514863258,0.8253223915592028,0.8333333333333334,0.8190255220417634,0.7976190476190477,0.8395904436860068
0.8293838862559242,0.7876543209876543,0.7707808564231738,0.788627935723115,0.8215962441314554,0.8406139315230224,0.8308051341890315,0.7936893203883495,0.7885304659498208,0.7787182587666264,0.8301886792452831,0.8251748251748252,0.831981460023175,0.7856287425149701,0.8381171067738232
0.839766081871345,0.8019441069258809,0.7773677736777368,0.7961165048543689,0.8341121495327103,0.8418604651162791,0.8406466512702079,0.8043217286914766,0.8023952095808383,0.7937649880095923,0.8288707799767171,0.8333333333333334,0.8346820809248555,0.8080568720379147,0.8458049886621315
0.8537455410225921,0.8288508557457213,0.8010012515644556,0.8133498145859085,0.8406139315230224,0.8574821852731591,0.8574793875147232,0.824390243902439,0.8317307692307693,0.8112058465286236,0.8491228070175438,0.851508120649652,0.8490566037735849,0.8155339805825242,0.8578034682080925
0.8213851761846902,0.795483061480552,0.7721518987341772,0.7969924812030075,0.8289156626506025,0.8385542168674699,0.8311688311688312,0.8049382716049382,0.8,0.802937576499388,0.8240963855421687,0.831353919239905,0.8273381294964028,0.8058608058608059,0.8327485380116959
0.8158220024721878,0.8084577114427861,0.7868020304568528,0.7851662404092071,0.8260869565217391,0.8208232445520581,0.8260869565217391,0.8058968058968059,0.8107448107448108,0.7875776397515528,0.8231046931407943,0.8271752085816448,0.8263473053892215,0.8,0.8246445497630331
0.8242424242424242,0.8070175438596491,0.7868020304568528,0.8119551681195517,0.8469750889679716,0.8461538461538461,0.8457008244994111,0.8241082410824109,0.8269230769230769,0.805352798053528,0.8394768133174791,0.8551564310544612,0.8463356973995272,0.8193939393939393,0.8521536670547147
0.8244803695150116,0.807556080283353,0.7807228915662651,0.8004807692307693,0.8317972350230415,0.8395904436860068,0.8490990990990991,0.8121353558926487,0.8266360505166476,0.784452296819788,0.8285385500575374,0.8335220838052095,0.8342857142857143,0.8079625292740047,0.8413948256467941
0.805352798053528,0.8034188034188035,0.772104607721046,0.7965474722564735,0.8288075560802833,0.8256227758007118,0.8280701754385965,0.8053204353083434,0.8110047846889952,0.7975903614457831,0.8217237308146399,0.8384074941451991,0.8268551236749117,0.7985436893203883,0.8439306358381503
0.8134328358208955,0.7761966364812419,0.7397622192866579,0.7751937984496124,0.8225214198286414,0.8099378881987578,0.8140947752126367,0.7800511508951407,0.7756653992395437,0.7659033078880407,0.8152709359605911,0.8228155339805825,0.8147239263803681,0.7589743589743589,0.8250904704463209
0.8222996515679443,0.8119047619047619,0.775609756097561,0.7839805825242718,0.8266360505166476,0.8317972350230415,0.8361581920903954,0.8217237308146399,0.8089622641509434,0.7928571428571428,0.8329519450800915,0.8211009174311926,0.8282138794084186,0.8023529411764706,0.832579185520362
0.8236714975845411,0.8191881918819188,0.7770700636942676,0.8074074074074075,0.8305489260143198,0.8390941597139452,0.8467836257309942,0.8170731707317073,0.8158844765342961,0.8053855569155447,0.8321513002364066,0.8325471698113207,0.8293838862559242,0.8134777376654633,0.8288075560802833
0.8303249097472925,0.8195121951219512,0.7815230961298377,0.8054862842892768,0.8376470588235294,0.8480565371024735,0.8484136310223267,0.8263473053892215,0.8208232445520581,0.8130277442702051,0.8451688009313155,0.8389339513325609,0.8518518518518519,0.8130277442702051,0.8512110726643599
0.8286755771567437,0.8084054388133498,0.7588832487309645,0.7793190416141236,0.828978622327791,0.836104513064133,0.8406139315230224,0.8136419001218027,0.8165249088699879,0.7821782178217822,0.8210023866348448,0.8384074941451991,0.8166666666666667,0.7980652962515115,0.8350877192982457
0.8221709006928406,0.8009478672985783,0.7643467643467643,0.7938021454112039,0.8291571753986332,0.8384879725085911,0.8359550561797753,0.7981220657276995,0.7939110070257611,0.7938751472320377,0.8232611174458381,0.8333333333333334,0.8293785310734463,0.7924970691676436,0.8412874583795783
0.8204488778054863,0.7923076923076923,0.7686274509803922,0.7728459530026109,0.8364083640836408,0.8248447204968944,0.8355663824604141,0.7912932138284251,0.7904040404040404,0.7864321608040201,0.8208955223880597,0.8329297820823245,0.8191881918819188,0.789873417721519,0.8447653429602888
0.8102815177478581,0.7889447236180904,0.7577319587628866,0.7731305449936628,0.8100961538461539,0.8355342136854742,0.8142857142857143,0.7895392278953923,0.7797029702970297,0.7791563275434243,0.8162291169451074,0.8270142180094787,0.8185053380782918,0.782716049382716,0.8202115158636898
0.8093480934809348,0.7964601769911505,0.7630208333333334,0.7599486521181001,0.8151774785801713,0.8248175182481752,0.8232445520581114,0.8039702233250621,0.7955390334572491,0.7754077791718946,0.8155339805825242,0.8325358851674641,0.8106796116504854,0.7945544554455446,0.8388625592417062
0.8412121212121212,0.8194271481942715,0.8075949367088607,0.803030303030303,0.8489208633093526,0.8578255675029869,0.8479809976247031,0.8138957816377171,0.818070818070818,0.8098765432098766,0.8443908323281062,0.8446026097271648,0.8363201911589009,0.8166259168704156,0.8470588235294118
0.8406862745098039,0.8040455120101138,0.7938931297709924,0.823238566131026,0.8427370948379351,0.8305084745762712,0.8453364817001181,0.8039950062421972,0.8142681426814268,0.807361963190184,0.8315412186379928,0.8554641598119859,0.8363201911589009,0.803921568627451,0.8388625592417062
0.8049382716049382,0.7767741935483871,0.7433862433862434,0.7652399481193255,0.8049079754601227,0.8152709359605911,0.8115246098439376,0.772785622593068,0.776796973518285,0.7707808564231738,0.8034398034398035,0.8091236494597839,0.8068043742405833,0.7703889585947302,0.7980652962515115
0.8362779740871613,0.8373205741626795,0.7920298879202988,0.8174123337363967,0.8554913294797688,0.8500590318772137,0.8568129330254042,0.8271752085816448,0.8438228438228438,0.8127962085308057,0.8548199767711963,0.8604382929642446,0.8474970896391153,0.8274231678486997,0.8710407239819005
0.8185140073081608,0.7889447236180904,0.7686472819216182,0.7879548306148055,0.825511432009627,0.8215568862275449,0.8333333333333334,0.8,0.7950920245398773,0.7925925925925926,0.8249400479616307,0.8286384976525821,0.8264462809917356,0.7912087912087912,0.8313817330210773
0.8325242718446602,0.8198757763975155,0.8045397225725095,0.795425667090216,0.8345323741007195,0.8394160583941606,0.8412322274881516,0.8147239263803681,0.8186274509803921,0.7925465838509317,0.8236714975845411,0.8215568862275449,0.8281622911694511,0.8118081180811808,0.8417350527549824
0.8228299643281808,0.7931873479318735,0.7635467980295566,0.7941888619854721,0.839677047289504,0.8292108362779741,0.8383371824480369,0.7923169267707083,0.7962085308056872,0.7904761904761904,0.8266978922716628,0.843069873997709,0.8369942196531792,0.784688995215311,0.8323831242873432
0.7942925089179548,0.7673267326732673,0.7408343868520859,0.7688504326328801,0.7981109799291618,0.8113879003558719,0.8130081300813008,0.7726161369193154,0.7710843373493976,0.7639902676399026,0.8191365227537923,0.8023529411764706,0.8154205607476636,0.7697929354445798,0.8242009132420092
0.8130841121495327,0.7889688249400479,0.7677261613691931,0.7878787878787878,0.8229885057471265,0.8333333333333334,0.825,0.7943262411347518,0.7887323943661971,0.7924970691676436,0.8304891922639362,0.835214446952596,0.8283752860411899,0.794841735052755,0.8331466965285554
0.8392434988179669,0.7975609756097561,0.7966101694915254,0.802439024390244,0.8448074679113186,0.8428405122235157,0.8528735632183908,0.8200238379022646,0.8228299643281808,0.8047904191616766,0.8327485380116959,0.8473019517795637,0.8317757009345794,0.8099762470308789,0.8561643835616438
0.850412249705536,0.8116646415552855,0.7645569620253164,0.8009888751545118,0.8531791907514451,0.8477751756440282,0.864,0.8205741626794258,0.8138424821002387,0.8014440433212996,0.8464243845252052,0.851258581235698,0.8521939953810623,0.8081048867699643,0.8483466362599772
0.8417350527549824,0.8260869565217391,0.7836835599505563,0.8146341463414634,0.8484848484848485,0.8507638072855465,0.8518518518518519,0.808252427184466,0.8151658767772512,0.8066825775656324,0.8430913348946136,0.8391608391608392,0.8455284552845529,0.8062575210589651,0.8604382929642446
0.842603550295858,0.8220858895705522,0.8034610630407911,0.8068880688806888,0.8457008244994111,0.8480565371024735,0.8468677494199536,0.8367593712212817,0.8249400479616307,0.8198307134220073,0.8453364817001181,0.8481308411214953,0.8382526564344747,0.8287425149700599,0.8564867967853043
0.7969735182849937,0.7784891165172856,0.7394736842105263,0.7572559366754618,0.7980295566502463,0.7974842767295598,0.7965686274509803,0.7717528373266078,0.7731305449936628,0.7490445859872611,0.7857142857142857,0.7971014492753623,0.7901840490797546,0.7628607277289837,0.8072289156626506
0.830367734282325,0.8102189781021898,0.7985347985347986,0.7990135635018496,0.8386336866902238,0.8467836257309942,0.8518518518518519,0.8110709987966306,0.8199052132701422,0.8151658767772512,0.8461538461538461,0.847651775486827,0.8290398126463701,0.8152562574493445,0.8535178777393311
0.8046511627906977,0.7832335329341318,0.7326732673267327,0.7585365853658537,0.8246013667425968,0.8151549942594719,0.8318385650224215,0.7833333333333333,0.7775175644028103,0.7640718562874251,0.8147295742232451,0.832579185520362,0.8235294117647058,0.795774647887324,0.8391451068616423
0.8431137724550898,0.8294478527607362,0.7904642409033877,0.8104089219330854,0.8449704142011835,0.8489892984542212,0.8558139534883721,0.823960880195599,0.8369304556354916,0.808252427184466,0.8436018957345972,0.8497652582159625,0.8463356973995272,0.8218181818181818,0.859122401847575
0.8398576512455516,0.8199513381995134,0.8019680196801968,0.8121951219512196,0.8368298368298368,0.8450704225352113,0.846242774566474,0.8215568862275449,0.8266033254156769,0.8033775633293124,0.8364485981308412,0.8416184971098266,0.8432055749128919,0.8086124401913876,0.8561643835616438
0.8120300751879699,0.794344473007712,0.7674113009198423,0.7830551989730423,0.8059332509270705,0.8141592920353983,0.8203883495145631,0.7928843710292249,0.7806691449814126,0.7794486215538847,0.8113440197287299,0.817625458996328,0.8141809290953546,0.7849056603773585,0.8231046931407943
0.8055878928987195,0.8028335301062574,0.7832335329341318,0.8061104582843713,0.8263337116912599,0.8312284730195177,0.8396436525612472,0.809801633605601,0.8060046189376443,0.7953757225433526,0.8276643990929705,0.8284424379232506,0.8299319727891157,0.8082663605051664,0.8377777777777777
0.8299155609167672,0.8085642317380353,0.782608695652174,0.7964601769911505,0.8379351740696278,0.8405797101449275,0.8423529411764706,0.8104738154613467,0.8088235294117647,0.7975460122699386,0.8319226118500604,0.831942789034565,0.8182912154031288,0.7950310559006211,0.8378698224852071
0.8358913813459268,0.8019559902200489,0.7740324594257179,0.8068459657701712,0.8441860465116279,0.8390129259694477,0.8422273781902552,0.8,0.8094674556213017,0.7917675544794189,0.8391608391608392,0.8466819221967964,0.8456221198156681,0.8004807692307693,0.8623435722411832
0.8265424912689173,0.7990314769975787,0.7596513075965131,0.8009708737864077,0.8213457076566125,0.8243559718969555,0.8298850574712644,0.7918170878459687,0.8023529411764706,0.78031212484994,0.8149882903981265,0.8236632536973834,0.8193325661680092,0.7890995260663507,0.8282138794084186
0.8127962085308057,0.7995139732685298,0.7642679900744417,0.7857142857142857,0.8321678321678322,0.8302325581395349,0.8365714285714285,0.7922235722964763,0.8014268727705113,0.7898550724637681,0.8339140534262486,0.8434285714285714,0.8331415420023015,0.7860576923076923,0.8539325842696629
0.8292682926829268,0.8095238095238095,0.7815533980582524,0.8090692124105012,0.8279816513761468,0.8367816091954023,0.8405466970387244,0.8104265402843602,0.8158508158508159,0.7981220657276995,0.8401826484018264,0.835990888382688,0.8333333333333334,0.8032786885245902,0.8419864559819413
0.823803967327888,0.8180737217598097,0.7903030303030303,0.787363304981774,0.8316151202749141,0.8395348837209302,0.8356164383561644,0.8113879003558719,0.8130081300813008,0.7918660287081339,0.8288707799767171,0.835820895522388,0.8243398392652124,0.7933491686460807,0.8361581920903954
0.810304449648712,0.785024154589372,0.7533742331288343,0.7742718446601942,0.814385150812065,0.8262370540851554,0.8243398392652124,0.799059929494712,0.7833333333333333,0.778698224852071,0.8274285714285714,0.816,0.8274285714285714,0.7887323943661971,0.8248587570621468
0.7917205692108668,0.783641160949868,0.7361299052774019,0.7789473684210526,0.8060836501901141,0.8040455120101138,0.817283950617284,0.783289817232376,0.7887323943661971,0.7636363636363637,0.8085642317380353,0.8064918851435705,0.8089887640449438,0.7559055118110236,0.8220858895705522
0.8167664670658683,0.7930607187112764,0.7875,0.7820672478206725,0.8180737217598097,0.8307692307692308,0.8231132075471698,0.8014616321559074,0.7931873479318735,0.7892156862745098,0.8317535545023697,0.8229777256740914,0.813599062133646,0.8004836759371221,0.8362369337979094
0.8284023668639053,0.8014705882352942,0.7805486284289277,0.8004866180048662,0.8311688311688312,0.8266033254156769,0.835820895522388,0.7946859903381642,0.7952380952380952,0.7943262411347518,0.8333333333333334,0.8373702422145328,0.8247663551401869,0.797153024911032,0.8378995433789954
0.826530612244898,0.8015665796344648,0.7557354925775979,0.7931937172774869,0.8210262828535669,0.8197969543147208,0.8355995055624228,0.787012987012987,0.803030303030303,0.7682291666666666,0.8272383354350568,0.8349753694581281,0.8320987654320988,0.7831632653061225,0.823238566131026
0.8220858895705522,0.8,0.7784891165172856,0.8040455120101138,0.8359281437125748,0.837772397094431,0.8459715639810427,0.8132678132678133,0.800976800976801,0.7980295566502463,0.8379351740696278,0.8301435406698564,0.8265060240963855,0.7985257985257985,0.8392434988179669
0.8347205707491082,0.7965895249695494,0.7772277227722773,0.7956204379562044,0.833922261484099,0.8370457209847597,0.8296639629200464,0.80622009569378,0.797153024911032,0.7995226730310262,0.8225616921269095,0.8385598141695703,0.8323563892145369,0.7971360381861575,0.8287037037037037
0.8089097303634232,0.7990430622009569,0.7742718446601942,0.8009708737864077,0.8133640552995391,0.8149010477299186,0.819634703196347,0.7961859356376639,0.7943262411347518,0.7743467933491687,0.8179723502304147,0.8060046189376443,0.8155784650630011,0.7890995260663507,0.8371040723981901
0.8187579214195184,0.8,0.76657824933687,0.7843137254901961,0.8145363408521303,0.8255959849435383,0.8217821782178217,0.8005082592121983,0.8045397225725095,0.7716129032258064,0.8116308470290771,0.8242574257425742,0.8134328358208955,0.789873417721519,0.8292682926829268
0.8262454434993924,0.7713567839195979,0.7541401273885351,0.7930174563591023,0.829736211031175,0.829736211031175,0.8378698224852071,0.7846534653465347,0.7941888619854721,0.7912087912087912,0.8392434988179669,0.831353919239905,0.8355029585798817,0.7970838396111786,0.8380281690140845
0.8095238095238095,0.7875776397515528,0.7702020202020202,0.7762669962917181,0.8146399055489965,0.8205741626794258,0.826945412311266,0.7892156862745098,0.7913669064748201,0.7762998790810157,0.8147268408551069,0.8121353558926487,0.819672131147541,0.7889022919179735,0.8283752860411899
0.8421052631578947,0.8130277442702051,0.7941176470588235,0.7985347985347986,0.840512223515716,0.8471411901983664,0.8371559633027523,0.8162291169451074,0.8164705882352942,0.8123515439429929,0.8474970896391153,0.8509174311926605,0.8558352402745996,0.8136792452830188,0.8584269662921349
0.8106151990349819,0.7995049504950495,0.7727272727272727,0.771712158808933,0.8100358422939068,0.8130277442702051,0.8123515439429929,0.7945879458794588,0.8072289156626506,0.7893462469733656,0.8104886769964244,0.8108747044917257,0.807185628742515,0.7923169267707083,0.819557625145518
0.8200238379022646,0.7896039603960396,0.752851711026616,0.7591424968474149,0.8226950354609929,0.8152562574493445,0.8215962441314554,0.7799511002444988,0.7878787878787878,0.7696078431372549,0.8023952095808383,0.8292682926829268,0.8099762470308789,0.7652811735941321,0.819557625145518
0.8293269230769231,0.8072727272727273,0.7790262172284644,0.8004956629491945,0.836662749706228,0.830952380952381,0.8447058823529412,0.8082026537997588,0.8173076923076923,0.8038507821901324,0.8315665488810365,0.8449074074074074,0.8411214953271028,0.8067226890756303,0.8548387096774194
0.8401015228426396,0.80946123521682,0.7791164658634538,0.8154050464807437,0.8431618569636136,0.8415716096324461,0.8387096774193549,0.8047182175622543,0.8106734434561627,0.7938144329896907,0.8295165394402035,0.8425,0.8331242158092849,0.805699481865285,0.8454882571075402
0.8140096618357487,0.8034610630407911,0.7734668335419274,0.7860696517412935,0.828978622327791,0.8281622911694511,0.8258823529411765,0.8004895960832313,0.8110709987966306,0.7932285368802902,0.8257756563245824,0.8352941176470589,0.8268551236749117,0.7980652962515115,0.8352668213457076
0.8368298368298368,0.8236686390532545,0.781021897810219,0.8096385542168675,0.8424657534246576,0.8422273781902552,0.851685393258427,0.8122786304604487,0.8116279069767441,0.8214702450408401,0.8315911730545877,0.8333333333333334,0.8302752293577982,0.8173302107728337,0.8441410693970421
0.8155111633372503,0.7975609756097561,0.7565543071161048,0.7852760736196319,0.8221709006928406,0.8266978922716628,0.8221709006928406,0.801920768307323,0.8009535160905841,0.7957244655581948,0.8296639629200464,0.8306636155606407,0.8212226066897347,0.7904761904761904,0.8352402745995423
0.8365384615384616,0.8060075093867334,0.7828282828282829,0.8024844720496894,0.8325358851674641,0.8383233532934131,0.8443396226415094,0.8114143920595533,0.80440097799511,0.7946537059538274,0.8239520958083832,0.8278301886792453,0.8275862068965517,0.7950920245398773,0.8250591016548463
0.8193069306930693,0.7949685534591195,0.7522697795071336,0.7753530166880617,0.8295042321644498,0.8235294117647058,0.831942789034565,0.7841191066997518,0.7856257744733581,0.78,0.8184019370460048,0.8283313325330132,0.8249400479616307,0.7901234567901234,0.833530106257379
0.8226950354609929,0.8019441069258809,0.7892156862745098,0.7980652962515115,0.8243559718969555,0.8286384976525821,0.8366164542294322,0.8081534772182254,0.8094674556213017,0.8042959427207638,0.8253223915592028,0.8418657565415245,0.8440366972477065,0.8052256532066508,0.8564971751412429
0.8118081180811808,0.7909319899244333,0.7735368956743003,0.8010012515644556,0.8201438848920863,0.8265060240963855,0.8323424494649228,0.8039702233250621,0.8014796547472256,0.7891491985203453,0.8299643281807372,0.8279952550415184,0.8233890214797136,0.802439024390244,0.8282352941176471
0.851063829787234,0.8357142857142857,0.8097560975609757,0.8317307692307693,0.8502304147465438,0.8676639815880323,0.8652321630804077,0.8413631022326674,0.8327485380116959,0.8192488262910798,0.8548387096774194,0.8532423208191127,0.8545034642032333,0.8220140515222483,0.8584371460928653
0.8258221680876979,0.7854454203262233,0.7694267515923567,0.7984981226533167,0.8267622461170848,0.8343409915356711,0.8301886792452831,0.7935723114956736,0.8034188034188035,0.7917174177831913,0.8224076281287247,0.8358913813459268,0.8182912154031288,0.7916666666666666,0.8331388564760793
0.807556080283353,0.7916666666666666,0.7397959183673469,0.7783251231527094,0.8107476635514018,0.8150765606595995,0.8166089965397924,0.787363304981774,0.7899159663865546,0.7613219094247246,0.8209302325581396,0.814385150812065,0.8115606936416185,0.7688564476885644,0.8291571753986332
0.8440797186400938,0.8195937873357229,0.8120481927710843,0.8261904761904761,0.8508670520231214,0.8498845265588915,0.8545454545454545,0.8364485981308412,0.8306264501160093,0.8284714119019837,0.865979381443299,0.8635851183765502,0.8496583143507973,0.8257309941520468,0.8523111612175873
0.8133498145859085,0.7817258883248731,0.7625160462130937,0.8030112923462986,0.8121212121212121,0.8166259168704156,0.8253588516746412,0.785982478097622,0.7911001236093943,0.7866831072749692,0.8173076923076923,0.8125,0.8259303721488596,0.7818627450980392,0.819047619047619
0.840512223515716,0.8305489260143198,0.8014616321559074,0.8270858524788391,0.8435689455388181,0.8418604651162791,0.849942726231386,0.836662749706228,0.8337236533957846,0.8240850059031877,0.8435689455388181,0.8558352402745996,0.8509174311926605,0.8356807511737089,0.8538812785388128
0.8561064087061668,0.8275,0.7860824742268041,0.8075949367088607,0.8513189448441247,0.8602409638554217,0.8608799048751486,0.8233830845771144,0.8268292682926829,0.8034825870646766,0.8629807692307693,0.8540925266903915,0.8479041916167664,0.8104089219330854,0.8601895734597157
0.8077858880778589,0.7929736511919699,0.756066411238825,0.7909887359198998,0.8197115384615384,0.8231046931407943,0.8214285714285714,0.7875776397515528,0.7906976744186046,0.7703703703703704,0.8267622461170848,0.8242280285035629,0.8096385542168675,0.7777777777777778,0.8282352941176471
0.842603550295858,0.8190709046454768,0.8024539877300614,0.8112745098039216,0.8457008244994111,0.8554778554778555,0.8495370370370371,0.8287425149700599,0.8149038461538461,0.8128724672228844,0.8476977567886659,0.86368843069874,0.8501742160278746,0.8254716981132075,0.8574712643678161
0.8337349397590361,0.80545229244114,0.7793190416141236,0.8079306071871127,0.8353221957040573,0.8431137724550898,0.8421052631578947,0.800982800982801,0.8029197080291971,0.7906976744186046,0.830952380952381,0.83451536643026,0.8347205707491082,0.7990255785627284,0.8505214368482039
0.8390243902439024,0.8035487959442332,0.7918263090676884,0.7958921694480102,0.8412121212121212,0.8392638036809816,0.8544152744630071,0.8084577114427861,0.8114143920595533,0.8019925280199253,0.8268292682926829,0.8455089820359282,0.8391777509068924,0.7934918648310388,0.8427370948379351
0.8083028083028083,0.7916152897657214,0.7616645649432535,0.773067331670823,0.8147268408551069,0.8200238379022646,0.8188235294117647,0.7907542579075426,0.7874396135265701,0.78239608801956,0.8090692124105012,0.8146399055489965,0.8151658767772512,0.781664656212304,0.8213457076566125
0.8078335373317014,0.8078817733990148,0.7627551020408163,0.7955112219451371,0.8233890214797136,0.8269230769230769,0.82063305978898,0.8053855569155447,0.8048192771084337,0.7931456548347613,0.8355029585798817,0.839766081871345,0.8268551236749117,0.7946210268948656,0.8425925925925926
0.8341121495327103,0.7961630695443646,0.745,0.8019441069258809,0.8398169336384439,0.8358556461001164,0.8610169491525423,0.8061104582843713,0.8018867924528302,0.7919143876337693,0.827033218785796,0.8410372040586246,0.832183908045977,0.7948113207547169,0.8506787330316742
0.8428927680798005,0.8113695090439277,0.7870967741935484,0.8158567774936062,0.8374384236453202,0.8322981366459627,0.8450363196125908,0.8112244897959183,0.8179551122194514,0.8124223602484472,0.8368098159509203,0.8440145102781137,0.8404384896467723,0.7944514501891551,0.8485576923076923
0.8115942028985508,0.7872860635696821,0.7556109725685786,0.7925925925925926,0.8081048867699643,0.8080094228504122,0.8302325581395349,0.7990373044524669,0.798569725864124,0.7971360381861575,0.8210526315789474,0.8294930875576036,0.8205128205128205,0.7923169267707083,0.8405466970387244
0.8263473053892215,0.7911001236093943,0.7702020202020202,0.7980173482032218,0.8260355029585799,0.8315412186379928,0.8329411764705882,0.795593635250918,0.7946537059538274,0.7837837837837838,0.8214285714285714,0.8231132075471698,0.8317535545023697,0.780905752753978,0.8412514484356894
0.8391777509068924,0.8273291925465839,0.8020304568527918,0.803030303030303,0.8428571428571429,0.8526946107784431,0.8402366863905325,0.8286066584463625,0.8219512195121951,0.8063725490196079,0.8379351740696278,0.8486997635933806,0.837708830548926,0.8108108108108109,0.8601398601398601
0.8117797695262484,0.7884362680683311,0.7620320855614974,0.7820343461030383,0.8010204081632653,0.8132147395171537,0.8176100628930818,0.7764705882352941,0.7854356306892067,0.7780678851174935,0.8050632911392405,0.8114856429463171,0.8105395232120451,0.7672301690507152,0.8265682656826568
0.8353221957040573,0.8191881918819188,0.7869674185463659,0.8024844720496894,0.839622641509434,0.837708830548926,0.851508120649652,0.816969696969697,0.8202653799758746,0.8062953995157385,0.8376470588235294,0.8369942196531792,0.8384074941451991,0.8129496402877698,0.8457142857142858
0.8355029585798817,0.8034188034188035,0.7832512315270936,0.8232445520581114,0.8374269005847953,0.8465116279069768,0.847651775486827,0.8181818181818182,0.8236686390532545,0.7980769230769231,0.8439306358381503,0.8446490218642118,0.8364485981308412,0.8180737217598097,0.8421052631578947
0.828009828009828,0.7958921694480102,0.762402088772846,0.8015364916773368,0.8311057108140948,0.8261405672009864,0.8397129186602871,0.7918263090676884,0.7945205479452054,0.7865168539325843,0.8220858895705522,0.8329297820823245,0.8298653610771114,0.7904040404040404,0.8357487922705314
0.823943661971831,0.8229777256740914,0.7690447400241838,0.8081534772182254,0.8405466970387244,0.845360824742268,0.8401826484018264,0.8126463700234192,0.8167053364269141,0.7962747380675204,0.8316151202749141,0.8428246013667426,0.8405466970387244,0.7981330221703618,0.8467650397275823
0.851258581235698,0.8156956004756243,0.7874396135265701,0.8199052132701422,0.8486916951080774,0.8577929465301479,0.8625698324022346,0.8173302107728337,0.8149010477299186,0.7929411764705883,0.8424657534246576,0.8513513513513513,0.847457627118644,0.8047058823529412,0.8561797752808988
0.8222490931076178,0.7944514501891551,0.7782002534854245,0.779746835443038,0.8097560975609757,0.8257756563245824,0.8186157517899761,0.7995018679950187,0.8058968058968059,0.7912087912087912,0.8184019370460048,0.8285714285714286,0.8167664670658683,0.7916152897657214,0.8427230046948356
0.8290909090909091,0.7879548306148055,0.7596899224806202,0.7854454203262233,0.8191616766467066,0.8097560975609757,0.8127962085308057,0.7910447761194029,0.7868453105968332,0.7646326276463262,0.8125755743651754,0.8231132075471698,0.8149038461538461,0.7758620689655172,0.81786133960047
0.8465227817745803,0.8271604938271605,0.7994987468671679,0.8269938650306748,0.8483412322274881,0.8595238095238096,0.8628370457209847,0.8401937046004843,0.825511432009627,0.8208232445520581,0.8554502369668247,0.8541423570595099,0.8514619883040936,0.837708830548926,0.8617886178861789
0.8004836759371221,0.7726708074534161,0.7417721518987341,0.7780548628428927,0.8095808383233533,0.8133971291866029,0.8080094228504122,0.7730061349693251,0.7746650426309378,0.7820823244552058,0.8085612366230678,0.8146399055489965,0.8089622641509434,0.7785888077858881,0.8065650644783119
0.8302325581395349,0.8033175355450237,0.8014184397163121,0.8080568720379147,0.8415051311288484,0.8444948921679909,0.8406779661016949,0.8144690781796966,0.8032596041909197,0.8088064889918888,0.8451977401129943,0.8338983050847457,0.8416289592760181,0.7990708478513356,0.8453837597330367
0.8057553956834532,0.7917675544794189,0.7584480600750939,0.7794117647058824,0.8244994110718492,0.8128724672228844,0.8194444444444444,0.7889022919179735,0.8080094228504122,0.7799043062200957,0.8140350877192982,0.8199767711962834,0.8173302107728337,0.7828162291169452,0.8229885057471265
0.827503015681544,0.7985257985257985,0.7518987341772152,0.8097560975609757,0.8309859154929577,0.8364928909952607,0.8358556461001164,0.802439024390244,0.8014354066985646,0.7932285368802902,0.8427230046948356,0.8368298368298368,0.8347010550996483,0.7971188475390156,0.8419838523644751
0.8442330558858502,0.8112745098039216,0.769620253164557,0.7870485678704857,0.8477751756440282,0.8486997635933806,0.8472222222222222,0.8135593220338984,0.8105515587529976,0.7912087912087912,0.8514619883040936,0.8577981651376146,0.8491879350348028,0.8091236494597839,0.8408826945412311
0.831942789034565,0.8058608058608059,0.7715355805243446,0.8029556650246306,0.8362779740871613,0.8350877192982457,0.8373702422145328,0.8019441069258809,0.8076463560334528,0.7917675544794189,0.827262044653349,0.8406466512702079,0.8210526315789474,0.8043217286914766,0.8346820809248555
0.8202653799758746,0.7830423940149626,0.7439490445859872,0.7770859277708593,0.8162291169451074,0.8317535545023697,0.8229777256740914,0.7761194029850746,0.7724477244772447,0.769041769041769,0.8120481927710843,0.8133174791914387,0.8009535160905841,0.7589616810877626,0.8191365227537923
0.8387878787878787,0.8044831880448319,0.7684346701164295,0.8085106382978723,0.8389423076923077,0.8381642512077294,0.8390941597139452,0.7955390334572491,0.7970660146699267,0.7900621118012422,0.8353510895883777,0.838479809976247,0.8470588235294118,0.7875776397515528,0.8453364817001181
0.8329355608591885,0.8206388206388207,0.7864321608040201,0.7965260545905707,0.8329411764705882,0.8446026097271648,0.8478513356562137,0.8146341463414634,0.8200238379022646,0.7990314769975787,0.83451536643026,0.8501742160278746,0.8390129259694477,0.8133971291866029,0.8469505178365938
0.8364485981308412,0.7985347985347986,0.7857142857142857,0.7818627450980392,0.8339140534262486,0.8424737456242707,0.8388571428571429,0.8133971291866029,0.8023809523809524,0.8033373063170441,0.8317757009345794,0.8394495412844036,0.8232558139534883,0.8095238095238095,0.8496583143507973
0.8266360505166476,0.8009478672985783,0.7628361858190709,0.7990543735224587,0.8323959505061868,0.8342857142857143,0.8394241417497231,0.8009367681498829,0.807825086306099,0.7868852459016393,0.8340807174887892,0.8269662921348314,0.8268156424581006,0.8032596041909197,0.8362831858407079
0.8283582089552238,0.7933247753530167,0.7782101167315175,0.8040712468193384,0.8246913580246914,0.8298136645962733,0.8300970873786407,0.7888748419721872,0.7914032869785083,0.7965043695380774,0.813810110974106,0.8432563791008505,0.8298653610771114,0.8015075376884422,0.8357487922705314
0.8187134502923976,0.7995226730310262,0.785024154589372,0.7985611510791367,0.825836216839677,0.8302325581395349,0.8287671232876712,0.8047058823529412,0.8,0.7995310668229777,0.8285385500575374,0.827033218785796,0.8161849710982659,0.8023391812865497,0.8232611174458381
0.8276670574443142,0.8119047619047619,0.782608695652174,0.8014440433212996,0.8346820809248555,0.8306264501160093,0.8346636259977195,0.8117647058823529,0.8145539906103286,0.7985865724381626,0.835990888382688,0.8418657565415245,0.8367816091954023,0.8117647058823529,0.8423423423423423
0.8281622911694511,0.8116646415552855,0.7850931677018633,0.7940813810110974,0.8203309692671394,0.8329355608591885,0.8333333333333334,0.8019441069258809,0.80622009569378,0.7849331713244229,0.8172043010752689,0.8271028037383178,0.8202115158636898,0.7932692307692307,0.8271028037383178
0.8385598141695703,0.8253588516746412,0.7858017135862914,0.8139255702280912,0.8436781609195402,0.8452655889145496,0.8506271379703535,0.8311688311688312,0.8261376896149358,0.8113879003558719,0.8342989571263036,0.8564971751412429,0.8413793103448276,0.8233918128654971,0.8535754824063564
0.8081534772182254,0.7855361596009975,0.756066411238825,0.7758186397984886,0.8114558472553699,0.8246445497630331,0.8207547169811321,0.7906976744186046,0.781021897810219,0.778998778998779,0.8171021377672208,0.8236686390532545,0.8192488262910798,0.7912087912087912,0.8372093023255814
0.8211284513805522,0.7945544554455446,0.7570332480818415,0.7806122448979592,0.8249118683901293,0.8263473053892215,0.8235294117647058,0.7936117936117936,0.7917174177831913,0.7777777777777778,0.8076463560334528,0.8337236533957846,0.8222748815165877,0.7901840490797546,0.8251748251748252
0.8235294117647058,0.8166259168704156,0.7914572864321608,0.7895392278953923,0.8266033254156769,0.8418549346016647,0.827262044653349,0.8097560975609757,0.8168674698795181,0.7980652962515115,0.8260355029585799,0.8253223915592028,0.8333333333333334,0.8014616321559074,0.8419838523644751
0.7925925925925926,0.7934093789607097,0.7503267973856209,0.7924528301886793,0.8159806295399515,0.8223844282238443,0.8134777376654633,0.7909319899244333,0.7911001236093943,0.7881040892193308,0.8131067961165048,0.8259303721488596,0.8072727272727273,0.776796973518285,0.8134777376654633
0.8159437280187574,0.8090692124105012,0.7752126366950183,0.8004836759371221,0.8229885057471265,0.827906976744186,0.8411428571428572,0.8104265402843602,0.8194444444444444,0.7910798122065728,0.8240740740740741,0.8331441543700341,0.8212226066897347,0.7981330221703618,0.8416289592760181
0.8210023866348448,0.788391777509069,0.7558859975216853,0.7749077490774908,0.819557625145518,0.8323563892145369,0.8210526315789474,0.8009478672985783,0.7866507747318237,0.7875894988066826,0.8173302107728337,0.8388571428571429,0.8203939745075318,0.7947805456702254,0.8263888888888888
0.8329297820823245,0.8283582089552238,0.7918781725888325,0.8220551378446115,0.8436018957345972,0.8371531966224367,0.8474178403755869,0.8228004956629492,0.8190709046454768,0.8170731707317073,0.8434886499402628,0.868144690781797,0.8442330558858502,0.8151774785801713,0.8544600938967136
0.8285714285714286,0.8135593220338984,0.77,0.8136419001218027,0.8217237308146399,0.8325471698113207,0.8413793103448276,0.8087167070217918,0.8052256532066508,0.8061831153388823,0.8370457209847597,0.8366164542294322,0.836662749706228,0.8061831153388823,0.841743119266055
0.8333333333333334,0.81786133960047,0.7932692307692307,0.8076009501187649,0.8373151308304891,0.8490351872871736,0.8346456692913385,0.8209302325581396,0.8193325661680092,0.7952941176470588,0.8465011286681715,0.8465845464725644,0.8342857142857143,0.8125727590221188,0.8476084538375973
0.8363201911589009,0.818070818070818,0.7804265997490589,0.7980049875311721,0.8438228438228438,0.8476977567886659,0.8482039397450754,0.8160779537149817,0.8048192771084337,0.7927272727272727,0.8427230046948356,0.8391608391608392,0.840512223515716,0.8057901085645356,0.8495981630309989
0.8218181818181818,0.7984790874524715,0.7692307692307693,0.7858048162230672,0.827503015681544,0.8363636363636363,0.8287425149700599,0.8059701492537313,0.8063337393422655,0.7936117936117936,0.8385542168674699,0.8388625592417062,0.8236714975845411,0.7965474722564735,0.8443396226415094
0.8544378698224852,0.8287425149700599,0.7965474722564735,0.818955042527339,0.8568129330254042,0.8464243845252052,0.859122401847575,0.8125,0.8352941176470589,0.815347721822542,0.8438228438228438,0.8577929465301479,0.8535178777393311,0.8147268408551069,0.8731762065095399
0.8052568697729988,0.7906976744186046,0.7584480600750939,0.8072289156626506,0.8207547169811321,0.8183962264150944,0.8304498269896193,0.7892813641900122,0.7976190476190477,0.7908653846153846,0.8257309941520468,0.8296639629200464,0.822429906542056,0.7870036101083032,0.8352402745995423
0.8111380145278451,0.7890137328339576,0.759235668789809,0.7845579078455791,0.8110709987966306,0.8216867469879519,0.8333333333333334,0.7866004962779156,0.7892813641900122,0.7843137254901961,0.8191616766467066,0.8114558472553699,0.8053204353083434,0.773955773955774,0.8211764705882353
0.8321342925659473,0.794044665012407,0.7544757033248082,0.7930174563591023,0.8315665488810365,0.8315412186379928,0.8424737456242707,0.7970479704797048,0.8096385542168675,0.788627935723115,0.8299643281807372,0.8352941176470589,0.8156956004756243,0.795593635250918,0.8501742160278746
0.813810110974106,0.8124223602484472,0.7796178343949045,0.8039950062421972,0.8341346153846154,0.8367593712212817,0.8432304038004751,0.8166259168704156,0.8226779252110977,0.8034188034188035,0.8351383874849578,0.8442330558858502,0.8269230769230769,0.8063337393422655,0.8382526564344747
0.8192771084337349,0.7812895069532237,0.7544757033248082,0.779874213836478,0.8165680473372781,0.8235294117647058,0.8146399055489965,0.7911001236093943,0.7818627450980392,0.7788697788697788,0.8100961538461539,0.8242280285035629,0.8186157517899761,0.773561811505508,0.8136792452830188
0.8295042321644498,0.8190709046454768,0.7782002534854245,0.8104089219330854,0.8341232227488151,0.8459715639810427,0.8504672897196262,0.8141809290953546,0.8226779252110977,0.8112058465286236,0.8450704225352113,0.846242774566474,0.83451536643026,0.8091787439613527,0.8491879350348028
0.7915106117353309,0.7719745222929937,0.7567567567567568,0.7733674775928298,0.8218181818181818,0.8117359413202934,0.8173076923076923,0.775,0.7810945273631841,0.771712158808933,0.8116646415552855,0.8177458033573142,0.8124253285543608,0.7776397515527951,0.8257756563245824
0.8315412186379928,0.8004956629491945,0.7860696517412935,0.8147239263803681,0.8239520958083832,0.84,0.8482039397450754,0.8,0.7926380368098159,0.804374240583232,0.8382526564344747,0.8430913348946136,0.839766081871345,0.7857142857142857,0.856156501726122
0.8025,0.7698209718670077,0.7580025608194623,0.7660668380462725,0.8054187192118226,0.8108108108108109,0.8165249088699879,0.7717528373266078,0.7820672478206725,0.7684605757196495,0.7916152897657214,0.8096969696969697,0.8058608058608059,0.7776397515527951,0.8106151990349819
0.8435689455388181,0.8195937873357229,0.7863247863247863,0.8143712574850299,0.8502857142857143,0.8555045871559633,0.8577878103837472,0.8210526315789474,0.827906976744186,0.8145539906103286,0.849942726231386,0.8574660633484162,0.8480725623582767,0.8214702450408401,0.8612975391498882
0.8341121495327103,0.8224076281287247,0.8076923076923077,0.819047619047619,0.8459770114942529,0.8528735632183908,0.847651775486827,0.8207547169811321,0.8210526315789474,0.8246225319396051,0.847926267281106,0.8516421291053228,0.851258581235698,0.8155111633372503,0.847457627118644
0.8193069306930693,0.7994891443167306,0.7712082262210797,0.7964376590330788,0.824969400244798,0.8253968253968254,0.8235294117647058,0.7944514501891551,0.7980173482032218,0.7838179519595448,0.833939393939394,0.827503015681544,0.8145454545454546,0.7955112219451371,0.8321342925659473
0.8469505178365938,0.8376470588235294,0.8115246098439376,0.8301886792452831,0.8536036036036037,0.8545034642032333,0.8529741863075196,0.8225616921269095,0.8371559633027523,0.8205128205128205,0.8510158013544018,0.8634361233480177,0.8565022421524664,0.8130081300813008,0.861878453038674
0.8438228438228438,0.8428571428571429,0.7946210268948656,0.8260355029585799,0.8627002288329519,0.8535178777393311,0.8654708520179372,0.8481308411214953,0.8424737456242707,0.8308051341890315,0.855188141391106,0.854875283446712,0.8632768361581921,0.8342989571263036,0.8651059085841695
0.8353221957040573,0.7965260545905707,0.7744360902255639,0.8162762022194822,0.8278301886792453,0.8412322274881516,0.8366164542294322,0.7995110024449877,0.8009708737864077,0.7980652962515115,0.8395348837209302,0.827262044653349,0.8356807511737089,0.7961399276236429,0.8373702422145328
0.8183962264150944,0.795593635250918,0.7696139476961394,0.7955665024630542,0.8159437280187574,0.8264462809917356,0.8302325581395349,0.7995139732685298,0.7942238267148014,0.7864897466827503,0.8243559718969555,0.8348623853211009,0.8232558139534883,0.7903614457831325,0.8394495412844036
0.8235294117647058,0.7735368956743003,0.7704081632653061,0.7704081632653061,0.8164251207729468,0.830952380952381,0.8256227758007118,0.7905236907730673,0.7856257744733581,0.7980295566502463,0.8172043010752689,0.8180737217598097,0.8100961538461539,0.7851851851851852,0.8249118683901293
0.8278388278388278,0.7989886219974716,0.7698209718670077,0.7867177522349936,0.8236714975845411,0.8441247002398081,0.831942789034565,0.8068880688806888,0.7975460122699386,0.7925925925925926,0.8359281437125748,0.8412322274881516,0.830952380952381,0.7965686274509803,0.8497652582159625
0.8195488721804511,0.7813712807244502,0.7680209698558322,0.7861715749039693,0.8158220024721878,0.8261405672009864,0.8228155339805825,0.7811704834605598,0.7909319899244333,0.7869674185463659,0.8245398773006135,0.8262454434993924,0.8203883495145631,0.7878787878787878,0.8235294117647058
0.8056206088992974,0.8014184397163121,0.7890345649582837,0.7980884109916367,0.8308740068104427,0.8202764976958525,0.8306997742663657,0.8172293364377182,0.8041714947856315,0.7981330221703618,0.830102622576967,0.8243243243243243,0.8344671201814059,0.8046511627906977,0.8322147651006712
0.8228299643281808,0.80440097799511,0.7896039603960396,0.8197115384615384,0.8317757009345794,0.8252080856123662,0.8439306358381503,0.8130277442702051,0.8194774346793349,0.8004807692307693,0.8288075560802833,0.8389339513325609,0.8302325581395349,0.8033373063170441,0.8321678321678322
0.8215962441314554,0.7881773399014779,0.7680798004987531,0.8077388149939541,0.8116959064327486,0.8244994110718492,0.8325688073394495,0.8048192771084337,0.806146572104019,0.7966706302021404,0.8228438228438228,0.8266360505166476,0.8168028004667445,0.7966706302021404,0.8357870894677236
0.8148148148148148,0.7956204379562044,0.7701863354037267,0.7747524752475248,0.8215962441314554,0.8254716981132075,0.8356481481481481,0.7990373044524669,0.7957244655581948,0.7738814993954051,0.8080568720379147,0.8222996515679443,0.8210526315789474,0.78125,0.8304498269896193
0.8386308068459658,0.8217821782178217,0.7994955863808323,0.830423940149626,0.8486293206197855,0.854066985645933,0.8500590318772137,0.8369829683698297,0.8391777509068924,0.8181818181818182,0.841726618705036,0.8531139835487661,0.8375451263537906,0.833939393939394,0.8581477139507621
0.7945879458794588,0.7845579078455791,0.7303225806451613,0.7586206896551724,0.8163265306122449,0.8048192771084337,0.8161328588374852,0.7765293383270911,0.7897934386391251,0.7531172069825436,0.8115246098439376,0.8123515439429929,0.8067226890756303,0.7703703703703704,0.8271028037383178
0.8482039397450754,0.8095808383233533,0.7843137254901961,0.8115246098439376,0.8512110726643599,0.8465974625144176,0.8489702517162472,0.8109393579072532,0.8188235294117647,0.8084606345475911,0.8429561200923787,0.8542141230068337,0.8525714285714285,0.8151658767772512,0.8597285067873304
0.8571428571428571,0.839677047289504,0.8080568720379147,0.82063305978898,0.854586129753915,0.8680947012401353,0.8653421633554084,0.8378995433789954,0.8475336322869955,0.8213457076566125,0.8552338530066815,0.8633879781420765,0.8596685082872928,0.8295454545454546,0.88
0.8313253012048193,0.8074074074074075,0.7839195979899497,0.7980049875311721,0.8412322274881516,0.8527679623085983,0.8417350527549824,0.8221153846153846,0.8229665071770335,0.8048484848484848,0.833530106257379,0.8384074941451991,0.8403755868544601,0.8057901085645356,0.8457943925233645
0.8094645080946451,0.8035714285714286,0.7420212765957447,0.7746113989637305,0.8175182481751825,0.8296296296296296,0.8199513381995134,0.8045397225725095,0.8,0.7715736040609137,0.8147239263803681,0.8146341463414634,0.823960880195599,0.7773584905660378,0.8357142857142857
0.8218181818181818,0.7889447236180904,0.7777777777777778,0.8034610630407911,0.8299643281807372,0.8305489260143198,0.8362779740871613,0.7990135635018496,0.7916152897657214,0.7906403940886699,0.830367734282325,0.8347010550996483,0.821301775147929,0.7917174177831913,0.8441860465116279
0.8374269005847953,0.8194774346793349,0.7892813641900122,0.8038507821901324,0.8296639629200464,0.8395348837209302,0.8390804597701149,0.812206572769953,0.8080568720379147,0.8066037735849056,0.8311990686845169,0.8371040723981901,0.8350634371395617,0.8028169014084507,0.8423423423423423
0.824969400244798,0.8045977011494253,0.7746113989637305,0.8015267175572519,0.8321167883211679,0.8382352941176471,0.8379351740696278,0.8039950062421972,0.8049382716049382,0.8039457459926017,0.8349514563106796,0.8353510895883777,0.8359281437125748,0.7990074441687345,0.8520710059171598
0.8181818181818182,0.8059701492537313,0.7674714104193139,0.7854454203262233,0.8347205707491082,0.828978622327791,0.833922261484099,0.8122699386503067,0.8048780487804879,0.7960687960687961,0.8263473053892215,0.8497652582159625,0.8333333333333334,0.7985257985257985,0.8423529411764706
0.8250904704463209,0.7809762202753442,0.7611749680715197,0.7849056603773585,0.8152562574493445,0.8373205741626795,0.8319623971797885,0.7886977886977887,0.7922705314009661,0.7783251231527094,0.830367734282325,0.8226950354609929,0.8246445497630331,0.7829268292682927,0.8317972350230415
0.8379351740696278,0.8014888337468983,0.7544757033248082,0.79,0.8295589988081049,0.8277511961722488,0.8411214953271028,0.8049079754601227,0.8101571946795647,0.800976800976801,0.8205741626794258,0.8395348837209302,0.8218527315914489,0.8062575210589651,0.8331388564760793
0.8277511961722488,0.8068880688806888,0.7623888182973316,0.7960199004975125,0.8243727598566308,0.8390941597139452,0.8325471698113207,0.8019680196801968,0.8072727272727273,0.7821782178217822,0.8215568862275449,0.8403755868544601,0.8299643281807372,0.7950920245398773,0.8350877192982457
0.8276699029126213,0.7834793491864831,0.7547649301143583,0.7758186397984886,0.8081534772182254,0.8252080856123662,0.8284714119019837,0.7766749379652605,0.7852760736196319,0.7749077490774908,0.8151658767772512,0.821301775147929,0.8150765606595995,0.7796610169491526,0.8404133180252583
0.8637951105937136,0.8136419001218027,0.8034398034398035,0.8223844282238443,0.8512110726643599,0.8470588235294118,0.8643101482326112,0.8249400479616307,0.8158844765342961,0.8243727598566308,0.8521536670547147,0.851258581235698,0.8528735632183908,0.8115246098439376,0.8577929465301479
0.8242424242424242,0.8094059405940595,0.7884130982367759,0.818976279650437,0.8355342136854742,0.8361445783132531,0.8419811320754716,0.8170731707317073,0.8141809290953546,0.7970660146699267,0.8390941597139452,0.8403755868544601,0.8421052631578947,0.8102189781021898,0.8481308411214953
0.8241082410824109,0.7739463601532567,0.7628865979381443,0.7878787878787878,0.8116646415552855,0.8256658595641646,0.8233890214797136,0.7773584905660378,0.7747524752475248,0.7792848335388409,0.8102189781021898,0.8199052132701422,0.8200238379022646,0.7698019801980198,0.8193624557260921
0.8125755743651754,0.7854454203262233,0.7649301143583227,0.784019975031211,0.8125,0.8159806295399515,0.8176400476758046,0.7955390334572491,0.7852760736196319,0.7806691449814126,0.8125,0.8156028368794326,0.8199052132701422,0.7780548628428927,0.8313817330210773
0.8331360946745562,0.8178528347406514,0.7980416156670747,0.796092796092796,0.8352941176470589,0.8386336866902238,0.8325581395348837,0.8129496402877698,0.8108747044917257,0.8076009501187649,0.8423529411764706,0.8375870069605569,0.8362369337979094,0.80622009569378,0.8346820809248555
0.8209500609013398,0.78,0.7647798742138365,0.789937106918239,0.8181818181818182,0.831942789034565,0.8274231678486997,0.7876543209876543,0.7799511002444988,0.7686567164179104,0.8191616766467066,0.8138424821002387,0.8124253285543608,0.7722772277227723,0.8250591016548463
0.7990135635018496,0.8034825870646766,0.7678571428571429,0.7818411097099621,0.8226779252110977,0.8205128205128205,0.8221153846153846,0.8108108108108109,0.8073170731707318,0.80440097799511,0.8283313325330132,0.8364928909952607,0.8341232227488151,0.8063337393422655,0.8341232227488151
0.8329411764705882,0.796092796092796,0.7776397515527951,0.782716049382716,0.8344988344988346,0.8360655737704918,0.8466819221967964,0.7908101571946796,0.8095238095238095,0.7787182587666264,0.8284714119019837,0.8439306358381503,0.8255813953488372,0.798569725864124,0.8483466362599772
0.8287425149700599,0.812807881773399,0.79,0.7909887359198998,0.8360655737704918,0.8443396226415094,0.8368298368298368,0.8175182481751825,0.8188405797101449,0.8004836759371221,0.8297872340425532,0.8445475638051044,0.8229777256740914,0.8130277442702051,0.8433179723502304
0.8090154211150652,0.7847478474784748,0.7544303797468355,0.7847478474784748,0.8197879858657244,0.8207547169811321,0.8232558139534883,0.7912621359223301,0.7914183551847438,0.7792521109770808,0.8124253285543608,0.8205128205128205,0.8131609870740305,0.7990430622009569,0.823121387283237
0.8277511961722488,0.8141809290953546,0.7886977886977887,0.7905824039653035,0.8319623971797885,0.8378698224852071,0.839766081871345,0.8210023866348448,0.8172043010752689,0.8138424821002387,0.8325471698113207,0.8436781609195402,0.8335273573923166,0.8076463560334528,0.8389339513325609
0.8329411764705882,0.7901840490797546,0.7837837837837838,0.7843137254901961,0.8304093567251462,0.852233676975945,0.8386363636363636,0.8124253285543608,0.7956989247311828,0.7913669064748201,0.839677047289504,0.839677047289504,0.8346820809248555,0.8080568720379147,0.8422247446083996
0.8232502965599051,0.7980295566502463,0.7725,0.804374240583232,0.8339140534262486,0.8494749124854143,0.8385598141695703,0.8111380145278451,0.8091236494597839,0.8,0.8364485981308412,0.8387096774193549,0.8389339513325609,0.7975903614457831,0.8513053348467651
0.8353510895883777,0.8064918851435705,0.7713920817369093,0.7985074626865671,0.831942789034565,0.8414779499404053,0.8444444444444444,0.7995018679950187,0.7931456548347613,0.7916152897657214,0.8444976076555024,0.8418549346016647,0.8295589988081049,0.800976800976801,0.8488372093023255
0.8095238095238095,0.7882496940024479,0.7465667915106118,0.772104607721046,0.8302325581395349,0.8207547169811321,0.8281430219146482,0.7966507177033493,0.7933491686460807,0.7634146341463415,0.8181818181818182,0.8384879725085911,0.8205128205128205,0.7751196172248804,0.840317100792752
0.8178343949044586,0.7820343461030383,0.7712765957446809,0.7710843373493976,0.8035264483627204,0.8223350253807107,0.8195488721804511,0.7953367875647669,0.7866323907455013,0.7908163265306123,0.8325,0.8236744759556104,0.8261405672009864,0.7896774193548387,0.8395061728395061
0.8249118683901293,0.7971014492753623,0.7718865598027127,0.8110709987966306,0.825836216839677,0.8346820809248555,0.8464163822525598,0.8052568697729988,0.8292682926829268,0.7995283018867925,0.8384879725085911,0.835990888382688,0.8277456647398844,0.8,0.8365276211950394
0.8386336866902238,0.7995198079231692,0.7883211678832117,0.8068043742405833,0.8366164542294322,0.8451688009313155,0.8541905855338691,0.8127962085308057,0.8131609870740305,0.8032979976442874,0.8284714119019837,0.8427095292766934,0.8433179723502304,0.807556080283353,0.8464163822525598
0.8601645123384254,0.8092909535452323,0.7980049875311721,0.8262454434993924,0.8471411901983664,0.8554778554778555,0.8574712643678161,0.8077858880778589,0.8048192771084337,0.8091236494597839,0.8538283062645011,0.8378063010501751,0.8495370370370371,0.7971014492753623,0.8662131519274376
0.8052256532066508,0.7887667887667887,0.7506297229219143,0.7737948084054388,0.8214702450408401,0.8119047619047619,0.822429906542056,0.7946859903381642,0.7956989247311828,0.7772397094430993,0.8037825059101655,0.8406466512702079,0.8122786304604487,0.7880239520958083,0.8356481481481481
0.8337408312958435,0.8136020151133502,0.7860824742268041,0.7979669631512071,0.8385542168674699,0.8459657701711492,0.8353221957040573,0.8074534161490683,0.8141809290953546,0.8004926108374384,0.8329297820823245,0.8390941597139452,0.837772397094431,0.7995079950799509,0.836662749706228
0.8276643990929705,0.8046783625730994,0.7924080664294187,0.7866507747318237,0.829050279329609,0.8378378378378378,0.838495575221239,0.8046242774566474,0.8109965635738832,0.7935034802784223,0.8361204013377926,0.8344370860927153,0.8346281908990011,0.8032220943613348,0.8509249183895539
0.8109393579072532,0.7877300613496933,0.7408343868520859,0.7906976744186046,0.8177570093457944,0.8189349112426035,0.8242142025611175,0.7897934386391251,0.798569725864124,0.7890345649582837,0.827906976744186,0.8362369337979094,0.8250289687137891,0.7971360381861575,0.8302752293577982
0.8125786163522013,0.7594278283485045,0.7372654155495979,0.7700394218134035,0.795,0.8005050505050505,0.8044554455445545,0.7633587786259542,0.7721518987341772,0.7595907928388747,0.7920298879202988,0.8155339805825242,0.7945544554455446,0.7637292464878672,0.816969696969697
0.8249118683901293,0.7923169267707083,0.7677261613691931,0.7913669064748201,0.8222996515679443,0.8323699421965318,0.8323831242873432,0.8,0.8028004667444574,0.7886658795749705,0.8281430219146482,0.8350398179749715,0.8229885057471265,0.7924970691676436,0.8397291196388262
0.8376068376068376,0.8163771712158809,0.7919293820933165,0.8173913043478261,0.833729216152019,0.8409638554216867,0.8459715639810427,0.8171779141104294,0.8256658595641646,0.8202653799758746,0.8418549346016647,0.8470588235294118,0.8325358851674641,0.8178528347406514,0.8448074679113186
0.8380024360535931,0.8019925280199253,0.7686472819216182,0.7955112219451371,0.8317307692307693,0.8383233532934131,0.8494749124854143,0.8131868131868132,0.8130277442702051,0.8033980582524272,0.8317535545023697,0.8341232227488151,0.8323424494649228,0.8043217286914766,0.8449074074074074
0.8393285371702638,0.8132678132678133,0.7787610619469026,0.7960199004975125,0.8404761904761905,0.8469750889679716,0.8470588235294118,0.8185140073081608,0.8097560975609757,0.8009888751545118,0.8353221957040573,0.8453364817001181,0.8494117647058823,0.7990135635018496,0.8588098016336057
0.7934093789607097,0.7896103896103897,0.7519788918205804,0.7927461139896373,0.805,0.8225,0.8109452736318408,0.7809278350515464,0.7739463601532567,0.7806122448979592,0.8064918851435705,0.8089330024813896,0.8128872366790583,0.7753530166880617,0.8112745098039216
0.8201438848920863,0.7980295566502463,0.75,0.7759699624530664,0.8387850467289719,0.8319623971797885,0.839390386869871,0.8,0.7956204379562044,0.7761557177615572,0.8343125734430082,0.8276670574443142,0.8290398126463701,0.7946859903381642,0.8406466512702079
0.8284714119019837,0.8052884615384616,0.769041769041769,0.7917675544794189,0.8250289687137891,0.836027713625866,0.8346636259977195,0.8080568720379147,0.7981220657276995,0.7942925089179548,0.8366164542294322,0.8376844494892168,0.8329519450800915,0.7967097532314924,0.8463251670378619
0.8361445783132531,0.8,0.7668789808917198,0.784019975031211,0.842603550295858,0.8331332533013205,0.8386336866902238,0.7970297029702971,0.8058252427184466,0.7882496940024479,0.8305489260143198,0.8403755868544601,0.8301886792452831,0.8,0.8475750577367206
0.8473804100227791,0.8207547169811321,0.8095238095238095,0.8004836759371221,0.8510158013544018,0.8555304740406321,0.8526785714285714,0.8251748251748252,0.823803967327888,0.8130841121495327,0.8344671201814059,0.8609865470852018,0.8510158013544018,0.8113207547169812,0.8581005586592179
0.8252080856123662,0.8158844765342961,0.7777777777777778,0.8193939393939393,0.8424737456242707,0.8421052631578947,0.8531791907514451,0.8210023866348448,0.833922261484099,0.8123515439429929,0.8391608391608392,0.8381839348079162,0.8561484918793504,0.8180737217598097,0.8594285714285714
0.8256227758007118,0.8106151990349819,0.7669172932330827,0.7945879458794588,0.8280701754385965,0.8226950354609929,0.8342989571263036,0.8023952095808383,0.8090692124105012,0.7869249394673123,0.8280701754385965,0.8375870069605569,0.8255813953488372,0.7990430622009569,0.8377445339470656
0.8571428571428571,0.816969696969697,0.7985257985257985,0.8198307134220073,0.8584579976985041,0.8661233993015134,0.8762769580022701,0.8364928909952607,0.8313817330210773,0.8278301886792453,0.8708571428571429,0.8679678530424799,0.8637413394919169,0.8327485380116959,0.8642533936651584
0.8112058465286236,0.8009950248756219,0.7674714104193139,0.7793190416141236,0.8265060240963855,0.8311377245508982,0.8207547169811321,0.8064118372379778,0.7985347985347986,0.8004866180048662,0.8273381294964028,0.8321513002364066,0.8293838862559242,0.8004926108374384,0.8427230046948356
0.8524203069657615,0.8359281437125748,0.7950310559006211,0.8242424242424242,0.8680555555555556,0.8648018648018648,0.8630609896432682,0.836104513064133,0.8447058823529412,0.819047619047619,0.8544819557625145,0.8649885583524027,0.8637413394919169,0.8362779740871613,0.870561282932417
0.852233676975945,0.8275862068965517,0.7995110024449877,0.828978622327791,0.8528735632183908,0.851508120649652,0.8652321630804077,0.8095808383233533,0.8284714119019837,0.81786133960047,0.8475750577367206,0.852233676975945,0.850967007963595,0.8215962441314554,0.8693693693693694
0.8204518430439952,0.7866004962779156,0.7578419071518193,0.8004895960832313,0.8254716981132075,0.8258823529411765,0.8339140534262486,0.7882496940024479,0.7985524728588661,0.7980769230769231,0.8266978922716628,0.8348837209302326,0.8317757009345794,0.7951807228915663,0.8390804597701149
0.8355342136854742,0.8044554455445545,0.786346396965866,0.8094059405940595,0.8457008244994111,0.8398576512455516,0.8421052631578947,0.8115942028985508,0.8235294117647058,0.8043478260869565,0.8376470588235294,0.8428405122235157,0.8297872340425532,0.7966101694915254,0.8422273781902552
0.8266666666666667,0.80545229244114,0.7608142493638677,0.7915106117353309,0.8301435406698564,0.8397129186602871,0.8321513002364066,0.8053855569155447,0.7990314769975787,0.7882496940024479,0.8245192307692307,0.8307692307692308,0.8285714285714286,0.7921760391198044,0.8374269005847953
0.8217237308146399,0.8019323671497585,0.78239608801956,0.7946537059538274,0.823803967327888,0.8276670574443142,0.8377445339470656,0.8028673835125448,0.8080094228504122,0.7933491686460807,0.8265424912689173,0.8227114716106605,0.8168028004667445,0.7919143876337693,0.8424657534246576
0.8134328358208955,0.7974522292993631,0.7668393782383419,0.7964376590330788,0.8186274509803921,0.8133498145859085,0.8319226118500604,0.8070175438596491,0.8030112923462986,0.7984981226533167,0.8141809290953546,0.8331332533013205,0.8203883495145631,0.8058968058968059,0.8349282296650717
0.831942789034565,0.8121951219512196,0.7846534653465347,0.8097560975609757,0.8355029585798817,0.8372641509433962,0.8491879350348028,0.7995139732685298,0.8224076281287247,0.8038277511961722,0.8321513002364066,0.840512223515716,0.8360655737704918,0.807185628742515,0.849942726231386
0.840512223515716,0.8279952550415184,0.7814407814407814,0.8014354066985646,0.8561643835616438,0.8652321630804077,0.8613303269447576,0.8254716981132075,0.8246225319396051,0.813599062133646,0.8620296465222349,0.859392575928009,0.8526434195725534,0.8186046511627907,0.8663697104677061
0.8282352941176471,0.7878048780487805,0.7707558859975217,0.8091787439613527,0.8246225319396051,0.8249118683901293,0.8405466970387244,0.7918170878459687,0.8056872037914692,0.8023668639053254,0.8367816091954023,0.8496583143507973,0.8367816091954023,0.8061831153388823,0.8318181818181818
0.8168028004667445,0.78125,0.7555012224938875,0.784503631961259,0.8176538908246226,0.8264840182648402,0.8165137614678899,0.7905325443786982,0.7905325443786982,0.7920094007050529,0.8192219679633868,0.8419864559819413,0.8289920724801813,0.7839433293978748,0.8402234636871508
0.8347205707491082,0.7979924717691342,0.7674714104193139,0.8079306071871127,0.8347205707491082,0.833729216152019,0.8481308411214953,0.8113440197287299,0.7990135635018496,0.7886977886977887,0.8357142857142857,0.8386336866902238,0.8368794326241135,0.8014616321559074,0.8434579439252337
0.818955042527339,0.8089887640449438,0.789873417721519,0.8029925187032418,0.8331360946745562,0.8455089820359282,0.8374269005847953,0.8059332509270705,0.8073170731707318,0.8088235294117647,0.828978622327791,0.8378063010501751,0.8403755868544601,0.7906976744186046,0.8488372093023255
0.8100961538461539,0.7926829268292683,0.7707558859975217,0.7740324594257179,0.8215962441314554,0.8183962264150944,0.8214702450408401,0.7995198079231692,0.7855421686746988,0.7923627684964201,0.8160377358490566,0.8346820809248555,0.8199767711962834,0.7851140456182473,0.8302752293577982
0.8119047619047619,0.7872860635696821,0.7772277227722773,0.7736318407960199,0.8215962441314554,0.821301775147929,0.8246225319396051,0.7864897466827503,0.7825030376670717,0.7742718446601942,0.8113207547169812,0.8153310104529616,0.8169014084507042,0.7851140456182473,0.8190255220417634
0.8271752085816448,0.8004866180048662,0.773067331670823,0.7901234567901234,0.8142011834319527,0.831353919239905,0.8233918128654971,0.7937649880095923,0.8061831153388823,0.7880952380952381,0.8113207547169812,0.8286384976525821,0.8188235294117647,0.7957244655581948,0.8317972350230415
0.8413793103448276,0.8156956004756243,0.787363304981774,0.8068043742405833,0.8275862068965517,0.8442906574394463,0.8375286041189931,0.8080568720379147,0.8112543962485346,0.8042452830188679,0.8329519450800915,0.8429378531073446,0.8310502283105022,0.8033175355450237,0.85456595264938
0.8277511961722488,0.7945879458794588,0.7719298245614035,0.7835820895522388,0.8319623971797885,0.8423529411764706,0.8468677494199536,0.7985436893203883,0.7985524728588661,0.78239608801956,0.8347010550996483,0.8342989571263036,0.8311990686845169,0.7889022919179735,0.836027713625866
0.8160779537149817,0.7929736511919699,0.7634961439588689,0.7979924717691342,0.8228155339805825,0.8375451263537906,0.828978622327791,0.7886977886977887,0.7941176470588235,0.7872078720787208,0.8315412186379928,0.8195937873357229,0.8205741626794258,0.8038976857490865,0.8280701754385965
0.8035264483627204,0.797940797940798,0.7559681697612732,0.7738562091503268,0.8206388206388207,0.8194271481942715,0.8185140073081608,0.7852604828462516,0.7873417721518987,0.7750952986022872,0.8074074074074075,0.8106796116504854,0.8145454545454546,0.7812895069532237,0.8197115384615384
0.8,0.772554002541296,0.7470817120622568,0.7711757269279393,0.8,0.8136419001218027,0.8204518430439952,0.7703889585947302,0.7766749379652605,0.7701863354037267,0.8019441069258809,0.8185053380782918,0.8009650180940893,0.7718865598027127,0.8199052132701422
0.8359659781287971,0.7940074906367042,0.7784730913642053,0.7960199004975125,0.8363201911589009,0.8400954653937948,0.852112676056338,0.8034188034188035,0.8092345078979344,0.8034188034188035,0.8355029585798817,0.8439716312056738,0.8446026097271648,0.8009708737864077,0.8474970896391153
0.84375,0.8089887640449438,0.784019975031211,0.8161764705882353,0.8414779499404053,0.8423529411764706,0.8511627906976744,0.8205128205128205,0.8116646415552855,0.8111380145278451,0.8372641509433962,0.8574766355140186,0.8476977567886659,0.8131067961165048,0.8450057405281286
0.8356481481481481,0.7923169267707083,0.7654921020656136,0.7942583732057417,0.8262370540851554,0.8377445339470656,0.8490351872871736,0.7899761336515513,0.8075117370892019,0.7886658795749705,0.8339060710194731,0.8410372040586246,0.8306636155606407,0.7915194346289752,0.8596881959910914
0.8303249097472925,0.8103448275862069,0.7737041719342604,0.795,0.8239520958083832,0.8370986920332937,0.833922261484099,0.8088235294117647,0.804374240583232,0.7897310513447433,0.8259303721488596,0.8246445497630331,0.8214285714285714,0.8087167070217918,0.8434579439252337
0.8416184971098266,0.8358913813459268,0.8095808383233533,0.8106151990349819,0.851894374282434,0.8535469107551488,0.8467650397275823,0.8391608391608392,0.8229777256740914,0.812206572769953,0.8452655889145496,0.8535754824063564,0.8542141230068337,0.8210526315789474,0.8506787330316742
0.8205741626794258,0.7719298245614035,0.7496855345911949,0.7738693467336684,0.8023809523809524,0.8109393579072532,0.8099173553719008,0.7786069651741293,0.7758620689655172,0.7760097919216646,0.8123515439429929,0.8168028004667445,0.8066037735849056,0.78239608801956,0.8261376896149358
0.8170011806375442,0.8038976857490865,0.7753086419753087,0.8048484848484848,0.8217237308146399,0.8221436984687868,0.8265424912689173,0.8057553956834532,0.8122786304604487,0.7923627684964201,0.8258823529411765,0.8259860788863109,0.8220140515222483,0.792814371257485,0.8206896551724138
0.8403755868544601,0.8096969696969697,0.7837837837837838,0.7965474722564735,0.8329466357308585,0.8374269005847953,0.8486238532110092,0.8105515587529976,0.8043217286914766,0.7942583732057417,0.8308051341890315,0.8296639629200464,0.8352668213457076,0.7942925089179548,0.8415051311288484
0.8416075650118203,0.8192771084337349,0.800982800982801,0.8170731707317073,0.8495370370370371,0.8548009367681498,0.8604382929642446,0.8210023866348448,0.821301775147929,0.819047619047619,0.8465116279069768,0.849942726231386,0.8512110726643599,0.8137603795966786,0.8457142857142858
0.8333333333333334,0.7935723114956736,0.773067331670823,0.8068459657701712,0.8412322274881516,0.8398576512455516,0.8541423570595099,0.8014616321559074,0.7951515151515152,0.7975757575757576,0.8323424494649228,0.8457943925233645,0.8411214953271028,0.7961165048543689,0.8551564310544612
0.8195121951219512,0.7837150127226463,0.7577319587628866,0.7686375321336761,0.8202653799758746,0.8285024154589372,0.8168674698795181,0.7793190416141236,0.7955665024630542,0.7795765877957659,0.8252427184466019,0.8269230769230769,0.816969696969697,0.785,0.8440797186400938
0.8313253012048193,0.7990074441687345,0.7808564231738035,0.7969924812030075,0.8347205707491082,0.8466111771700356,0.8311688311688312,0.7985257985257985,0.8091787439613527,0.8106151990349819,0.8416075650118203,0.8464243845252052,0.8358913813459268,0.8063337393422655,0.8617511520737328
0.81786133960047,0.8090154211150652,0.789410348977136,0.8166666666666667,0.8285385500575374,0.8277456647398844,0.8368953880764904,0.8080094228504122,0.8125727590221188,0.7962529274004684,0.8275862068965517,0.8337078651685393,0.8387824126268321,0.7966903073286052,0.8405797101449275
0.7765567765567766,0.7762669962917181,0.7630922693266833,0.76,0.7981109799291618,0.8023809523809524,0.8065650644783119,0.7796610169491526,0.7827130852340937,0.7558282208588957,0.8052256532066508,0.8046783625730994,0.7790973871733967,0.7753623188405797,0.815068493150685
0.8293269230769231,0.8054862842892768,0.772554002541296,0.7909887359198998,0.8315412186379928,0.8363201911589009,0.8349056603773585,0.8063725490196079,0.8164251207729468,0.7926829268292683,0.8416075650118203,0.8378063010501751,0.8307692307692308,0.8048192771084337,0.8406466512702079
0.8197115384615384,0.7804265997490589,0.7569620253164557,0.7900621118012422,0.8247914183551848,0.8370986920332937,0.8325581395348837,0.7852760736196319,0.792814371257485,0.7765567765567766,0.8327402135231317,0.846242774566474,0.8066825775656324,0.781021897810219,0.8452655889145496
0.8093480934809348,0.8014981273408239,0.7811704834605598,0.7989821882951654,0.8239520958083832,0.8289156626506025,0.8402366863905325,0.8098159509202454,0.8111380145278451,0.800976800976801,0.825511432009627,0.8315665488810365,0.8291517323775388,0.7995079950799509,0.8380281690140845
0.8437884378843789,0.8220230473751601,0.7863695937090432,0.8185328185328186,0.8431372549019608,0.8634146341463415,0.8568019093078759,0.8192161820480405,0.8165829145728644,0.8060453400503779,0.8498789346246973,0.8475390156062425,0.8506024096385543,0.8139825218476904,0.8481927710843373
0.8057901085645356,0.7985347985347986,0.7747524752475248,0.808252427184466,0.8271752085816448,0.8161328588374852,0.823803967327888,0.7966101694915254,0.7990430622009569,0.792814371257485,0.8256227758007118,0.8395348837209302,0.8348837209302326,0.7980652962515115,0.8416184971098266
0.8210023866348448,0.80440097799511,0.7794486215538847,0.7872078720787208,0.8268551236749117,0.8261904761904761,0.8331388564760793,0.8033775633293124,0.8014268727705113,0.7980769230769231,0.8221436984687868,0.8283062645011601,0.8108108108108109,0.7976190476190477,0.8348623853211009
0.8305084745762712,0.8113440197287299,0.7717528373266078,0.7965043695380774,0.8442330558858502,0.8416075650118203,0.8434579439252337,0.8223844282238443,0.8178528347406514,0.808252427184466,0.8370986920332937,0.8491879350348028,0.8409893992932862,0.8116646415552855,0.8524970963995354
0.8231046931407943,0.7864321608040201,0.7525773195876289,0.7780612244897959,0.8206979542719615,0.8307322929171669,0.8315665488810365,0.7900621118012422,0.7946210268948656,0.7821782178217822,0.8216867469879519,0.8351126927639383,0.815347721822542,0.7841191066997518,0.8341232227488151
0.8110047846889952,0.7955665024630542,0.7786069651741293,0.7970479704797048,0.8221436984687868,0.8261904761904761,0.8343125734430082,0.7995169082125604,0.7946537059538274,0.8014616321559074,0.8151658767772512,0.8259860788863109,0.8261376896149358,0.7878787878787878,0.839907192575406
0.8100961538461539,0.8014796547472256,0.7741935483870968,0.7915632754342432,0.8214285714285714,0.8240850059031877,0.8262910798122066,0.8009650180940893,0.8024242424242424,0.787363304981774,0.8255813953488372,0.8233918128654971,0.82063305978898,0.7825030376670717,0.8310185185185185
0.7971360381861575,0.7779141104294478,0.7620221948212084,0.7773677736777368,0.806146572104019,0.8187134502923976,0.8175519630484989,0.7829268292682927,0.7845968712394705,0.7787182587666264,0.8191365227537923,0.8179723502304147,0.8093567251461988,0.7840772014475271,0.827033218785796
0.8448471121177803,0.8222996515679443,0.7966903073286052,0.822429906542056,0.846927374301676,0.8536312849162011,0.8562019758507134,0.8155784650630011,0.8267270668176671,0.8263337116912599,0.8446927374301676,0.8498896247240618,0.8504983388704319,0.8195232690124858,0.8624454148471615
0.8087167070217918,0.8009888751545118,0.7635903919089759,0.7885572139303483,0.8177458033573142,0.8243727598566308,0.8331360946745562,0.8024539877300614,0.7931873479318735,0.7926829268292683,0.8297872340425532,0.8156956004756243,0.8235294117647058,0.7868453105968332,0.8240850059031877
0.8160779537149817,0.81,0.7832699619771863,0.7878787878787878,0.8279952550415184,0.8351383874849578,0.8333333333333334,0.8168316831683168,0.8178528347406514,0.7856257744733581,0.8232445520581114,0.8327402135231317,0.8057553956834532,0.8053855569155447,0.8333333333333334
0.7938144329896907,0.7729083665338645,0.7418478260869565,0.7786666666666666,0.7964376590330788,0.8061224489795918,0.8135168961201502,0.7769028871391076,0.771838331160365,0.7607843137254902,0.798469387755102,0.7975,0.8025157232704403,0.7630208333333334,0.8120300751879699
0.8475750577367206,0.8243727598566308,0.7907542579075426,0.8372641509433962,0.8555045871559633,0.8463302752293578,0.8574660633484162,0.8246445497630331,0.8393063583815029,0.8262910798122066,0.8502304147465438,0.8723163841807909,0.8454545454545455,0.8215962441314554,0.8642533936651584
0.8327316486161251,0.8170731707317073,0.7856257744733581,0.8190709046454768,0.8355029585798817,0.8432304038004751,0.8491228070175438,0.8120481927710843,0.8224076281287247,0.8048484848484848,0.8297872340425532,0.8428405122235157,0.8427230046948356,0.8177458033573142,0.8564814814814815
0.819047619047619,0.8087697929354446,0.7709637046307884,0.7970838396111786,0.8160377358490566,0.8222748815165877,0.8246225319396051,0.8014616321559074,0.8047619047619048,0.7908653846153846,0.8309859154929577,0.8315911730545877,0.8177570093457944,0.7961630695443646,0.8404133180252583
0.8375451263537906,0.8088235294117647,0.7769423558897243,0.7990012484394506,0.8376470588235294,0.8476977567886659,0.8387850467289719,0.8131067961165048,0.8048484848484848,0.7941888619854721,0.8311688311688312,0.8413631022326674,0.8372641509433962,0.7936507936507936,0.8482758620689655
0.8134777376654633,0.8,0.7653701380175659,0.7975460122699386,0.8160377358490566,0.833530106257379,0.8358556461001164,0.8024096385542169,0.7946859903381642,0.7951807228915663,0.8226950354609929,0.8283062645011601,0.8308051341890315,0.7937649880095923,0.8389339513325609
0.8083028083028083,0.7776365946632783,0.7522464698331194,0.7750952986022872,0.8198307134220073,0.8145454545454546,0.8253588516746412,0.7808564231738035,0.7816377171215881,0.7741935483870968,0.8092345078979344,0.8243727598566308,0.8149038461538461,0.7841191066997518,0.8134777376654633
0.8141809290953546,0.7773584905660378,0.7626262626262627,0.7925,0.8148148148148148,0.8243727598566308,0.8185053380782918,0.7940813810110974,0.7852760736196319,0.7843137254901961,0.8076923076923077,0.8156956004756243,0.8105515587529976,0.7832512315270936,0.8280701754385965
0.823238566131026,0.8025316455696202,0.772785622593068,0.7923076923076923,0.8280871670702179,0.8380024360535931,0.8309178743961353,0.8025,0.7985074626865671,0.7819548872180451,0.8270858524788391,0.8325358851674641,0.8365384615384616,0.7884856070087609,0.8240963855421687
0.8215568862275449,0.800498753117207,0.7692307692307693,0.7935323383084577,0.828978622327791,0.8392434988179669,0.8401400233372228,0.8034610630407911,0.8076923076923077,0.7872860635696821,0.842603550295858,0.8278301886792453,0.8360655737704918,0.8,0.8452655889145496
0.821078431372549,0.8080301129234629,0.7811704834605598,0.7938931297709924,0.8233861144945189,0.8355663824604141,0.8315412186379928,0.7984886649874056,0.8108108108108109,0.7895392278953923,0.8199513381995134,0.8211284513805522,0.8202653799758746,0.7875,0.836104513064133
0.8422273781902552,0.8293838862559242,0.7863247863247863,0.8086642599277978,0.8427095292766934,0.8469505178365938,0.8545454545454545,0.8208778173190985,0.8327485380116959,0.8080568720379147,0.8421052631578947,0.849438202247191,0.8473804100227791,0.812206572769953,0.8513513513513513
0.8618654073199528,0.8341346153846154,0.796044499381953,0.80545229244114,0.8548009367681498,0.8611435239206534,0.8597914252607184,0.8269230769230769,0.836104513064133,0.8058252427184466,0.8627906976744186,0.8571428571428571,0.8561484918793504,0.8177458033573142,0.865979381443299
0.8390129259694477,0.8096385542168675,0.7803680981595092,0.8077388149939541,0.8528389339513326,0.8525345622119815,0.849942726231386,0.8138424821002387,0.8188235294117647,0.80622009569378,0.8408826945412311,0.8529076396807298,0.8482758620689655,0.8137603795966786,0.8529076396807298
0.8145539906103286,0.8124253285543608,0.7835550181378477,0.7971188475390156,0.839677047289504,0.8333333333333334,0.8312284730195177,0.8156028368794326,0.814385150812065,0.7990543735224587,0.8383371824480369,0.8404133180252583,0.8388571428571429,0.8028335301062574,0.8441410693970421
0.8304093567251462,0.8019559902200489,0.7882496940024479,0.8087167070217918,0.8449074074074074,0.8428405122235157,0.843069873997709,0.8062575210589651,0.8090154211150652,0.8080568720379147,0.8432055749128919,0.8564971751412429,0.8421052631578947,0.8076009501187649,0.8428246013667426
0.8207663782447466,0.8258706467661692,0.7944162436548223,0.8165829145728644,0.8407185628742515,0.8512696493349455,0.8547815820543093,0.8246913580246914,0.8248175182481752,0.8113440197287299,0.8433734939759037,0.8412322274881516,0.8424821002386634,0.8268292682926829,0.8449704142011835
0.8372641509433962,0.8053855569155447,0.78,0.8038976857490865,0.8268551236749117,0.840512223515716,0.8410138248847926,0.8096969696969697,0.8057553956834532,0.8028673835125448,0.8284714119019837,0.8410138248847926,0.8348837209302326,0.8086124401913876,0.8440366972477065
0.8341121495327103,0.7941176470588235,0.7667493796526055,0.7897310513447433,0.8308051341890315,0.8358556461001164,0.8310185185185185,0.8053204353083434,0.8109393579072532,0.8047619047619048,0.8329466357308585,0.8356481481481481,0.8354725787631272,0.7995255041518387,0.8388571428571429
0.8561320754716981,0.8387878787878787,0.817625458996328,0.8230958230958231,0.858139534883721,0.8651162790697674,0.8669724770642202,0.8452380952380952,0.8473372781065088,0.8368794326241135,0.8660508083140878,0.8782707622298066,0.8689655172413793,0.839622641509434,0.8762769580022701
0.8395989974937343,0.820838627700127,0.7937743190661478,0.8092189500640204,0.8507462686567164,0.8422360248447205,0.8515337423312883,0.820577164366374,0.8229426433915212,0.8095838587641866,0.8487084870848709,0.8343558282208589,0.843403205918619,0.8085106382978723,0.8523409363745498
0.8287037037037037,0.8119047619047619,0.7815533980582524,0.8042959427207638,0.8384879725085911,0.8373702422145328,0.837471783295711,0.8215962441314554,0.8167053364269141,0.7971864009378663,0.8342857142857143,0.8371040723981901,0.8438914027149321,0.8121353558926487,0.8397291196388262
0.8246445497630331,0.8,0.7669543773119606,0.7757125154894672,0.8287037037037037,0.8319623971797885,0.8331415420023015,0.801920768307323,0.8023529411764706,0.7856287425149701,0.8149882903981265,0.8287671232876712,0.8329466357308585,0.7981109799291618,0.8376844494892168
0.8203309692671394,0.8087167070217918,0.7757125154894672,0.8029020556227328,0.8308051341890315,0.827262044653349,0.8361970217640321,0.7990314769975787,0.8047619047619048,0.7947178871548619,0.8257309941520468,0.8271889400921659,0.8346820809248555,0.7832335329341318,0.8369441277080958
0.8081841432225064,0.7820343461030383,0.7473118279569892,0.7729083665338645,0.8110137672090113,0.818639798488665,0.822360248447205,0.7848761408083442,0.7855297157622739,0.7779204107830552,0.8095838587641866,0.8110137672090113,0.8020050125313283,0.7846153846153846,0.8220858895705522
0.8173302107728337,0.7835550181378477,0.7580246913580246,0.7854545454545454,0.8176538908246226,0.8228438228438228,0.8242009132420092,0.7856287425149701,0.7897196261682243,0.785377358490566,0.8153310104529616,0.8256880733944955,0.832183908045977,0.7829181494661922,0.8365276211950394
0.8409893992932862,0.8160779537149817,0.800982800982801,0.8181818181818182,0.8447058823529412,0.8497652582159625,0.8461538461538461,0.8215568862275449,0.8301886792452831,0.8236686390532545,0.8551401869158879,0.8498845265588915,0.8370457209847597,0.8261904761904761,0.8551724137931035
0.8384710234278668,0.7984595635430038,0.7797927461139896,0.8,0.8294478527607362,0.843520782396088,0.841978287092883,0.8005050505050505,0.8104738154613467,0.8009950248756219,0.8315151515151515,0.8289156626506025,0.847255369928401,0.7990012484394506,0.8456057007125891
0.8119760479041916,0.802439024390244,0.770573566084788,0.8131067961165048,0.8253223915592028,0.8110047846889952,0.8327566320645905,0.8047904191616766,0.8018979833926453,0.7927710843373494,0.8323563892145369,0.8300578034682081,0.8218859138533178,0.8047337278106509,0.8339060710194731
0.8482676224611708,0.822360248447205,0.7777777777777778,0.8085642317380353,0.8436018957345972,0.8591885441527446,0.8551236749116607,0.8212083847102343,0.8113440197287299,0.806930693069307,0.838479809976247,0.8544600938967136,0.8479809976247031,0.8063725490196079,0.8648018648018648
0.8222996515679443,0.785024154589372,0.7613219094247246,0.7780487804878049,0.8302752293577982,0.8314087759815243,0.8357870894677236,0.7938388625592417,0.7872340425531915,0.7789725209080047,0.8212226066897347,0.8240635641316686,0.819634703196347,0.7843601895734598,0.8299319727891157
0.8349282296650717,0.8127294981640147,0.7880299251870324,0.8029739776951673,0.8427230046948356,0.842603550295858,0.8508670520231214,0.8158844765342961,0.8166666666666667,0.8086124401913876,0.8440797186400938,0.8352941176470589,0.8444444444444444,0.8142857142857143,0.8435689455388181
0.8072727272727273,0.7930174563591023,0.759493670886076,0.7819548872180451,0.8208778173190985,0.8125,0.8276670574443142,0.7990135635018496,0.8087167070217918,0.7798277982779828,0.8165680473372781,0.8244994110718492,0.8114558472553699,0.7833537331701347,0.8275058275058275
0.8167053364269141,0.7870036101083032,0.7657004830917874,0.7937649880095923,0.8200455580865603,0.8272727272727273,0.8275084554678692,0.7885985748218527,0.795774647887324,0.7901524032825322,0.8205714285714286,0.835016835016835,0.8181818181818182,0.7878077373974208,0.8357541899441341
0.8387850467289719,0.8119760479041916,0.771712158808933,0.7886977886977887,0.8452655889145496,0.8293838862559242,0.8528735632183908,0.7980769230769231,0.8243559718969555,0.7980769230769231,0.8391608391608392,0.8535469107551488,0.8356481481481481,0.8052256532066508,0.8584371460928653
0.8232558139534883,0.8,0.762936221419976,0.8047619047619048,0.8293241695303551,0.8183908045977012,0.8367346938775511,0.7934272300469484,0.8,0.7953216374269005,0.8213879408418657,0.8329571106094809,0.8291571753986332,0.7962529274004684,0.8361581920903954
0.8295042321644498,0.8329177057356608,0.7917737789203085,0.8075471698113208,0.8363201911589009,0.8492159227985525,0.8363201911589009,0.8335388409371147,0.8351648351648352,0.8137254901960784,0.8365384615384616,0.8456057007125891,0.8359281437125748,0.8266666666666667,0.8457008244994111
0.8004895960832313,0.7518987341772152,0.7342747111681643,0.7721518987341772,0.8038277511961722,0.8077388149939541,0.8200238379022646,0.7648514851485149,0.7663782447466008,0.7546239210850801,0.7995198079231692,0.8117647058823529,0.8066825775656324,0.7692307692307693,0.8257309941520468
