Abstract,Methods,Results,Discussion,Abstract+Methods,Abstract+Results,Abstract+Discussion,Methods+Results,Methods+Discussion,Results+Discussion,Abstract+Methods+Results,Abstract+Methods+Discussion,Abstract+Results+Discussion,Methods+Results+Discussion,Full Text
0.9683698296836983,0.9406850459482038,0.9351305812973884,0.9215017064846417,0.9733656174334141,0.9733656174334141,0.9750201450443191,0.9529314616019818,0.94,0.9363484087102177,0.9733656174334141,0.9660743134087237,0.9701853344077357,0.9546578730420445,0.977491961414791
0.9717057396928052,0.9443983402489626,0.9404861693210393,0.9335576114381834,0.9750201450443191,0.9758454106280193,0.977491961414791,0.9539473684210527,0.9444904722452361,0.945273631840796,0.9758454106280193,0.966183574879227,0.9758842443729904,0.9582309582309583,0.977491961414791
0.9741518578352181,0.9469320066334992,0.9414715719063546,0.9362416107382551,0.9758064516129032,0.9766317485898469,0.9749798224374495,0.9520661157024793,0.9411764705882353,0.9368770764119602,0.9766317485898469,0.9636803874092009,0.967741935483871,0.9563786008230453,0.9790996784565916
0.9741518578352181,0.9477178423236514,0.9474562135112594,0.9388097233864208,0.9766317485898469,0.9774557165861514,0.9774557165861514,0.9622950819672131,0.9539473684210527,0.9464138499587799,0.9774557165861514,0.9717969379532635,0.9734513274336283,0.9648405560098119,0.9790996784565916
0.9642276422764228,0.9372384937238494,0.9325463743676222,0.923728813559322,0.9717514124293786,0.9725806451612903,0.9725806451612903,0.946058091286307,0.9407839866555463,0.9374478732276897,0.9725806451612903,0.9596122778675282,0.9725806451612903,0.9504132231404959,0.9758842443729904
0.9650690495532088,0.940099833610649,0.9406850459482038,0.9286314021830394,0.9717514124293786,0.9734085414987913,0.9709208400646203,0.9512799339388934,0.9428334714167357,0.9394190871369295,0.9734085414987913,0.9644588045234249,0.9693548387096774,0.9564502875924404,0.9758842443729904
0.968421052631579,0.9443983402489626,0.9272419627749577,0.9248945147679325,0.9742351046698873,0.9758842443729904,0.9742351046698873,0.9530090684253916,0.9472817133443163,0.9359933499584372,0.9758842443729904,0.9629629629629629,0.9702333065164923,0.9581624282198523,0.9758842443729904
0.9748987854251012,0.9536423841059603,0.9446308724832215,0.9359190556492412,0.9782082324455206,0.9806763285024155,0.9790322580645161,0.9656301145662848,0.9490131578947368,0.9465020576131687,0.9806763285024155,0.967741935483871,0.9694041867954911,0.9664758789860998,0.9823151125401929
0.9732360097323601,0.945,0.9420654911838791,0.9224211423699915,0.9790322580645161,0.9806763285024155,0.9798549556809025,0.9510373443983402,0.94,0.9381270903010034,0.9806763285024155,0.967741935483871,0.9790660225442834,0.9596707818930041,0.9823151125401929
0.9667477696674777,0.945364238410596,0.9381270903010034,0.9337803855825649,0.9734085414987913,0.9742351046698873,0.9734085414987913,0.9555921052631579,0.9497114591920858,0.9394190871369295,0.9742351046698873,0.9709677419354839,0.9726247987117552,0.9615699100572364,0.9758842443729904
0.9676375404530745,0.9428334714167357,0.9337803855825649,0.9239864864864865,0.9726247987117552,0.9742765273311897,0.9726247987117552,0.9496284062758051,0.9328914664457332,0.9326683291770573,0.9742765273311897,0.9597423510466989,0.964573268921095,0.9548069022185702,0.9742765273311897
0.9723577235772358,0.9552238805970149,0.948073701842546,0.9412751677852349,0.9798224374495561,0.9831053901850362,0.9814665592264303,0.9578163771712159,0.9535655058043118,0.9474562135112594,0.9831053901850362,0.9709677419354839,0.9806763285024155,0.9638157894736842,0.9839228295819936
0.9773095623987034,0.9596707818930041,0.9483333333333334,0.9448160535117057,0.9822580645161291,0.9830781627719581,0.9814366424535916,0.9647251845775225,0.9590163934426229,0.9547325102880658,0.9830781627719581,0.9749798224374495,0.976594027441485,0.9697959183673469,0.9855305466237942
0.9717514124293786,0.946236559139785,0.9476309226932669,0.9373433583959899,0.9742351046698873,0.9742351046698873,0.9750603378921963,0.9539473684210527,0.9489291598023064,0.9488448844884488,0.9742351046698873,0.9685737308622079,0.9750603378921963,0.9590834697217676,0.9758842443729904
0.97165991902834,0.9381270903010034,0.9281487743026204,0.9246401354784082,0.9774557165861514,0.9774557165861514,0.9766317485898469,0.946843853820598,0.940099833610649,0.9286314021830394,0.9774557165861514,0.967741935483871,0.9717969379532635,0.9546578730420445,0.9790996784565916
0.9798549556809025,0.9561621174524401,0.9379194630872483,0.9379194630872483,0.9814963797264682,0.9814963797264682,0.9806763285024155,0.9596042868920033,0.9596042868920033,0.9511184755592378,0.9814963797264682,0.9726247987117552,0.9806763285024155,0.9630238290879212,0.9823151125401929
0.9822294022617124,0.9603305785123967,0.9429530201342282,0.9393939393939394,0.9838709677419355,0.984689766317486,0.9855072463768116,0.9620462046204621,0.9578860445912469,0.9477178423236514,0.984689766317486,0.9806451612903225,0.9806763285024155,0.9688524590163935,0.9871382636655949
0.9701853344077357,0.951440329218107,0.9384359400998337,0.9357798165137615,0.9710144927536232,0.9718423169750603,0.9718423169750603,0.9556650246305419,0.9515201314708299,0.9531635168447001,0.9718423169750603,0.9702333065164923,0.9702333065164923,0.9607843137254902,0.9726688102893891
0.9563106796116505,0.9372937293729373,0.931438127090301,0.9261744966442953,0.9605157131345688,0.9621882542236525,0.9579967689822294,0.9475409836065574,0.9358552631578947,0.9312344656172328,0.9621882542236525,0.9490703314470493,0.9548387096774194,0.9484029484029484,0.9630225080385852
0.970873786407767,0.9398998330550918,0.9318755256518082,0.9173060528559249,0.9733656174334141,0.9758454106280193,0.9758454106280193,0.9503311258278145,0.9434276206322796,0.9470198675496688,0.9758454106280193,0.9701853344077357,0.9766693483507642,0.9537953795379538,0.977491961414791
0.9579288025889967,0.9243697478991597,0.932998324958124,0.9106382978723404,0.9621273166800967,0.9646302250803859,0.9621273166800967,0.9429280397022333,0.9307756463719766,0.9421487603305785,0.9646302250803859,0.9540692989524577,0.9629629629629629,0.9490131578947368,0.9646302250803859
0.9765182186234818,0.9586092715231788,0.9559434746467166,0.9490392648287385,0.9798224374495561,0.9831053901850362,0.9798224374495561,0.964550700741962,0.9586776859504132,0.9612530915086562,0.9831053901850362,0.976594027441485,0.9806763285024155,0.9713349713349714,0.9839228295819936
0.968421052631579,0.9531635168447001,0.9431438127090301,0.9432387312186978,0.9717514124293786,0.9750603378921963,0.9750603378921963,0.9530864197530864,0.9523809523809523,0.947107438016529,0.9750603378921963,0.9694041867954911,0.9710610932475884,0.9599345870809485,0.9758842443729904
0.9749393694421988,0.9456066945606695,0.9471919530595139,0.9293617021276596,0.9774193548387097,0.9774193548387097,0.9790660225442834,0.956953642384106,0.9466666666666667,0.9438390611902766,0.9774193548387097,0.970137207425343,0.9774557165861514,0.9612530915086562,0.9807073954983923
0.9643435980551054,0.934001670843776,0.926208651399491,0.913601368691189,0.9676898222940227,0.9701853344077357,0.9685230024213075,0.9427385892116182,0.932443703085905,0.9304274937133278,0.9701853344077357,0.9620048504446241,0.9653505237711523,0.947107438016529,0.9726688102893891
0.9715678310316815,0.9382303839732888,0.9389121338912134,0.9272419627749577,0.9798549556809025,0.9806763285024155,0.9823151125401929,0.9545829892650702,0.9436152570480929,0.9368770764119602,0.9806763285024155,0.9774557165861514,0.977491961414791,0.9597370583401807,0.9823151125401929
0.976594027441485,0.9477178423236514,0.9433333333333334,0.930976430976431,0.9798873692679002,0.9807073954983923,0.9790660225442834,0.9545829892650702,0.9461474730737366,0.9393183707398172,0.9807073954983923,0.9710144927536232,0.9750603378921963,0.9580246913580247,0.9807073954983923
0.9764801297648013,0.9492934330839568,0.943744752308984,0.9351305812973884,0.9822580645161291,0.9855305466237942,0.9814366424535916,0.9613168724279836,0.9553719008264463,0.9511184755592378,0.9855305466237942,0.9814366424535916,0.9814665592264303,0.9664209664209664,0.9855305466237942
0.9692058346839546,0.9523026315789473,0.9414715719063546,0.9280270956816258,0.9758454106280193,0.9758454106280193,0.9766693483507642,0.9564502875924404,0.94467382328654,0.9427385892116182,0.9758454106280193,0.9694041867954911,0.9750603378921963,0.9607201309328969,0.977491961414791
0.9676375404530745,0.9373433583959899,0.929957805907173,0.9217687074829932,0.9726247987117552,0.9742765273311897,0.9717969379532635,0.9485903814262023,0.9357798165137615,0.9398998330550918,0.9742765273311897,0.9621273166800967,0.9734513274336283,0.9494614747307374,0.9742765273311897
0.9805510534846029,0.9516666666666667,0.9525395503746877,0.9366018596787827,0.9838449111470113,0.9863013698630136,0.9854838709677419,0.9671052631578947,0.9518272425249169,0.9586092715231788,0.9863013698630136,0.9806138933764136,0.9863234111021721,0.9713349713349714,0.9887459807073955
0.9691558441558441,0.9579554822753503,0.9420654911838791,0.934010152284264,0.9758064516129032,0.9782783588093322,0.9774557165861514,0.9613168724279836,0.9588138385502472,0.9536423841059603,0.9782783588093322,0.9766317485898469,0.9790996784565916,0.9689542483660131,0.9790996784565916
0.9765182186234818,0.9534883720930233,0.9543568464730291,0.9438390611902766,0.9822866344605475,0.9822866344605475,0.9831053901850362,0.9705882352941176,0.9587458745874587,0.9588815789473685,0.9822866344605475,0.9750201450443191,0.9782783588093322,0.9705882352941176,0.9839228295819936
0.9822580645161291,0.9456975772765246,0.946218487394958,0.9303904923599321,0.9838969404186796,0.9838969404186796,0.9838969404186796,0.9586776859504132,0.9502487562189055,0.9477178423236514,0.9838969404186796,0.9774557165861514,0.9822866344605475,0.9621087314662273,0.9855305466237942
0.9691558441558441,0.945,0.9351305812973884,0.9297205757832345,0.9758064516129032,0.9774557165861514,0.9766317485898469,0.9511184755592378,0.9459684123025769,0.9432387312186978,0.9774557165861514,0.9693548387096774,0.9766693483507642,0.9580246913580247,0.9790996784565916
0.9618196588139724,0.932998324958124,0.9343434343434344,0.9254237288135593,0.9685230024213075,0.9718423169750603,0.9676898222940227,0.9443059019118869,0.9279731993299832,0.9336650082918739,0.9718423169750603,0.9563812600969306,0.9637389202256245,0.9504132231404959,0.9726688102893891
0.974025974025974,0.9500831946755408,0.9409780775716695,0.931063829787234,0.9806451612903225,0.9814665592264303,0.9814665592264303,0.9586092715231788,0.946843853820598,0.9485903814262023,0.9814665592264303,0.9725806451612903,0.9758454106280193,0.9603305785123967,0.9839228295819936
0.9733656174334141,0.946843853820598,0.9465776293823038,0.9342327150084317,0.9750201450443191,0.9758454106280193,0.9758454106280193,0.9605263157894737,0.947107438016529,0.9521452145214522,0.9758454106280193,0.9637389202256245,0.9726247987117552,0.961380443714051,0.977491961414791
0.9748987854251012,0.9563786008230453,0.9395973154362416,0.9449081803005008,0.9798549556809025,0.9806763285024155,0.9814963797264682,0.9647829647829648,0.9598031173092699,0.9548069022185702,0.9806763285024155,0.9798549556809025,0.9798873692679002,0.9673202614379085,0.9823151125401929
0.9675850891410048,0.9407839866555463,0.9393939393939394,0.9233390119250426,0.9717514124293786,0.9725806451612903,0.9725806451612903,0.9424520433694745,0.9365609348914858,0.9337803855825649,0.9725806451612903,0.9636803874092009,0.9693548387096774,0.9503311258278145,0.9758842443729904
0.975767366720517,0.9555921052631579,0.9501661129568106,0.9380234505862647,0.9774193548387097,0.9790660225442834,0.9790660225442834,0.9632052330335241,0.9540983606557377,0.9523809523809523,0.9790660225442834,0.9726247987117552,0.9758454106280193,0.96826688364524,0.9807073954983923
0.965964343598055,0.9479768786127167,0.9432387312186978,0.9364548494983278,0.9717969379532635,0.9717969379532635,0.970137207425343,0.9556650246305419,0.9472817133443163,0.9430222956234517,0.9717969379532635,0.9652945924132365,0.966908797417272,0.9607843137254902,0.9742765273311897
0.9692556634304207,0.9469320066334992,0.9414715719063546,0.9290540540540541,0.9734085414987913,0.9734085414987913,0.9734085414987913,0.9504132231404959,0.9497114591920858,0.940980881130507,0.9734085414987913,0.9652945924132365,0.9685737308622079,0.9581624282198523,0.9758842443729904
0.9765561843168957,0.9510373443983402,0.9482470784641068,0.9403862300587741,0.9798549556809025,0.9814963797264682,0.9765561843168957,0.9596707818930041,0.9478908188585607,0.9520661157024793,0.9814963797264682,0.9636216653193209,0.975767366720517,0.9639344262295082,0.9823151125401929
0.974025974025974,0.9519071310116086,0.9456975772765246,0.9394957983193277,0.9814665592264303,0.9822866344605475,0.9822866344605475,0.9622331691297209,0.9563066776586975,0.9510373443983402,0.9822866344605475,0.9766317485898469,0.9806763285024155,0.9664758789860998,0.9839228295819936
0.9781021897810219,0.9542809642560266,0.9532554257095158,0.9382924767540152,0.9830508474576272,0.9855072463768116,0.9863234111021721,0.9636363636363636,0.9552238805970149,0.9545829892650702,0.9855072463768116,0.9814665592264303,0.9855305466237942,0.9679012345679012,0.9871382636655949
0.9765561843168957,0.9551495016611296,0.9515050167224081,0.9364944961896697,0.9798549556809025,0.9798549556809025,0.9823151125401929,0.9585406301824212,0.9519071310116086,0.9473684210526315,0.9798549556809025,0.9734085414987913,0.9807073954983923,0.9662551440329218,0.9823151125401929
0.9764801297648013,0.9473684210526315,0.943650126156434,0.9366018596787827,0.9822580645161291,0.9838969404186796,0.9830781627719581,0.9603960396039604,0.956953642384106,0.947804473902237,0.9838969404186796,0.9766317485898469,0.9790660225442834,0.9638157894736842,0.9855305466237942
0.9724919093851133,0.9466666666666667,0.9322033898305084,0.9205807002561913,0.9758064516129032,0.9782783588093322,0.9774557165861514,0.9492934330839568,0.9442131557035803,0.9370277078085643,0.9782783588093322,0.9701853344077357,0.9766693483507642,0.9579554822753503,0.9790996784565916
0.9789303079416531,0.9508742714404663,0.9385004212299916,0.9393939393939394,0.984689766317486,0.9855072463768116,0.9855072463768116,0.9578163771712159,0.9519071310116086,0.9449081803005008,0.9855072463768116,0.9806763285024155,0.9806763285024155,0.9638157894736842,0.9871382636655949
0.9764801297648013,0.9552980132450332,0.9410774410774411,0.9367088607594937,0.9814366424535916,0.9847144006436042,0.9838969404186796,0.9629629629629629,0.9552980132450332,0.9579554822753503,0.9847144006436042,0.9830781627719581,0.9831053901850362,0.9663658736669402,0.9855305466237942
0.9700889248181084,0.9433333333333334,0.9333333333333333,0.9307432432432432,0.9742351046698873,0.9742351046698873,0.9734085414987913,0.9528535980148883,0.942643391521197,0.9451827242524917,0.9742351046698873,0.9669621273166801,0.9717969379532635,0.9563066776586975,0.9758842443729904
0.970873786407767,0.9503311258278145,0.9350210970464135,0.9307432432432432,0.9741935483870968,0.9741935483870968,0.9750201450443191,0.9589490968801314,0.9496284062758051,0.945273631840796,0.9741935483870968,0.9709677419354839,0.9685737308622079,0.9632052330335241,0.977491961414791
0.979757085020243,0.956882255389718,0.9463986599664992,0.943744752308984,0.9871382636655949,0.9871382636655949,0.9871382636655949,0.9594706368899917,0.9552980132450332,0.9508742714404663,0.9871382636655949,0.9807073954983923,0.9855305466237942,0.9671592775041051,0.9871382636655949
0.9570154095701541,0.9396195202646815,0.935,0.9199663016006739,0.9637389202256245,0.9654062751407884,0.9654062751407884,0.9517579721995094,0.9432098765432099,0.9438943894389439,0.9654062751407884,0.9597423510466989,0.9646302250803859,0.9543230016313213,0.9662379421221865
0.9528455284552846,0.9366666666666666,0.9337803855825649,0.9203389830508475,0.9596122778675282,0.9637972646822205,0.9621273166800967,0.9515201314708299,0.9404958677685951,0.9463253509496284,0.9637972646822205,0.9532258064516129,0.9630225080385852,0.955810147299509,0.9646302250803859
0.9813765182186235,0.9492089925062448,0.9541284403669725,0.9445378151260504,0.9863013698630136,0.9863013698630136,0.9871175523349437,0.9611248966087675,0.9500831946755408,0.9534883720930233,0.9863013698630136,0.9854838709677419,0.9855072463768116,0.9679539852095317,0.9887459807073955
0.9611650485436893,0.9360995850622407,0.9319899244332494,0.9178662150719729,0.966183574879227,0.9670152855993563,0.966183574879227,0.9490131578947368,0.9336650082918739,0.9353233830845771,0.9670152855993563,0.9556809024979855,0.9637972646822205,0.9541734860883797,0.9678456591639871
0.965964343598055,0.9429280397022333,0.9295302013422819,0.9260504201680673,0.9717969379532635,0.9717969379532635,0.9726247987117552,0.9497942386831276,0.9412737799834574,0.9351081530782029,0.9717969379532635,0.9669621273166801,0.9694041867954911,0.9532403609515997,0.9742765273311897
0.9692058346839546,0.9485903814262023,0.9322033898305084,0.9269949066213922,0.9733656174334141,0.9766693483507642,0.9741935483870968,0.9502487562189055,0.9417637271214643,0.9443983402489626,0.9766693483507642,0.9612903225806452,0.9734085414987913,0.9537190082644628,0.977491961414791
0.9658536585365853,0.9432387312186978,0.9367088607594937,0.9296013570822731,0.9725363489499192,0.9750201450443191,0.9725363489499192,0.9528535980148883,0.9459684123025769,0.9422594142259414,0.9750201450443191,0.9668552950687146,0.9725806451612903,0.9554455445544554,0.977491961414791
0.9814366424535916,0.9570247933884297,0.9517470881863561,0.9394957983193277,0.9847144006436042,0.9847144006436042,0.9838969404186796,0.9681112019623875,0.9579554822753503,0.9605911330049262,0.9847144006436042,0.9758454106280193,0.9822866344605475,0.9723127035830619,0.9855305466237942
0.9642276422764228,0.9476309226932669,0.9351305812973884,0.9288135593220339,0.9700889248181084,0.9750603378921963,0.9750603378921963,0.9527754763877382,0.9511184755592378,0.9433333333333334,0.9750603378921963,0.9677938808373591,0.9750603378921963,0.961380443714051,0.9758842443729904
0.9717514124293786,0.9461474730737366,0.9383966244725739,0.9322033898305084,0.9750603378921963,0.9750603378921963,0.9742351046698873,0.9546578730420445,0.9455445544554455,0.9427385892116182,0.9750603378921963,0.9637389202256245,0.966183574879227,0.9572368421052632,0.9758842443729904
0.97165991902834,0.9554455445544554,0.9449081803005008,0.9423558897243107,0.9766317485898469,0.9774557165861514,0.9782783588093322,0.9605911330049262,0.9555189456342669,0.9511184755592378,0.9774557165861514,0.9750201450443191,0.977491961414791,0.9639934533551555,0.9790996784565916
0.97165991902834,0.940980881130507,0.9430485762144054,0.9332206255283179,0.9782783588093322,0.9782783588093322,0.9774557165861514,0.9529314616019818,0.94467382328654,0.9402985074626866,0.9782783588093322,0.9710144927536232,0.9694041867954911,0.9572368421052632,0.9790996784565916
0.9756888168557536,0.9484193011647255,0.9404861693210393,0.9342327150084317,0.9806451612903225,0.9814665592264303,0.9814665592264303,0.9535655058043118,0.9484193011647255,0.9433333333333334,0.9814665592264303,0.9750201450443191,0.9782433521353747,0.9578860445912469,0.9839228295819936
0.970873786407767,0.9377593360995851,0.9300758213984835,0.9200680272108843,0.9750201450443191,0.9750201450443191,0.9758454106280193,0.9513602638087386,0.9404958677685951,0.9362054681027341,0.9750201450443191,0.9661290322580646,0.9726247987117552,0.9548069022185702,0.977491961414791
0.9660194174757282,0.9322175732217574,0.9373433583959899,0.9151103565365025,0.9693548387096774,0.9726688102893891,0.9693548387096774,0.945364238410596,0.9343308395677473,0.9217970049916805,0.9726688102893891,0.964516129032258,0.9662379421221865,0.9497114591920858,0.9726688102893891
0.9782082324455206,0.9501661129568106,0.9385004212299916,0.9312977099236641,0.9814963797264682,0.9814963797264682,0.9814963797264682,0.9579554822753503,0.947804473902237,0.9484193011647255,0.9814963797264682,0.9702333065164923,0.9782783588093322,0.961380443714051,0.9823151125401929
0.9749393694421988,0.9476309226932669,0.9410774410774411,0.9267461669505963,0.9782433521353747,0.9782433521353747,0.9790660225442834,0.9552238805970149,0.946058091286307,0.9439330543933054,0.9782433521353747,0.9750201450443191,0.9774557165861514,0.9603960396039604,0.9807073954983923
0.9740680713128039,0.9474562135112594,0.9296013570822731,0.9333333333333333,0.9798549556809025,0.9806763285024155,0.9814963797264682,0.9509559434746467,0.9450915141430949,0.9423558897243107,0.9806763285024155,0.9701853344077357,0.9798873692679002,0.9596042868920033,0.9823151125401929
0.9708265802269044,0.9459684123025769,0.9393939393939394,0.9359190556492412,0.9774557165861514,0.9782783588093322,0.9774557165861514,0.9639934533551555,0.9546578730420445,0.9503311258278145,0.9782783588093322,0.9774557165861514,0.9774557165861514,0.9656862745098039,0.9790996784565916
0.9773095623987034,0.9551495016611296,0.9326513213981245,0.9398814563928873,0.9814366424535916,0.9838969404186796,0.9806138933764136,0.9559434746467166,0.9552238805970149,0.9465776293823038,0.9838969404186796,0.9773828756058158,0.9782082324455206,0.964550700741962,0.9855305466237942
0.9683184402924452,0.946058091286307,0.942162615255658,0.9326599326599326,0.9774557165861514,0.9782783588093322,0.9782783588093322,0.9503311258278145,0.9480626545754328,0.94,0.9782783588093322,0.9686242960579243,0.9750603378921963,0.9563786008230453,0.9790996784565916
0.9659090909090909,0.94467382328654,0.9343434343434344,0.934453781512605,0.9734085414987913,0.9742351046698873,0.9750603378921963,0.9530864197530864,0.9465020576131687,0.94467382328654,0.9742351046698873,0.9726247987117552,0.9718423169750603,0.9565217391304348,0.9758842443729904
0.9740680713128039,0.9535655058043118,0.9499165275459098,0.9367088607594937,0.9790322580645161,0.9798549556809025,0.9806763285024155,0.9596042868920033,0.9529314616019818,0.9526970954356846,0.9798549556809025,0.9701853344077357,0.9790660225442834,0.962171052631579,0.9823151125401929
0.9675324675324676,0.9487603305785124,0.9465776293823038,0.936026936026936,0.9758454106280193,0.9758454106280193,0.9750201450443191,0.9580936729663106,0.9463253509496284,0.9410788381742738,0.9758454106280193,0.9701853344077357,0.9717969379532635,0.9640522875816994,0.977491961414791
0.9668016194331984,0.9381270903010034,0.9251700680272109,0.911587982832618,0.9709677419354839,0.9734513274336283,0.970137207425343,0.945,0.9366666666666666,0.9341117597998332,0.9734513274336283,0.9636803874092009,0.9661290322580646,0.9511184755592378,0.9742765273311897
0.9666395443449959,0.9443059019118869,0.9406850459482038,0.926458157227388,0.9749798224374495,0.9766317485898469,0.9758064516129032,0.9545829892650702,0.9411764705882353,0.9335548172757475,0.9766317485898469,0.966908797417272,0.9669621273166801,0.9588815789473685,0.9790996784565916
0.9821717990275527,0.962171052631579,0.9455155071248952,0.9366018596787827,0.9895414320193081,0.9903536977491961,0.9895414320193081,0.9679539852095317,0.957166392092257,0.9579554822753503,0.9903536977491961,0.9814963797264682,0.9879324215607401,0.9730171708912511,0.9903536977491961
0.9619433198380567,0.9437086092715232,0.9395973154362416,0.930976430976431,0.9652945924132365,0.9669621273166801,0.9677938808373591,0.9504950495049505,0.9403973509933775,0.9393183707398172,0.9669621273166801,0.9621273166800967,0.964573268921095,0.9539473684210527,0.9694533762057878
0.9667477696674777,0.9390142021720969,0.9282700421940928,0.923728813559322,0.9700889248181084,0.9709208400646203,0.9734085414987913,0.9486754966887417,0.9417637271214643,0.9394190871369295,0.9709208400646203,0.9627831715210357,0.9701853344077357,0.9538714991762768,0.9758842443729904
0.9698942229454841,0.9501661129568106,0.9449081803005008,0.9324324324324325,0.9765561843168957,0.9790322580645161,0.9782082324455206,0.9527754763877382,0.9477178423236514,0.9381270903010034,0.9790322580645161,0.9693053311793215,0.9709677419354839,0.9570957095709571,0.9823151125401929
0.9709208400646203,0.9476309226932669,0.9542809642560266,0.934010152284264,0.9750603378921963,0.9758842443729904,0.9742351046698873,0.962171052631579,0.9537190082644628,0.9579554822753503,0.9758842443729904,0.9726247987117552,0.9742351046698873,0.9664209664209664,0.9758842443729904
0.9725363489499192,0.9545078577336642,0.9534883720930233,0.9449081803005008,0.9758454106280193,0.9758454106280193,0.9758454106280193,0.9664758789860998,0.9562345169281585,0.9530864197530864,0.9758454106280193,0.9742351046698873,0.9694041867954911,0.9647829647829648,0.977491961414791
0.9651257096512571,0.9436152570480929,0.9345637583892618,0.9256756756756757,0.9709677419354839,0.9734513274336283,0.9717969379532635,0.9504950495049505,0.9498767460969597,0.9367720465890182,0.9734513274336283,0.9605157131345688,0.9702333065164923,0.9565217391304348,0.9742765273311897
0.951993490642799,0.9334442595673876,0.9347826086956522,0.9243697478991597,0.9612903225806452,0.9612903225806452,0.9612903225806452,0.9438943894389439,0.9321192052980133,0.9369817578772802,0.9612903225806452,0.9459241323648103,0.9596774193548387,0.9473684210526315,0.9646302250803859
0.9715678310316815,0.9561621174524401,0.9526184538653366,0.9323181049069373,0.9790322580645161,0.9790322580645161,0.9798549556809025,0.9655172413793104,0.9538714991762768,0.9530090684253916,0.9790322580645161,0.970137207425343,0.9750201450443191,0.9663658736669402,0.9823151125401929
0.9725363489499192,0.9485903814262023,0.9457881567973311,0.9353484466834593,0.9750201450443191,0.9758454106280193,0.9741935483870968,0.957166392092257,0.9504132231404959,0.9522240527182867,0.9758454106280193,0.9652945924132365,0.9734085414987913,0.9614438063986874,0.977491961414791
0.9805510534846029,0.9483333333333334,0.9386038687973086,0.9305084745762712,0.9846650524616626,0.9863013698630136,0.9854838709677419,0.9594706368899917,0.9536423841059603,0.9488448844884488,0.9863013698630136,0.9814366424535916,0.9822580645161291,0.9646090534979423,0.9887459807073955
0.9698451507742462,0.9552980132450332,0.9472803347280335,0.9411764705882353,0.9789983844911146,0.9822866344605475,0.9789983844911146,0.9629629629629629,0.9563786008230453,0.9527754763877382,0.9822866344605475,0.970873786407767,0.9774193548387097,0.9680589680589681,0.9839228295819936
0.9634443541835905,0.9281487743026204,0.930976430976431,0.9183673469387755,0.9684721099434115,0.9717969379532635,0.9726247987117552,0.9389121338912134,0.930976430976431,0.9337803855825649,0.9717969379532635,0.966908797417272,0.9726688102893891,0.9494614747307374,0.9742765273311897
0.9586374695863747,0.9377593360995851,0.9355648535564853,0.9239864864864865,0.9653505237711523,0.9670152855993563,0.9653505237711523,0.9515996718621821,0.9380677126341866,0.9396195202646815,0.9670152855993563,0.9564516129032258,0.9654062751407884,0.9558823529411765,0.9678456591639871
0.9675324675324676,0.9408825978351374,0.93681550126369,0.9254237288135593,0.9733656174334141,0.9750201450443191,0.9725363489499192,0.9521452145214522,0.939115929941618,0.9384359400998337,0.9750201450443191,0.9668552950687146,0.9709677419354839,0.9547325102880658,0.977491961414791
0.97165991902834,0.9450915141430949,0.9382924767540152,0.9329940627650551,0.9758064516129032,0.9766317485898469,0.9774557165861514,0.9501661129568106,0.9450915141430949,0.9423558897243107,0.9766317485898469,0.9725806451612903,0.9766693483507642,0.9562345169281585,0.9790996784565916
0.9781729991915926,0.9447236180904522,0.9350210970464135,0.9332206255283179,0.9814665592264303,0.9831053901850362,0.9822866344605475,0.9543568464730291,0.9509559434746467,0.9467554076539102,0.9831053901850362,0.9766317485898469,0.9814963797264682,0.9621087314662273,0.9839228295819936
0.9782082324455206,0.9411764705882353,0.9447236180904522,0.9276595744680851,0.9814963797264682,0.9823151125401929,0.9806763285024155,0.9594706368899917,0.9475437135720233,0.9517470881863561,0.9823151125401929,0.9726247987117552,0.9814963797264682,0.9611890999174236,0.9823151125401929
0.9716139497161395,0.9441201000834029,0.9314140558848434,0.9222886421861657,0.9782433521353747,0.9790660225442834,0.9790660225442834,0.9501661129568106,0.9434276206322796,0.9406850459482038,0.9790660225442834,0.967741935483871,0.9766693483507642,0.9570957095709571,0.9807073954983923
0.97165991902834,0.9434276206322796,0.9407839866555463,0.9256756756756757,0.9758064516129032,0.9782783588093322,0.973322554567502,0.9555189456342669,0.9368770764119602,0.9421487603305785,0.9782783588093322,0.9636216653193209,0.967741935483871,0.9580936729663106,0.9790996784565916
0.9748580697485807,0.9432387312186978,0.9440267335004177,0.9351305812973884,0.9814665592264303,0.9822866344605475,0.9839228295819936,0.9570247933884297,0.9451827242524917,0.9478908188585607,0.9822866344605475,0.9774557165861514,0.9823151125401929,0.9604612850082372,0.9839228295819936
0.9579288025889967,0.9389438943894389,0.9288702928870293,0.924496644295302,0.9629629629629629,0.9637972646822205,0.9637972646822205,0.9466776045939295,0.9358552631578947,0.9320066334991708,0.9637972646822205,0.9549114331723028,0.9614147909967846,0.9492635024549918,0.9646302250803859
0.9691056910569106,0.9511184755592378,0.9560165975103735,0.9429530201342282,0.9741100323624595,0.9790660225442834,0.9782433521353747,0.9570957095709571,0.9495450785773366,0.9520661157024793,0.9790660225442834,0.9709677419354839,0.9782783588093322,0.9664758789860998,0.9807073954983923
0.9870759289176091,0.956089478044739,0.9495798319327731,0.9443507588532883,0.9878934624697336,0.9911504424778761,0.9887096774193549,0.9653465346534653,0.9552980132450332,0.9519867549668874,0.9911504424778761,0.9838709677419355,0.9871175523349437,0.9704433497536946,0.9919614147909968
0.9699431356620634,0.9388097233864208,0.9297205757832345,0.918872758326217,0.9749393694421988,0.9782433521353747,0.9782433521353747,0.9475437135720233,0.9432387312186978,0.9354568315171836,0.9782433521353747,0.9749798224374495,0.9774557165861514,0.9545078577336642,0.9807073954983923
0.9683184402924452,0.9435215946843853,0.9369217830109335,0.9334456613310868,0.9749798224374495,0.9782783588093322,0.9774557165861514,0.9545829892650702,0.9385382059800664,0.9411764705882353,0.9782783588093322,0.9701853344077357,0.9750603378921963,0.9614438063986874,0.9790996784565916
0.9758064516129032,0.945,0.9449081803005008,0.9205807002561913,0.9782783588093322,0.9790996784565916,0.9782783588093322,0.9588138385502472,0.9390142021720969,0.9469320066334992,0.9790996784565916,0.9718423169750603,0.977491961414791,0.9647829647829648,0.9790996784565916
0.9520714865962632,0.9328914664457332,0.9242424242424242,0.9210084033613445,0.9579967689822294,0.9596774193548387,0.9621882542236525,0.9406919275123559,0.9356435643564357,0.9296939619520265,0.9596774193548387,0.9556093623890234,0.9605792437650845,0.9450369155045119,0.9630225080385852
0.9716139497161395,0.9477178423236514,0.934453781512605,0.9272419627749577,0.9749393694421988,0.975767366720517,0.975767366720517,0.9477178423236514,0.9427385892116182,0.930116472545757,0.975767366720517,0.9651821862348178,0.9676898222940227,0.9537953795379538,0.9807073954983923
0.9717057396928052,0.9365609348914858,0.9364548494983278,0.9276094276094277,0.9741935483870968,0.9766693483507642,0.9733656174334141,0.9522240527182867,0.9385382059800664,0.9427385892116182,0.9766693483507642,0.9652945924132365,0.9758454106280193,0.9539473684210527,0.977491961414791
0.9717057396928052,0.9547325102880658,0.9536423841059603,0.9390142021720969,0.9758454106280193,0.9766693483507642,0.9750201450443191,0.9606557377049181,0.9465020576131687,0.947107438016529,0.9766693483507642,0.9621273166800967,0.9717969379532635,0.965742251223491,0.977491961414791
0.9716139497161395,0.9561621174524401,0.9455155071248952,0.9411764705882353,0.9774193548387097,0.9782433521353747,0.9782433521353747,0.9570247933884297,0.9528535980148883,0.9390142021720969,0.9782433521353747,0.9725806451612903,0.9701853344077357,0.9638752052545156,0.9807073954983923
0.97165991902834,0.9467554076539102,0.9457881567973311,0.9297205757832345,0.9782783588093322,0.9790996784565916,0.9782783588093322,0.9588138385502472,0.9513602638087386,0.9485903814262023,0.9790996784565916,0.9670152855993563,0.9758842443729904,0.9664758789860998,0.9790996784565916
0.9709208400646203,0.9417637271214643,0.9404861693210393,0.9233390119250426,0.9734085414987913,0.9742351046698873,0.9734085414987913,0.947804473902237,0.9412737799834574,0.9398998330550918,0.9742351046698873,0.9653505237711523,0.9701853344077357,0.9555921052631579,0.9758842443729904
0.9764419171405362,0.9535655058043118,0.9430485762144054,0.9403862300587741,0.9822294022617124,0.984689766317486,0.9838709677419355,0.9663658736669402,0.9570957095709571,0.9552980132450332,0.984689766317486,0.9790322580645161,0.984689766317486,0.9705882352941176,0.9871382636655949
0.9692556634304207,0.9355648535564853,0.9298393913778529,0.9202037351443124,0.9742351046698873,0.9750603378921963,0.9750603378921963,0.9485049833887044,0.9341117597998332,0.9373433583959899,0.9750603378921963,0.9686242960579243,0.9750603378921963,0.9502487562189055,0.9758842443729904
0.9699431356620634,0.9510373443983402,0.9354568315171836,0.9256756756756757,0.9790660225442834,0.9798873692679002,0.9807073954983923,0.9579554822753503,0.9563066776586975,0.9390142021720969,0.9798873692679002,0.9734513274336283,0.977491961414791,0.9605263157894737,0.9807073954983923
0.9741100323624595,0.9495450785773366,0.9482470784641068,0.9394957983193277,0.9790660225442834,0.9807073954983923,0.9790660225442834,0.9588138385502472,0.9513602638087386,0.940980881130507,0.9807073954983923,0.9742351046698873,0.9766693483507642,0.9647829647829648,0.9807073954983923
0.9652384801940178,0.9402985074626866,0.9331103678929766,0.9204737732656514,0.9694041867954911,0.9702333065164923,0.9685737308622079,0.9489291598023064,0.9438943894389439,0.9360995850622407,0.9702333065164923,0.9653505237711523,0.964573268921095,0.9532403609515997,0.9710610932475884
0.9756888168557536,0.9526970954356846,0.9500831946755408,0.9377104377104377,0.9814665592264303,0.9822866344605475,0.9814665592264303,0.956089478044739,0.9561621174524401,0.9449081803005008,0.9822866344605475,0.9774193548387097,0.9814665592264303,0.9638157894736842,0.9839228295819936
0.959546925566343,0.9353233830845771,0.9269521410579346,0.9251471825063078,0.9637389202256245,0.9637389202256245,0.9620661824051655,0.9396195202646815,0.9363110008271298,0.9273182957393483,0.9637389202256245,0.9555375909458367,0.96045197740113,0.9431162407254741,0.9662379421221865
0.970873786407767,0.9389121338912134,0.9327731092436975,0.9146757679180887,0.9750201450443191,0.9758454106280193,0.9758454106280193,0.9485903814262023,0.9382303839732888,0.9389121338912134,0.9758454106280193,0.9669621273166801,0.9750603378921963,0.9529314616019818,0.977491961414791
0.9619433198380567,0.9288702928870293,0.924114671163575,0.9140425531914894,0.9636216653193209,0.9677938808373591,0.9677938808373591,0.9420529801324503,0.9291075896580484,0.9342214820982515,0.9677938808373591,0.9580645161290322,0.9662379421221865,0.9472817133443163,0.9694533762057878
0.9553933495539335,0.9376558603491272,0.9294117647058824,0.9169491525423729,0.9637972646822205,0.9637972646822205,0.9621273166800967,0.9455445544554455,0.9368770764119602,0.9334442595673876,0.9637972646822205,0.9580645161290322,0.958904109589041,0.9490131578947368,0.9646302250803859
0.9699431356620634,0.9458784346378019,0.9377104377104377,0.9342327150084317,0.9749393694421988,0.976594027441485,0.976594027441485,0.9511184755592378,0.9495450785773366,0.931323283082077,0.976594027441485,0.9684721099434115,0.9725806451612903,0.9588815789473685,0.9807073954983923
0.9731489015459723,0.9438390611902766,0.9383966244725739,0.9303904923599321,0.9822580645161291,0.9855305466237942,0.9838969404186796,0.9611248966087675,0.9536423841059603,0.9475437135720233,0.9855305466237942,0.9742351046698873,0.9838969404186796,0.9696472518457753,0.9855305466237942
0.9716139497161395,0.9442131557035803,0.9420654911838791,0.9279050042408821,0.975767366720517,0.9774193548387097,0.976594027441485,0.9485903814262023,0.9367720465890182,0.934001670843776,0.9774193548387097,0.9620048504446241,0.970137207425343,0.9546578730420445,0.9807073954983923
0.9643435980551054,0.942643391521197,0.9317607413647851,0.9263336155800169,0.9710144927536232,0.9726688102893891,0.9718423169750603,0.9495450785773366,0.9403973509933775,0.9366666666666666,0.9726688102893891,0.9637972646822205,0.9686242960579243,0.9573070607553367,0.9726688102893891
0.9756493506493507,0.9456975772765246,0.9420654911838791,0.9233390119250426,0.9806138933764136,0.9847144006436042,0.9822580645161291,0.9612530915086562,0.9493775933609958,0.946058091286307,0.9847144006436042,0.9733656174334141,0.9814963797264682,0.9655172413793104,0.9855305466237942
0.9699431356620634,0.9379194630872483,0.9350210970464135,0.9215017064846417,0.975767366720517,0.9798873692679002,0.976594027441485,0.9527754763877382,0.9364548494983278,0.9365609348914858,0.9798873692679002,0.9685230024213075,0.9701853344077357,0.9553719008264463,0.9807073954983923
0.9724473257698542,0.9494614747307374,0.9378151260504202,0.9378151260504202,0.9774193548387097,0.9798873692679002,0.9782433521353747,0.9622331691297209,0.9538714991762768,0.9513602638087386,0.9798873692679002,0.9741935483870968,0.9798873692679002,0.9664758789860998,0.9807073954983923
0.9707792207792207,0.9511184755592378,0.9510373443983402,0.9388097233864208,0.9774193548387097,0.9790660225442834,0.9782433521353747,0.9622950819672131,0.9529314616019818,0.9502487562189055,0.9790660225442834,0.9741935483870968,0.9782783588093322,0.9648405560098119,0.9807073954983923
0.9626016260162602,0.945364238410596,0.9455155071248952,0.9288135593220339,0.970137207425343,0.9726247987117552,0.9709677419354839,0.9538714991762768,0.9447650453421269,0.940980881130507,0.9726247987117552,0.9636803874092009,0.9702333065164923,0.9607201309328969,0.9742765273311897
0.9676898222940227,0.9479768786127167,0.9321039396479464,0.9248945147679325,0.9718423169750603,0.9718423169750603,0.9710144927536232,0.9513602638087386,0.9420529801324503,0.9352159468438538,0.9718423169750603,0.9637389202256245,0.964573268921095,0.9556650246305419,0.9726688102893891
0.9700889248181084,0.9301934398654331,0.934010152284264,0.9242553191489362,0.9734085414987913,0.9742351046698873,0.9725806451612903,0.9459684123025769,0.9331103678929766,0.9322175732217574,0.9742351046698873,0.9636803874092009,0.9693548387096774,0.9503311258278145,0.9758842443729904
0.9635627530364372,0.9338912133891213,0.9191489361702128,0.9128205128205128,0.966908797417272,0.967741935483871,0.967741935483871,0.9355648535564853,0.9279731993299832,0.9242424242424242,0.967741935483871,0.9563812600969306,0.964516129032258,0.9435215946843853,0.9710610932475884
0.967479674796748,0.9435215946843853,0.9413735343383585,0.9326599326599326,0.9741518578352181,0.9741518578352181,0.9774557165861514,0.9564502875924404,0.947107438016529,0.9454545454545454,0.9741518578352181,0.9725363489499192,0.9742351046698873,0.9607201309328969,0.9790996784565916
0.9675850891410048,0.9357798165137615,0.9333333333333333,0.9180887372013652,0.9717514124293786,0.9750603378921963,0.9742351046698873,0.946843853820598,0.9316666666666666,0.9297658862876255,0.9750603378921963,0.9653505237711523,0.9702333065164923,0.9503311258278145,0.9758842443729904
0.9667477696674777,0.93255620316403,0.9294117647058824,0.9239864864864865,0.9709208400646203,0.9734085414987913,0.9725806451612903,0.940980881130507,0.9353233830845771,0.9307756463719766,0.9734085414987913,0.970137207425343,0.9742351046698873,0.951440329218107,0.9758842443729904
0.9692058346839546,0.9475437135720233,0.9427609427609428,0.934010152284264,0.9733656174334141,0.9750201450443191,0.9741935483870968,0.9510373443983402,0.9458784346378019,0.9442131557035803,0.9750201450443191,0.966908797417272,0.9701853344077357,0.9570957095709571,0.977491961414791
0.9683698296836983,0.9434276206322796,0.9213863060016906,0.9178662150719729,0.9750201450443191,0.977491961414791,0.9758454106280193,0.9450915141430949,0.9410788381742738,0.9366666666666666,0.977491961414791,0.9677938808373591,0.9726688102893891,0.9546578730420445,0.977491961414791
0.9708265802269044,0.9470198675496688,0.9458784346378019,0.9298393913778529,0.9766317485898469,0.9782783588093322,0.9774557165861514,0.9545829892650702,0.9488448844884488,0.9471947194719472,0.9782783588093322,0.9742351046698873,0.9742351046698873,0.9631449631449631,0.9790996784565916
0.9659090909090909,0.946843853820598,0.9369217830109335,0.9325463743676222,0.9717514124293786,0.9742351046698873,0.9750603378921963,0.9511993382961125,0.946236559139785,0.94,0.9742351046698873,0.9669621273166801,0.9710610932475884,0.9589490968801314,0.9758842443729904
0.9691056910569106,0.9504132231404959,0.9440267335004177,0.9379194630872483,0.9782433521353747,0.9798873692679002,0.9807073954983923,0.9572368421052632,0.947107438016529,0.9461474730737366,0.9798873692679002,0.9702333065164923,0.9790996784565916,0.9623567921440261,0.9807073954983923
0.9668016194331984,0.934001670843776,0.923728813559322,0.9128205128205128,0.9709677419354839,0.9734513274336283,0.9726247987117552,0.9434276206322796,0.9385382059800664,0.9315525876460768,0.9734513274336283,0.9701853344077357,0.9726688102893891,0.9504132231404959,0.9742765273311897
0.9708265802269044,0.9512799339388934,0.9434276206322796,0.9310924369747899,0.9774557165861514,0.9774557165861514,0.9790996784565916,0.9623567921440261,0.9515201314708299,0.9449465899753492,0.9774557165861514,0.9726247987117552,0.9726688102893891,0.9648979591836735,0.9790996784565916
0.9724025974025974,0.9407839866555463,0.9413735343383585,0.9245122985581001,0.9773828756058158,0.9798549556809025,0.9757281553398058,0.9545829892650702,0.9417637271214643,0.935,0.9798549556809025,0.97165991902834,0.9733656174334141,0.9554455445544554,0.9823151125401929
0.9699918896999189,0.9417637271214643,0.9332206255283179,0.9259574468085107,0.9749798224374495,0.9766317485898469,0.9758064516129032,0.9502487562189055,0.9419568822553898,0.9381270903010034,0.9766317485898469,0.9693548387096774,0.9750201450443191,0.9588815789473685,0.9790996784565916
0.9781376518218623,0.9517470881863561,0.9447236180904522,0.9358108108108109,0.9830781627719581,0.9847144006436042,0.9830781627719581,0.9696969696969697,0.9595375722543352,0.9621087314662273,0.9847144006436042,0.9822580645161291,0.9838969404186796,0.9730612244897959,0.9855305466237942
0.9659090909090909,0.9486754966887417,0.9441201000834029,0.9318755256518082,0.9734085414987913,0.9750603378921963,0.9725806451612903,0.9486754966887417,0.9394190871369295,0.9428334714167357,0.9750603378921963,0.9629032258064516,0.9685737308622079,0.9598689598689598,0.9758842443729904
0.970873786407767,0.9381270903010034,0.9288135593220339,0.9190110826939472,0.9758454106280193,0.9758454106280193,0.9741935483870968,0.9485903814262023,0.9401993355481728,0.9365609348914858,0.9758454106280193,0.9661290322580646,0.9709677419354839,0.9537953795379538,0.977491961414791
0.9732360097323601,0.9477178423236514,0.9492934330839568,0.9352396972245585,0.9806763285024155,0.9823151125401929,0.9814963797264682,0.9605911330049262,0.9521452145214522,0.9461474730737366,0.9823151125401929,0.9798873692679002,0.977491961414791,0.9648405560098119,0.9823151125401929
0.9756493506493507,0.9490392648287385,0.943744752308984,0.9383966244725739,0.9814366424535916,0.9830781627719581,0.9830781627719581,0.9551495016611296,0.95,0.9406850459482038,0.9830781627719581,0.9782433521353747,0.9782433521353747,0.9594706368899917,0.9855305466237942
0.9765182186234818,0.9492089925062448,0.9506276150627615,0.9272882805816938,0.9814665592264303,0.9831053901850362,0.9814665592264303,0.9595375722543352,0.9492089925062448,0.9552238805970149,0.9831053901850362,0.9782433521353747,0.9798873692679002,0.9638157894736842,0.9839228295819936
0.9635627530364372,0.9358867610324729,0.936026936026936,0.9247675401521556,0.9685737308622079,0.9694041867954911,0.9685737308622079,0.9497114591920858,0.9368770764119602,0.9344398340248963,0.9694041867954911,0.964516129032258,0.966183574879227,0.951440329218107,0.9710610932475884
0.9642276422764228,0.9336691855583543,0.9296013570822731,0.9288135593220339,0.9675850891410048,0.9692556634304207,0.9725806451612903,0.9434276206322796,0.939115929941618,0.9386038687973086,0.9692556634304207,0.9668016194331984,0.9717969379532635,0.9451827242524917,0.9758842443729904
0.968421052631579,0.9443983402489626,0.9381270903010034,0.9267059814658803,0.9709208400646203,0.9734085414987913,0.9709208400646203,0.9495450785773366,0.9369817578772802,0.9335548172757475,0.9734085414987913,0.962843295638126,0.9652945924132365,0.9581624282198523,0.9758842443729904
0.9685230024213075,0.931323283082077,0.9213863060016906,0.9213863060016906,0.9710144927536232,0.9718423169750603,0.9693548387096774,0.9384359400998337,0.9358867610324729,0.9292929292929293,0.9718423169750603,0.9661290322580646,0.967741935483871,0.9445822994210091,0.9726688102893891
0.9650690495532088,0.9381270903010034,0.9439330543933054,0.9286926994906621,0.9742351046698873,0.9750603378921963,0.9734085414987913,0.9521452145214522,0.9383333333333334,0.94,0.9750603378921963,0.9661290322580646,0.9677938808373591,0.9530090684253916,0.9758842443729904
0.9618815896188159,0.9331103678929766,0.9265822784810127,0.9185059422750425,0.967741935483871,0.9702333065164923,0.9702333065164923,0.939115929941618,0.934001670843776,0.9331103678929766,0.9702333065164923,0.9637972646822205,0.9686242960579243,0.9461474730737366,0.9710610932475884
0.9717057396928052,0.939115929941618,0.9375,0.9285714285714286,0.9741935483870968,0.9741935483870968,0.9725363489499192,0.9485049833887044,0.9410788381742738,0.9416666666666667,0.9741935483870968,0.9652384801940178,0.9709208400646203,0.9563066776586975,0.977491961414791
0.970873786407767,0.9494614747307374,0.9413735343383585,0.9263336155800169,0.9750201450443191,0.9766693483507642,0.9766693483507642,0.9546578730420445,0.946236559139785,0.9416666666666667,0.9766693483507642,0.966183574879227,0.9742765273311897,0.9580936729663106,0.977491961414791
0.9773095623987034,0.9646672144617913,0.9447236180904522,0.9385004212299916,0.9814366424535916,0.9838969404186796,0.9838969404186796,0.9612530915086562,0.9638752052545156,0.9553719008264463,0.9838969404186796,0.9798549556809025,0.9806763285024155,0.975609756097561,0.9855305466237942
0.9699918896999189,0.9457881567973311,0.9404861693210393,0.9308600337268128,0.9749798224374495,0.9758064516129032,0.973322554567502,0.9562345169281585,0.9485049833887044,0.9466666666666667,0.9758064516129032,0.970873786407767,0.9725363489499192,0.9596707818930041,0.9790996784565916
0.9700404858299595,0.9443983402489626,0.9485903814262023,0.9281487743026204,0.9750201450443191,0.9758454106280193,0.9741935483870968,0.9590834697217676,0.9513602638087386,0.9505766062602965,0.9758454106280193,0.9709677419354839,0.9734085414987913,0.9624796084828712,0.977491961414791
0.9725363489499192,0.9423558897243107,0.9252971137521222,0.9281487743026204,0.9750201450443191,0.9758454106280193,0.9733656174334141,0.9485049833887044,0.9458784346378019,0.9433333333333334,0.9758454106280193,0.9676898222940227,0.9717514124293786,0.9528535980148883,0.977491961414791
0.9692058346839546,0.9519071310116086,0.9387069689336692,0.9404861693210393,0.9733656174334141,0.9741935483870968,0.9717057396928052,0.9501661129568106,0.9425478767693589,0.9467554076539102,0.9741935483870968,0.9644012944983819,0.9709208400646203,0.9588138385502472,0.977491961414791
0.9691558441558441,0.9469320066334992,0.9405857740585774,0.9335576114381834,0.9758064516129032,0.9782783588093322,0.9766317485898469,0.9580936729663106,0.9388429752066115,0.9488448844884488,0.9782783588093322,0.9605157131345688,0.9742351046698873,0.9640522875816994,0.9790996784565916
0.9725363489499192,0.9433333333333334,0.9318755256518082,0.9200680272108843,0.9741935483870968,0.9758454106280193,0.9750201450443191,0.9528535980148883,0.9417637271214643,0.9375520399666945,0.9758454106280193,0.9693548387096774,0.9710144927536232,0.957166392092257,0.977491961414791
0.9683698296836983,0.945,0.9402859545836838,0.9259574468085107,0.9750201450443191,0.9750201450443191,0.9750201450443191,0.9545829892650702,0.9511993382961125,0.9392173189009159,0.9750201450443191,0.9709677419354839,0.9701853344077357,0.957166392092257,0.977491961414791
0.9717057396928052,0.9495450785773366,0.9406850459482038,0.9362416107382551,0.9750201450443191,0.9766693483507642,0.9766693483507642,0.9581624282198523,0.9506578947368421,0.9488448844884488,0.9766693483507642,0.9710144927536232,0.9710610932475884,0.9624183006535948,0.977491961414791
0.9650690495532088,0.9546578730420445,0.9482470784641068,0.9394957983193277,0.9700889248181084,0.9725806451612903,0.9734085414987913,0.9511993382961125,0.9555921052631579,0.9465776293823038,0.9725806451612903,0.9685230024213075,0.9717969379532635,0.9632052330335241,0.9758842443729904
0.9797898140662894,0.9551495016611296,0.9463986599664992,0.9447236180904522,0.9822580645161291,0.9838969404186796,0.9797898140662894,0.9629018961253092,0.9551495016611296,0.956089478044739,0.9838969404186796,0.9765561843168957,0.9814366424535916,0.9654605263157895,0.9855305466237942
0.9773828756058158,0.9536423841059603,0.9456975772765246,0.9350210970464135,0.9806763285024155,0.9823151125401929,0.9798549556809025,0.9613168724279836,0.9554455445544554,0.947804473902237,0.9823151125401929,0.9766317485898469,0.9774557165861514,0.9689542483660131,0.9823151125401929
0.9660194174757282,0.9331103678929766,0.9111111111111111,0.9114139693356048,0.9668552950687146,0.9710144927536232,0.9676898222940227,0.9410788381742738,0.9352159468438538,0.9359933499584372,0.9710144927536232,0.9587712206952304,0.9669621273166801,0.9480626545754328,0.9726688102893891
0.9635627530364372,0.9287510477787091,0.9254237288135593,0.9098712446351931,0.9685737308622079,0.9702333065164923,0.9685737308622079,0.9348914858096828,0.9255230125523013,0.9251471825063078,0.9702333065164923,0.9596774193548387,0.966183574879227,0.9437086092715232,0.9710610932475884
0.9561688311688312,0.9332220367278798,0.9220338983050848,0.9186440677966101,0.9620661824051655,0.964573268921095,0.9654062751407884,0.9427385892116182,0.9378624689312345,0.9205020920502092,0.964573268921095,0.958904109589041,0.9614147909967846,0.9488448844884488,0.9662379421221865
0.9707317073170731,0.9502487562189055,0.9411764705882353,0.9386038687973086,0.9765561843168957,0.9782082324455206,0.9782082324455206,0.957166392092257,0.9580246913580247,0.9450915141430949,0.9782082324455206,0.9700889248181084,0.9758064516129032,0.9639934533551555,0.9823151125401929
0.9642857142857143,0.9506578947368421,0.9478908188585607,0.9303106633081444,0.970137207425343,0.9742765273311897,0.9709677419354839,0.9566639411283728,0.9489291598023064,0.9540229885057471,0.9742765273311897,0.9709677419354839,0.9734513274336283,0.9592169657422512,0.9742765273311897
0.9651257096512571,0.9403973509933775,0.9364548494983278,0.9267059814658803,0.9709677419354839,0.9726247987117552,0.970137207425343,0.9540229885057471,0.942339373970346,0.944078947368421,0.9726247987117552,0.9652945924132365,0.9701853344077357,0.9574468085106383,0.9742765273311897
0.9691558441558441,0.9478908188585607,0.9501661129568106,0.9432387312186978,0.9766317485898469,0.9790996784565916,0.9774557165861514,0.9573070607553367,0.9456342668863262,0.9504950495049505,0.9790996784565916,0.9677938808373591,0.9758842443729904,0.9649551752241239,0.9790996784565916
0.9692058346839546,0.9451827242524917,0.9336691855583543,0.9345637583892618,0.9741935483870968,0.9766693483507642,0.977491961414791,0.9512799339388934,0.947107438016529,0.9388429752066115,0.9766693483507642,0.9702333065164923,0.9726688102893891,0.9573070607553367,0.977491961414791
0.9659090909090909,0.9434276206322796,0.9367088607594937,0.9305084745762712,0.9717514124293786,0.9734085414987913,0.9742351046698873,0.9511993382961125,0.9358867610324729,0.9433333333333334,0.9734085414987913,0.964516129032258,0.9718423169750603,0.9546578730420445,0.9758842443729904
0.96826688364524,0.9588815789473685,0.936026936026936,0.9387069689336692,0.975767366720517,0.9782433521353747,0.9807073954983923,0.9563066776586975,0.9597370583401807,0.9495450785773366,0.9782433521353747,0.9782433521353747,0.9758842443729904,0.966530612244898,0.9807073954983923
0.9692058346839546,0.9496284062758051,0.9432387312186978,0.9353484466834593,0.9717057396928052,0.9741935483870968,0.9741935483870968,0.9590163934426229,0.9507389162561576,0.9477124183006536,0.9741935483870968,0.9676898222940227,0.9685737308622079,0.9624183006535948,0.977491961414791
0.9829683698296837,0.9557964970809008,0.9478114478114478,0.9343563512361467,0.9895245769540693,0.9911504424778761,0.9903381642512077,0.9617940199335548,0.9516666666666667,0.9446308724832215,0.9911504424778761,0.9838969404186796,0.9863234111021721,0.9720394736842105,0.9919614147909968
0.9618815896188159,0.9296482412060302,0.9171648163962425,0.9191489361702128,0.9660743134087237,0.9660743134087237,0.9685737308622079,0.9427385892116182,0.9291075896580484,0.9243697478991597,0.9660743134087237,0.9596122778675282,0.9637389202256245,0.946236559139785,0.9710610932475884
0.9635036496350365,0.935672514619883,0.9370277078085643,0.9363484087102177,0.9668552950687146,0.9693548387096774,0.9676898222940227,0.9487603305785124,0.9401993355481728,0.9420529801324503,0.9693548387096774,0.9603880355699272,0.9669621273166801,0.9513602638087386,0.9726688102893891
0.9732793522267207,0.9546578730420445,0.9423558897243107,0.9343434343434344,0.9782433521353747,0.9790660225442834,0.9798873692679002,0.9597370583401807,0.9470198675496688,0.9469320066334992,0.9790660225442834,0.9677938808373591,0.9782783588093322,0.966530612244898,0.9807073954983923
0.9789983844911146,0.9413735343383585,0.9377104377104377,0.9297205757832345,0.9814665592264303,0.9822866344605475,0.9806451612903225,0.9527754763877382,0.9477178423236514,0.9475437135720233,0.9822866344605475,0.9774193548387097,0.9790322580645161,0.9545078577336642,0.9839228295819936
0.958570268074736,0.94,0.939799331103679,0.9291736930860034,0.9652945924132365,0.9677938808373591,0.9686242960579243,0.9496284062758051,0.9393183707398172,0.9461474730737366,0.9677938808373591,0.9621273166800967,0.9662379421221865,0.9556650246305419,0.9694533762057878
0.9788961038961039,0.9576763485477179,0.9532554257095158,0.9391891891891891,0.9854838709677419,0.9854838709677419,0.9854838709677419,0.9671052631578947,0.9613168724279836,0.9552980132450332,0.9854838709677419,0.976594027441485,0.9838709677419355,0.9688013136288999,0.9887459807073955
0.9757281553398058,0.9494614747307374,0.9517470881863561,0.93681550126369,0.9814963797264682,0.9814963797264682,0.9806763285024155,0.9588815789473685,0.9572368421052632,0.9521452145214522,0.9814963797264682,0.9734085414987913,0.9806763285024155,0.9631449631449631,0.9823151125401929
0.958570268074736,0.9331103678929766,0.9272419627749577,0.9191489361702128,0.9652945924132365,0.9694533762057878,0.9677938808373591,0.9463253509496284,0.9377593360995851,0.9366666666666666,0.9694533762057878,0.961352657004831,0.9662379421221865,0.9523809523809523,0.9694533762057878
0.9732793522267207,0.9475437135720233,0.9441201000834029,0.9271186440677966,0.9782433521353747,0.9807073954983923,0.9774193548387097,0.9588138385502472,0.9502487562189055,0.9493775933609958,0.9807073954983923,0.9741935483870968,0.9782783588093322,0.9588138385502472,0.9807073954983923
0.9781376518218623,0.9604612850082372,0.9473684210526315,0.9386038687973086,0.9847144006436042,0.9855305466237942,0.9847144006436042,0.9655737704918033,0.9589490968801314,0.9579554822753503,0.9855305466237942,0.9750603378921963,0.9839228295819936,0.9739837398373984,0.9855305466237942
0.9601301871440195,0.9357798165137615,0.9157446808510639,0.9132653061224489,0.9660194174757282,0.9693548387096774,0.9676898222940227,0.940980881130507,0.9335548172757475,0.9247491638795987,0.9693548387096774,0.9571544058205336,0.9661290322580646,0.9488448844884488,0.9726688102893891
0.970873786407767,0.9365609348914858,0.9395973154362416,0.9254237288135593,0.9758454106280193,0.9766693483507642,0.9758454106280193,0.9495450785773366,0.9429280397022333,0.942643391521197,0.9766693483507642,0.9669621273166801,0.9734513274336283,0.9538714991762768,0.977491961414791
0.9707792207792207,0.9430485762144054,0.9293617021276596,0.9249146757679181,0.9741100323624595,0.9782433521353747,0.9774193548387097,0.956089478044739,0.9389121338912134,0.9476309226932669,0.9782433521353747,0.9676898222940227,0.9766693483507642,0.9586776859504132,0.9807073954983923
0.9741100323624595,0.9572368421052632,0.9404861693210393,0.9271186440677966,0.9798873692679002,0.9798873692679002,0.9790660225442834,0.9605263157894737,0.9521452145214522,0.9410788381742738,0.9798873692679002,0.9774557165861514,0.9758454106280193,0.9664758789860998,0.9807073954983923
0.9830234438156831,0.9542809642560266,0.9410774410774411,0.9320882852292021,0.9863013698630136,0.9871175523349437,0.9854838709677419,0.9577464788732394,0.9542809642560266,0.9518272425249169,0.9871175523349437,0.9790322580645161,0.984689766317486,0.9629018961253092,0.9887459807073955
0.9739837398373984,0.9534883720930233,0.9463986599664992,0.9303904923599321,0.9814366424535916,0.9830781627719581,0.9847144006436042,0.9586776859504132,0.9485903814262023,0.9485903814262023,0.9830781627719581,0.9725806451612903,0.9790996784565916,0.9655172413793104,0.9855305466237942
0.9724025974025974,0.9527754763877382,0.9410774410774411,0.9419680403700589,0.9790322580645161,0.9814963797264682,0.9814963797264682,0.9630238290879212,0.9537953795379538,0.9519071310116086,0.9814963797264682,0.9750603378921963,0.9782783588093322,0.9689542483660131,0.9823151125401929
0.9740680713128039,0.9424520433694745,0.9388097233864208,0.9207161125319693,0.9782082324455206,0.9814963797264682,0.9798549556809025,0.9528535980148883,0.9392173189009159,0.9427385892116182,0.9814963797264682,0.9612903225806452,0.9758454106280193,0.957166392092257,0.9823151125401929
0.9658536585365853,0.9433333333333334,0.9315300084530854,0.9216354344122658,0.9725363489499192,0.9758454106280193,0.9733656174334141,0.9424520433694745,0.9355648535564853,0.9361344537815126,0.9758454106280193,0.9644588045234249,0.9742351046698873,0.9485903814262023,0.977491961414791
0.9725363489499192,0.9495450785773366,0.9423558897243107,0.9235993208828522,0.9750201450443191,0.977491961414791,0.9758454106280193,0.9547325102880658,0.94467382328654,0.943801652892562,0.977491961414791,0.9677938808373591,0.9742765273311897,0.9615699100572364,0.977491961414791
0.9675324675324676,0.946843853820598,0.9315300084530854,0.9325463743676222,0.9750201450443191,0.977491961414791,0.9766693483507642,0.9554455445544554,0.945273631840796,0.9406850459482038,0.977491961414791,0.9702333065164923,0.977491961414791,0.9605911330049262,0.977491961414791
0.9741518578352181,0.9370277078085643,0.9323181049069373,0.9242553191489362,0.9749798224374495,0.9758064516129032,0.973322554567502,0.9492934330839568,0.9441201000834029,0.9396984924623115,0.9758064516129032,0.9668552950687146,0.9717057396928052,0.9536423841059603,0.9790996784565916
0.9773828756058158,0.9415692821368948,0.9260832625318607,0.9173060528559249,0.9798549556809025,0.9814963797264682,0.9814963797264682,0.9511184755592378,0.9443983402489626,0.942643391521197,0.9814963797264682,0.9710144927536232,0.9807073954983923,0.9588815789473685,0.9823151125401929
0.9650690495532088,0.9398998330550918,0.9388097233864208,0.9343434343434344,0.9725806451612903,0.9734085414987913,0.9742351046698873,0.9511993382961125,0.9443983402489626,0.9451827242524917,0.9734085414987913,0.9653505237711523,0.9726247987117552,0.9580936729663106,0.9758842443729904
0.9708265802269044,0.9406850459482038,0.9353484466834593,0.9263336155800169,0.9766317485898469,0.9774557165861514,0.9774557165861514,0.9494614747307374,0.9435215946843853,0.9365609348914858,0.9774557165861514,0.9653505237711523,0.9734513274336283,0.9555189456342669,0.9790996784565916
0.9724473257698542,0.946843853820598,0.9445378151260504,0.9366018596787827,0.975767366720517,0.976594027441485,0.9782433521353747,0.9501661129568106,0.9418604651162791,0.9432387312186978,0.976594027441485,0.9676898222940227,0.9774557165861514,0.9588138385502472,0.9807073954983923
0.9717514124293786,0.9355648535564853,0.9370277078085643,0.9235993208828522,0.9742351046698873,0.9750603378921963,0.9742351046698873,0.9443059019118869,0.9417637271214643,0.9321039396479464,0.9750603378921963,0.9677938808373591,0.9702333065164923,0.9538714991762768,0.9758842443729904
0.9683184402924452,0.9476309226932669,0.939799331103679,0.9335576114381834,0.9749798224374495,0.9782783588093322,0.9758064516129032,0.9622950819672131,0.947107438016529,0.9455445544554455,0.9782783588093322,0.966908797417272,0.9718423169750603,0.9631449631449631,0.9790996784565916
0.9618815896188159,0.94,0.9377104377104377,0.9379194630872483,0.967741935483871,0.9694041867954911,0.9694041867954911,0.9504950495049505,0.9445822994210091,0.9417637271214643,0.9694041867954911,0.9556809024979855,0.9702333065164923,0.9548069022185702,0.9710610932475884
0.9618815896188159,0.9429280397022333,0.9374478732276897,0.9276094276094277,0.967741935483871,0.9685737308622079,0.9702333065164923,0.9488448844884488,0.9447650453421269,0.9386401326699834,0.9685737308622079,0.9669621273166801,0.9702333065164923,0.9531635168447001,0.9710610932475884
0.9774193548387097,0.9517470881863561,0.9523809523809523,0.940084388185654,0.9790660225442834,0.9807073954983923,0.9774193548387097,0.9646090534979423,0.9545078577336642,0.9534883720930233,0.9807073954983923,0.9709677419354839,0.9766317485898469,0.9688524590163935,0.9807073954983923
0.9789644012944984,0.9559434746467166,0.9446308724832215,0.9331075359864521,0.9822580645161291,0.9830781627719581,0.9847144006436042,0.9593360995850623,0.9534883720930233,0.9449081803005008,0.9830781627719581,0.9766317485898469,0.9798873692679002,0.9644921552436003,0.9855305466237942
0.9675850891410048,0.9547325102880658,0.9450915141430949,0.939799331103679,0.9717514124293786,0.9742351046698873,0.9734085414987913,0.9580936729663106,0.9515201314708299,0.945364238410596,0.9742351046698873,0.9685737308622079,0.9694041867954911,0.9632052330335241,0.9758842443729904
0.9683698296836983,0.9486754966887417,0.9431438127090301,0.9308600337268128,0.970873786407767,0.9750201450443191,0.9725363489499192,0.9521452145214522,0.9435215946843853,0.9443059019118869,0.9750201450443191,0.9684721099434115,0.9742351046698873,0.9581624282198523,0.977491961414791
0.9757281553398058,0.9476309226932669,0.9423558897243107,0.9335576114381834,0.9782082324455206,0.9798549556809025,0.9806763285024155,0.9510373443983402,0.9545829892650702,0.9467554076539102,0.9798549556809025,0.9774193548387097,0.9790660225442834,0.9605263157894737,0.9823151125401929
0.968421052631579,0.9556650246305419,0.9510373443983402,0.9372384937238494,0.9725806451612903,0.9734085414987913,0.9734085414987913,0.9573770491803278,0.9574468085106383,0.9431162407254741,0.9734085414987913,0.9709677419354839,0.9685737308622079,0.9650122050447518,0.9758842443729904
0.9773828756058158,0.9546578730420445,0.9509559434746467,0.9412751677852349,0.9814963797264682,0.9823151125401929,0.9823151125401929,0.9681632653061224,0.9548810500410172,0.9581624282198523,0.9823151125401929,0.9742765273311897,0.9790996784565916,0.9706840390879479,0.9823151125401929
0.9609120521172638,0.9347826086956522,0.923728813559322,0.91928632115548,0.9693053311793215,0.9717969379532635,0.9709677419354839,0.9435215946843853,0.9288702928870293,0.9258010118043845,0.9717969379532635,0.9603880355699272,0.9710144927536232,0.9504950495049505,0.9742765273311897
0.9683184402924452,0.9414715719063546,0.9369217830109335,0.9288135593220339,0.9774557165861514,0.9782783588093322,0.9782783588093322,0.9493775933609958,0.9382303839732888,0.940099833610649,0.9782783588093322,0.9718423169750603,0.9718423169750603,0.957166392092257,0.9790996784565916
0.9667477696674777,0.9319899244332494,0.9235993208828522,0.9125214408233276,0.9709208400646203,0.9750603378921963,0.9750603378921963,0.9390142021720969,0.9306599832915622,0.9288702928870293,0.9750603378921963,0.9549114331723028,0.9710610932475884,0.9451827242524917,0.9758842443729904
0.967479674796748,0.9500831946755408,0.9417721518987342,0.9254498714652957,0.97165991902834,0.9766317485898469,0.973322554567502,0.9570247933884297,0.9425478767693589,0.939799331103679,0.9766317485898469,0.9660194174757282,0.9677938808373591,0.9630238290879212,0.9790996784565916
0.9667477696674777,0.9451827242524917,0.9414715719063546,0.9317607413647851,0.9709208400646203,0.9717514124293786,0.9725806451612903,0.9520661157024793,0.947107438016529,0.9385382059800664,0.9717514124293786,0.966908797417272,0.967741935483871,0.9589490968801314,0.9758842443729904
0.9748987854251012,0.9561621174524401,0.9363484087102177,0.9381270903010034,0.9814963797264682,0.9814963797264682,0.9814963797264682,0.9596042868920033,0.9563066776586975,0.9470198675496688,0.9814963797264682,0.9758454106280193,0.9766693483507642,0.9638752052545156,0.9823151125401929
0.9708265802269044,0.9294117647058824,0.93681550126369,0.9252971137521222,0.9741518578352181,0.9766317485898469,0.9749798224374495,0.9545078577336642,0.931438127090301,0.9394190871369295,0.9766317485898469,0.9693053311793215,0.9734085414987913,0.9579554822753503,0.9790996784565916
0.9643435980551054,0.9393183707398172,0.9367720465890182,0.9152542372881356,0.9685230024213075,0.9701853344077357,0.9693548387096774,0.9488448844884488,0.9378624689312345,0.9295774647887324,0.9701853344077357,0.9579967689822294,0.9605157131345688,0.9531635168447001,0.9726688102893891
0.9626623376623377,0.9374478732276897,0.9347826086956522,0.9269521410579346,0.9685230024213075,0.9710144927536232,0.9676898222940227,0.9488448844884488,0.9444904722452361,0.9334442595673876,0.9710144927536232,0.9620048504446241,0.9653505237711523,0.9523026315789473,0.9726688102893891
0.9732793522267207,0.939799331103679,0.9430485762144054,0.9288135593220339,0.9774193548387097,0.9774193548387097,0.9798873692679002,0.9501661129568106,0.946058091286307,0.9353484466834593,0.9774193548387097,0.9725806451612903,0.9766693483507642,0.9553719008264463,0.9807073954983923
0.9611021069692058,0.9480626545754328,0.9336691855583543,0.9239864864864865,0.9677938808373591,0.9677938808373591,0.9686242960579243,0.9463253509496284,0.9412737799834574,0.9373433583959899,0.9677938808373591,0.964573268921095,0.9670152855993563,0.9515201314708299,0.9694533762057878
0.9699918896999189,0.9372384937238494,0.9347826086956522,0.9239864864864865,0.9758064516129032,0.9782783588093322,0.9774557165861514,0.9520661157024793,0.9382303839732888,0.9384359400998337,0.9782783588093322,0.9701853344077357,0.9758842443729904,0.9529314616019818,0.9790996784565916
0.974817221770918,0.9448160535117057,0.9412751677852349,0.9204448246364414,0.9773095623987034,0.9814366424535916,0.9789644012944984,0.9526970954356846,0.9406850459482038,0.9442131557035803,0.9814366424535916,0.9668016194331984,0.976594027441485,0.9578860445912469,0.9855305466237942
0.9731925264012997,0.9457881567973311,0.9395973154362416,0.9404861693210393,0.9789983844911146,0.9806451612903225,0.9822866344605475,0.9570957095709571,0.945364238410596,0.9451827242524917,0.9806451612903225,0.966908797417272,0.9774557165861514,0.9605263157894737,0.9839228295819936
0.9773095623987034,0.9537190082644628,0.9456066945606695,0.9439330543933054,0.9847144006436042,0.9855305466237942,0.9847144006436042,0.962171052631579,0.9555921052631579,0.9494614747307374,0.9855305466237942,0.9798873692679002,0.9855305466237942,0.9681112019623875,0.9855305466237942
0.9627228525121556,0.9360995850622407,0.9374478732276897,0.9203389830508475,0.9685737308622079,0.9702333065164923,0.9694041867954911,0.947107438016529,0.9327800829875519,0.9388429752066115,0.9702333065164923,0.964573268921095,0.9686242960579243,0.9505766062602965,0.9710610932475884
0.9734085414987913,0.939115929941618,0.9278523489932886,0.9279731993299832,0.9742351046698873,0.9750603378921963,0.9725806451612903,0.9461474730737366,0.9418604651162791,0.9385382059800664,0.9750603378921963,0.967741935483871,0.9693548387096774,0.9522240527182867,0.9758842443729904
0.9748987854251012,0.9521452145214522,0.9456975772765246,0.9279050042408821,0.9806763285024155,0.9814963797264682,0.9814963797264682,0.9588138385502472,0.9513602638087386,0.9445822994210091,0.9814963797264682,0.9790660225442834,0.9807073954983923,0.9647829647829648,0.9823151125401929
0.9691056910569106,0.9450915141430949,0.936026936026936,0.9308600337268128,0.975767366720517,0.9774193548387097,0.9782433521353747,0.9572368421052632,0.9427385892116182,0.947107438016529,0.9774193548387097,0.9693053311793215,0.9726247987117552,0.9623567921440261,0.9807073954983923
0.970873786407767,0.9451827242524917,0.9383966244725739,0.9269949066213922,0.9725363489499192,0.9750201450443191,0.9733656174334141,0.9477178423236514,0.9402985074626866,0.9367720465890182,0.9750201450443191,0.9644588045234249,0.9653505237711523,0.9572368421052632,0.977491961414791
0.9765182186234818,0.9414715719063546,0.9280270956816258,0.9271186440677966,0.9789983844911146,0.9806451612903225,0.9806451612903225,0.9475437135720233,0.9390142021720969,0.9389121338912134,0.9806451612903225,0.9700889248181084,0.9798549556809025,0.9519071310116086,0.9839228295819936
0.9700404858299595,0.9461474730737366,0.9415692821368948,0.9182282793867121,0.9750201450443191,0.9766693483507642,0.9750201450443191,0.9555921052631579,0.9480626545754328,0.9330024813895782,0.9766693483507642,0.9693548387096774,0.9653505237711523,0.9581624282198523,0.977491961414791
0.9700404858299595,0.9338912133891213,0.926208651399491,0.9209855564995751,0.9758454106280193,0.9758454106280193,0.9733656174334141,0.9470198675496688,0.9348914858096828,0.9374478732276897,0.9758454106280193,0.9660743134087237,0.970137207425343,0.9513602638087386,0.977491961414791
0.9749393694421988,0.9536423841059603,0.9491242702251876,0.9429530201342282,0.9782433521353747,0.9790660225442834,0.9782433521353747,0.9639344262295082,0.9531635168447001,0.9518272425249169,0.9790660225442834,0.9661290322580646,0.9790660225442834,0.9664758789860998,0.9807073954983923
0.9749798224374495,0.9509559434746467,0.9507101086048454,0.9375,0.9774557165861514,0.9790996784565916,0.9774557165861514,0.9570247933884297,0.9545829892650702,0.9485049833887044,0.9790996784565916,0.9677938808373591,0.9742351046698873,0.9664209664209664,0.9790996784565916
0.9765182186234818,0.9570247933884297,0.9464882943143813,0.9393939393939394,0.9814665592264303,0.9839228295819936,0.9822866344605475,0.962171052631579,0.9552980132450332,0.9528535980148883,0.9839228295819936,0.9774557165861514,0.9782783588093322,0.9681112019623875,0.9839228295819936
0.9724473257698542,0.9379194630872483,0.9359190556492412,0.9180887372013652,0.9774193548387097,0.9782433521353747,0.9782433521353747,0.9476309226932669,0.9364548494983278,0.9396984924623115,0.9782433521353747,0.966908797417272,0.9774557165861514,0.9528535980148883,0.9807073954983923
0.9732793522267207,0.947804473902237,0.9413735343383585,0.9271186440677966,0.9798873692679002,0.9798873692679002,0.9807073954983923,0.9597370583401807,0.9461474730737366,0.9527754763877382,0.9798873692679002,0.9766693483507642,0.9807073954983923,0.9631449631449631,0.9807073954983923
0.9724919093851133,0.9443983402489626,0.9451827242524917,0.9273648648648649,0.9749798224374495,0.9758064516129032,0.9782783588093322,0.9580246913580247,0.947107438016529,0.9488448844884488,0.9758064516129032,0.9685230024213075,0.9790996784565916,0.9588815789473685,0.9790996784565916
0.9734085414987913,0.9393183707398172,0.9319899244332494,0.922165820642978,0.9750603378921963,0.9750603378921963,0.9750603378921963,0.947107438016529,0.9282136894824707,0.9395194697597349,0.9750603378921963,0.9621882542236525,0.9718423169750603,0.951440329218107,0.9758842443729904
0.9708265802269044,0.9433333333333334,0.9396984924623115,0.9317607413647851,0.9741518578352181,0.9766317485898469,0.9758064516129032,0.9545829892650702,0.946236559139785,0.9420529801324503,0.9766317485898469,0.9676898222940227,0.9726247987117552,0.9597370583401807,0.9790996784565916
0.9773828756058158,0.9475437135720233,0.9375,0.9376053962900506,0.9790322580645161,0.9798549556809025,0.9806763285024155,0.9501661129568106,0.9442131557035803,0.9415692821368948,0.9798549556809025,0.9734085414987913,0.9758454106280193,0.9570957095709571,0.9823151125401929
0.97165991902834,0.9545078577336642,0.9422594142259414,0.9280270956816258,0.9766317485898469,0.9766317485898469,0.9774557165861514,0.961380443714051,0.9548069022185702,0.9443983402489626,0.9766317485898469,0.9669621273166801,0.9710144927536232,0.9656301145662848,0.9790996784565916
0.9616326530612245,0.9405857740585774,0.9352396972245585,0.9225531914893617,0.9700404858299595,0.9725363489499192,0.9733656174334141,0.9441201000834029,0.9373433583959899,0.936026936026936,0.9725363489499192,0.9619433198380567,0.9734085414987913,0.9537190082644628,0.977491961414791
0.9773828756058158,0.9536423841059603,0.9403862300587741,0.9341216216216216,0.9814963797264682,0.9823151125401929,0.9798549556809025,0.9622331691297209,0.9519867549668874,0.9527754763877382,0.9823151125401929,0.9750201450443191,0.9790660225442834,0.9664758789860998,0.9823151125401929
0.9691056910569106,0.939799331103679,0.9386038687973086,0.9370277078085643,0.9741100323624595,0.9774193548387097,0.9782433521353747,0.9520661157024793,0.9435215946843853,0.9519867549668874,0.9774193548387097,0.9693053311793215,0.9790660225442834,0.9580936729663106,0.9807073954983923
0.9731489015459723,0.9508742714404663,0.946218487394958,0.9309462915601023,0.9806138933764136,0.9847144006436042,0.9822580645161291,0.9524603836530442,0.9483333333333334,0.9447236180904522,0.9847144006436042,0.9749798224374495,0.9822866344605475,0.9628406275805119,0.9855305466237942
0.9756493506493507,0.9519071310116086,0.9393939393939394,0.9296013570822731,0.9806138933764136,0.9838969404186796,0.9838969404186796,0.9595375722543352,0.9529314616019818,0.9511993382961125,0.9838969404186796,0.9798549556809025,0.9814963797264682,0.9689034369885434,0.9855305466237942
0.97165991902834,0.9554455445544554,0.9414715719063546,0.9396984924623115,0.9774557165861514,0.9790996784565916,0.9782783588093322,0.9596707818930041,0.9556650246305419,0.9454545454545454,0.9790996784565916,0.9702333065164923,0.9702333065164923,0.9647829647829648,0.9790996784565916
0.9698451507742462,0.9472803347280335,0.9338983050847458,0.9284497444633731,0.9781729991915926,0.9806451612903225,0.9822866344605475,0.9594034797017399,0.9509559434746467,0.939115929941618,0.9806451612903225,0.976594027441485,0.9750603378921963,0.964550700741962,0.9839228295819936
0.9666395443449959,0.9492934330839568,0.9492089925062448,0.942162615255658,0.9741518578352181,0.9782783588093322,0.9766317485898469,0.9587458745874587,0.9536423841059603,0.9477178423236514,0.9782783588093322,0.9734085414987913,0.9750603378921963,0.9647251845775225,0.9790996784565916
0.9773462783171522,0.9570247933884297,0.9403862300587741,0.9350210970464135,0.9806451612903225,0.9831053901850362,0.9814665592264303,0.9621087314662273,0.9511993382961125,0.9451827242524917,0.9831053901850362,0.9725806451612903,0.9782783588093322,0.9680589680589681,0.9839228295819936
0.9738988580750407,0.9619205298013245,0.9601328903654485,0.947103274559194,0.9830234438156831,0.9838449111470113,0.9854838709677419,0.96875,0.9577464788732394,0.9550748752079867,0.9838449111470113,0.9765561843168957,0.984689766317486,0.9695973705834018,0.9887459807073955
0.9789303079416531,0.9534883720930233,0.9463087248322147,0.948073701842546,0.9822294022617124,0.9838709677419355,0.9830508474576272,0.9603305785123967,0.9527754763877382,0.9526970954356846,0.9838709677419355,0.9773828756058158,0.9822580645161291,0.9663105998356615,0.9871382636655949
0.9725363489499192,0.9502487562189055,0.9331075359864521,0.9324324324324325,0.9758454106280193,0.9766693483507642,0.9766693483507642,0.962171052631579,0.9478908188585607,0.946058091286307,0.9766693483507642,0.9710144927536232,0.9734513274336283,0.9638752052545156,0.977491961414791
0.9683184402924452,0.9442131557035803,0.9433333333333334,0.9372384937238494,0.9749798224374495,0.9766317485898469,0.9766317485898469,0.9537953795379538,0.9495450785773366,0.9437086092715232,0.9766317485898469,0.9685230024213075,0.9750603378921963,0.9615069615069615,0.9790996784565916
0.957085020242915,0.9363110008271298,0.9287510477787091,0.9217830109335576,0.96045197740113,0.9621273166800967,0.9596122778675282,0.9450369155045119,0.9382716049382716,0.9381698268755152,0.9621273166800967,0.9530744336569579,0.9556093623890234,0.9459016393442623,0.9646302250803859
0.9773095623987034,0.9464882943143813,0.9593360995850623,0.9367088607594937,0.9822580645161291,0.9830781627719581,0.9838969404186796,0.9646672144617913,0.9543568464730291,0.9579554822753503,0.9830781627719581,0.9822580645161291,0.9831053901850362,0.9680589680589681,0.9855305466237942
0.9709208400646203,0.94,0.931063829787234,0.9349112426035503,0.9750603378921963,0.9750603378921963,0.9750603378921963,0.9502487562189055,0.9461474730737366,0.9357798165137615,0.9750603378921963,0.9710144927536232,0.9702333065164923,0.9554455445544554,0.9758842443729904
0.9650122050447518,0.9450915141430949,0.9429530201342282,0.9331075359864521,0.9750201450443191,0.9766693483507642,0.9741935483870968,0.9614438063986874,0.9461474730737366,0.9486754966887417,0.9766693483507642,0.970137207425343,0.9742351046698873,0.9631449631449631,0.977491961414791
0.9716139497161395,0.9537190082644628,0.9518272425249169,0.9369217830109335,0.9782433521353747,0.9790660225442834,0.9798873692679002,0.961380443714051,0.9478908188585607,0.9546578730420445,0.9790660225442834,0.9742351046698873,0.9782783588093322,0.9664758789860998,0.9807073954983923
0.9633848657445078,0.9416666666666667,0.9325463743676222,0.9336691855583543,0.9717514124293786,0.9725806451612903,0.9692556634304207,0.9555921052631579,0.9488448844884488,0.9320066334991708,0.9725806451612903,0.9619433198380567,0.9636216653193209,0.9555921052631579,0.9758842443729904
0.97165991902834,0.9511184755592378,0.9403862300587741,0.9361344537815126,0.9766317485898469,0.9766317485898469,0.9782783588093322,0.9537190082644628,0.9519867549668874,0.9435215946843853,0.9766317485898469,0.9741935483870968,0.9766693483507642,0.9614438063986874,0.9790996784565916
0.9627831715210357,0.9420529801324503,0.9417637271214643,0.9267059814658803,0.9669621273166801,0.9677938808373591,0.9694533762057878,0.9490131578947368,0.9379652605459057,0.9387417218543046,0.9677938808373591,0.9565217391304348,0.9630225080385852,0.9524590163934427,0.9694533762057878
0.9756493506493507,0.9395973154362416,0.9432387312186978,0.9343434343434344,0.9814366424535916,0.9838969404186796,0.9806138933764136,0.9535655058043118,0.9467554076539102,0.9458784346378019,0.9838969404186796,0.9781729991915926,0.9806451612903225,0.962171052631579,0.9855305466237942
0.973322554567502,0.9381270903010034,0.9430485762144054,0.9269949066213922,0.9758064516129032,0.9766317485898469,0.9758064516129032,0.9554455445544554,0.9419568822553898,0.947107438016529,0.9766317485898469,0.9685230024213075,0.9685737308622079,0.9631449631449631,0.9790996784565916
0.9741100323624595,0.9495450785773366,0.9443059019118869,0.9255499153976311,0.9774193548387097,0.9782433521353747,0.9782433521353747,0.9588815789473685,0.9522240527182867,0.9464138499587799,0.9782433521353747,0.9701853344077357,0.9734085414987913,0.9622950819672131,0.9807073954983923
0.9732360097323601,0.9455155071248952,0.9435551811288964,0.9357021996615905,0.9782082324455206,0.9798549556809025,0.9814963797264682,0.9551495016611296,0.9474562135112594,0.9439330543933054,0.9798549556809025,0.9709677419354839,0.977491961414791,0.9577464788732394,0.9823151125401929
0.9732793522267207,0.946843853820598,0.9316455696202531,0.9179487179487179,0.976594027441485,0.9774193548387097,0.9774193548387097,0.9545829892650702,0.9418604651162791,0.9365609348914858,0.9774193548387097,0.9693053311793215,0.9717969379532635,0.9580246913580247,0.9807073954983923
0.9683184402924452,0.9459684123025769,0.9477178423236514,0.9291736930860034,0.9724919093851133,0.9741518578352181,0.9749798224374495,0.9537953795379538,0.9428334714167357,0.9419568822553898,0.9741518578352181,0.9644012944983819,0.9693548387096774,0.9555189456342669,0.9790996784565916
0.9625407166123778,0.9363484087102177,0.9350210970464135,0.9316455696202531,0.9709208400646203,0.9734085414987913,0.9734085414987913,0.9424520433694745,0.9355648535564853,0.9354568315171836,0.9734085414987913,0.9652945924132365,0.9726247987117552,0.9529314616019818,0.9758842443729904
0.9732793522267207,0.9512799339388934,0.9477178423236514,0.926458157227388,0.976594027441485,0.9790660225442834,0.9782433521353747,0.9563786008230453,0.9513602638087386,0.9505766062602965,0.9790660225442834,0.9758064516129032,0.9782783588093322,0.965742251223491,0.9807073954983923
0.9838449111470113,0.9515859766277128,0.946218487394958,0.9429530201342282,0.9863013698630136,0.9879324215607401,0.9879324215607401,0.9619834710743802,0.9544324772162386,0.9509559434746467,0.9879324215607401,0.9774557165861514,0.9831053901850362,0.9679539852095317,0.9887459807073955
0.9805194805194806,0.955,0.9515050167224081,0.9363867684478372,0.9854604200323102,0.9879129734085415,0.9862792574656981,0.966199505358615,0.9509559434746467,0.9484193011647255,0.9879129734085415,0.9717057396928052,0.9822866344605475,0.9704433497536946,0.9903536977491961
0.970873786407767,0.9513602638087386,0.9425478767693589,0.9346733668341709,0.9741935483870968,0.9741935483870968,0.9758454106280193,0.9607201309328969,0.9515996718621821,0.944078947368421,0.9741935483870968,0.9693548387096774,0.9677938808373591,0.963265306122449,0.977491961414791
0.9732793522267207,0.9342327150084317,0.9341216216216216,0.9187339606501284,0.9782433521353747,0.9790660225442834,0.976594027441485,0.9509559434746467,0.9467554076539102,0.9371332774518022,0.9790660225442834,0.9709208400646203,0.9741935483870968,0.9535655058043118,0.9807073954983923
0.9683184402924452,0.9520661157024793,0.9456975772765246,0.9351305812973884,0.9766317485898469,0.9782783588093322,0.9774557165861514,0.9537190082644628,0.951440329218107,0.946843853820598,0.9782783588093322,0.964573268921095,0.9742351046698873,0.9614438063986874,0.9790996784565916
0.9691558441558441,0.9439330543933054,0.9412751677852349,0.9377104377104377,0.9749798224374495,0.9774557165861514,0.9774557165861514,0.9570247933884297,0.9519867549668874,0.9495450785773366,0.9774557165861514,0.9701853344077357,0.9742351046698873,0.9647251845775225,0.9790996784565916
0.9650690495532088,0.9511993382961125,0.9422594142259414,0.9387069689336692,0.9717514124293786,0.9742351046698873,0.9750603378921963,0.9546578730420445,0.9461474730737366,0.9434276206322796,0.9742351046698873,0.9669621273166801,0.9710610932475884,0.9606557377049181,0.9758842443729904
0.9635036496350365,0.9416666666666667,0.9447236180904522,0.9222886421861657,0.9685230024213075,0.9710144927536232,0.9693548387096774,0.9527754763877382,0.9392173189009159,0.9435215946843853,0.9710144927536232,0.9629032258064516,0.9685737308622079,0.9588138385502472,0.9726688102893891
0.9772727272727273,0.9550748752079867,0.9530988274706867,0.9398814563928873,0.9838709677419355,0.9855072463768116,0.984689766317486,0.9653465346534653,0.9595375722543352,0.9484193011647255,0.9855072463768116,0.9814665592264303,0.9790660225442834,0.9721311475409836,0.9871382636655949
0.9741518578352181,0.9484193011647255,0.9393939393939394,0.9351305812973884,0.9766317485898469,0.9782783588093322,0.9782783588093322,0.9570247933884297,0.942643391521197,0.945,0.9782783588093322,0.9694041867954911,0.9750603378921963,0.9638752052545156,0.9790996784565916
0.975609756097561,0.9542048293089093,0.9495798319327731,0.9435551811288964,0.9830508474576272,0.9838709677419355,0.984689766317486,0.9636963696369637,0.9586092715231788,0.9551495016611296,0.9838709677419355,0.9798224374495561,0.9838969404186796,0.9688013136288999,0.9871382636655949
0.9732793522267207,0.9467554076539102,0.9412751677852349,0.9377104377104377,0.975767366720517,0.976594027441485,0.9798873692679002,0.9544324772162386,0.942643391521197,0.946843853820598,0.976594027441485,0.9693053311793215,0.9782783588093322,0.9596042868920033,0.9807073954983923
0.9723577235772358,0.9523809523809523,0.9471919530595139,0.937394247038917,0.9806451612903225,0.9831053901850362,0.9814665592264303,0.9670510708401977,0.9550748752079867,0.9594034797017399,0.9831053901850362,0.9709677419354839,0.9814963797264682,0.9704433497536946,0.9839228295819936
0.9699918896999189,0.9470198675496688,0.936026936026936,0.9362416107382551,0.9766317485898469,0.9766317485898469,0.9782783588093322,0.9607201309328969,0.9565217391304348,0.9506578947368421,0.9766317485898469,0.9750201450443191,0.9734513274336283,0.9615699100572364,0.9790996784565916
0.9699431356620634,0.9415692821368948,0.9393939393939394,0.9243840271877655,0.975767366720517,0.9774193548387097,0.9774193548387097,0.9537190082644628,0.9410788381742738,0.939115929941618,0.9774193548387097,0.9644588045234249,0.9734085414987913,0.9605911330049262,0.9807073954983923
0.9732793522267207,0.9476309226932669,0.9312977099236641,0.9332206255283179,0.976594027441485,0.9798873692679002,0.9782433521353747,0.9535655058043118,0.9470198675496688,0.9407839866555463,0.9798873692679002,0.9693548387096774,0.9766693483507642,0.9570247933884297,0.9807073954983923
0.9594155844155844,0.9341117597998332,0.9260504201680673,0.9151103565365025,0.9627831715210357,0.9669621273166801,0.9652945924132365,0.9471947194719472,0.9282136894824707,0.9276807980049875,0.9669621273166801,0.9596122778675282,0.9629629629629629,0.9540983606557377,0.9694533762057878
0.9797898140662894,0.956089478044739,0.9531772575250836,0.9418702611625948,0.9847144006436042,0.9855305466237942,0.9838969404186796,0.9705400981996727,0.9555189456342669,0.9563786008230453,0.9855305466237942,0.9758454106280193,0.9798873692679002,0.9705400981996727,0.9855305466237942
0.9757281553398058,0.9492089925062448,0.9456975772765246,0.9314140558848434,0.9806763285024155,0.9814963797264682,0.9806763285024155,0.9578163771712159,0.9450915141430949,0.9504132231404959,0.9814963797264682,0.9677938808373591,0.9774557165861514,0.9612530915086562,0.9823151125401929
0.9709677419354839,0.942643391521197,0.9367088607594937,0.9241261722080136,0.9742765273311897,0.9742765273311897,0.9742765273311897,0.9597370583401807,0.9418604651162791,0.9494614747307374,0.9742765273311897,0.9726688102893891,0.9742765273311897,0.9580246913580247,0.9742765273311897
0.9659090909090909,0.9406850459482038,0.9448160535117057,0.9279050042408821,0.9717514124293786,0.9742351046698873,0.9742351046698873,0.9484193011647255,0.945273631840796,0.9365609348914858,0.9742351046698873,0.9661290322580646,0.9758842443729904,0.9570957095709571,0.9758842443729904
0.9644012944983819,0.946058091286307,0.9434276206322796,0.935672514619883,0.9702333065164923,0.9710610932475884,0.9710610932475884,0.9564502875924404,0.9488448844884488,0.9447650453421269,0.9710610932475884,0.9646302250803859,0.9662379421221865,0.9624183006535948,0.9710610932475884
0.9660194174757282,0.9410788381742738,0.9373433583959899,0.9306599832915622,0.9685230024213075,0.9710144927536232,0.9718423169750603,0.9488448844884488,0.9422442244224423,0.9355371900826446,0.9710144927536232,0.9637389202256245,0.9694533762057878,0.9548810500410172,0.9726688102893891
0.9716139497161395,0.9423558897243107,0.9402859545836838,0.9358108108108109,0.975767366720517,0.9782433521353747,0.976594027441485,0.9536423841059603,0.9477178423236514,0.9502487562189055,0.9782433521353747,0.9636216653193209,0.9750201450443191,0.961380443714051,0.9807073954983923
0.9765561843168957,0.9552980132450332,0.9474562135112594,0.9359190556492412,0.9790322580645161,0.9814963797264682,0.9782082324455206,0.9630238290879212,0.9495450785773366,0.9519071310116086,0.9814963797264682,0.966908797417272,0.9774557165861514,0.9655737704918033,0.9823151125401929
0.9675850891410048,0.9407839866555463,0.9350210970464135,0.9271186440677966,0.9700889248181084,0.9709208400646203,0.9725806451612903,0.9495450785773366,0.9419568822553898,0.9408825978351374,0.9709208400646203,0.9587712206952304,0.9693548387096774,0.9538714991762768,0.9758842443729904
0.9699918896999189,0.9450915141430949,0.9467554076539102,0.9389121338912134,0.9749798224374495,0.9782783588093322,0.9766317485898469,0.961380443714051,0.9478908188585607,0.9505766062602965,0.9782783588093322,0.9693548387096774,0.9734513274336283,0.963084495488105,0.9790996784565916
0.9553933495539335,0.9378624689312345,0.9297658862876255,0.9217830109335576,0.9621273166800967,0.9646302250803859,0.9629629629629629,0.9448559670781893,0.93476465730801,0.9370860927152318,0.9646302250803859,0.9516908212560387,0.9630225080385852,0.9474548440065681,0.9646302250803859
0.9618196588139724,0.9385382059800664,0.9335576114381834,0.9290540540540541,0.9685230024213075,0.9710144927536232,0.9685230024213075,0.946236559139785,0.9405940594059405,0.93,0.9710144927536232,0.9572235673930589,0.9605157131345688,0.9497114591920858,0.9726688102893891
0.9692556634304207,0.9364548494983278,0.9394957983193277,0.9235993208828522,0.9750603378921963,0.9758842443729904,0.9758842443729904,0.9513602638087386,0.9336650082918739,0.9335548172757475,0.9758842443729904,0.954983922829582,0.9646302250803859,0.9556650246305419,0.9758842443729904
0.9651821862348178,0.9463253509496284,0.9422594142259414,0.9354568315171836,0.9693548387096774,0.9710144927536232,0.9726688102893891,0.9521452145214522,0.94467382328654,0.94467382328654,0.9710144927536232,0.9677938808373591,0.9726688102893891,0.9615699100572364,0.9726688102893891
0.970137207425343,0.928511354079058,0.9256756756756757,0.9166666666666666,0.9717969379532635,0.9742765273311897,0.9709677419354839,0.9442131557035803,0.935672514619883,0.9269521410579346,0.9742765273311897,0.9661290322580646,0.9694041867954911,0.9503311258278145,0.9742765273311897
0.9781376518218623,0.9534109816971714,0.943744752308984,0.9276595744680851,0.9830781627719581,0.9838969404186796,0.9822580645161291,0.9594706368899917,0.9510373443983402,0.9449081803005008,0.9838969404186796,0.9725806451612903,0.9798549556809025,0.9654605263157895,0.9855305466237942
0.975767366720517,0.9405857740585774,0.9343434343434344,0.9316455696202531,0.976594027441485,0.9782433521353747,0.975767366720517,0.9519867549668874,0.9443059019118869,0.9433333333333334,0.9782433521353747,0.9611650485436893,0.9749798224374495,0.9580246913580247,0.9807073954983923
0.9660743134087237,0.9306599832915622,0.931438127090301,0.9206081081081081,0.9702333065164923,0.9702333065164923,0.9702333065164923,0.9490968801313628,0.9380677126341866,0.9370860927152318,0.9702333065164923,0.9629629629629629,0.9670152855993563,0.9490968801313628,0.9710610932475884
0.9700889248181084,0.9427385892116182,0.9326599326599326,0.9156010230179028,0.9734085414987913,0.9750603378921963,0.9742351046698873,0.9470198675496688,0.9377593360995851,0.935672514619883,0.9750603378921963,0.966183574879227,0.9718423169750603,0.9548069022185702,0.9758842443729904
0.9748987854251012,0.9458784346378019,0.9342327150084317,0.9307432432432432,0.9806763285024155,0.9823151125401929,0.9823151125401929,0.9510373443983402,0.9433333333333334,0.9448160535117057,0.9823151125401929,0.9758842443729904,0.9823151125401929,0.9570957095709571,0.9823151125401929
0.96826688364524,0.9432387312186978,0.9386038687973086,0.926208651399491,0.9741100323624595,0.975767366720517,0.9749393694421988,0.9580246913580247,0.9451827242524917,0.9429280397022333,0.975767366720517,0.9700404858299595,0.970137207425343,0.9597370583401807,0.9807073954983923
0.9715678310316815,0.9414715719063546,0.934010152284264,0.9221556886227545,0.9757281553398058,0.9773828756058158,0.9806763285024155,0.9552238805970149,0.9459684123025769,0.9365609348914858,0.9773828756058158,0.9700889248181084,0.9790660225442834,0.956953642384106,0.9823151125401929
0.9748580697485807,0.9442131557035803,0.945424013434089,0.9322033898305084,0.9798224374495561,0.9814665592264303,0.9798224374495561,0.9570247933884297,0.9512799339388934,0.9450915141430949,0.9814665592264303,0.9749798224374495,0.9774193548387097,0.9604612850082372,0.9839228295819936
0.9773462783171522,0.9459684123025769,0.9456066945606695,0.9323181049069373,0.9822866344605475,0.9822866344605475,0.9814665592264303,0.9570247933884297,0.9443983402489626,0.9486754966887417,0.9822866344605475,0.9741935483870968,0.9798549556809025,0.9613168724279836,0.9839228295819936
0.9789303079416531,0.9472803347280335,0.9463986599664992,0.9446308724832215,0.9838709677419355,0.984689766317486,0.9830508474576272,0.9637561779242174,0.9509559434746467,0.9561621174524401,0.984689766317486,0.9709208400646203,0.9806451612903225,0.9654605263157895,0.9871382636655949
0.9668552950687146,0.9382303839732888,0.9345637583892618,0.9209855564995751,0.9693548387096774,0.9701853344077357,0.9685230024213075,0.9478908188585607,0.9367720465890182,0.9427385892116182,0.9701853344077357,0.9587712206952304,0.966908797417272,0.9513602638087386,0.9726688102893891
0.9553208773354996,0.9347826086956522,0.9307432432432432,0.9238578680203046,0.9620661824051655,0.9637389202256245,0.9637389202256245,0.946236559139785,0.9365609348914858,0.9402985074626866,0.9637389202256245,0.9580645161290322,0.9629629629629629,0.951440329218107,0.9662379421221865
0.9805194805194806,0.9559434746467166,0.9523809523809523,0.9292412617220801,0.9879129734085415,0.9895414320193081,0.9887278582930756,0.9671052631578947,0.9502487562189055,0.9494614747307374,0.9895414320193081,0.9782433521353747,0.9847144006436042,0.9738562091503268,0.9903536977491961
0.9627228525121556,0.9437086092715232,0.942643391521197,0.9321039396479464,0.967741935483871,0.9702333065164923,0.9685737308622079,0.9506578947368421,0.9447650453421269,0.9360995850622407,0.9702333065164923,0.9629032258064516,0.964573268921095,0.954954954954955,0.9710610932475884
0.9723577235772358,0.9568106312292359,0.9463087248322147,0.9382924767540152,0.9789983844911146,0.9814665592264303,0.9789983844911146,0.9602649006622517,0.956089478044739,0.9432387312186978,0.9814665592264303,0.9709208400646203,0.9717514124293786,0.9636963696369637,0.9839228295819936
0.9683698296836983,0.9503311258278145,0.9377104377104377,0.9316455696202531,0.9758454106280193,0.9758454106280193,0.9750201450443191,0.957166392092257,0.9513602638087386,0.9418604651162791,0.9758454106280193,0.9685737308622079,0.9717969379532635,0.9597370583401807,0.977491961414791
0.9692556634304207,0.940980881130507,0.9258010118043845,0.9203389830508475,0.9709208400646203,0.9725806451612903,0.9717514124293786,0.9451827242524917,0.9402985074626866,0.9229480737018425,0.9725806451612903,0.9587712206952304,0.967741935483871,0.9538714991762768,0.9758842443729904
0.9716139497161395,0.9501661129568106,0.9420654911838791,0.9259574468085107,0.975767366720517,0.9782433521353747,0.9749393694421988,0.9588138385502472,0.946236559139785,0.942643391521197,0.9782433521353747,0.9627831715210357,0.9717514124293786,0.963084495488105,0.9807073954983923
0.9740680713128039,0.9414715719063546,0.9385004212299916,0.9276595744680851,0.9790322580645161,0.9814963797264682,0.9798549556809025,0.9526184538653366,0.9390142021720969,0.9415692821368948,0.9814963797264682,0.9750201450443191,0.9790660225442834,0.9621087314662273,0.9823151125401929
0.9651257096512571,0.9437086092715232,0.928390901432182,0.9230769230769231,0.9693053311793215,0.9717969379532635,0.9742765273311897,0.9443983402489626,0.9387417218543046,0.932443703085905,0.9717969379532635,0.9637389202256245,0.9710610932475884,0.9504950495049505,0.9742765273311897
0.9732360097323601,0.9467554076539102,0.9359190556492412,0.9269949066213922,0.9790322580645161,0.9806763285024155,0.9798549556809025,0.9562345169281585,0.9529314616019818,0.9444904722452361,0.9806763285024155,0.9750201450443191,0.9774557165861514,0.9605263157894737,0.9823151125401929
0.9723577235772358,0.9545829892650702,0.9474562135112594,0.9439330543933054,0.9806451612903225,0.9839228295819936,0.9831053901850362,0.9579554822753503,0.9495450785773366,0.9530090684253916,0.9839228295819936,0.9766693483507642,0.9839228295819936,0.9673202614379085,0.9839228295819936
0.9717514124293786,0.940980881130507,0.9289340101522843,0.9217687074829932,0.9750603378921963,0.9758842443729904,0.9734085414987913,0.9502487562189055,0.9360995850622407,0.9351081530782029,0.9758842443729904,0.9621273166800967,0.9694041867954911,0.9554455445544554,0.9758842443729904
0.9773462783171522,0.9613168724279836,0.9492089925062448,0.942162615255658,0.9822866344605475,0.9831053901850362,0.9814665592264303,0.9664209664209664,0.9597370583401807,0.9512799339388934,0.9831053901850362,0.9782433521353747,0.9798549556809025,0.9706362153344209,0.9839228295819936
0.9717514124293786,0.939799331103679,0.9446308724832215,0.9306260575296108,0.9750603378921963,0.9750603378921963,0.9734085414987913,0.9501661129568106,0.9382303839732888,0.9451827242524917,0.9750603378921963,0.964516129032258,0.9717969379532635,0.9553719008264463,0.9758842443729904
0.9722675367047309,0.9447236180904522,0.9375,0.9293617021276596,0.979757085020243,0.9830508474576272,0.9830508474576272,0.9558701082431307,0.9440267335004177,0.9406850459482038,0.9830508474576272,0.9773462783171522,0.9774193548387097,0.9593360995850623,0.9871382636655949
0.9707792207792207,0.9500831946755408,0.9444444444444444,0.9336734693877551,0.9774193548387097,0.9798873692679002,0.9782433521353747,0.9629018961253092,0.9519867549668874,0.9570247933884297,0.9798873692679002,0.9717969379532635,0.9782783588093322,0.9663105998356615,0.9807073954983923
0.9627228525121556,0.935672514619883,0.9267059814658803,0.9185059422750425,0.9685737308622079,0.9685737308622079,0.9694041867954911,0.9427385892116182,0.9392173189009159,0.9363484087102177,0.9685737308622079,0.9652945924132365,0.9694041867954911,0.947107438016529,0.9710610932475884
0.9748987854251012,0.9526970954356846,0.9476309226932669,0.9380234505862647,0.9798549556809025,0.9806763285024155,0.9814963797264682,0.9604612850082372,0.9527754763877382,0.9561621174524401,0.9806763285024155,0.9790660225442834,0.9814963797264682,0.9655737704918033,0.9823151125401929
0.9813765182186235,0.9491242702251876,0.9438390611902766,0.9367088607594937,0.9846650524616626,0.9871175523349437,0.9846650524616626,0.9629018961253092,0.9535655058043118,0.9527754763877382,0.9871175523349437,0.9789983844911146,0.9855072463768116,0.9654605263157895,0.9887459807073955
0.9651257096512571,0.942643391521197,0.9416666666666667,0.9292929292929293,0.9709677419354839,0.9726247987117552,0.9717969379532635,0.9538714991762768,0.9496284062758051,0.9418604651162791,0.9726247987117552,0.9685230024213075,0.9710144927536232,0.9598689598689598,0.9742765273311897
0.9667477696674777,0.9347826086956522,0.9308600337268128,0.9204737732656514,0.9742351046698873,0.9750603378921963,0.9742351046698873,0.947804473902237,0.9374478732276897,0.9375520399666945,0.9750603378921963,0.9710144927536232,0.9734513274336283,0.9486754966887417,0.9758842443729904
0.9741518578352181,0.9477178423236514,0.9395973154362416,0.9404861693210393,0.9782783588093322,0.9790996784565916,0.9774557165861514,0.9580246913580247,0.9488448844884488,0.9497114591920858,0.9790996784565916,0.9710144927536232,0.9774557165861514,0.9622950819672131,0.9790996784565916
0.9657980456026058,0.9495450785773366,0.9477178423236514,0.9318755256518082,0.9749798224374495,0.9758064516129032,0.9749798224374495,0.9572368421052632,0.943801652892562,0.9454545454545454,0.9758064516129032,0.9676898222940227,0.9741935483870968,0.9580936729663106,0.9790996784565916
0.9635036496350365,0.9297658862876255,0.931323283082077,0.9206081081081081,0.9701853344077357,0.9718423169750603,0.9660194174757282,0.9428334714167357,0.9335548172757475,0.9351081530782029,0.9718423169750603,0.9546925566343042,0.9676898222940227,0.9489291598023064,0.9726688102893891
0.975767366720517,0.9562345169281585,0.9509559434746467,0.9404861693210393,0.9790660225442834,0.9798873692679002,0.9798873692679002,0.9664758789860998,0.9572368421052632,0.9581624282198523,0.9798873692679002,0.9758454106280193,0.977491961414791,0.9706840390879479,0.9807073954983923
0.9700889248181084,0.9408825978351374,0.9392173189009159,0.9230769230769231,0.9734085414987913,0.9750603378921963,0.9717514124293786,0.9504132231404959,0.945364238410596,0.9393183707398172,0.9750603378921963,0.966908797417272,0.9709677419354839,0.9573070607553367,0.9758842443729904
0.9683184402924452,0.9422594142259414,0.9375,0.9250425894378195,0.9749798224374495,0.9758064516129032,0.9782783588093322,0.9483333333333334,0.9364548494983278,0.9390142021720969,0.9758064516129032,0.9661290322580646,0.9750603378921963,0.9587458745874587,0.9790996784565916
0.9643435980551054,0.9377593360995851,0.9345637583892618,0.9282700421940928,0.9701853344077357,0.9710144927536232,0.9718423169750603,0.946236559139785,0.9372937293729373,0.932443703085905,0.9710144927536232,0.9605157131345688,0.9686242960579243,0.9531635168447001,0.9726688102893891
0.9822294022617124,0.9473684210526315,0.9540517961570593,0.937394247038917,0.9871382636655949,0.9871382636655949,0.9863234111021721,0.9619834710743802,0.9457881567973311,0.9492934330839568,0.9871382636655949,0.9782783588093322,0.9831053901850362,0.9688013136288999,0.9871382636655949
0.9659090909090909,0.9380234505862647,0.9405857740585774,0.9209855564995751,0.9700889248181084,0.9750603378921963,0.9717514124293786,0.9477178423236514,0.9433333333333334,0.946843853820598,0.9750603378921963,0.9717514124293786,0.9742351046698873,0.9572368421052632,0.9758842443729904
0.9724473257698542,0.9443059019118869,0.9346733668341709,0.9294117647058824,0.9790660225442834,0.9807073954983923,0.9798873692679002,0.9572368421052632,0.9513602638087386,0.9479768786127167,0.9807073954983923,0.9750603378921963,0.9790996784565916,0.9606557377049181,0.9807073954983923
0.9740680713128039,0.9491242702251876,0.9439330543933054,0.9296013570822731,0.9782082324455206,0.9806763285024155,0.9790322580645161,0.9603960396039604,0.9492934330839568,0.9527754763877382,0.9806763285024155,0.9709208400646203,0.9782783588093322,0.9646672144617913,0.9823151125401929
0.9636216653193209,0.947804473902237,0.9317607413647851,0.9245122985581001,0.9661290322580646,0.9677938808373591,0.9669621273166801,0.9537190082644628,0.947804473902237,0.9410788381742738,0.9677938808373591,0.9653505237711523,0.9653505237711523,0.9580246913580247,0.9694533762057878
0.9690553745928339,0.9486754966887417,0.9428571428571428,0.9277824978759558,0.9782082324455206,0.9790322580645161,0.9798549556809025,0.9570957095709571,0.9496284062758051,0.9375520399666945,0.9790322580645161,0.9725806451612903,0.9750201450443191,0.9622331691297209,0.9823151125401929
0.9709208400646203,0.9425478767693589,0.9372384937238494,0.9318755256518082,0.9734085414987913,0.9758842443729904,0.9742351046698873,0.9573070607553367,0.9547325102880658,0.9522240527182867,0.9758842443729904,0.9710144927536232,0.9742765273311897,0.9590163934426229,0.9758842443729904
0.9780666125101544,0.9577464788732394,0.9516666666666667,0.9455155071248952,0.9846650524616626,0.9871175523349437,0.9879324215607401,0.9628406275805119,0.9579554822753503,0.9451827242524917,0.9871175523349437,0.9782433521353747,0.9823151125401929,0.9696472518457753,0.9887459807073955
0.9619433198380567,0.9413707679603633,0.9322175732217574,0.924114671163575,0.9652945924132365,0.9677938808373591,0.9677938808373591,0.9464138499587799,0.9365210222588624,0.9276807980049875,0.9677938808373591,0.9548387096774194,0.9621882542236525,0.9515996718621821,0.9694533762057878
0.9765182186234818,0.9586776859504132,0.9447236180904522,0.9394957983193277,0.9814665592264303,0.9822866344605475,0.9822866344605475,0.9680589680589681,0.9570957095709571,0.9578860445912469,0.9822866344605475,0.9774193548387097,0.9814963797264682,0.9697465249386754,0.9839228295819936
0.9732360097323601,0.9387069689336692,0.9369217830109335,0.9289340101522843,0.9757281553398058,0.9782082324455206,0.9773828756058158,0.9535655058043118,0.9467554076539102,0.9415692821368948,0.9782082324455206,0.9700404858299595,0.9774193548387097,0.9552980132450332,0.9823151125401929
0.9854368932038835,0.9610604805302403,0.9541284403669725,0.955,0.9878934624697336,0.9895245769540693,0.9903381642512077,0.9695973705834018,0.9612530915086562,0.956089478044739,0.9895245769540693,0.9798549556809025,0.9871175523349437,0.9754901960784313,0.9919614147909968
0.9650690495532088,0.9379194630872483,0.9358108108108109,0.934010152284264,0.9709208400646203,0.9725806451612903,0.9725806451612903,0.9544324772162386,0.9417637271214643,0.9382303839732888,0.9725806451612903,0.962843295638126,0.9685737308622079,0.9587458745874587,0.9758842443729904
0.9683698296836983,0.94,0.9259574468085107,0.9143835616438356,0.9725363489499192,0.9741935483870968,0.9750201450443191,0.9461474730737366,0.9359933499584372,0.9375520399666945,0.9741935483870968,0.9652945924132365,0.9701853344077357,0.9504950495049505,0.977491961414791
0.9716139497161395,0.9425478767693589,0.9406850459482038,0.929957805907173,0.976594027441485,0.9798873692679002,0.975767366720517,0.9537953795379538,0.9427385892116182,0.9580246913580247,0.9798873692679002,0.9676898222940227,0.9774193548387097,0.9615069615069615,0.9807073954983923
0.9765561843168957,0.9467554076539102,0.9474562135112594,0.9422594142259414,0.9814963797264682,0.9823151125401929,0.9806763285024155,0.9587458745874587,0.9487603305785124,0.9495450785773366,0.9823151125401929,0.9710144927536232,0.9774557165861514,0.9647251845775225,0.9823151125401929
0.9772357723577236,0.9427609427609428,0.945424013434089,0.931063829787234,0.9854838709677419,0.9863013698630136,0.9863013698630136,0.9584026622296173,0.9508742714404663,0.9412751677852349,0.9863013698630136,0.9774193548387097,0.9830781627719581,0.9618573797678275,0.9887459807073955
0.9739837398373984,0.9578860445912469,0.9429530201342282,0.9403862300587741,0.9822580645161291,0.9855305466237942,0.9838969404186796,0.956953642384106,0.9536423841059603,0.946843853820598,0.9855305466237942,0.9790660225442834,0.9798873692679002,0.9705882352941176,0.9855305466237942
0.974025974025974,0.9440267335004177,0.9334456613310868,0.9252971137521222,0.9789983844911146,0.9798224374495561,0.9806451612903225,0.9562345169281585,0.940980881130507,0.9392173189009159,0.9798224374495561,0.9644012944983819,0.9725806451612903,0.9588138385502472,0.9839228295819936
0.9659090909090909,0.9346733668341709,0.9305084745762712,0.923469387755102,0.9725806451612903,0.9758842443729904,0.9734085414987913,0.9416666666666667,0.9357798165137615,0.9321039396479464,0.9758842443729904,0.9637389202256245,0.9694041867954911,0.9495450785773366,0.9758842443729904
0.9790322580645161,0.9510373443983402,0.9393939393939394,0.929481733220051,0.9806763285024155,0.9814963797264682,0.9814963797264682,0.9613168724279836,0.945273631840796,0.9470198675496688,0.9814963797264682,0.966183574879227,0.9758842443729904,0.962171052631579,0.9823151125401929
0.9764801297648013,0.9578860445912469,0.9472803347280335,0.9446308724832215,0.9830781627719581,0.9838969404186796,0.9838969404186796,0.9646090534979423,0.9545078577336642,0.9458784346378019,0.9838969404186796,0.9790660225442834,0.9822866344605475,0.9680065627563577,0.9855305466237942
0.9658536585365853,0.935672514619883,0.9439330543933054,0.9414715719063546,0.9766693483507642,0.977491961414791,0.9766693483507642,0.9564502875924404,0.94467382328654,0.9488448844884488,0.977491961414791,0.9718423169750603,0.9742765273311897,0.9607201309328969,0.977491961414791
0.974025974025974,0.9544324772162386,0.9542809642560266,0.9375,0.9806451612903225,0.9822866344605475,0.9831053901850362,0.9638157894736842,0.9570957095709571,0.9526970954356846,0.9822866344605475,0.9782433521353747,0.9823151125401929,0.9680589680589681,0.9839228295819936
0.9635627530364372,0.9359933499584372,0.9303106633081444,0.9166666666666666,0.9694041867954911,0.9710610932475884,0.9702333065164923,0.9471947194719472,0.9320066334991708,0.9370860927152318,0.9710610932475884,0.9589702333065165,0.9662379421221865,0.9532403609515997,0.9710610932475884
0.9602595296025953,0.9368770764119602,0.9366666666666666,0.9250210614995787,0.9677938808373591,0.9686242960579243,0.9686242960579243,0.9464138499587799,0.9413707679603633,0.9385382059800664,0.9686242960579243,0.9629629629629629,0.9678456591639871,0.9533169533169533,0.9694533762057878
0.9714751426242869,0.9378151260504202,0.9390862944162437,0.9218884120171674,0.9781376518218623,0.9830781627719581,0.9814366424535916,0.9560165975103735,0.9331103678929766,0.9416666666666667,0.9830781627719581,0.9717514124293786,0.9782433521353747,0.9611890999174236,0.9855305466237942
0.9830508474576272,0.9456066945606695,0.9361344537815126,0.9325463743676222,0.9855072463768116,0.9855072463768116,0.9863234111021721,0.9534109816971714,0.9483333333333334,0.9404861693210393,0.9855072463768116,0.9782433521353747,0.9831053901850362,0.9586092715231788,0.9871382636655949
0.9667477696674777,0.9435215946843853,0.9351305812973884,0.9108061749571184,0.9717514124293786,0.9734085414987913,0.9734085414987913,0.9504950495049505,0.9378624689312345,0.9322175732217574,0.9734085414987913,0.9620661824051655,0.9669621273166801,0.9556650246305419,0.9758842443729904
0.9773095623987034,0.9552238805970149,0.946218487394958,0.9419680403700589,0.9814366424535916,0.9838969404186796,0.9830781627719581,0.9621087314662273,0.9562345169281585,0.9544324772162386,0.9838969404186796,0.9782433521353747,0.9830781627719581,0.9680589680589681,0.9855305466237942
0.9781376518218623,0.9508742714404663,0.9498327759197325,0.9349112426035503,0.9814366424535916,0.9830781627719581,0.9830781627719581,0.9560165975103735,0.9508742714404663,0.9442131557035803,0.9830781627719581,0.9782082324455206,0.9782433521353747,0.9620462046204621,0.9855305466237942
0.9716139497161395,0.9388097233864208,0.934010152284264,0.92399658411614,0.976594027441485,0.9782433521353747,0.9798873692679002,0.9484193011647255,0.9372384937238494,0.9390142021720969,0.9782433521353747,0.9709677419354839,0.9758842443729904,0.9527754763877382,0.9807073954983923
0.9773828756058158,0.9371332774518022,0.93681550126369,0.9178082191780822,0.9806763285024155,0.9814963797264682,0.9806763285024155,0.9554455445544554,0.9390142021720969,0.9441201000834029,0.9814963797264682,0.9701853344077357,0.9814963797264682,0.957166392092257,0.9823151125401929
0.9731925264012997,0.9484193011647255,0.9466666666666667,0.9333333333333333,0.9806451612903225,0.9831053901850362,0.9814665592264303,0.9588138385502472,0.946843853820598,0.9466666666666667,0.9831053901850362,0.9725806451612903,0.9806763285024155,0.9622331691297209,0.9839228295819936
0.9717057396928052,0.9461474730737366,0.9429530201342282,0.9395973154362416,0.9758454106280193,0.9766693483507642,0.9741935483870968,0.9530090684253916,0.951440329218107,0.946058091286307,0.9766693483507642,0.9693548387096774,0.9717969379532635,0.9598689598689598,0.977491961414791
0.9668016194331984,0.9504950495049505,0.9351305812973884,0.934453781512605,0.970137207425343,0.9709677419354839,0.9717969379532635,0.9556650246305419,0.9490131578947368,0.9428334714167357,0.9709677419354839,0.9620661824051655,0.9669621273166801,0.9573770491803278,0.9742765273311897
0.9676898222940227,0.9480626545754328,0.9383333333333334,0.9312080536912751,0.9718423169750603,0.9718423169750603,0.9718423169750603,0.9531635168447001,0.9515201314708299,0.9360995850622407,0.9718423169750603,0.9670152855993563,0.9718423169750603,0.9582992641046607,0.9726688102893891
0.9691558441558441,0.9501661129568106,0.9422594142259414,0.9315300084530854,0.9749798224374495,0.9774557165861514,0.9774557165861514,0.9579554822753503,0.9503311258278145,0.9419568822553898,0.9774557165861514,0.9734085414987913,0.9702333065164923,0.9639344262295082,0.9790996784565916
0.9764801297648013,0.9518272425249169,0.9455155071248952,0.9375,0.9814366424535916,0.9822580645161291,0.9830781627719581,0.9612530915086562,0.9536423841059603,0.9544324772162386,0.9822580645161291,0.9781729991915926,0.9822866344605475,0.9689034369885434,0.9855305466237942
0.9732360097323601,0.9492089925062448,0.9381879762912786,0.9291204099060631,0.9798549556809025,0.9806763285024155,0.9814963797264682,0.9471919530595139,0.9431438127090301,0.9371332774518022,0.9806763285024155,0.9758454106280193,0.9798873692679002,0.9585406301824212,0.9823151125401929
0.9635036496350365,0.9366666666666666,0.927487352445194,0.9212531752751905,0.9710144927536232,0.9718423169750603,0.9718423169750603,0.9454545454545454,0.9359933499584372,0.9395194697597349,0.9718423169750603,0.9629629629629629,0.9654062751407884,0.9515201314708299,0.9726688102893891
0.9797242497972425,0.9578163771712159,0.9490392648287385,0.9402859545836838,0.9854838709677419,0.9871175523349437,0.9871175523349437,0.9654605263157895,0.9603960396039604,0.956953642384106,0.9871175523349437,0.9830781627719581,0.9879324215607401,0.9680065627563577,0.9887459807073955
0.9854132901134521,0.9610604805302403,0.9541284403669725,0.955,0.9886914378029079,0.9927594529364441,0.9903225806451613,0.9728841413311422,0.9578163771712159,0.9654605263157895,0.9927594529364441,0.9830508474576272,0.9911504424778761,0.9770867430441899,0.9935691318327974
0.9717057396928052,0.946236559139785,0.9334456613310868,0.9316455696202531,0.9750201450443191,0.9766693483507642,0.9766693483507642,0.9495450785773366,0.9463253509496284,0.9451827242524917,0.9766693483507642,0.9710144927536232,0.9750603378921963,0.9598689598689598,0.977491961414791
0.9620048504446241,0.9384359400998337,0.9303106633081444,0.9239864864864865,0.966183574879227,0.966183574879227,0.9653505237711523,0.9437086092715232,0.9358867610324729,0.9392173189009159,0.966183574879227,0.9572235673930589,0.9653505237711523,0.9489291598023064,0.9678456591639871
0.9715678310316815,0.9544324772162386,0.9393939393939394,0.9402859545836838,0.9782082324455206,0.9806763285024155,0.9814963797264682,0.9570247933884297,0.9519867549668874,0.9379194630872483,0.9806763285024155,0.9766317485898469,0.9790996784565916,0.962171052631579,0.9823151125401929
0.9772727272727273,0.9483333333333334,0.9457881567973311,0.9297205757832345,0.9805825242718447,0.984689766317486,0.9830508474576272,0.9586092715231788,0.9493775933609958,0.9476309226932669,0.984689766317486,0.973322554567502,0.9822866344605475,0.9680065627563577,0.9871382636655949
0.9700404858299595,0.9469320066334992,0.9425478767693589,0.9321039396479464,0.9725363489499192,0.9741935483870968,0.9741935483870968,0.9555921052631579,0.9496284062758051,0.9488448844884488,0.9741935483870968,0.9685230024213075,0.9750201450443191,0.9590163934426229,0.977491961414791
0.9724025974025974,0.9552238805970149,0.940084388185654,0.9393939393939394,0.9782082324455206,0.9790322580645161,0.9782082324455206,0.9595375722543352,0.9586776859504132,0.9482470784641068,0.9790322580645161,0.970137207425343,0.976594027441485,0.9638157894736842,0.9823151125401929
0.9741100323624595,0.9451827242524917,0.94,0.9276094276094277,0.9798873692679002,0.9807073954983923,0.9807073954983923,0.9555189456342669,0.9496284062758051,0.945364238410596,0.9807073954983923,0.977491961414791,0.9807073954983923,0.9615069615069615,0.9807073954983923
0.9683698296836983,0.9414715719063546,0.9342327150084317,0.9243840271877655,0.9750201450443191,0.9766693483507642,0.9741935483870968,0.9475437135720233,0.9390142021720969,0.9372384937238494,0.9766693483507642,0.9620661824051655,0.9742351046698873,0.9545078577336642,0.977491961414791
0.9707317073170731,0.9388097233864208,0.9359190556492412,0.9260832625318607,0.9782082324455206,0.9806763285024155,0.9773828756058158,0.9553719008264463,0.9450915141430949,0.9337803855825649,0.9806763285024155,0.9709208400646203,0.9750201450443191,0.9588138385502472,0.9823151125401929
0.9724473257698542,0.9370277078085643,0.93681550126369,0.9250425894378195,0.9774193548387097,0.9782433521353747,0.9782433521353747,0.9553719008264463,0.9442131557035803,0.9509559434746467,0.9782433521353747,0.9717514124293786,0.9774557165861514,0.9553719008264463,0.9807073954983923
0.9601301871440195,0.9384359400998337,0.9336691855583543,0.9312080536912751,0.9668552950687146,0.9701853344077357,0.9693548387096774,0.9478908188585607,0.9463253509496284,0.9395194697597349,0.9701853344077357,0.9636803874092009,0.9710144927536232,0.9582309582309583,0.9726688102893891
0.973322554567502,0.9442131557035803,0.9445378151260504,0.9320882852292021,0.9774557165861514,0.9782783588093322,0.9782783588093322,0.9528535980148883,0.9486754966887417,0.9491242702251876,0.9782783588093322,0.9766693483507642,0.9782783588093322,0.9622950819672131,0.9790996784565916
0.9675324675324676,0.946058091286307,0.9390142021720969,0.9291736930860034,0.9717057396928052,0.9741935483870968,0.9750201450443191,0.9555189456342669,0.9436152570480929,0.9463253509496284,0.9741935483870968,0.9660743134087237,0.9726247987117552,0.9572368421052632,0.977491961414791
0.9714751426242869,0.9543568464730291,0.9465776293823038,0.9483333333333334,0.9806138933764136,0.9838969404186796,0.9847144006436042,0.9629629629629629,0.9528535980148883,0.9510373443983402,0.9838969404186796,0.9766317485898469,0.9823151125401929,0.9697465249386754,0.9855305466237942
0.9577235772357724,0.932443703085905,0.9301934398654331,0.9258010118043845,0.9652945924132365,0.9669621273166801,0.9661290322580646,0.9437086092715232,0.9368770764119602,0.9341117597998332,0.9669621273166801,0.9596122778675282,0.966183574879227,0.9463253509496284,0.9694533762057878
0.9741935483870968,0.9545078577336642,0.9534109816971714,0.93681550126369,0.977491961414791,0.977491961414791,0.9766693483507642,0.9681632653061224,0.9513602638087386,0.9572368421052632,0.977491961414791,0.9654062751407884,0.9734513274336283,0.9673202614379085,0.977491961414791
0.9691056910569106,0.9518272425249169,0.9517470881863561,0.9369217830109335,0.975767366720517,0.9782433521353747,0.9790660225442834,0.962171052631579,0.9544324772162386,0.9555189456342669,0.9782433521353747,0.9685230024213075,0.977491961414791,0.9655737704918033,0.9807073954983923
0.9586374695863747,0.9333333333333333,0.9216512215669755,0.9115646258503401,0.9636803874092009,0.9653505237711523,0.9653505237711523,0.9456342668863262,0.930116472545757,0.9302325581395349,0.9653505237711523,0.9539951573849879,0.9621882542236525,0.9508196721311475,0.9678456591639871
0.9814066289409863,0.9602649006622517,0.9481605351170569,0.9383966244725739,0.9855072463768116,0.9871382636655949,0.984689766317486,0.9679539852095317,0.9526184538653366,0.9552238805970149,0.9871382636655949,0.9814665592264303,0.9814963797264682,0.9688013136288999,0.9871382636655949
0.974817221770918,0.9501661129568106,0.93929173693086,0.9323181049069373,0.9814366424535916,0.9838969404186796,0.9814366424535916,0.9535655058043118,0.9494614747307374,0.9442131557035803,0.9838969404186796,0.9749393694421988,0.9798549556809025,0.9647251845775225,0.9855305466237942
0.9764801297648013,0.9508742714404663,0.9364944961896697,0.933786078098472,0.9830781627719581,0.9838969404186796,0.9806138933764136,0.9586776859504132,0.9492934330839568,0.9465776293823038,0.9838969404186796,0.9741518578352181,0.9789983844911146,0.9612530915086562,0.9855305466237942
0.9724919093851133,0.9414715719063546,0.9369217830109335,0.9325463743676222,0.9758064516129032,0.9758064516129032,0.9749798224374495,0.9554455445544554,0.942643391521197,0.946843853820598,0.9758064516129032,0.962843295638126,0.9733656174334141,0.9597370583401807,0.9790996784565916
0.981346309813463,0.9611248966087675,0.9409780775716695,0.9355932203389831,0.98464025869038,0.9879129734085415,0.9862792574656981,0.9636963696369637,0.9545829892650702,0.9449081803005008,0.9879129734085415,0.975767366720517,0.9798549556809025,0.9688013136288999,0.9903536977491961
0.966908797417272,0.9334442595673876,0.934001670843776,0.9224283305227656,0.9694041867954911,0.9702333065164923,0.9702333065164923,0.943801652892562,0.9380677126341866,0.9334442595673876,0.9702333065164923,0.9621882542236525,0.9686242960579243,0.9490131578947368,0.9710610932475884
0.9740680713128039,0.9464882943143813,0.9499165275459098,0.9338983050847458,0.9782082324455206,0.9806763285024155,0.9798549556809025,0.9621087314662273,0.9485049833887044,0.9586776859504132,0.9806763285024155,0.9669621273166801,0.9790660225442834,0.9672131147540983,0.9823151125401929
0.9699918896999189,0.9512799339388934,0.9526970954356846,0.9440267335004177,0.973322554567502,0.9774557165861514,0.9758064516129032,0.9598031173092699,0.9540229885057471,0.9540983606557377,0.9774557165861514,0.9725806451612903,0.9701853344077357,0.965742251223491,0.9790996784565916
0.9709208400646203,0.9444904722452361,0.9372384937238494,0.9228159457167091,0.9734085414987913,0.9750603378921963,0.9734085414987913,0.9486754966887417,0.9394190871369295,0.9377593360995851,0.9750603378921963,0.9701853344077357,0.9718423169750603,0.9547325102880658,0.9758842443729904
0.9724473257698542,0.9511993382961125,0.9440267335004177,0.9370277078085643,0.9774193548387097,0.9798873692679002,0.9798873692679002,0.9606557377049181,0.9530090684253916,0.9546578730420445,0.9798873692679002,0.9774557165861514,0.9790996784565916,0.965742251223491,0.9807073954983923
0.9798224374495561,0.9511184755592378,0.9429530201342282,0.9393939393939394,0.9822866344605475,0.9831053901850362,0.9831053901850362,0.962171052631579,0.9511184755592378,0.9503311258278145,0.9831053901850362,0.9798873692679002,0.9814963797264682,0.9638752052545156,0.9839228295819936
0.9516789516789517,0.9331103678929766,0.9200680272108843,0.9148211243611585,0.9627228525121556,0.9660743134087237,0.9635627530364372,0.9461474730737366,0.9323308270676691,0.9306599832915622,0.9660743134087237,0.9578606158833063,0.9612277867528272,0.9443983402489626,0.9710610932475884
0.979757085020243,0.9474562135112594,0.9430485762144054,0.936026936026936,0.984689766317486,0.9871382636655949,0.9855072463768116,0.9552238805970149,0.9476309226932669,0.9492089925062448,0.9871382636655949,0.9806763285024155,0.9863234111021721,0.9663658736669402,0.9871382636655949
0.9748987854251012,0.961380443714051,0.9525395503746877,0.9386038687973086,0.9814963797264682,0.9814963797264682,0.9823151125401929,0.963084495488105,0.9588138385502472,0.9570247933884297,0.9814963797264682,0.9766693483507642,0.9823151125401929,0.9690048939641109,0.9823151125401929
0.968421052631579,0.9392173189009159,0.9294117647058824,0.9276094276094277,0.9725806451612903,0.9742351046698873,0.9734085414987913,0.9487603305785124,0.94467382328654,0.9342214820982515,0.9742351046698873,0.964516129032258,0.9710144927536232,0.9556650246305419,0.9758842443729904
0.9748987854251012,0.9502487562189055,0.9352396972245585,0.9151670951156813,0.9782082324455206,0.9798549556809025,0.9806763285024155,0.9537190082644628,0.9418604651162791,0.9427385892116182,0.9798549556809025,0.9693548387096774,0.9750603378921963,0.9580246913580247,0.9823151125401929
0.9749393694421988,0.9478908188585607,0.95,0.9402859545836838,0.976594027441485,0.9790660225442834,0.976594027441485,0.9545829892650702,0.9479768786127167,0.9513602638087386,0.9790660225442834,0.9709208400646203,0.9766317485898469,0.9605911330049262,0.9807073954983923
0.9708265802269044,0.9563786008230453,0.9378151260504202,0.9378151260504202,0.9766317485898469,0.9774557165861514,0.9790996784565916,0.9589490968801314,0.9490968801313628,0.9443983402489626,0.9774557165861514,0.966183574879227,0.9726688102893891,0.9648979591836735,0.9790996784565916
0.9649551752241239,0.9282700421940928,0.9366018596787827,0.9150214592274678,0.9708265802269044,0.9766317485898469,0.9724919093851133,0.9405857740585774,0.9300758213984835,0.9328859060402684,0.9766317485898469,0.9668016194331984,0.9758454106280193,0.9519867549668874,0.9790996784565916
0.9781021897810219,0.9577464788732394,0.9455155071248952,0.9303904923599321,0.9830508474576272,0.9838709677419355,0.9830508474576272,0.9620462046204621,0.9561621174524401,0.9500831946755408,0.9838709677419355,0.9692556634304207,0.9806451612903225,0.9637561779242174,0.9871382636655949
0.968421052631579,0.9521452145214522,0.9404861693210393,0.9387069689336692,0.9725806451612903,0.9734085414987913,0.9725806451612903,0.9580936729663106,0.9523026315789473,0.9461474730737366,0.9734085414987913,0.966908797417272,0.9701853344077357,0.9615069615069615,0.9758842443729904
0.9741518578352181,0.9510373443983402,0.9433333333333334,0.9415692821368948,0.9782783588093322,0.9782783588093322,0.9774557165861514,0.9536423841059603,0.9470198675496688,0.9454545454545454,0.9782783588093322,0.9677938808373591,0.9710144927536232,0.9588138385502472,0.9790996784565916
0.959349593495935,0.9360995850622407,0.9305439330543933,0.9215189873417722,0.9660743134087237,0.9685737308622079,0.967741935483871,0.9447650453421269,0.9344398340248963,0.9388429752066115,0.9685737308622079,0.9603880355699272,0.9677938808373591,0.9508196721311475,0.9710610932475884
0.9717057396928052,0.9354568315171836,0.9294117647058824,0.9129692832764505,0.9741935483870968,0.9758454106280193,0.9741935483870968,0.9451827242524917,0.9461474730737366,0.9418604651162791,0.9758454106280193,0.9685230024213075,0.9758454106280193,0.9547325102880658,0.977491961414791
0.9675324675324676,0.94,0.9388097233864208,0.9238578680203046,0.9733656174334141,0.9758454106280193,0.9741935483870968,0.9504132231404959,0.9394190871369295,0.9402985074626866,0.9758454106280193,0.9693548387096774,0.9685737308622079,0.9555921052631579,0.977491961414791
0.9756493506493507,0.9463986599664992,0.9446308724832215,0.9312977099236641,0.9806138933764136,0.9830781627719581,0.9830781627719581,0.9542809642560266,0.9499165275459098,0.9508742714404663,0.9830781627719581,0.976594027441485,0.9822866344605475,0.9629018961253092,0.9855305466237942
0.9789983844911146,0.9543568464730291,0.9420654911838791,0.9402859545836838,0.9822866344605475,0.9831053901850362,0.9831053901850362,0.9586776859504132,0.9528535980148883,0.9511184755592378,0.9831053901850362,0.9726247987117552,0.9798873692679002,0.9638157894736842,0.9839228295819936
0.9668552950687146,0.9386401326699834,0.9398998330550918,0.9276094276094277,0.9710144927536232,0.9710144927536232,0.9710144927536232,0.9480626545754328,0.9405940594059405,0.943801652892562,0.9710144927536232,0.9653505237711523,0.9710144927536232,0.9532403609515997,0.9726688102893891
0.97165991902834,0.9406850459482038,0.9378151260504202,0.9387069689336692,0.9758064516129032,0.9790996784565916,0.9774557165861514,0.9519071310116086,0.9463253509496284,0.9417637271214643,0.9790996784565916,0.966183574879227,0.9742765273311897,0.9605263157894737,0.9790996784565916
0.9603238866396762,0.935672514619883,0.9380234505862647,0.9265822784810127,0.964516129032258,0.9678456591639871,0.964516129032258,0.945364238410596,0.9376558603491272,0.940980881130507,0.9678456591639871,0.9516129032258065,0.9637972646822205,0.9505766062602965,0.9678456591639871
0.9634443541835905,0.9427385892116182,0.9401993355481728,0.9224283305227656,0.9709677419354839,0.9742765273311897,0.9717969379532635,0.9487603305785124,0.9447650453421269,0.9427385892116182,0.9742765273311897,0.9621273166800967,0.9742765273311897,0.9548069022185702,0.9742765273311897
0.9724473257698542,0.9476309226932669,0.9364548494983278,0.927487352445194,0.9782433521353747,0.9798873692679002,0.9782433521353747,0.9554455445544554,0.9469320066334992,0.9455445544554455,0.9798873692679002,0.9750201450443191,0.9758454106280193,0.9639934533551555,0.9807073954983923
0.9741518578352181,0.9458784346378019,0.9379194630872483,0.9308600337268128,0.9774557165861514,0.9782783588093322,0.9774557165861514,0.9563066776586975,0.9537190082644628,0.9502487562189055,0.9782783588093322,0.9758454106280193,0.9774557165861514,0.9605911330049262,0.9790996784565916
0.9707792207792207,0.9519867549668874,0.9388097233864208,0.9334456613310868,0.9749393694421988,0.9774193548387097,0.976594027441485,0.9528535980148883,0.9495450785773366,0.9451827242524917,0.9774193548387097,0.9717057396928052,0.9766317485898469,0.9597370583401807,0.9807073954983923
0.967479674796748,0.939115929941618,0.9298393913778529,0.916095890410959,0.9724919093851133,0.9741518578352181,0.9741518578352181,0.9458784346378019,0.9392173189009159,0.9366666666666666,0.9741518578352181,0.9652384801940178,0.9717514124293786,0.9528535980148883,0.9790996784565916
0.9657980456026058,0.9424520433694745,0.9332206255283179,0.9205807002561913,0.973322554567502,0.9766317485898469,0.9758064516129032,0.945,0.940099833610649,0.9319899244332494,0.9766317485898469,0.9588377723970944,0.9701853344077357,0.9537190082644628,0.9790996784565916
0.9725806451612903,0.9556650246305419,0.9484193011647255,0.9406850459482038,0.9750603378921963,0.9758842443729904,0.9758842443729904,0.963265306122449,0.9600651996740016,0.9515201314708299,0.9758842443729904,0.9678456591639871,0.9726688102893891,0.9657980456026058,0.9758842443729904
0.982995951417004,0.9601990049751243,0.9461279461279462,0.9435551811288964,0.9895414320193081,0.9895414320193081,0.9887278582930756,0.9627174813587407,0.9558701082431307,0.9456066945606695,0.9895414320193081,0.9790660225442834,0.9855072463768116,0.9661436829066887,0.9903536977491961
0.9717514124293786,0.9436152570480929,0.9407839866555463,0.935672514619883,0.9750603378921963,0.9758842443729904,0.9750603378921963,0.9530090684253916,0.9464138499587799,0.943801652892562,0.9758842443729904,0.9686242960579243,0.9718423169750603,0.9573070607553367,0.9758842443729904
0.9756493506493507,0.9585406301824212,0.9418702611625948,0.940084388185654,0.9822580645161291,0.9855305466237942,0.9830781627719581,0.966199505358615,0.9577464788732394,0.9552980132450332,0.9855305466237942,0.9798549556809025,0.9831053901850362,0.9695973705834018,0.9855305466237942
0.9717514124293786,0.9530090684253916,0.9492934330839568,0.9407839866555463,0.9742351046698873,0.9750603378921963,0.9734085414987913,0.9598031173092699,0.9447650453421269,0.9464138499587799,0.9750603378921963,0.9612903225806452,0.9710144927536232,0.9640522875816994,0.9758842443729904
0.9715678310316815,0.9420654911838791,0.9401853411962932,0.9249146757679181,0.9782082324455206,0.9790322580645161,0.9773828756058158,0.9516666666666667,0.9448160535117057,0.9393939393939394,0.9790322580645161,0.9709208400646203,0.9782082324455206,0.9586092715231788,0.9823151125401929
0.9715678310316815,0.9458784346378019,0.9439330543933054,0.9343434343434344,0.9782082324455206,0.9814963797264682,0.9782082324455206,0.9614438063986874,0.9485049833887044,0.9537190082644628,0.9814963797264682,0.976594027441485,0.9798873692679002,0.9614438063986874,0.9823151125401929
0.9821138211382113,0.9627791563275434,0.9531772575250836,0.950544844928751,0.9870550161812298,0.9911361804995971,0.9919484702093397,0.967795210569777,0.9603960396039604,0.9586092715231788,0.9911361804995971,0.9838709677419355,0.9911504424778761,0.9770867430441899,0.9935691318327974
0.9611021069692058,0.940980881130507,0.9430485762144054,0.9252971137521222,0.9661290322580646,0.9661290322580646,0.9677938808373591,0.9496284062758051,0.9388429752066115,0.9418604651162791,0.9661290322580646,0.9580645161290322,0.966183574879227,0.9530864197530864,0.9694533762057878
0.9700889248181084,0.945364238410596,0.9425478767693589,0.9292929292929293,0.9734085414987913,0.9742351046698873,0.9734085414987913,0.9548069022185702,0.9472817133443163,0.9445822994210091,0.9742351046698873,0.9685737308622079,0.9726247987117552,0.9565217391304348,0.9758842443729904
0.970873786407767,0.9437086092715232,0.9371332774518022,0.9336691855583543,0.9733656174334141,0.9750201450443191,0.9733656174334141,0.945273631840796,0.9463253509496284,0.9367720465890182,0.9750201450443191,0.970137207425343,0.9709677419354839,0.9539473684210527,0.977491961414791
0.9789983844911146,0.9535655058043118,0.9411764705882353,0.9464882943143813,0.9806451612903225,0.9814665592264303,0.9806451612903225,0.9595375722543352,0.9511184755592378,0.9476309226932669,0.9814665592264303,0.9741518578352181,0.9782433521353747,0.9646672144617913,0.9839228295819936
0.9692058346839546,0.947804473902237,0.9379194630872483,0.9289340101522843,0.9758454106280193,0.977491961414791,0.9766693483507642,0.9588815789473685,0.9505766062602965,0.9384359400998337,0.977491961414791,0.9702333065164923,0.9742765273311897,0.9631449631449631,0.977491961414791
0.9633848657445078,0.9478908188585607,0.9379194630872483,0.9352396972245585,0.9709208400646203,0.9750603378921963,0.9717514124293786,0.9504132231404959,0.9497114591920858,0.9393183707398172,0.9750603378921963,0.966908797417272,0.9709677419354839,0.9581624282198523,0.9758842443729904
0.9837925445705025,0.9679012345679012,0.9635761589403974,0.9575353871773522,0.9878934624697336,0.9895245769540693,0.9903381642512077,0.96875,0.9654036243822076,0.9611890999174236,0.9895245769540693,0.9862792574656981,0.9871175523349437,0.9788273615635179,0.9919614147909968
0.974817221770918,0.9526184538653366,0.9516666666666667,0.9322033898305084,0.9822580645161291,0.9822580645161291,0.9838969404186796,0.9629629629629629,0.9495450785773366,0.9485903814262023,0.9822580645161291,0.9741935483870968,0.9806763285024155,0.9663658736669402,0.9855305466237942
0.9707317073170731,0.95,0.9446308724832215,0.9320882852292021,0.9773828756058158,0.9790322580645161,0.9790322580645161,0.9611890999174236,0.9467554076539102,0.9473684210526315,0.9790322580645161,0.9725363489499192,0.9766317485898469,0.9688524590163935,0.9823151125401929
0.9764419171405362,0.9587458745874587,0.9539748953974896,0.9445378151260504,0.9830508474576272,0.984689766317486,0.984689766317486,0.9621087314662273,0.9579554822753503,0.9553719008264463,0.984689766317486,0.9798224374495561,0.9855072463768116,0.9689034369885434,0.9871382636655949
0.970873786407767,0.9424520433694745,0.9380234505862647,0.9326599326599326,0.9766693483507642,0.9766693483507642,0.9758454106280193,0.9528535980148883,0.9407839866555463,0.9423558897243107,0.9766693483507642,0.9685737308622079,0.9742351046698873,0.9545829892650702,0.977491961414791
0.9724025974025974,0.956953642384106,0.9499165275459098,0.9449081803005008,0.9790322580645161,0.9823151125401929,0.9814963797264682,0.9621087314662273,0.9629629629629629,0.956953642384106,0.9823151125401929,0.9766693483507642,0.9823151125401929,0.9680589680589681,0.9823151125401929
0.9717057396928052,0.9398998330550918,0.9318755256518082,0.9220338983050848,0.9758454106280193,0.9758454106280193,0.9766693483507642,0.9450915141430949,0.9375520399666945,0.9304274937133278,0.9758454106280193,0.966183574879227,0.9718423169750603,0.9503311258278145,0.977491961414791
0.9724025974025974,0.9387069689336692,0.9290540540540541,0.9162393162393162,0.9782082324455206,0.9790322580645161,0.9798549556809025,0.9422594142259414,0.9353484466834593,0.9353484466834593,0.9790322580645161,0.9652945924132365,0.9766317485898469,0.9510373443983402,0.9823151125401929
0.9666395443449959,0.9433333333333334,0.9335576114381834,0.9335576114381834,0.9724919093851133,0.9758064516129032,0.9749798224374495,0.9529314616019818,0.9461474730737366,0.9444904722452361,0.9758064516129032,0.9668552950687146,0.9726247987117552,0.9589490968801314,0.9790996784565916
0.9741935483870968,0.9434276206322796,0.9273648648648649,0.9200680272108843,0.9766693483507642,0.9766693483507642,0.9750201450443191,0.9494614747307374,0.942643391521197,0.9435215946843853,0.9766693483507642,0.9669621273166801,0.9734085414987913,0.9546578730420445,0.977491961414791
0.9650690495532088,0.942643391521197,0.9375,0.9260832625318607,0.9742351046698873,0.9758842443729904,0.9742351046698873,0.9512799339388934,0.9410788381742738,0.9476309226932669,0.9758842443729904,0.9694041867954911,0.9734513274336283,0.9581624282198523,0.9758842443729904
0.9698942229454841,0.9475437135720233,0.9432387312186978,0.9353484466834593,0.9790322580645161,0.9806763285024155,0.9790322580645161,0.9561621174524401,0.9485049833887044,0.9440267335004177,0.9806763285024155,0.9717514124293786,0.9798549556809025,0.9596042868920033,0.9823151125401929
0.9724919093851133,0.9364548494983278,0.9242553191489362,0.9243840271877655,0.9741518578352181,0.9774557165861514,0.9766317485898469,0.9424520433694745,0.9366666666666666,0.9348914858096828,0.9774557165861514,0.9693548387096774,0.9742351046698873,0.9520661157024793,0.9790996784565916
0.968421052631579,0.9418604651162791,0.9388097233864208,0.9209855564995751,0.9734085414987913,0.9742351046698873,0.9750603378921963,0.9497114591920858,0.9437086092715232,0.9443983402489626,0.9742351046698873,0.9685737308622079,0.9710610932475884,0.9574468085106383,0.9758842443729904
0.9765561843168957,0.9485903814262023,0.9463087248322147,0.9218884120171674,0.9773828756058158,0.9798549556809025,0.9782082324455206,0.9588138385502472,0.9401993355481728,0.9466666666666667,0.9798549556809025,0.9652384801940178,0.9758454106280193,0.9596707818930041,0.9823151125401929
0.9862570735650767,0.9703947368421053,0.96,0.9583333333333334,0.9919614147909968,0.9919614147909968,0.9919614147909968,0.9771241830065359,0.9704918032786886,0.9636963696369637,0.9919614147909968,0.9887459807073955,0.9903536977491961,0.9787928221859706,0.9919614147909968
0.9569455727051178,0.9282136894824707,0.930976430976431,0.911890504704876,0.9636803874092009,0.966183574879227,0.962843295638126,0.9404958677685951,0.9311203319502075,0.9317803660565723,0.966183574879227,0.952303961196443,0.9596774193548387,0.9448559670781893,0.9678456591639871
0.982995951417004,0.9627174813587407,0.9506276150627615,0.9399830938292477,0.9854604200323102,0.9879129734085415,0.9862792574656981,0.9686985172981878,0.9652892561983472,0.9575353871773522,0.9879129734085415,0.9798224374495561,0.9879129734085415,0.9737704918032787,0.9903536977491961
0.96826688364524,0.9430485762144054,0.9366018596787827,0.9357021996615905,0.975767366720517,0.9774193548387097,0.9774193548387097,0.9542809642560266,0.9483333333333334,0.9385004212299916,0.9774193548387097,0.9717514124293786,0.9774193548387097,0.956882255389718,0.9807073954983923
0.9619433198380567,0.9295302013422819,0.9370277078085643,0.9235993208828522,0.9652945924132365,0.9669621273166801,0.9661290322580646,0.942643391521197,0.935,0.9364548494983278,0.9669621273166801,0.9572235673930589,0.9653505237711523,0.9478908188585607,0.9694533762057878
0.9650122050447518,0.9408825978351374,0.9351305812973884,0.9205807002561913,0.970873786407767,0.9750201450443191,0.970873786407767,0.9511993382961125,0.9307756463719766,0.931438127090301,0.9750201450443191,0.9594813614262561,0.967741935483871,0.9546578730420445,0.977491961414791
0.9741100323624595,0.9451827242524917,0.9335576114381834,0.9182282793867121,0.976594027441485,0.9782433521353747,0.9790660225442834,0.9563786008230453,0.9495450785773366,0.9401993355481728,0.9782433521353747,0.9701853344077357,0.9758454106280193,0.9615069615069615,0.9807073954983923
0.9773095623987034,0.9499165275459098,0.9518272425249169,0.9412751677852349,0.9822580645161291,0.9822580645161291,0.9822580645161291,0.9619834710743802,0.9500831946755408,0.9451827242524917,0.9822580645161291,0.9741518578352181,0.9774193548387097,0.9636963696369637,0.9855305466237942
0.9788617886178862,0.956953642384106,0.9463986599664992,0.9331075359864521,0.9862792574656981,0.9870967741935484,0.9879129734085415,0.9653465346534653,0.9536423841059603,0.9496284062758051,0.9870967741935484,0.9830508474576272,0.9822866344605475,0.9679012345679012,0.9903536977491961
0.974817221770918,0.9440267335004177,0.9329940627650551,0.9332206255283179,0.9822580645161291,0.9847144006436042,0.9806138933764136,0.9544324772162386,0.9443059019118869,0.9406850459482038,0.9847144006436042,0.975767366720517,0.9790322580645161,0.9604612850082372,0.9855305466237942
0.9617575264442636,0.9486754966887417,0.9457881567973311,0.9378151260504202,0.970137207425343,0.9717969379532635,0.9709677419354839,0.9529314616019818,0.9454545454545454,0.9428334714167357,0.9717969379532635,0.9596774193548387,0.9701853344077357,0.9555189456342669,0.9742765273311897
0.9568052159739201,0.9365609348914858,0.9407839866555463,0.9248945147679325,0.9660743134087237,0.9685737308622079,0.9694041867954911,0.947107438016529,0.945364238410596,0.9393183707398172,0.9685737308622079,0.964516129032258,0.9686242960579243,0.9548810500410172,0.9710610932475884
0.9609756097560975,0.940099833610649,0.9370277078085643,0.9334456613310868,0.9701853344077357,0.9710144927536232,0.9718423169750603,0.9487603305785124,0.9419568822553898,0.9450915141430949,0.9710144927536232,0.9669621273166801,0.9726688102893891,0.9565217391304348,0.9726688102893891
0.9699918896999189,0.9492089925062448,0.9483333333333334,0.9288135593220339,0.9774557165861514,0.9790996784565916,0.9774557165861514,0.9630238290879212,0.9552980132450332,0.9552980132450332,0.9790996784565916,0.9758454106280193,0.9782783588093322,0.9689542483660131,0.9790996784565916
0.9603238866396762,0.93,0.926829268292683,0.9225589225589226,0.9653505237711523,0.9670152855993563,0.964516129032258,0.9430222956234517,0.9293433083956775,0.9298100743187449,0.9670152855993563,0.9612903225806452,0.961352657004831,0.9473684210526315,0.9678456591639871
0.9636216653193209,0.9444904722452361,0.9337803855825649,0.9239864864864865,0.9686242960579243,0.9686242960579243,0.9677938808373591,0.9531635168447001,0.9430222956234517,0.9386401326699834,0.9686242960579243,0.958904109589041,0.966183574879227,0.9557377049180328,0.9694533762057878
0.9732793522267207,0.9450915141430949,0.9395973154362416,0.929957805907173,0.9782433521353747,0.9782433521353747,0.9782433521353747,0.9537190082644628,0.9469320066334992,0.9470198675496688,0.9782433521353747,0.9741935483870968,0.9782433521353747,0.9605911330049262,0.9807073954983923
0.9560975609756097,0.9269521410579346,0.9195596951735817,0.9058219178082192,0.9611650485436893,0.9611650485436893,0.9620048504446241,0.9323308270676691,0.9280936454849499,0.9155405405405406,0.9611650485436893,0.9521492295214923,0.9571544058205336,0.9376558603491272,0.9678456591639871
0.974025974025974,0.9465776293823038,0.9475437135720233,0.9333333333333333,0.9806451612903225,0.9814665592264303,0.9839228295819936,0.9578860445912469,0.947804473902237,0.947804473902237,0.9814665592264303,0.9701853344077357,0.9790996784565916,0.9638752052545156,0.9839228295819936
0.9709208400646203,0.9494614747307374,0.9395973154362416,0.9406850459482038,0.9742351046698873,0.9758842443729904,0.9742351046698873,0.9598031173092699,0.9503311258278145,0.9443059019118869,0.9758842443729904,0.9710144927536232,0.9734513274336283,0.9640522875816994,0.9758842443729904
0.9765182186234818,0.9597370583401807,0.9482470784641068,0.9413735343383585,0.9831053901850362,0.9831053901850362,0.9831053901850362,0.9689542483660131,0.9598031173092699,0.9540229885057471,0.9831053901850362,0.9758454106280193,0.9798873692679002,0.9714751426242869,0.9839228295819936
0.9724025974025974,0.9396984924623115,0.9464882943143813,0.9324324324324325,0.9757281553398058,0.9790322580645161,0.9765561843168957,0.9578860445912469,0.9433333333333334,0.9445822994210091,0.9790322580645161,0.9724919093851133,0.9725806451612903,0.9604612850082372,0.9823151125401929
0.9724473257698542,0.9580246913580247,0.9438390611902766,0.9412751677852349,0.976594027441485,0.9790660225442834,0.9782433521353747,0.9613168724279836,0.9538714991762768,0.9547325102880658,0.9790660225442834,0.9693548387096774,0.9782783588093322,0.967266775777414,0.9807073954983923
0.9781729991915926,0.9594706368899917,0.9430485762144054,0.9422594142259414,0.9839228295819936,0.9839228295819936,0.9839228295819936,0.9646090534979423,0.9587458745874587,0.956953642384106,0.9839228295819936,0.977491961414791,0.9823151125401929,0.9696969696969697,0.9839228295819936
0.9643435980551054,0.9430222956234517,0.9294117647058824,0.9239864864864865,0.9676898222940227,0.9718423169750603,0.9710144927536232,0.9420529801324503,0.9370860927152318,0.9359933499584372,0.9718423169750603,0.9621273166800967,0.9710610932475884,0.9515996718621821,0.9726688102893891
0.9830508474576272,0.943650126156434,0.945332211942809,0.9318568994889267,0.9830508474576272,0.9855072463768116,0.9838709677419355,0.9628406275805119,0.9508742714404663,0.9491242702251876,0.9855072463768116,0.9798224374495561,0.9806763285024155,0.9679539852095317,0.9871382636655949
0.9708265802269044,0.9431438127090301,0.9359190556492412,0.9286926994906621,0.9766317485898469,0.9766317485898469,0.9782783588093322,0.9535655058043118,0.9493775933609958,0.9442131557035803,0.9766317485898469,0.9701853344077357,0.9750603378921963,0.9587458745874587,0.9790996784565916
0.9732793522267207,0.9414715719063546,0.9352396972245585,0.9271186440677966,0.9774193548387097,0.9782433521353747,0.9782433521353747,0.9545078577336642,0.946843853820598,0.945,0.9782433521353747,0.9717514124293786,0.9782433521353747,0.9570957095709571,0.9807073954983923
0.9748987854251012,0.946843853820598,0.9404861693210393,0.9298393913778529,0.9806763285024155,0.9823151125401929,0.9814963797264682,0.961380443714051,0.9487603305785124,0.9487603305785124,0.9823151125401929,0.9734513274336283,0.977491961414791,0.963084495488105,0.9823151125401929
0.964110929853181,0.9458784346378019,0.9359190556492412,0.9307432432432432,0.973322554567502,0.9758064516129032,0.9749798224374495,0.9476309226932669,0.9365609348914858,0.939799331103679,0.9758064516129032,0.9579967689822294,0.9725806451612903,0.9537190082644628,0.9790996784565916
0.9575163398692811,0.9372384937238494,0.9197952218430034,0.9190110826939472,0.9651257096512571,0.970137207425343,0.9676375404530745,0.9433333333333334,0.9425478767693589,0.9346733668341709,0.970137207425343,0.9627228525121556,0.9676898222940227,0.9494614747307374,0.9742765273311897
0.9782082324455206,0.9520661157024793,0.9457881567973311,0.9361344537815126,0.9814963797264682,0.9823151125401929,0.9790322580645161,0.9570247933884297,0.9469320066334992,0.946236559139785,0.9823151125401929,0.9693548387096774,0.9758064516129032,0.9604612850082372,0.9823151125401929
0.9577235772357724,0.9351081530782029,0.9348914858096828,0.9252728799328296,0.9652945924132365,0.9669621273166801,0.9652945924132365,0.94467382328654,0.9360995850622407,0.9286898839137645,0.9669621273166801,0.9612277867528272,0.9596774193548387,0.9515996718621821,0.9694533762057878
0.9579288025889967,0.9264214046822743,0.9219143576826196,0.9182813816343723,0.9629629629629629,0.9637972646822205,0.9629629629629629,0.9396195202646815,0.930116472545757,0.9302325581395349,0.9637972646822205,0.9597423510466989,0.9605792437650845,0.9431162407254741,0.9646302250803859
0.965964343598055,0.9436152570480929,0.9328859060402684,0.9258010118043845,0.9717969379532635,0.9734513274336283,0.9726247987117552,0.9548810500410172,0.9482333607230896,0.9377593360995851,0.9734513274336283,0.9653505237711523,0.9702333065164923,0.9608482871125612,0.9742765273311897
0.9723127035830619,0.9378151260504202,0.9267461669505963,0.9204448246364414,0.9781376518218623,0.9822580645161291,0.9814366424535916,0.9491242702251876,0.9362416107382551,0.9326599326599326,0.9822580645161291,0.973322554567502,0.9782433521353747,0.9526184538653366,0.9855305466237942
0.9692058346839546,0.9380234505862647,0.9336691855583543,0.9163822525597269,0.9750201450443191,0.9766693483507642,0.9741935483870968,0.9502487562189055,0.9383333333333334,0.9337803855825649,0.9766693483507642,0.9612903225806452,0.9726247987117552,0.957166392092257,0.977491961414791
0.9789644012944984,0.9629018961253092,0.9576763485477179,0.9498327759197325,0.9830781627719581,0.9855305466237942,0.9847144006436042,0.9671592775041051,0.9663658736669402,0.9597370583401807,0.9855305466237942,0.9798873692679002,0.9807073954983923,0.9730612244897959,0.9855305466237942
0.9559543230016313,0.9419568822553898,0.940099833610649,0.9258010118043845,0.9660743134087237,0.9710610932475884,0.967741935483871,0.9497114591920858,0.9445822994210091,0.9377593360995851,0.9710610932475884,0.964516129032258,0.9670152855993563,0.9574468085106383,0.9710610932475884
0.9765561843168957,0.9545078577336642,0.9465776293823038,0.9386038687973086,0.9814963797264682,0.9823151125401929,0.9814963797264682,0.962171052631579,0.9605911330049262,0.947107438016529,0.9823151125401929,0.9782783588093322,0.977491961414791,0.9689542483660131,0.9823151125401929
0.9642857142857143,0.9382303839732888,0.934453781512605,0.9246401354784082,0.970137207425343,0.9709677419354839,0.9726247987117552,0.9521452145214522,0.9401993355481728,0.9434276206322796,0.9709677419354839,0.9636803874092009,0.9734513274336283,0.9538714991762768,0.9742765273311897
0.958570268074736,0.9359933499584372,0.9270746018440905,0.910941475826972,0.9644588045234249,0.9661290322580646,0.9652945924132365,0.9420529801324503,0.9354304635761589,0.930116472545757,0.9661290322580646,0.9587712206952304,0.9637389202256245,0.9472817133443163,0.9694533762057878
0.9643435980551054,0.9370860927152318,0.9321039396479464,0.9269521410579346,0.9685230024213075,0.9710144927536232,0.9693548387096774,0.9464138499587799,0.9398186314921682,0.9405940594059405,0.9710144927536232,0.964516129032258,0.9701853344077357,0.9541734860883797,0.9726688102893891
0.9616951915240424,0.9394190871369295,0.9362416107382551,0.9256756756756757,0.9717514124293786,0.9717514124293786,0.9725806451612903,0.9470198675496688,0.9369817578772802,0.9316666666666666,0.9717514124293786,0.9676898222940227,0.9693548387096774,0.9487603305785124,0.9758842443729904
0.9700404858299595,0.9548069022185702,0.9544324772162386,0.9353484466834593,0.9750201450443191,0.9766693483507642,0.9766693483507642,0.9573770491803278,0.9532403609515997,0.9463253509496284,0.9766693483507642,0.9710144927536232,0.9726688102893891,0.9616326530612245,0.977491961414791
0.9773828756058158,0.9476309226932669,0.9405857740585774,0.9343434343434344,0.9806763285024155,0.9814963797264682,0.9790322580645161,0.9613168724279836,0.9511993382961125,0.9537953795379538,0.9814963797264682,0.9774193548387097,0.9790322580645161,0.9655737704918033,0.9823151125401929
0.97165991902834,0.9484193011647255,0.934801016088061,0.9331075359864521,0.9758064516129032,0.9774557165861514,0.9758064516129032,0.9570957095709571,0.9537953795379538,0.9475437135720233,0.9774557165861514,0.966908797417272,0.9734085414987913,0.9622331691297209,0.9790996784565916
0.9822580645161291,0.942162615255658,0.9281487743026204,0.9245122985581001,0.9830781627719581,0.9847144006436042,0.9838969404186796,0.9526184538653366,0.9431438127090301,0.9423558897243107,0.9847144006436042,0.9790660225442834,0.9806763285024155,0.9578163771712159,0.9855305466237942
0.9708265802269044,0.946843853820598,0.9442567567567568,0.9322033898305084,0.9766317485898469,0.9782783588093322,0.9766317485898469,0.9554455445544554,0.9504132231404959,0.9416666666666667,0.9782783588093322,0.9717969379532635,0.9734513274336283,0.9597370583401807,0.9790996784565916
0.9569455727051178,0.9419568822553898,0.935672514619883,0.9230769230769231,0.962843295638126,0.9636803874092009,0.9653505237711523,0.9497942386831276,0.9403973509933775,0.9392173189009159,0.9636803874092009,0.9588377723970944,0.9621273166800967,0.9523809523809523,0.9678456591639871
0.9741518578352181,0.9433333333333334,0.9424520433694745,0.9318755256518082,0.9774557165861514,0.9782783588093322,0.9766317485898469,0.9529314616019818,0.9469320066334992,0.9368770764119602,0.9782783588093322,0.9693548387096774,0.9726247987117552,0.9606557377049181,0.9790996784565916
0.967479674796748,0.9416666666666667,0.9388097233864208,0.9272419627749577,0.9724919093851133,0.9741518578352181,0.9766317485898469,0.9529314616019818,0.9418604651162791,0.9375520399666945,0.9741518578352181,0.9700889248181084,0.9750201450443191,0.9589490968801314,0.9790996784565916
0.9602595296025953,0.9408825978351374,0.9254237288135593,0.9230769230769231,0.9669621273166801,0.9694533762057878,0.9686242960579243,0.9435215946843853,0.9394190871369295,0.9297658862876255,0.9694533762057878,0.9637972646822205,0.9637972646822205,0.9504950495049505,0.9694533762057878
0.9717514124293786,0.9410788381742738,0.9404861693210393,0.9316455696202531,0.9742351046698873,0.9750603378921963,0.9750603378921963,0.9521452145214522,0.9404958677685951,0.9445822994210091,0.9750603378921963,0.9677938808373591,0.9702333065164923,0.9573070607553367,0.9758842443729904
0.970873786407767,0.942643391521197,0.9298393913778529,0.9272419627749577,0.9750201450443191,0.9766693483507642,0.9766693483507642,0.9546578730420445,0.9428334714167357,0.9443983402489626,0.9766693483507642,0.9677938808373591,0.977491961414791,0.9589490968801314,0.977491961414791
0.979757085020243,0.9500831946755408,0.9533333333333334,0.9427609427609428,0.9838709677419355,0.9855072463768116,0.984689766317486,0.9611890999174236,0.9527754763877382,0.9519071310116086,0.9855072463768116,0.9758064516129032,0.9847144006436042,0.9680065627563577,0.9871382636655949
0.964110929853181,0.945,0.9393939393939394,0.9314140558848434,0.97165991902834,0.9766317485898469,0.9724919093851133,0.9492934330839568,0.9485049833887044,0.9492089925062448,0.9766317485898469,0.9676375404530745,0.9733656174334141,0.9553719008264463,0.9790996784565916
0.9731925264012997,0.9424520433694745,0.9431438127090301,0.9298393913778529,0.9798224374495561,0.9822866344605475,0.9781729991915926,0.9570957095709571,0.9504132231404959,0.9479768786127167,0.9822866344605475,0.9748987854251012,0.9790322580645161,0.9656301145662848,0.9839228295819936
0.9741935483870968,0.9436152570480929,0.9424520433694745,0.9273648648648649,0.977491961414791,0.977491961414791,0.9758454106280193,0.9556650246305419,0.9387417218543046,0.9457236842105263,0.977491961414791,0.966183574879227,0.9710144927536232,0.9607843137254902,0.977491961414791
0.9813765182186235,0.9533333333333334,0.9419680403700589,0.934010152284264,0.9863013698630136,0.9871175523349437,0.9871175523349437,0.9688013136288999,0.9578163771712159,0.9484193011647255,0.9871175523349437,0.9806451612903225,0.9814963797264682,0.9738562091503268,0.9887459807073955
0.9757281553398058,0.9602649006622517,0.9470142977291842,0.9382924767540152,0.9790322580645161,0.9806763285024155,0.9814963797264682,0.9619834710743802,0.9552980132450332,0.9493775933609958,0.9806763285024155,0.9701853344077357,0.9807073954983923,0.9679539852095317,0.9823151125401929
0.9544715447154472,0.9411764705882353,0.940099833610649,0.9295302013422819,0.9620661824051655,0.964573268921095,0.9637389202256245,0.9472817133443163,0.9377593360995851,0.9489291598023064,0.964573268921095,0.9572925060435133,0.9637389202256245,0.9541734860883797,0.9662379421221865
0.9692058346839546,0.9511184755592378,0.9314140558848434,0.9342327150084317,0.9725363489499192,0.9758454106280193,0.9758454106280193,0.9519867549668874,0.9410788381742738,0.9374478732276897,0.9758454106280193,0.9637389202256245,0.9702333065164923,0.957166392092257,0.977491961414791
0.9660194174757282,0.9428334714167357,0.9290540540540541,0.9255499153976311,0.9693548387096774,0.9718423169750603,0.9701853344077357,0.945273631840796,0.9428334714167357,0.935,0.9718423169750603,0.9653505237711523,0.9677938808373591,0.9548069022185702,0.9726688102893891
0.9611021069692058,0.9360995850622407,0.9331103678929766,0.9115646258503401,0.9677938808373591,0.9686242960579243,0.9669621273166801,0.9456342668863262,0.9363110008271298,0.929225645295587,0.9686242960579243,0.9621273166800967,0.961352657004831,0.9508196721311475,0.9694533762057878
0.9789644012944984,0.9492934330839568,0.9342327150084317,0.9297205757832345,0.9838969404186796,0.9847144006436042,0.9847144006436042,0.9535655058043118,0.9443059019118869,0.9381270903010034,0.9847144006436042,0.9742351046698873,0.9782783588093322,0.9570247933884297,0.9855305466237942
0.9700404858299595,0.9477178423236514,0.9510373443983402,0.9404861693210393,0.9766693483507642,0.977491961414791,0.9766693483507642,0.9605263157894737,0.9496284062758051,0.9411764705882353,0.977491961414791,0.9734513274336283,0.9758842443729904,0.9622331691297209,0.977491961414791
0.9651821862348178,0.9383333333333334,0.9317607413647851,0.9220338983050848,0.9685230024213075,0.9718423169750603,0.9701853344077357,0.945364238410596,0.9385382059800664,0.935,0.9718423169750603,0.9629032258064516,0.9670152855993563,0.9523026315789473,0.9726688102893891
0.9716139497161395,0.9501661129568106,0.95,0.9447236180904522,0.976594027441485,0.9782433521353747,0.9790660225442834,0.9629629629629629,0.9537953795379538,0.9562345169281585,0.9782433521353747,0.9741935483870968,0.9798873692679002,0.9663658736669402,0.9807073954983923
0.976594027441485,0.9510373443983402,0.9312977099236641,0.9269949066213922,0.9790660225442834,0.9807073954983923,0.9798873692679002,0.9526184538653366,0.9450915141430949,0.94,0.9807073954983923,0.9734513274336283,0.9766693483507642,0.9595375722543352,0.9807073954983923
0.9724025974025974,0.9433333333333334,0.9303904923599321,0.9122203098106713,0.9773828756058158,0.9798549556809025,0.9765561843168957,0.9510373443983402,0.9435215946843853,0.94,0.9798549556809025,0.973322554567502,0.9749798224374495,0.9579554822753503,0.9823151125401929
0.9667477696674777,0.931323283082077,0.9300758213984835,0.902502157031924,0.9717514124293786,0.9750603378921963,0.9717514124293786,0.940980881130507,0.9306599832915622,0.9323308270676691,0.9750603378921963,0.9620661824051655,0.9701853344077357,0.946236559139785,0.9758842443729904
0.97165991902834,0.945,0.9324324324324325,0.9271186440677966,0.9758064516129032,0.9766317485898469,0.9774557165861514,0.9476309226932669,0.9366666666666666,0.9319899244332494,0.9766317485898469,0.958904109589041,0.9726247987117552,0.9528535980148883,0.9790996784565916
0.9652384801940178,0.9338912133891213,0.9271966527196652,0.9172297297297297,0.9660743134087237,0.966908797417272,0.9685737308622079,0.9392173189009159,0.9357798165137615,0.9264214046822743,0.966908797417272,0.9636803874092009,0.9653505237711523,0.9488448844884488,0.9710610932475884
0.970137207425343,0.9470198675496688,0.9424520433694745,0.9327731092436975,0.9717969379532635,0.9734513274336283,0.9726247987117552,0.9573070607553367,0.9403973509933775,0.9403973509933775,0.9734513274336283,0.9629629629629629,0.9670152855993563,0.9590163934426229,0.9742765273311897
0.9764801297648013,0.9535655058043118,0.9482470784641068,0.9323181049069373,0.9830781627719581,0.9838969404186796,0.9822580645161291,0.9604612850082372,0.9519071310116086,0.946236559139785,0.9838969404186796,0.9790322580645161,0.9774193548387097,0.9647251845775225,0.9855305466237942
0.9708265802269044,0.9415692821368948,0.9324324324324325,0.9308600337268128,0.9749798224374495,0.9774557165861514,0.9749798224374495,0.9580246913580247,0.9470198675496688,0.9463253509496284,0.9774557165861514,0.9644588045234249,0.9758454106280193,0.9597370583401807,0.9790996784565916
0.9765561843168957,0.9449081803005008,0.9358108108108109,0.9215017064846417,0.9806763285024155,0.9806763285024155,0.9806763285024155,0.9536423841059603,0.9394190871369295,0.945273631840796,0.9806763285024155,0.9669621273166801,0.9742351046698873,0.9588138385502472,0.9823151125401929
0.966693744922827,0.9303106633081444,0.9326599326599326,0.9219015280135824,0.9741935483870968,0.9758454106280193,0.9741935483870968,0.9504132231404959,0.9358867610324729,0.9435215946843853,0.9758454106280193,0.9693548387096774,0.9758454106280193,0.9555921052631579,0.977491961414791
0.97165991902834,0.9486754966887417,0.9405857740585774,0.929957805907173,0.9758064516129032,0.9758064516129032,0.9766317485898469,0.9555189456342669,0.9530090684253916,0.9495450785773366,0.9758064516129032,0.970137207425343,0.9750201450443191,0.9606557377049181,0.9790996784565916
0.9594155844155844,0.9373433583959899,0.9345637583892618,0.9219015280135824,0.9644588045234249,0.9661290322580646,0.9652945924132365,0.9522240527182867,0.945273631840796,0.9392173189009159,0.9661290322580646,0.9636216653193209,0.9661290322580646,0.9565217391304348,0.9694533762057878
0.9708265802269044,0.9511184755592378,0.9509559434746467,0.9413735343383585,0.9758064516129032,0.9782783588093322,0.9749798224374495,0.9545078577336642,0.9477178423236514,0.9493775933609958,0.9782783588093322,0.9733656174334141,0.9766317485898469,0.9622331691297209,0.9790996784565916
0.9789644012944984,0.9477178423236514,0.943650126156434,0.9329940627650551,0.9806138933764136,0.9830781627719581,0.9814366424535916,0.9637561779242174,0.9495450785773366,0.9513602638087386,0.9830781627719581,0.9781729991915926,0.9814665592264303,0.9696969696969697,0.9855305466237942
0.9805510534846029,0.9524603836530442,0.9584026622296173,0.9336734693877551,0.9863013698630136,0.9879324215607401,0.9863013698630136,0.9688013136288999,0.9510373443983402,0.9578163771712159,0.9879324215607401,0.9741935483870968,0.9847144006436042,0.9713349713349714,0.9887459807073955
0.9756888168557536,0.9476309226932669,0.940084388185654,0.9320882852292021,0.9806451612903225,0.9814665592264303,0.9822866344605475,0.9552980132450332,0.946058091286307,0.9476309226932669,0.9814665592264303,0.9717514124293786,0.9798873692679002,0.9613168724279836,0.9839228295819936
0.962843295638126,0.9395194697597349,0.9427385892116182,0.9278523489932886,0.9670152855993563,0.9678456591639871,0.9670152855993563,0.9456342668863262,0.9371900826446281,0.9368770764119602,0.9678456591639871,0.9557522123893806,0.9621882542236525,0.9508196721311475,0.9678456591639871
0.9724919093851133,0.9416666666666667,0.9414715719063546,0.9143835616438356,0.9766317485898469,0.9790996784565916,0.9774557165861514,0.9511993382961125,0.9375520399666945,0.9382303839732888,0.9790996784565916,0.9694041867954911,0.9750603378921963,0.9546578730420445,0.9790996784565916
0.959546925566343,0.9402985074626866,0.9328859060402684,0.9186440677966101,0.9654062751407884,0.9654062751407884,0.9654062751407884,0.9429280397022333,0.9345484672742337,0.9256474519632414,0.9654062751407884,0.9549114331723028,0.9589702333065165,0.9507389162561576,0.9662379421221865
0.974817221770918,0.9403862300587741,0.9383966244725739,0.9285714285714286,0.9830781627719581,0.9830781627719581,0.9822580645161291,0.9577464788732394,0.9423558897243107,0.9476309226932669,0.9830781627719581,0.9725363489499192,0.9790322580645161,0.9629018961253092,0.9855305466237942
0.9734513274336283,0.9478908188585607,0.9423558897243107,0.9326599326599326,0.9734513274336283,0.9742765273311897,0.9734513274336283,0.9564502875924404,0.9497114591920858,0.943801652892562,0.9742765273311897,0.9670152855993563,0.9742765273311897,0.9607201309328969,0.9742765273311897
0.9651257096512571,0.9418604651162791,0.9327731092436975,0.928390901432182,0.9693053311793215,0.9717969379532635,0.9734513274336283,0.9512799339388934,0.9455445544554455,0.935,0.9717969379532635,0.964516129032258,0.9726688102893891,0.9564502875924404,0.9742765273311897
0.9666395443449959,0.9538714991762768,0.9423558897243107,0.946058091286307,0.973322554567502,0.9774557165861514,0.9749798224374495,0.9563786008230453,0.9515201314708299,0.9490131578947368,0.9774557165861514,0.966908797417272,0.9717969379532635,0.9623567921440261,0.9790996784565916
0.9667477696674777,0.9487603305785124,0.9423558897243107,0.9352396972245585,0.9734085414987913,0.9742351046698873,0.9750603378921963,0.9537190082644628,0.9438943894389439,0.945273631840796,0.9742351046698873,0.964573268921095,0.9750603378921963,0.9588815789473685,0.9758842443729904
0.9691558441558441,0.9415692821368948,0.9489539748953975,0.9286926994906621,0.9758064516129032,0.9782783588093322,0.9758064516129032,0.9563786008230453,0.945364238410596,0.9436152570480929,0.9782783588093322,0.967741935483871,0.9701853344077357,0.9598031173092699,0.9790996784565916
0.9683184402924452,0.939115929941618,0.9370277078085643,0.9217687074829932,0.973322554567502,0.9741518578352181,0.973322554567502,0.9485903814262023,0.9418604651162791,0.9298831385642737,0.9741518578352181,0.9668016194331984,0.9676898222940227,0.9511993382961125,0.9790996784565916
0.9659090909090909,0.9383333333333334,0.9290540540540541,0.9282700421940928,0.9725806451612903,0.9758842443729904,0.9734085414987913,0.9539473684210527,0.9345484672742337,0.9428334714167357,0.9758842443729904,0.9605157131345688,0.9734513274336283,0.9556650246305419,0.9758842443729904
0.968421052631579,0.9389121338912134,0.9334456613310868,0.9308600337268128,0.9717514124293786,0.9750603378921963,0.9742351046698873,0.9537190082644628,0.9443983402489626,0.9384359400998337,0.9750603378921963,0.9685737308622079,0.9702333065164923,0.9563066776586975,0.9758842443729904
0.9707792207792207,0.9433333333333334,0.9416666666666667,0.927487352445194,0.9732793522267207,0.975767366720517,0.9774193548387097,0.9555189456342669,0.945364238410596,0.9385382059800664,0.975767366720517,0.9651821862348178,0.9710144927536232,0.9589490968801314,0.9807073954983923
0.9756888168557536,0.9447236180904522,0.9438390611902766,0.9268707482993197,0.9814665592264303,0.9831053901850362,0.9822866344605475,0.9638157894736842,0.9518272425249169,0.9475437135720233,0.9831053901850362,0.9766317485898469,0.9798873692679002,0.9680589680589681,0.9839228295819936
0.9780666125101544,0.9570247933884297,0.9427609427609428,0.9366018596787827,0.9830234438156831,0.9863013698630136,0.9854838709677419,0.9577464788732394,0.9519071310116086,0.9484193011647255,0.9863013698630136,0.9814366424535916,0.9855072463768116,0.9629018961253092,0.9887459807073955
0.9699918896999189,0.9570957095709571,0.9482470784641068,0.9377104377104377,0.9749798224374495,0.9774557165861514,0.9758064516129032,0.9664758789860998,0.9589490968801314,0.9521452145214522,0.9774557165861514,0.9725806451612903,0.9710144927536232,0.9681632653061224,0.9790996784565916
0.9796913078797725,0.9594034797017399,0.9526184538653366,0.9402859545836838,0.9854604200323102,0.9895414320193081,0.9870967741935484,0.9628406275805119,0.9560165975103735,0.9510373443983402,0.9895414320193081,0.9814366424535916,0.9855072463768116,0.972176759410802,0.9903536977491961
0.9585028478437754,0.9322175732217574,0.9265822784810127,0.9104859335038363,0.9635627530364372,0.9652384801940178,0.967741935483871,0.9416666666666667,0.9315525876460768,0.9289891395154553,0.9652384801940178,0.9579288025889967,0.9637389202256245,0.947804473902237,0.9710610932475884
0.9700889248181084,0.946236559139785,0.9389121338912134,0.9291736930860034,0.9734085414987913,0.9742351046698873,0.9717514124293786,0.9504950495049505,0.9429280397022333,0.9404958677685951,0.9742351046698873,0.9652945924132365,0.9693548387096774,0.9573770491803278,0.9758842443729904
0.9635627530364372,0.9326683291770573,0.9322175732217574,0.9207419898819561,0.967741935483871,0.9702333065164923,0.9685737308622079,0.9465020576131687,0.9382716049382716,0.9363110008271298,0.9702333065164923,0.9605157131345688,0.9670152855993563,0.9499589827727646,0.9710610932475884
0.968421052631579,0.9355648535564853,0.9255499153976311,0.9191489361702128,0.9734085414987913,0.9734085414987913,0.9725806451612903,0.946058091286307,0.9374478732276897,0.9321039396479464,0.9734085414987913,0.962843295638126,0.9693548387096774,0.9512799339388934,0.9758842443729904
0.9773828756058158,0.956089478044739,0.9498327759197325,0.9376053962900506,0.9814963797264682,0.9814963797264682,0.9823151125401929,0.9672131147540983,0.9570247933884297,0.9578860445912469,0.9814963797264682,0.9766693483507642,0.9823151125401929,0.9722675367047309,0.9823151125401929
0.958570268074736,0.9379652605459057,0.928390901432182,0.927487352445194,0.9661290322580646,0.9694533762057878,0.9677938808373591,0.9457236842105263,0.9390444810543658,0.9394190871369295,0.9694533762057878,0.961352657004831,0.9670152855993563,0.948318293683347,0.9694533762057878
0.9651821862348178,0.9316666666666666,0.9312080536912751,0.9186440677966101,0.9726688102893891,0.9726688102893891,0.9701853344077357,0.9428334714167357,0.9302325581395349,0.9289891395154553,0.9726688102893891,0.9605157131345688,0.9669621273166801,0.9463253509496284,0.9726688102893891
0.9635036496350365,0.9463253509496284,0.9308600337268128,0.9247675401521556,0.9685230024213075,0.9726688102893891,0.9710144927536232,0.9540229885057471,0.9474548440065681,0.9411764705882353,0.9726688102893891,0.9629629629629629,0.9694533762057878,0.9582992641046607,0.9726688102893891
0.9748987854251012,0.9430485762144054,0.9358108108108109,0.9332206255283179,0.9782082324455206,0.9782082324455206,0.9773828756058158,0.9578163771712159,0.9501661129568106,0.9467554076539102,0.9782082324455206,0.9717057396928052,0.975767366720517,0.9595375722543352,0.9823151125401929
0.9684721099434115,0.9504950495049505,0.9476309226932669,0.9326599326599326,0.9726247987117552,0.9734513274336283,0.9726247987117552,0.9539473684210527,0.9448559670781893,0.9496284062758051,0.9734513274336283,0.958904109589041,0.9694041867954911,0.9590834697217676,0.9742765273311897
0.9725363489499192,0.9364548494983278,0.9385004212299916,0.9259574468085107,0.9758454106280193,0.9766693483507642,0.977491961414791,0.9536423841059603,0.9419568822553898,0.9395194697597349,0.9766693483507642,0.9718423169750603,0.9710610932475884,0.9570957095709571,0.977491961414791
0.9700404858299595,0.9434276206322796,0.936026936026936,0.9289340101522843,0.9750201450443191,0.9766693483507642,0.9750201450443191,0.9502487562189055,0.9383333333333334,0.9461474730737366,0.9766693483507642,0.9661290322580646,0.9742351046698873,0.9554455445544554,0.977491961414791
0.9543230016313213,0.9359933499584372,0.9230769230769231,0.9203389830508475,0.9636216653193209,0.9661290322580646,0.9677938808373591,0.9419568822553898,0.9395194697597349,0.9228187919463087,0.9661290322580646,0.96045197740113,0.9637972646822205,0.9463253509496284,0.9694533762057878
0.9733656174334141,0.9492934330839568,0.943744752308984,0.9402859545836838,0.9766693483507642,0.977491961414791,0.977491961414791,0.9561621174524401,0.9487603305785124,0.9435215946843853,0.977491961414791,0.9662379421221865,0.9710610932475884,0.962171052631579,0.977491961414791
0.967479674796748,0.9520661157024793,0.9359190556492412,0.9269949066213922,0.9741518578352181,0.9766317485898469,0.9774557165861514,0.9563066776586975,0.9479768786127167,0.9470198675496688,0.9766317485898469,0.967741935483871,0.9742351046698873,0.9622950819672131,0.9790996784565916
0.9830508474576272,0.9483333333333334,0.943744752308984,0.9430485762144054,0.9855072463768116,0.9855072463768116,0.9830508474576272,0.9560165975103735,0.9467554076539102,0.9466666666666667,0.9855072463768116,0.9749798224374495,0.9814366424535916,0.9594706368899917,0.9871382636655949
0.9725363489499192,0.945364238410596,0.9276094276094277,0.9258010118043845,0.9766693483507642,0.977491961414791,0.9766693483507642,0.9522240527182867,0.943801652892562,0.935,0.977491961414791,0.9734513274336283,0.9758842443729904,0.9582309582309583,0.977491961414791
0.9749393694421988,0.942162615255658,0.9430485762144054,0.9196581196581196,0.9790660225442834,0.9798873692679002,0.9807073954983923,0.9483333333333334,0.9404861693210393,0.9440267335004177,0.9798873692679002,0.9766693483507642,0.9790996784565916,0.9552980132450332,0.9807073954983923
0.9821717990275527,0.9558701082431307,0.955,0.9390862944162437,0.9903536977491961,0.9903536977491961,0.9895414320193081,0.9678483099752679,0.9560165975103735,0.9611890999174236,0.9903536977491961,0.9798873692679002,0.9895414320193081,0.9729286300246104,0.9903536977491961
0.974025974025974,0.9576763485477179,0.9532554257095158,0.9409780775716695,0.9789983844911146,0.9814665592264303,0.9814665592264303,0.9636963696369637,0.9585406301824212,0.9544324772162386,0.9814665592264303,0.9773828756058158,0.9806763285024155,0.9688013136288999,0.9839228295819936
0.9797242497972425,0.9577464788732394,0.9455155071248952,0.9410774410774411,0.9863013698630136,0.9863013698630136,0.9879324215607401,0.9662551440329218,0.9629629629629629,0.9484193011647255,0.9863013698630136,0.9814665592264303,0.9847144006436042,0.9704918032786886,0.9887459807073955
0.9632052330335241,0.9500831946755408,0.9403862300587741,0.936026936026936,0.975767366720517,0.976594027441485,0.975767366720517,0.9587458745874587,0.9527754763877382,0.9442131557035803,0.976594027441485,0.9684721099434115,0.9749798224374495,0.9630238290879212,0.9807073954983923
0.9790322580645161,0.9534883720930233,0.9382924767540152,0.9323181049069373,0.9806763285024155,0.9814963797264682,0.9798549556809025,0.9603960396039604,0.9411764705882353,0.9393183707398172,0.9814963797264682,0.9621273166800967,0.9717969379532635,0.9663658736669402,0.9823151125401929
0.9651257096512571,0.9385382059800664,0.9280270956816258,0.926458157227388,0.9709677419354839,0.9726247987117552,0.9709677419354839,0.946058091286307,0.9394190871369295,0.9320066334991708,0.9726247987117552,0.9685230024213075,0.9685737308622079,0.9495450785773366,0.9742765273311897
0.9741518578352181,0.947804473902237,0.9451827242524917,0.926458157227388,0.9774557165861514,0.9782783588093322,0.9774557165861514,0.9579554822753503,0.9505766062602965,0.9463253509496284,0.9782783588093322,0.9685737308622079,0.9750603378921963,0.9639344262295082,0.9790996784565916
0.9691558441558441,0.9443059019118869,0.9361344537815126,0.9271186440677966,0.9741518578352181,0.9758064516129032,0.9766317485898469,0.9493775933609958,0.9351081530782029,0.9374478732276897,0.9758064516129032,0.962843295638126,0.9742351046698873,0.9588815789473685,0.9790996784565916
0.9699918896999189,0.9451827242524917,0.9510373443983402,0.9316455696202531,0.9749798224374495,0.9774557165861514,0.9749798224374495,0.9537953795379538,0.9396195202646815,0.9429280397022333,0.9774557165861514,0.962843295638126,0.9685737308622079,0.9589490968801314,0.9790996784565916
0.9692556634304207,0.9337803855825649,0.9333333333333333,0.9170230966638152,0.9709208400646203,0.9742351046698873,0.9717514124293786,0.9504132231404959,0.932443703085905,0.9341117597998332,0.9742351046698873,0.9596122778675282,0.9685737308622079,0.9504132231404959,0.9758842443729904
0.976594027441485,0.9535655058043118,0.9509559434746467,0.9314140558848434,0.9782433521353747,0.9798873692679002,0.9790660225442834,0.9630238290879212,0.9579554822753503,0.9539473684210527,0.9798873692679002,0.9726247987117552,0.9750603378921963,0.9681112019623875,0.9807073954983923
0.9716139497161395,0.9380234505862647,0.9279050042408821,0.9251700680272109,0.976594027441485,0.9790660225442834,0.9790660225442834,0.945,0.9392173189009159,0.9230769230769231,0.9790660225442834,0.9709677419354839,0.9734513274336283,0.9493775933609958,0.9807073954983923
0.9814366424535916,0.9612530915086562,0.9455155071248952,0.9438390611902766,0.9838969404186796,0.9855305466237942,0.9838969404186796,0.9697465249386754,0.9605263157894737,0.9570247933884297,0.9855305466237942,0.9774557165861514,0.9814963797264682,0.9739413680781759,0.9855305466237942
0.9765182186234818,0.9516666666666667,0.943650126156434,0.9366018596787827,0.9822866344605475,0.9839228295819936,0.9822866344605475,0.9533333333333334,0.9481605351170569,0.9473684210526315,0.9839228295819936,0.9806763285024155,0.9831053901850362,0.964550700741962,0.9839228295819936
0.9789644012944984,0.9526184538653366,0.9472803347280335,0.9331075359864521,0.9830781627719581,0.9847144006436042,0.9838969404186796,0.956953642384106,0.9475437135720233,0.9458784346378019,0.9847144006436042,0.9766317485898469,0.9807073954983923,0.9629629629629629,0.9855305466237942
0.9813765182186235,0.9611890999174236,0.955,0.946218487394958,0.9854838709677419,0.9863013698630136,0.9846650524616626,0.9713818479149632,0.9638157894736842,0.9671592775041051,0.9863013698630136,0.9814066289409863,0.9854838709677419,0.9747351263243684,0.9887459807073955
0.9667477696674777,0.9421487603305785,0.9425478767693589,0.9256756756756757,0.9734085414987913,0.9742351046698873,0.9742351046698873,0.9497114591920858,0.9447650453421269,0.943801652892562,0.9742351046698873,0.9709677419354839,0.9750603378921963,0.9548810500410172,0.9758842443729904
0.9765561843168957,0.9545829892650702,0.9576763485477179,0.9464882943143813,0.9814963797264682,0.9823151125401929,0.9814963797264682,0.9655737704918033,0.9565217391304348,0.9445822994210091,0.9823151125401929,0.9750603378921963,0.9742765273311897,0.9689542483660131,0.9823151125401929
0.9586374695863747,0.9360995850622407,0.9278523489932886,0.9123404255319149,0.962843295638126,0.9653505237711523,0.9670152855993563,0.9429280397022333,0.9310058187863675,0.9310058187863675,0.9653505237711523,0.9564516129032258,0.9646302250803859,0.9455445544554455,0.9678456591639871
0.9659090909090909,0.9434276206322796,0.9280270956816258,0.9281487743026204,0.9709208400646203,0.9742351046698873,0.9734085414987913,0.9503311258278145,0.9386401326699834,0.9384359400998337,0.9742351046698873,0.96045197740113,0.9718423169750603,0.9555189456342669,0.9758842443729904
0.9773462783171522,0.9537953795379538,0.9431438127090301,0.9371332774518022,0.9814665592264303,0.9831053901850362,0.9822866344605475,0.9596707818930041,0.9555189456342669,0.9496284062758051,0.9831053901850362,0.9790660225442834,0.9822866344605475,0.9664758789860998,0.9839228295819936
0.9707792207792207,0.9458784346378019,0.9369217830109335,0.9308600337268128,0.976594027441485,0.9790660225442834,0.9782433521353747,0.9501661129568106,0.940099833610649,0.9364548494983278,0.9790660225442834,0.9629032258064516,0.9742351046698873,0.9553719008264463,0.9807073954983923
0.9665851670741646,0.9345637583892618,0.9377104377104377,0.9222886421861657,0.9732793522267207,0.9790660225442834,0.975767366720517,0.9503311258278145,0.9411764705882353,0.942643391521197,0.9790660225442834,0.9652384801940178,0.9750603378921963,0.9606557377049181,0.9807073954983923
0.9691056910569106,0.9494614747307374,0.9388097233864208,0.9336691855583543,0.9790660225442834,0.9807073954983923,0.9807073954983923,0.9493775933609958,0.9461474730737366,0.9338912133891213,0.9807073954983923,0.9742765273311897,0.9758842443729904,0.9588815789473685,0.9807073954983923
0.9644012944983819,0.9419568822553898,0.9331103678929766,0.924114671163575,0.967741935483871,0.967741935483871,0.9685737308622079,0.9489291598023064,0.942339373970346,0.9308909242298085,0.967741935483871,0.9612903225806452,0.9621273166800967,0.9532403609515997,0.9710610932475884
0.9601301871440195,0.9393183707398172,0.9260504201680673,0.9169491525423729,0.9693548387096774,0.9710144927536232,0.9676898222940227,0.945364238410596,0.93255620316403,0.9323308270676691,0.9710144927536232,0.9603880355699272,0.9693548387096774,0.9523026315789473,0.9726688102893891
0.97165991902834,0.9427385892116182,0.9235993208828522,0.9290540540540541,0.9774557165861514,0.9782783588093322,0.9774557165861514,0.9529314616019818,0.9411764705882353,0.9375520399666945,0.9782783588093322,0.9717969379532635,0.9734513274336283,0.9572368421052632,0.9790996784565916
0.9821717990275527,0.9601990049751243,0.9464882943143813,0.9350210970464135,0.9895414320193081,0.9903536977491961,0.9895414320193081,0.9584717607973422,0.946843853820598,0.9476309226932669,0.9903536977491961,0.9750603378921963,0.9798873692679002,0.966199505358615,0.9903536977491961
0.9789644012944984,0.9509559434746467,0.9526184538653366,0.9385004212299916,0.9822580645161291,0.9847144006436042,0.9822580645161291,0.9613168724279836,0.9570957095709571,0.9536423841059603,0.9847144006436042,0.9790322580645161,0.9782433521353747,0.9689542483660131,0.9855305466237942
0.97165991902834,0.9372384937238494,0.9351305812973884,0.9178082191780822,0.9741518578352181,0.9782783588093322,0.9741518578352181,0.9467554076539102,0.9347826086956522,0.9373433583959899,0.9782783588093322,0.9644588045234249,0.9734085414987913,0.9511184755592378,0.9790996784565916
0.9732793522267207,0.9414715719063546,0.9335576114381834,0.9362416107382551,0.9774193548387097,0.9798873692679002,0.976594027441485,0.9510373443983402,0.9417637271214643,0.9434276206322796,0.9798873692679002,0.962843295638126,0.9766317485898469,0.9562345169281585,0.9807073954983923
0.9636216653193209,0.9420529801324503,0.940099833610649,0.928511354079058,0.9677938808373591,0.9694533762057878,0.9677938808373591,0.9480626545754328,0.9429280397022333,0.9401993355481728,0.9694533762057878,0.964573268921095,0.9686242960579243,0.954954954954955,0.9694533762057878
0.9577922077922078,0.9360995850622407,0.9322175732217574,0.919831223628692,0.9653505237711523,0.9670152855993563,0.9653505237711523,0.9412737799834574,0.9310058187863675,0.9336650082918739,0.9670152855993563,0.9572925060435133,0.9621273166800967,0.9473684210526315,0.9678456591639871
0.974025974025974,0.9578163771712159,0.9507101086048454,0.9375,0.9806451612903225,0.9814665592264303,0.9822866344605475,0.9638157894736842,0.9519071310116086,0.9511184755592378,0.9814665592264303,0.9758064516129032,0.9782783588093322,0.9722675367047309,0.9839228295819936
0.9781021897810219,0.9475437135720233,0.9420654911838791,0.9322033898305084,0.9855072463768116,0.9871382636655949,0.984689766317486,0.9594706368899917,0.9458784346378019,0.9461474730737366,0.9871382636655949,0.9798549556809025,0.9822866344605475,0.9637561779242174,0.9871382636655949
0.9683184402924452,0.9522240527182867,0.9422594142259414,0.9352396972245585,0.9782783588093322,0.9790996784565916,0.9782783588093322,0.9563786008230453,0.9422442244224423,0.9326683291770573,0.9790996784565916,0.9686242960579243,0.9670152855993563,0.9615069615069615,0.9790996784565916
0.9724473257698542,0.9467554076539102,0.9439330543933054,0.9224211423699915,0.9790660225442834,0.9798873692679002,0.9782433521353747,0.9545078577336642,0.945,0.9451827242524917,0.9798873692679002,0.9782433521353747,0.9774557165861514,0.9579554822753503,0.9807073954983923
0.9651257096512571,0.9355648535564853,0.928390901432182,0.9165247018739353,0.9709677419354839,0.9726247987117552,0.9726247987117552,0.9504950495049505,0.9418604651162791,0.9410788381742738,0.9726247987117552,0.9701853344077357,0.9710144927536232,0.9582309582309583,0.9742765273311897
0.9732360097323601,0.9449081803005008,0.936026936026936,0.9306260575296108,0.9765561843168957,0.9790322580645161,0.9773828756058158,0.9544324772162386,0.9443059019118869,0.9408825978351374,0.9790322580645161,0.9676375404530745,0.9725806451612903,0.9596042868920033,0.9823151125401929
0.9781021897810219,0.9517470881863561,0.947103274559194,0.93929173693086,0.9830508474576272,0.9855072463768116,0.9830508474576272,0.9663105998356615,0.9510373443983402,0.9578860445912469,0.9855072463768116,0.9773828756058158,0.9822580645161291,0.9688524590163935,0.9871382636655949
0.9732360097323601,0.9465776293823038,0.9332206255283179,0.9268707482993197,0.9798549556809025,0.9806763285024155,0.9814963797264682,0.9544324772162386,0.9493775933609958,0.9403862300587741,0.9806763285024155,0.9701853344077357,0.9807073954983923,0.9613168724279836,0.9823151125401929
0.974817221770918,0.9611890999174236,0.9593360995850623,0.9420654911838791,0.9822580645161291,0.9838969404186796,0.9822580645161291,0.9671052631578947,0.9545829892650702,0.9494614747307374,0.9838969404186796,0.9749798224374495,0.9774557165861514,0.9738562091503268,0.9855305466237942
0.9707317073170731,0.9464882943143813,0.9426644182124789,0.929481733220051,0.9757281553398058,0.9782082324455206,0.9782082324455206,0.9603960396039604,0.9456975772765246,0.9526970954356846,0.9782082324455206,0.9692556634304207,0.9790322580645161,0.9646672144617913,0.9823151125401929
0.9634443541835905,0.9380234505862647,0.9351305812973884,0.9215017064846417,0.9709677419354839,0.9734513274336283,0.9717969379532635,0.9449081803005008,0.939799331103679,0.9345637583892618,0.9734513274336283,0.9629032258064516,0.9710144927536232,0.9501661129568106,0.9742765273311897
0.9707317073170731,0.9405857740585774,0.9357021996615905,0.9288135593220339,0.9782082324455206,0.9790322580645161,0.9782082324455206,0.9562345169281585,0.946058091286307,0.9503311258278145,0.9790322580645161,0.9676375404530745,0.9774193548387097,0.9605263157894737,0.9823151125401929
0.9707317073170731,0.9414715719063546,0.9376053962900506,0.9250425894378195,0.9757281553398058,0.9765561843168957,0.9782082324455206,0.9501661129568106,0.9425478767693589,0.9406850459482038,0.9765561843168957,0.970873786407767,0.976594027441485,0.9545078577336642,0.9823151125401929
0.9765182186234818,0.9465776293823038,0.9361344537815126,0.9379194630872483,0.9798224374495561,0.9831053901850362,0.9814665592264303,0.9535655058043118,0.9536423841059603,0.9424520433694745,0.9831053901850362,0.9741935483870968,0.9798873692679002,0.9655737704918033,0.9839228295819936
0.9739413680781759,0.9516666666666667,0.9435551811288964,0.9355932203389831,0.9822294022617124,0.9855072463768116,0.9838709677419355,0.9619205298013245,0.9543568464730291,0.9448160535117057,0.9855072463768116,0.976594027441485,0.9831053901850362,0.966199505358615,0.9871382636655949
0.9569455727051178,0.9316666666666666,0.926829268292683,0.9152542372881356,0.9636803874092009,0.9670152855993563,0.9620048504446241,0.9411764705882353,0.9337748344370861,0.9293433083956775,0.9670152855993563,0.9555375909458367,0.9588377723970944,0.9472817133443163,0.9678456591639871
0.9692556634304207,0.9537953795379538,0.93681550126369,0.936026936026936,0.9742351046698873,0.9750603378921963,0.9742351046698873,0.9537953795379538,0.947107438016529,0.9459684123025769,0.9750603378921963,0.9637389202256245,0.9718423169750603,0.9598031173092699,0.9758842443729904
0.9747762408462164,0.9544324772162386,0.9430485762144054,0.9359190556492412,0.9830508474576272,0.9863234111021721,0.984689766317486,0.9611890999174236,0.9528535980148883,0.945273631840796,0.9863234111021721,0.9782433521353747,0.9806763285024155,0.9671592775041051,0.9871382636655949
0.9765182186234818,0.9439330543933054,0.9338983050847458,0.9249146757679181,0.9798224374495561,0.9822866344605475,0.9806451612903225,0.95,0.9382303839732888,0.9390142021720969,0.9822866344605475,0.967741935483871,0.9734085414987913,0.9586776859504132,0.9839228295819936
0.9585028478437754,0.9489291598023064,0.9373433583959899,0.9259259259259259,0.966908797417272,0.9710610932475884,0.9702333065164923,0.9523809523809523,0.9432098765432099,0.9363110008271298,0.9710610932475884,0.9621882542236525,0.9646302250803859,0.9600651996740016,0.9710610932475884
0.9789983844911146,0.9536423841059603,0.946218487394958,0.9447236180904522,0.9806451612903225,0.9814665592264303,0.9814665592264303,0.9578860445912469,0.9562345169281585,0.9485903814262023,0.9814665592264303,0.9782082324455206,0.9798549556809025,0.9647251845775225,0.9839228295819936
0.975609756097561,0.956953642384106,0.9447236180904522,0.9385004212299916,0.9830508474576272,0.9855072463768116,0.984689766317486,0.9612530915086562,0.9603960396039604,0.9577464788732394,0.9855072463768116,0.9830781627719581,0.9855072463768116,0.9689034369885434,0.9871382636655949
0.973322554567502,0.9363484087102177,0.9326599326599326,0.9246401354784082,0.9766317485898469,0.9774557165861514,0.9782783588093322,0.9536423841059603,0.9383333333333334,0.9418604651162791,0.9774557165861514,0.9701853344077357,0.9758842443729904,0.9553719008264463,0.9790996784565916
0.9725363489499192,0.9373433583959899,0.9333333333333333,0.9150214592274678,0.9750201450443191,0.9766693483507642,0.9725363489499192,0.9486754966887417,0.93255620316403,0.9347826086956522,0.9766693483507642,0.9587712206952304,0.967741935483871,0.9521452145214522,0.977491961414791
0.9732793522267207,0.946843853820598,0.9387069689336692,0.9280270956816258,0.975767366720517,0.9782433521353747,0.9790660225442834,0.957166392092257,0.9486754966887417,0.9503311258278145,0.9782433521353747,0.9758064516129032,0.9798873692679002,0.9631449631449631,0.9807073954983923
0.9724473257698542,0.9325463743676222,0.9272419627749577,0.9171648163962425,0.9749393694421988,0.9774193548387097,0.976594027441485,0.9475437135720233,0.9327731092436975,0.9371332774518022,0.9774193548387097,0.9684721099434115,0.9774557165861514,0.9519071310116086,0.9807073954983923
0.9587044534412955,0.9479768786127167,0.9373433583959899,0.9267059814658803,0.9637389202256245,0.9654062751407884,0.9662379421221865,0.951440329218107,0.9396195202646815,0.9378624689312345,0.9654062751407884,0.9557522123893806,0.9614147909967846,0.9565929565929566,0.9662379421221865
0.9781376518218623,0.9415692821368948,0.9428571428571428,0.9259574468085107,0.9814366424535916,0.9822580645161291,0.9838969404186796,0.9509559434746467,0.9365609348914858,0.9407839866555463,0.9822580645161291,0.9733656174334141,0.9814963797264682,0.9544324772162386,0.9855305466237942
0.9691056910569106,0.9477178423236514,0.9403862300587741,0.9351305812973884,0.9774193548387097,0.9790660225442834,0.9774193548387097,0.9545078577336642,0.9513602638087386,0.946843853820598,0.9790660225442834,0.9685230024213075,0.9782433521353747,0.9605263157894737,0.9807073954983923
0.9619433198380567,0.935,0.9310924369747899,0.9251471825063078,0.9669621273166801,0.9669621273166801,0.9686242960579243,0.9420529801324503,0.9395194697597349,0.9315525876460768,0.9669621273166801,0.9629032258064516,0.9654062751407884,0.9464138499587799,0.9694533762057878
0.9741100323624595,0.946058091286307,0.9352396972245585,0.929957805907173,0.9790660225442834,0.9798873692679002,0.9798873692679002,0.9529314616019818,0.945364238410596,0.9435215946843853,0.9798873692679002,0.9742351046698873,0.9790996784565916,0.9572368421052632,0.9807073954983923
0.9830508474576272,0.9576763485477179,0.947103274559194,0.9507101086048454,0.9855072463768116,0.9863234111021721,0.9855072463768116,0.9576763485477179,0.9551495016611296,0.9515859766277128,0.9863234111021721,0.9814665592264303,0.9847144006436042,0.9662551440329218,0.9871382636655949
0.9741100323624595,0.9485903814262023,0.9446308724832215,0.9350210970464135,0.9774193548387097,0.9798873692679002,0.9790660225442834,0.9578860445912469,0.9429280397022333,0.943801652892562,0.9798873692679002,0.9621273166800967,0.9734513274336283,0.962171052631579,0.9807073954983923
0.9838709677419355,0.9603305785123967,0.9427609427609428,0.9357021996615905,0.984689766317486,0.9871382636655949,0.9863234111021721,0.9611890999174236,0.9553719008264463,0.9536423841059603,0.9871382636655949,0.9782783588093322,0.9831053901850362,0.9680065627563577,0.9871382636655949
0.9724473257698542,0.9492934330839568,0.9412751677852349,0.9359190556492412,0.9782433521353747,0.9798873692679002,0.9782433521353747,0.9595375722543352,0.9450915141430949,0.9494614747307374,0.9798873692679002,0.9717969379532635,0.9766693483507642,0.9621087314662273,0.9807073954983923
0.9624796084828712,0.9492934330839568,0.9412751677852349,0.9286926994906621,0.970873786407767,0.9741935483870968,0.9725363489499192,0.9536423841059603,0.9493775933609958,0.9484193011647255,0.9741935483870968,0.9693053311793215,0.9741935483870968,0.9605263157894737,0.977491961414791
0.9676375404530745,0.9511184755592378,0.9386038687973086,0.9316455696202531,0.9726247987117552,0.9734513274336283,0.9717969379532635,0.9562345169281585,0.9477178423236514,0.9417637271214643,0.9734513274336283,0.9701853344077357,0.9694041867954911,0.961380443714051,0.9742765273311897
0.9683698296836983,0.9443059019118869,0.9328859060402684,0.928390901432182,0.9741935483870968,0.9750201450443191,0.9758454106280193,0.9546578730420445,0.9454545454545454,0.9444904722452361,0.9750201450443191,0.9621273166800967,0.9742351046698873,0.9580936729663106,0.977491961414791
0.9756888168557536,0.947804473902237,0.9472803347280335,0.9419680403700589,0.9798224374495561,0.9822866344605475,0.9798224374495561,0.9578860445912469,0.945364238410596,0.9486754966887417,0.9822866344605475,0.9693053311793215,0.9774193548387097,0.962171052631579,0.9839228295819936
0.9724473257698542,0.946843853820598,0.9345637583892618,0.9256756756756757,0.9798873692679002,0.9798873692679002,0.9798873692679002,0.9580936729663106,0.9495450785773366,0.9332220367278798,0.9798873692679002,0.9750603378921963,0.9718423169750603,0.9615069615069615,0.9807073954983923
0.9617575264442636,0.9355648535564853,0.926458157227388,0.9182282793867121,0.9676375404530745,0.970137207425343,0.9709677419354839,0.9442131557035803,0.9382303839732888,0.9312080536912751,0.970137207425343,0.9620048504446241,0.9701853344077357,0.9485903814262023,0.9742765273311897
0.9741100323624595,0.9444904722452361,0.9440267335004177,0.9327731092436975,0.9782433521353747,0.9790660225442834,0.9774193548387097,0.9537953795379538,0.9422442244224423,0.9372937293729373,0.9790660225442834,0.970137207425343,0.9734085414987913,0.9580936729663106,0.9807073954983923
0.974025974025974,0.9518272425249169,0.943744752308984,0.9377104377104377,0.9781729991915926,0.9831053901850362,0.9798224374495561,0.9535655058043118,0.9450915141430949,0.9467554076539102,0.9831053901850362,0.9717514124293786,0.9774557165861514,0.962171052631579,0.9839228295819936
0.9658536585365853,0.9417637271214643,0.945,0.9300758213984835,0.9700404858299595,0.9741935483870968,0.9725363489499192,0.9504132231404959,0.947107438016529,0.9401993355481728,0.9741935483870968,0.9676898222940227,0.9685230024213075,0.9555921052631579,0.977491961414791
0.9732360097323601,0.9494614747307374,0.9527754763877382,0.9308600337268128,0.9798549556809025,0.9806763285024155,0.9782082324455206,0.9622331691297209,0.9480626545754328,0.9412737799834574,0.9806763285024155,0.9717514124293786,0.9725806451612903,0.9639344262295082,0.9823151125401929
0.9698942229454841,0.9465776293823038,0.9456066945606695,0.929481733220051,0.9765561843168957,0.9806763285024155,0.9773828756058158,0.9552238805970149,0.9415692821368948,0.9424520433694745,0.9806763285024155,0.9636216653193209,0.9766317485898469,0.9646672144617913,0.9823151125401929
0.9644588045234249,0.9338912133891213,0.9315300084530854,0.9196581196581196,0.9686242960579243,0.9694533762057878,0.9686242960579243,0.9496284062758051,0.9392173189009159,0.9434276206322796,0.9694533762057878,0.9637972646822205,0.9678456591639871,0.9504950495049505,0.9694533762057878
0.9675850891410048,0.935672514619883,0.9300758213984835,0.9131175468483816,0.9717514124293786,0.9734085414987913,0.9717514124293786,0.9443983402489626,0.9367720465890182,0.9308909242298085,0.9734085414987913,0.9644588045234249,0.9701853344077357,0.9461474730737366,0.9758842443729904
0.9642857142857143,0.9459684123025769,0.9318755256518082,0.9273648648648649,0.970137207425343,0.9717969379532635,0.9717969379532635,0.9520661157024793,0.9408825978351374,0.94,0.9717969379532635,0.964516129032258,0.9701853344077357,0.9546578730420445,0.9742765273311897
0.9740680713128039,0.9407839866555463,0.9352396972245585,0.9263336155800169,0.9773828756058158,0.9790322580645161,0.9790322580645161,0.9457881567973311,0.9417637271214643,0.9380234505862647,0.9790322580645161,0.9709208400646203,0.9782433521353747,0.9545078577336642,0.9823151125401929
0.974817221770918,0.9465776293823038,0.9403862300587741,0.9314140558848434,0.9830781627719581,0.9838969404186796,0.9847144006436042,0.9604612850082372,0.9528535980148883,0.9398998330550918,0.9838969404186796,0.9750201450443191,0.9790996784565916,0.9655737704918033,0.9855305466237942
0.9724473257698542,0.9503311258278145,0.9395973154362416,0.9351305812973884,0.9790660225442834,0.9798873692679002,0.9807073954983923,0.9587458745874587,0.9511993382961125,0.9511184755592378,0.9798873692679002,0.9766693483507642,0.9807073954983923,0.9638752052545156,0.9807073954983923
0.9716139497161395,0.9545829892650702,0.9456066945606695,0.9404861693210393,0.9749393694421988,0.9782433521353747,0.9782433521353747,0.9597370583401807,0.9555189456342669,0.9495450785773366,0.9782433521353747,0.9758064516129032,0.9742351046698873,0.9648405560098119,0.9807073954983923
0.975767366720517,0.9526970954356846,0.9526970954356846,0.9474562135112594,0.9798873692679002,0.9798873692679002,0.9790660225442834,0.9630238290879212,0.9520661157024793,0.9529314616019818,0.9798873692679002,0.9726247987117552,0.9726247987117552,0.967266775777414,0.9807073954983923
0.9700889248181084,0.9418604651162791,0.942643391521197,0.9258010118043845,0.9750603378921963,0.9750603378921963,0.9742351046698873,0.9548810500410172,0.9405940594059405,0.9372937293729373,0.9750603378921963,0.9605157131345688,0.964573268921095,0.9591503267973857,0.9758842443729904
0.9691558441558441,0.9443059019118869,0.9394957983193277,0.9306260575296108,0.9749798224374495,0.9774557165861514,0.9766317485898469,0.9572368421052632,0.94467382328654,0.9444904722452361,0.9774557165861514,0.9661290322580646,0.9718423169750603,0.9598031173092699,0.9790996784565916
0.9765182186234818,0.9542048293089093,0.9419680403700589,0.9338983050847458,0.9806451612903225,0.9822866344605475,0.9822866344605475,0.9619834710743802,0.9534883720930233,0.9525395503746877,0.9822866344605475,0.9790660225442834,0.9806763285024155,0.9671052631578947,0.9839228295819936
0.9651257096512571,0.947107438016529,0.9441201000834029,0.9317607413647851,0.9726247987117552,0.9734513274336283,0.9734513274336283,0.9563786008230453,0.943801652892562,0.9431162407254741,0.9734513274336283,0.9677938808373591,0.9694533762057878,0.9615069615069615,0.9742765273311897
0.9675850891410048,0.9423558897243107,0.9303904923599321,0.9222886421861657,0.9717514124293786,0.9742351046698873,0.9725806451612903,0.9476309226932669,0.9406850459482038,0.93681550126369,0.9742351046698873,0.9685230024213075,0.9742351046698873,0.9545829892650702,0.9758842443729904
0.9757281553398058,0.9519071310116086,0.9464882943143813,0.9332206255283179,0.9790322580645161,0.9798549556809025,0.9798549556809025,0.9605263157894737,0.9579554822753503,0.9504950495049505,0.9798549556809025,0.9709677419354839,0.9774557165861514,0.9656301145662848,0.9823151125401929
0.9733656174334141,0.9433333333333334,0.9430485762144054,0.9333333333333333,0.9758454106280193,0.9766693483507642,0.9750201450443191,0.9537190082644628,0.945364238410596,0.940099833610649,0.9766693483507642,0.9701853344077357,0.9710144927536232,0.9605911330049262,0.977491961414791
0.9551752241238793,0.9365609348914858,0.9318755256518082,0.923728813559322,0.9644588045234249,0.9652945924132365,0.9644588045234249,0.9443983402489626,0.9437086092715232,0.9269521410579346,0.9652945924132365,0.9571544058205336,0.9620661824051655,0.9487603305785124,0.9694533762057878
0.9626623376623377,0.9444904722452361,0.939115929941618,0.9301934398654331,0.9685230024213075,0.9710144927536232,0.9710144927536232,0.9548069022185702,0.9430222956234517,0.943801652892562,0.9710144927536232,0.9612903225806452,0.9702333065164923,0.9556650246305419,0.9726688102893891
0.9627831715210357,0.9471947194719472,0.9375520399666945,0.9252728799328296,0.9661290322580646,0.9694533762057878,0.9669621273166801,0.9532403609515997,0.9430222956234517,0.9454545454545454,0.9694533762057878,0.9605157131345688,0.9678456591639871,0.9575163398692811,0.9694533762057878
0.9732360097323601,0.9476309226932669,0.9358108108108109,0.9249146757679181,0.9790322580645161,0.9806763285024155,0.9806763285024155,0.9543568464730291,0.9434276206322796,0.9407839866555463,0.9806763285024155,0.9734085414987913,0.9766693483507642,0.9595375722543352,0.9823151125401929
0.9626016260162602,0.9386401326699834,0.9423558897243107,0.9247675401521556,0.970137207425343,0.9717969379532635,0.9726247987117552,0.9487603305785124,0.9387417218543046,0.9318936877076412,0.9717969379532635,0.967741935483871,0.9686242960579243,0.9548069022185702,0.9742765273311897
0.9668016194331984,0.9390142021720969,0.9389121338912134,0.9200680272108843,0.9709677419354839,0.9717969379532635,0.9717969379532635,0.9469320066334992,0.9376558603491272,0.9376558603491272,0.9717969379532635,0.9612903225806452,0.966183574879227,0.9555921052631579,0.9742765273311897
0.9707317073170731,0.9455155071248952,0.9328802039082413,0.9220222793487575,0.9773828756058158,0.9798549556809025,0.9773828756058158,0.9499165275459098,0.9482470784641068,0.9428571428571428,0.9798549556809025,0.973322554567502,0.976594027441485,0.9577464788732394,0.9823151125401929
0.9577235772357724,0.9358867610324729,0.924114671163575,0.9250210614995787,0.9669621273166801,0.9669621273166801,0.9677938808373591,0.9445822994210091,0.9353233830845771,0.9305439330543933,0.9669621273166801,0.958904109589041,0.966183574879227,0.9489291598023064,0.9694533762057878
0.9562398703403565,0.9291075896580484,0.9219015280135824,0.9140425531914894,0.9621273166800967,0.9629629629629629,0.9612903225806452,0.9369817578772802,0.9248747913188647,0.9256474519632414,0.9629629629629629,0.9523809523809523,0.9564516129032258,0.9431162407254741,0.9646302250803859
0.9724473257698542,0.9555189456342669,0.9448160535117057,0.9352396972245585,0.9782433521353747,0.9807073954983923,0.9782433521353747,0.9597370583401807,0.9515201314708299,0.9436152570480929,0.9807073954983923,0.9669621273166801,0.9758454106280193,0.966530612244898,0.9807073954983923
0.9740680713128039,0.9465776293823038,0.942162615255658,0.9315300084530854,0.9790322580645161,0.9798549556809025,0.9806763285024155,0.9526970954356846,0.9441201000834029,0.9381270903010034,0.9798549556809025,0.9734085414987913,0.9758454106280193,0.9596042868920033,0.9823151125401929
0.9765182186234818,0.9458784346378019,0.9499165275459098,0.9366018596787827,0.9822866344605475,0.9831053901850362,0.9822866344605475,0.9570247933884297,0.9493775933609958,0.9485049833887044,0.9831053901850362,0.9822866344605475,0.9814963797264682,0.9613168724279836,0.9839228295819936
0.9691558441558441,0.9521452145214522,0.9476309226932669,0.9352396972245585,0.973322554567502,0.9782783588093322,0.9758064516129032,0.9614438063986874,0.9479768786127167,0.9509001636661211,0.9782783588093322,0.970137207425343,0.9734513274336283,0.967373572593801,0.9790996784565916
0.9741518578352181,0.9495450785773366,0.945,0.9208510638297872,0.9774557165861514,0.9782783588093322,0.9790996784565916,0.957166392092257,0.9478908188585607,0.9512799339388934,0.9782783588093322,0.9734513274336283,0.977491961414791,0.9614438063986874,0.9790996784565916
0.97165991902834,0.9394957983193277,0.9323181049069373,0.9323181049069373,0.9782783588093322,0.9782783588093322,0.9774557165861514,0.9473684210526315,0.9345637583892618,0.9380234505862647,0.9782783588093322,0.9621273166800967,0.9758454106280193,0.95,0.9790996784565916
0.9724919093851133,0.9441201000834029,0.9327731092436975,0.9200680272108843,0.9758064516129032,0.9790996784565916,0.9766317485898469,0.9528535980148883,0.9485049833887044,0.9443983402489626,0.9790996784565916,0.9750201450443191,0.9750603378921963,0.9580246913580247,0.9790996784565916
0.9707792207792207,0.9444904722452361,0.9414715719063546,0.9308600337268128,0.976594027441485,0.9798873692679002,0.9774193548387097,0.9537190082644628,0.9429280397022333,0.9418604651162791,0.9798873692679002,0.9725806451612903,0.9782783588093322,0.9588815789473685,0.9807073954983923
0.9789644012944984,0.9509559434746467,0.9322033898305084,0.9286926994906621,0.9822580645161291,0.9830781627719581,0.9838969404186796,0.9526184538653366,0.9467554076539102,0.9442131557035803,0.9830781627719581,0.9741935483870968,0.9790660225442834,0.9621087314662273,0.9855305466237942
0.9723127035830619,0.9534883720930233,0.945424013434089,0.9391891891891891,0.9789644012944984,0.9830781627719581,0.9797898140662894,0.9628406275805119,0.9544324772162386,0.9544324772162386,0.9830781627719581,0.9749393694421988,0.9782082324455206,0.9671052631578947,0.9855305466237942
0.9724919093851133,0.9449081803005008,0.9341216216216216,0.9296013570822731,0.9758064516129032,0.9774557165861514,0.9766317485898469,0.9596042868920033,0.9434276206322796,0.942643391521197,0.9774557165861514,0.9661290322580646,0.9742351046698873,0.962171052631579,0.9790996784565916
0.9618196588139724,0.9497942386831276,0.9387069689336692,0.9380234505862647,0.9685230024213075,0.9701853344077357,0.9710144927536232,0.954954954954955,0.9473684210526315,0.9427385892116182,0.9701853344077357,0.9661290322580646,0.9686242960579243,0.9592169657422512,0.9726688102893891
0.965964343598055,0.9511993382961125,0.9492089925062448,0.9341216216216216,0.9717969379532635,0.9734513274336283,0.9717969379532635,0.9537953795379538,0.9437086092715232,0.9537190082644628,0.9734513274336283,0.9637389202256245,0.9710144927536232,0.9615069615069615,0.9742765273311897
0.9626623376623377,0.947107438016529,0.9373433583959899,0.9265822784810127,0.9693548387096774,0.9710144927536232,0.9710144927536232,0.9557377049180328,0.9464138499587799,0.9429280397022333,0.9710144927536232,0.9629032258064516,0.9678456591639871,0.96,0.9726688102893891
0.9675850891410048,0.94,0.9353484466834593,0.9235993208828522,0.9734085414987913,0.9742351046698873,0.9734085414987913,0.9496284062758051,0.9383333333333334,0.9382303839732888,0.9742351046698873,0.966908797417272,0.9710144927536232,0.9530864197530864,0.9758842443729904
0.9756493506493507,0.9576763485477179,0.9409780775716695,0.9364944961896697,0.9814366424535916,0.9838969404186796,0.9838969404186796,0.9611248966087675,0.956089478044739,0.9500831946755408,0.9838969404186796,0.9758454106280193,0.9806763285024155,0.9704918032786886,0.9855305466237942
0.9652945924132365,0.9291075896580484,0.940980881130507,0.9213863060016906,0.9686242960579243,0.9686242960579243,0.9677938808373591,0.9465899753492194,0.9248747913188647,0.9396195202646815,0.9686242960579243,0.9629629629629629,0.964573268921095,0.948318293683347,0.9694533762057878
0.9765561843168957,0.9465776293823038,0.9411764705882353,0.9286926994906621,0.9806763285024155,0.9814963797264682,0.9806763285024155,0.9578163771712159,0.9492089925062448,0.9508742714404663,0.9814963797264682,0.9798549556809025,0.9798873692679002,0.9621087314662273,0.9823151125401929
0.9830508474576272,0.9517470881863561,0.9447236180904522,0.9447236180904522,0.984689766317486,0.9863234111021721,0.984689766317486,0.9620462046204621,0.9545078577336642,0.9587458745874587,0.9863234111021721,0.9782433521353747,0.9838969404186796,0.9671592775041051,0.9871382636655949
0.9748987854251012,0.9457881567973311,0.9331075359864521,0.9303904923599321,0.9765561843168957,0.9798549556809025,0.9790322580645161,0.9596042868920033,0.9479768786127167,0.9485903814262023,0.9798549556809025,0.9636803874092009,0.9758454106280193,0.9630238290879212,0.9823151125401929
0.9764419171405362,0.9534883720930233,0.9456975772765246,0.9351305812973884,0.9830508474576272,0.9855072463768116,0.9838709677419355,0.9586092715231788,0.9486754966887417,0.9511993382961125,0.9855072463768116,0.9758064516129032,0.9782433521353747,0.9671592775041051,0.9871382636655949
0.9699918896999189,0.9425478767693589,0.9342327150084317,0.9316455696202531,0.973322554567502,0.9766317485898469,0.9749798224374495,0.9519867549668874,0.9410788381742738,0.9382303839732888,0.9766317485898469,0.9636216653193209,0.9734085414987913,0.9554455445544554,0.9790996784565916
0.9773095623987034,0.9526184538653366,0.9446308724832215,0.9349112426035503,0.9855305466237942,0.9855305466237942,0.9847144006436042,0.9594706368899917,0.9518272425249169,0.9450915141430949,0.9855305466237942,0.9814963797264682,0.9798873692679002,0.9671592775041051,0.9855305466237942
0.9700404858299595,0.9434276206322796,0.9388097233864208,0.9388097233864208,0.9750201450443191,0.9758454106280193,0.9741935483870968,0.9519867549668874,0.9504132231404959,0.9442131557035803,0.9758454106280193,0.9709208400646203,0.9725806451612903,0.9580246913580247,0.977491961414791
0.9772357723577236,0.9626556016597511,0.9565943238731218,0.9451476793248945,0.9846650524616626,0.9854838709677419,0.9863013698630136,0.9626556016597511,0.9593360995850623,0.9557226399331662,0.9854838709677419,0.9806451612903225,0.984689766317486,0.9720394736842105,0.9887459807073955
0.9666395443449959,0.9423558897243107,0.9404861693210393,0.9298393913778529,0.9741518578352181,0.9766317485898469,0.9741518578352181,0.9536423841059603,0.940980881130507,0.9408825978351374,0.9766317485898469,0.9611650485436893,0.970137207425343,0.9579554822753503,0.9790996784565916
0.959349593495935,0.9390142021720969,0.9256756756756757,0.9183673469387755,0.9627228525121556,0.9694041867954911,0.967741935483871,0.9486754966887417,0.9469320066334992,0.9417637271214643,0.9694041867954911,0.9636803874092009,0.9669621273166801,0.9547325102880658,0.9710610932475884
0.965964343598055,0.9376558603491272,0.9258010118043845,0.9166666666666666,0.9684721099434115,0.9709677419354839,0.9717969379532635,0.945364238410596,0.942339373970346,0.9217830109335576,0.9709677419354839,0.9620661824051655,0.9677938808373591,0.951440329218107,0.9742765273311897
0.9715678310316815,0.942162615255658,0.9311809685641461,0.9249146757679181,0.9757281553398058,0.9782082324455206,0.9773828756058158,0.9542809642560266,0.9457881567973311,0.9319899244332494,0.9782082324455206,0.97165991902834,0.9734085414987913,0.9586092715231788,0.9823151125401929
0.979757085020243,0.9594034797017399,0.9559434746467166,0.9427609427609428,0.9830508474576272,0.9863234111021721,0.9855072463768116,0.9628406275805119,0.9594706368899917,0.9586776859504132,0.9863234111021721,0.9798549556809025,0.9847144006436042,0.9738562091503268,0.9871382636655949
0.975767366720517,0.9528535980148883,0.9519071310116086,0.9336691855583543,0.9782433521353747,0.9782433521353747,0.9798873692679002,0.9597370583401807,0.9529314616019818,0.9555189456342669,0.9782433521353747,0.9766317485898469,0.9782783588093322,0.9639934533551555,0.9807073954983923
0.9652945924132365,0.9422442244224423,0.9428334714167357,0.9280936454849499,0.9694533762057878,0.9694533762057878,0.9694533762057878,0.9457236842105263,0.9388429752066115,0.9390444810543658,0.9694533762057878,0.9646302250803859,0.9662379421221865,0.9526143790849673,0.9694533762057878
0.9805825242718447,0.9602649006622517,0.9463087248322147,0.9445378151260504,0.9838709677419355,0.984689766317486,0.984689766317486,0.9696472518457753,0.9612530915086562,0.9636963696369637,0.984689766317486,0.9782082324455206,0.9838969404186796,0.9713349713349714,0.9871382636655949
0.973322554567502,0.9416666666666667,0.9377104377104377,0.9288135593220339,0.9766317485898469,0.9774557165861514,0.9758064516129032,0.9528535980148883,0.9419568822553898,0.9436152570480929,0.9774557165861514,0.9676898222940227,0.9717969379532635,0.9605911330049262,0.9790996784565916
0.9626016260162602,0.9425478767693589,0.9386038687973086,0.9324324324324325,0.9717969379532635,0.9734513274336283,0.9717969379532635,0.9538714991762768,0.945364238410596,0.946236559139785,0.9734513274336283,0.9669621273166801,0.9710144927536232,0.9615699100572364,0.9742765273311897
0.9748987854251012,0.9451827242524917,0.9410774410774411,0.9375,0.9806763285024155,0.9823151125401929,0.9798549556809025,0.962171052631579,0.9487603305785124,0.9497942386831276,0.9823151125401929,0.9734085414987913,0.9782783588093322,0.9664209664209664,0.9823151125401929
0.9667477696674777,0.9495450785773366,0.9374478732276897,0.9303106633081444,0.9725806451612903,0.9742351046698873,0.9725806451612903,0.9546578730420445,0.9530864197530864,0.9451827242524917,0.9742351046698873,0.9693548387096774,0.9725806451612903,0.9598031173092699,0.9758842443729904
0.9814366424535916,0.9474562135112594,0.9296013570822731,0.9195205479452054,0.9830781627719581,0.9855305466237942,0.9847144006436042,0.9500831946755408,0.9439330543933054,0.9430485762144054,0.9855305466237942,0.9814963797264682,0.9855305466237942,0.9613168724279836,0.9855305466237942
0.9724919093851133,0.9434276206322796,0.9386038687973086,0.9288135593220339,0.9766317485898469,0.9782783588093322,0.9749798224374495,0.9537190082644628,0.946236559139785,0.9417637271214643,0.9782783588093322,0.9685230024213075,0.9750201450443191,0.9588815789473685,0.9790996784565916
0.9715678310316815,0.9493775933609958,0.9475437135720233,0.9343434343434344,0.9790322580645161,0.9790322580645161,0.9806763285024155,0.9664758789860998,0.9529314616019818,0.9546578730420445,0.9790322580645161,0.9774193548387097,0.9806763285024155,0.9647829647829648,0.9823151125401929
0.9781729991915926,0.9430485762144054,0.9320882852292021,0.9230769230769231,0.9814665592264303,0.9822866344605475,0.9822866344605475,0.9535655058043118,0.9450915141430949,0.9390142021720969,0.9822866344605475,0.9717969379532635,0.9758454106280193,0.9613168724279836,0.9839228295819936
0.9700889248181084,0.9451827242524917,0.9405857740585774,0.9280270956816258,0.9734085414987913,0.9750603378921963,0.9742351046698873,0.9538714991762768,0.9410788381742738,0.939115929941618,0.9750603378921963,0.9669621273166801,0.9710610932475884,0.9564502875924404,0.9758842443729904
0.9676375404530745,0.9443983402489626,0.9377104377104377,0.9280270956816258,0.9717969379532635,0.9726247987117552,0.9734513274336283,0.9581624282198523,0.9445822994210091,0.9434276206322796,0.9726247987117552,0.966183574879227,0.9718423169750603,0.9615699100572364,0.9742765273311897
0.9674267100977199,0.9431438127090301,0.9471919530595139,0.9358108108108109,0.9782433521353747,0.9790660225442834,0.9774193548387097,0.9587458745874587,0.9374478732276897,0.9416666666666667,0.9790660225442834,0.962843295638126,0.9717969379532635,0.9638752052545156,0.9807073954983923
0.9756888168557536,0.9456066945606695,0.9465776293823038,0.9306260575296108,0.9814665592264303,0.9831053901850362,0.9822866344605475,0.9595375722543352,0.9509559434746467,0.9432387312186978,0.9831053901850362,0.9782433521353747,0.9782783588093322,0.9612530915086562,0.9839228295819936
0.973322554567502,0.9501661129568106,0.936026936026936,0.926208651399491,0.9766317485898469,0.9782783588093322,0.9782783588093322,0.9536423841059603,0.945,0.9433333333333334,0.9782783588093322,0.9710144927536232,0.9750603378921963,0.9579554822753503,0.9790996784565916
0.9709208400646203,0.9417637271214643,0.9338912133891213,0.924114671163575,0.9742351046698873,0.9750603378921963,0.9750603378921963,0.9504132231404959,0.9401993355481728,0.9402985074626866,0.9750603378921963,0.9677938808373591,0.9718423169750603,0.9530090684253916,0.9758842443729904
0.9691558441558441,0.9520661157024793,0.9422594142259414,0.9379194630872483,0.9749798224374495,0.9774557165861514,0.9758064516129032,0.9563066776586975,0.9537953795379538,0.9503311258278145,0.9774557165861514,0.9709208400646203,0.9758454106280193,0.9622950819672131,0.9790996784565916
0.97165991902834,0.9503311258278145,0.9441201000834029,0.9371332774518022,0.9766317485898469,0.9782783588093322,0.9782783588093322,0.9563066776586975,0.9511993382961125,0.9511184755592378,0.9782783588093322,0.9774557165861514,0.9766693483507642,0.9588815789473685,0.9790996784565916
0.9765561843168957,0.9553719008264463,0.9429530201342282,0.9394957983193277,0.9782082324455206,0.9814963797264682,0.9814963797264682,0.9587458745874587,0.9522240527182867,0.9418604651162791,0.9814963797264682,0.9694041867954911,0.9742765273311897,0.9655737704918033,0.9823151125401929
0.9692058346839546,0.947804473902237,0.945,0.9245122985581001,0.9733656174334141,0.977491961414791,0.9741935483870968,0.9589490968801314,0.9463253509496284,0.9481481481481482,0.977491961414791,0.9661290322580646,0.9702333065164923,0.9615069615069615,0.977491961414791
0.9781376518218623,0.9518272425249169,0.9507101086048454,0.9427609427609428,0.9830781627719581,0.9847144006436042,0.9830781627719581,0.9595375722543352,0.9511993382961125,0.9495450785773366,0.9847144006436042,0.9750201450443191,0.9782433521353747,0.9672131147540983,0.9855305466237942
0.9789303079416531,0.949748743718593,0.9399830938292477,0.9300341296928327,0.9830508474576272,0.9855072463768116,0.9830508474576272,0.9661436829066887,0.9532554257095158,0.9519071310116086,0.9855072463768116,0.9789983844911146,0.9814665592264303,0.9695473251028807,0.9871382636655949
0.9749393694421988,0.9521452145214522,0.9418702611625948,0.9429530201342282,0.9790660225442834,0.9798873692679002,0.9774193548387097,0.9554455445544554,0.947107438016529,0.9435215946843853,0.9798873692679002,0.9717514124293786,0.9741935483870968,0.9597370583401807,0.9807073954983923
0.974025974025974,0.9455155071248952,0.9402859545836838,0.9285714285714286,0.9814665592264303,0.9831053901850362,0.9822866344605475,0.9628406275805119,0.9490392648287385,0.9508742714404663,0.9831053901850362,0.9814665592264303,0.9823151125401929,0.9654036243822076,0.9839228295819936
0.9732793522267207,0.9537953795379538,0.9465776293823038,0.936026936026936,0.976594027441485,0.9774193548387097,0.9782433521353747,0.9588815789473685,0.9563786008230453,0.9520661157024793,0.9774193548387097,0.9709208400646203,0.9774557165861514,0.9622950819672131,0.9807073954983923
0.979757085020243,0.948073701842546,0.948073701842546,0.9301533219761499,0.9814066289409863,0.9855072463768116,0.9822294022617124,0.9585406301824212,0.9405857740585774,0.945,0.9855072463768116,0.9693053311793215,0.9758064516129032,0.9636963696369637,0.9871382636655949
0.9724919093851133,0.946058091286307,0.9379194630872483,0.9300758213984835,0.9774557165861514,0.9774557165861514,0.9766317485898469,0.9486754966887417,0.9486754966887417,0.935672514619883,0.9774557165861514,0.9741935483870968,0.9750201450443191,0.9538714991762768,0.9790996784565916
0.9732793522267207,0.9475437135720233,0.9463986599664992,0.9323181049069373,0.976594027441485,0.9798873692679002,0.9782433521353747,0.9578860445912469,0.9511993382961125,0.9486754966887417,0.9798873692679002,0.9717969379532635,0.9766693483507642,0.9638752052545156,0.9807073954983923
0.97165991902834,0.9461474730737366,0.9351305812973884,0.926208651399491,0.9758064516129032,0.9766317485898469,0.9766317485898469,0.9502487562189055,0.9429280397022333,0.931323283082077,0.9766317485898469,0.9685230024213075,0.9726247987117552,0.9545829892650702,0.9790996784565916
0.970873786407767,0.9421487603305785,0.9414715719063546,0.9317607413647851,0.9766693483507642,0.977491961414791,0.977491961414791,0.9522240527182867,0.9422442244224423,0.9429280397022333,0.977491961414791,0.9742765273311897,0.977491961414791,0.9582309582309583,0.977491961414791
0.9715215622457283,0.9528535980148883,0.9476309226932669,0.9396984924623115,0.9814665592264303,0.9831053901850362,0.9822866344605475,0.9639344262295082,0.9580246913580247,0.9547325102880658,0.9831053901850362,0.9766317485898469,0.9814963797264682,0.9664758789860998,0.9839228295819936
0.9773828756058158,0.9588815789473685,0.9500831946755408,0.9379194630872483,0.9798549556809025,0.9798549556809025,0.9806763285024155,0.9614438063986874,0.9589490968801314,0.9520661157024793,0.9798549556809025,0.9758064516129032,0.9774557165861514,0.9639934533551555,0.9823151125401929
0.9773462783171522,0.9511184755592378,0.9534109816971714,0.9378151260504202,0.9806451612903225,0.9822866344605475,0.9822866344605475,0.962171052631579,0.9511993382961125,0.9519867549668874,0.9822866344605475,0.9741935483870968,0.9831053901850362,0.9655737704918033,0.9839228295819936
0.9748987854251012,0.9501661129568106,0.9420654911838791,0.9376053962900506,0.9782082324455206,0.9798549556809025,0.9798549556809025,0.9562345169281585,0.9493775933609958,0.9484193011647255,0.9798549556809025,0.976594027441485,0.9814963797264682,0.961380443714051,0.9823151125401929
0.9740680713128039,0.9431438127090301,0.9376053962900506,0.9251700680272109,0.9790322580645161,0.9806763285024155,0.9798549556809025,0.9509559434746467,0.9425478767693589,0.9442131557035803,0.9806763285024155,0.9725806451612903,0.9774557165861514,0.9552980132450332,0.9823151125401929
0.9643435980551054,0.9463253509496284,0.934001670843776,0.926829268292683,0.9701853344077357,0.9710144927536232,0.9701853344077357,0.9506578947368421,0.9472817133443163,0.9429280397022333,0.9710144927536232,0.9629032258064516,0.9669621273166801,0.955810147299509,0.9726688102893891
0.9805825242718447,0.9551495016611296,0.950544844928751,0.9381879762912786,0.9838709677419355,0.9871382636655949,0.984689766317486,0.966199505358615,0.9545078577336642,0.9513602638087386,0.9871382636655949,0.9782433521353747,0.9790996784565916,0.9695973705834018,0.9871382636655949
0.970873786407767,0.946236559139785,0.9317607413647851,0.9182282793867121,0.9733656174334141,0.9758454106280193,0.9741935483870968,0.9513602638087386,0.9411764705882353,0.9333333333333333,0.9758454106280193,0.9685230024213075,0.9726247987117552,0.9590834697217676,0.977491961414791
0.9707317073170731,0.9439330543933054,0.9331075359864521,0.9233390119250426,0.9773828756058158,0.9806763285024155,0.9773828756058158,0.9500831946755408,0.9432387312186978,0.9398998330550918,0.9806763285024155,0.9668552950687146,0.9750201450443191,0.9587458745874587,0.9823151125401929
0.9683698296836983,0.9461474730737366,0.9363484087102177,0.9282700421940928,0.9750201450443191,0.9758454106280193,0.9758454106280193,0.9547325102880658,0.9488448844884488,0.9394190871369295,0.9758454106280193,0.9717969379532635,0.9710144927536232,0.9581624282198523,0.977491961414791
0.9643435980551054,0.935,0.9357798165137615,0.9261744966442953,0.9676898222940227,0.9685230024213075,0.9693548387096774,0.94467382328654,0.9316666666666666,0.9359933499584372,0.9685230024213075,0.9603880355699272,0.9685737308622079,0.9481481481481482,0.9726688102893891
0.9667477696674777,0.9444904722452361,0.9395973154362416,0.9334456613310868,0.9725806451612903,0.9750603378921963,0.9734085414987913,0.9564502875924404,0.9515201314708299,0.9455445544554455,0.9750603378921963,0.9685737308622079,0.9669621273166801,0.9590163934426229,0.9758842443729904
0.974817221770918,0.9570957095709571,0.9456975772765246,0.9439330543933054,0.9830781627719581,0.9838969404186796,0.9838969404186796,0.967266775777414,0.9530864197530864,0.9487603305785124,0.9838969404186796,0.9734085414987913,0.9790660225442834,0.9681112019623875,0.9855305466237942
0.9765182186234818,0.9404861693210393,0.9376053962900506,0.9296013570822731,0.9814665592264303,0.9822866344605475,0.9822866344605475,0.9552238805970149,0.9371332774518022,0.9423558897243107,0.9822866344605475,0.9725806451612903,0.9814963797264682,0.9543568464730291,0.9839228295819936
0.9781729991915926,0.9457881567973311,0.9377104377104377,0.9251700680272109,0.9814665592264303,0.9814665592264303,0.9822866344605475,0.9526970954356846,0.9425478767693589,0.9341117597998332,0.9814665592264303,0.9758064516129032,0.9758454106280193,0.9604612850082372,0.9839228295819936
0.9691558441558441,0.9438390611902766,0.9324324324324325,0.9178082191780822,0.9749798224374495,0.9774557165861514,0.9766317485898469,0.9499165275459098,0.9396984924623115,0.9380234505862647,0.9774557165861514,0.967741935483871,0.9718423169750603,0.9586092715231788,0.9790996784565916
0.9765561843168957,0.9528535980148883,0.9464882943143813,0.9420654911838791,0.9782082324455206,0.9806763285024155,0.9798549556809025,0.9562345169281585,0.9497114591920858,0.947804473902237,0.9806763285024155,0.9693548387096774,0.9758454106280193,0.9639344262295082,0.9823151125401929
0.9602595296025953,0.9365609348914858,0.9346733668341709,0.9232067510548523,0.9669621273166801,0.9694533762057878,0.9669621273166801,0.940980881130507,0.9384359400998337,0.935672514619883,0.9694533762057878,0.9605157131345688,0.9669621273166801,0.947107438016529,0.9694533762057878
0.979757085020243,0.9526970954356846,0.9499165275459098,0.943744752308984,0.984689766317486,0.9855072463768116,0.9822294022617124,0.9638157894736842,0.9519867549668874,0.9485049833887044,0.9855072463768116,0.9749393694421988,0.9798224374495561,0.9672131147540983,0.9871382636655949
0.9635627530364372,0.9323308270676691,0.931438127090301,0.9170896785109983,0.9694041867954911,0.9694041867954911,0.9685737308622079,0.9385382059800664,0.9362054681027341,0.9323308270676691,0.9694041867954911,0.958904109589041,0.9669621273166801,0.9472817133443163,0.9710610932475884
0.9715678310316815,0.943650126156434,0.9388794567062818,0.9293617021276596,0.9773828756058158,0.9798549556809025,0.9790322580645161,0.9515050167224081,0.9412751677852349,0.9429530201342282,0.9798549556809025,0.9652945924132365,0.9766317485898469,0.9593360995850623,0.9823151125401929
0.965964343598055,0.947804473902237,0.9424520433694745,0.9398998330550918,0.970137207425343,0.9726247987117552,0.9717969379532635,0.9573070607553367,0.9488448844884488,0.9522240527182867,0.9726247987117552,0.964516129032258,0.9710144927536232,0.9624183006535948,0.9742765273311897
0.9813765182186235,0.9594706368899917,0.9549248747913188,0.9372881355932203,0.9863013698630136,0.9879324215607401,0.9887459807073955,0.9654036243822076,0.9603960396039604,0.9595375722543352,0.9879324215607401,0.9863234111021721,0.9887459807073955,0.9704918032786886,0.9887459807073955
0.9781021897810219,0.9524603836530442,0.937394247038917,0.9427609427609428,0.9838709677419355,0.9863234111021721,0.9838709677419355,0.9619205298013245,0.9542809642560266,0.9441201000834029,0.9863234111021721,0.9782082324455206,0.9814665592264303,0.9679012345679012,0.9871382636655949
0.9707792207792207,0.945,0.9370277078085643,0.9336691855583543,0.976594027441485,0.9790660225442834,0.9782433521353747,0.9528535980148883,0.9502487562189055,0.9451827242524917,0.9790660225442834,0.970137207425343,0.9766693483507642,0.9588815789473685,0.9807073954983923
0.9773095623987034,0.9447236180904522,0.9385004212299916,0.9402859545836838,0.9830781627719581,0.9838969404186796,0.9830781627719581,0.9526184538653366,0.9484193011647255,0.9447236180904522,0.9838969404186796,0.9741935483870968,0.9830781627719581,0.956089478044739,0.9855305466237942
0.9651257096512571,0.9364548494983278,0.9346733668341709,0.9195596951735817,0.9684721099434115,0.9726247987117552,0.9684721099434115,0.9496284062758051,0.9417637271214643,0.9445822994210091,0.9726247987117552,0.9644012944983819,0.9709677419354839,0.9539473684210527,0.9742765273311897
0.9781729991915926,0.9537190082644628,0.9440267335004177,0.9306260575296108,0.9798224374495561,0.9831053901850362,0.9798224374495561,0.9604612850082372,0.9513602638087386,0.9464138499587799,0.9831053901850362,0.9717514124293786,0.9750201450443191,0.9655737704918033,0.9839228295819936
0.974025974025974,0.9519071310116086,0.9463087248322147,0.9393939393939394,0.9789983844911146,0.9822866344605475,0.9822866344605475,0.9535655058043118,0.9502487562189055,0.9451827242524917,0.9822866344605475,0.9766317485898469,0.9782783588093322,0.962171052631579,0.9839228295819936
0.9764419171405362,0.9596042868920033,0.9516666666666667,0.9358108108108109,0.9855072463768116,0.9871382636655949,0.9855072463768116,0.9621087314662273,0.9570247933884297,0.9492089925062448,0.9871382636655949,0.9822866344605475,0.9863234111021721,0.9655172413793104,0.9871382636655949
0.97165991902834,0.9476309226932669,0.9369217830109335,0.9235993208828522,0.9758064516129032,0.9782783588093322,0.9790996784565916,0.9545829892650702,0.9443983402489626,0.9406850459482038,0.9782783588093322,0.9734513274336283,0.977491961414791,0.9614438063986874,0.9790996784565916
0.981346309813463,0.9499165275459098,0.9408783783783784,0.9336734693877551,0.9879129734085415,0.9903536977491961,0.9879129734085415,0.9619834710743802,0.9467554076539102,0.9508742714404663,0.9903536977491961,0.9782433521353747,0.9855072463768116,0.9662551440329218,0.9903536977491961
0.9624796084828712,0.9417637271214643,0.9431438127090301,0.9306260575296108,0.9741935483870968,0.9766693483507642,0.9750201450443191,0.9502487562189055,0.9385382059800664,0.9317803660565723,0.9766693483507642,0.9629032258064516,0.964573268921095,0.9528535980148883,0.977491961414791
0.968421052631579,0.9504132231404959,0.9474562135112594,0.9362416107382551,0.9742351046698873,0.9742351046698873,0.9750603378921963,0.9564502875924404,0.9489291598023064,0.9504132231404959,0.9742351046698873,0.964573268921095,0.9750603378921963,0.9624183006535948,0.9758842443729904
0.970873786407767,0.9433333333333334,0.9307432432432432,0.9281487743026204,0.9733656174334141,0.9758454106280193,0.9733656174334141,0.9503311258278145,0.942643391521197,0.940099833610649,0.9758454106280193,0.962843295638126,0.9693548387096774,0.9546578730420445,0.977491961414791
0.9700889248181084,0.942643391521197,0.9325463743676222,0.9319899244332494,0.9742351046698873,0.9750603378921963,0.9758842443729904,0.9487603305785124,0.9428334714167357,0.9343308395677473,0.9750603378921963,0.9702333065164923,0.9710610932475884,0.9548069022185702,0.9758842443729904
0.9707792207792207,0.9414715719063546,0.9403862300587741,0.9316455696202531,0.9782433521353747,0.9790660225442834,0.9790660225442834,0.9493775933609958,0.945,0.9440267335004177,0.9790660225442834,0.9766317485898469,0.9782783588093322,0.9519867549668874,0.9807073954983923
0.9707317073170731,0.9508742714404663,0.9482470784641068,0.9331075359864521,0.9782082324455206,0.9798549556809025,0.9790322580645161,0.9637561779242174,0.9450915141430949,0.946843853820598,0.9798549556809025,0.9693548387096774,0.9734085414987913,0.9680065627563577,0.9823151125401929
0.97165991902834,0.9503311258278145,0.9431438127090301,0.9369217830109335,0.9790996784565916,0.9790996784565916,0.9774557165861514,0.957166392092257,0.9530090684253916,0.9477178423236514,0.9790996784565916,0.9742351046698873,0.9774557165861514,0.9605911330049262,0.9790996784565916
0.9611650485436893,0.9239766081871345,0.9164556962025316,0.9155405405405406,0.9636803874092009,0.964516129032258,0.964516129032258,0.9326683291770573,0.9216666666666666,0.9220452640402347,0.964516129032258,0.9523809523809523,0.9612903225806452,0.9353233830845771,0.9678456591639871
0.9698942229454841,0.9563066776586975,0.9449081803005008,0.9325463743676222,0.9757281553398058,0.9798549556809025,0.9782082324455206,0.9579554822753503,0.9555189456342669,0.9479768786127167,0.9798549556809025,0.9749393694421988,0.9726247987117552,0.9690048939641109,0.9823151125401929
0.9756493506493507,0.9536423841059603,0.9432387312186978,0.9343434343434344,0.9822580645161291,0.9847144006436042,0.9838969404186796,0.9604612850082372,0.9512799339388934,0.9511184755592378,0.9847144006436042,0.9766317485898469,0.9831053901850362,0.9689542483660131,0.9855305466237942
0.9676375404530745,0.940099833610649,0.9441201000834029,0.9230769230769231,0.970137207425343,0.9726247987117552,0.9717969379532635,0.9530864197530864,0.9411764705882353,0.9404958677685951,0.9726247987117552,0.964516129032258,0.9686242960579243,0.9582309582309583,0.9742765273311897
0.9635036496350365,0.9375520399666945,0.9305439330543933,0.9226890756302522,0.9693548387096774,0.9701853344077357,0.9710144927536232,0.9497942386831276,0.9429280397022333,0.9370860927152318,0.9701853344077357,0.9637389202256245,0.966183574879227,0.9540983606557377,0.9726688102893891
0.9765182186234818,0.9519071310116086,0.9420654911838791,0.9349112426035503,0.9806451612903225,0.9822866344605475,0.9806451612903225,0.9561621174524401,0.9545829892650702,0.9423558897243107,0.9822866344605475,0.9758064516129032,0.9782433521353747,0.9596042868920033,0.9839228295819936
0.9642857142857143,0.9390142021720969,0.9363484087102177,0.928390901432182,0.9709677419354839,0.9726247987117552,0.970137207425343,0.9538714991762768,0.9490131578947368,0.9443983402489626,0.9726247987117552,0.9620661824051655,0.9685737308622079,0.9564502875924404,0.9742765273311897
0.9627228525121556,0.931438127090301,0.9318755256518082,0.9220338983050848,0.9694041867954911,0.9702333065164923,0.967741935483871,0.9454545454545454,0.9335548172757475,0.9323308270676691,0.9702333065164923,0.9588377723970944,0.9653505237711523,0.9506578947368421,0.9710610932475884
0.9765182186234818,0.9404861693210393,0.9268707482993197,0.9213675213675213,0.9806451612903225,0.9822866344605475,0.9822866344605475,0.9535655058043118,0.9467554076539102,0.9381270903010034,0.9822866344605475,0.9758064516129032,0.9798873692679002,0.9552980132450332,0.9839228295819936
0.9724919093851133,0.9493775933609958,0.9361344537815126,0.939799331103679,0.9758064516129032,0.9774557165861514,0.9766317485898469,0.9467554076539102,0.9511184755592378,0.9381270903010034,0.9774557165861514,0.9717969379532635,0.9766317485898469,0.9580246913580247,0.9790996784565916
0.968421052631579,0.9424520433694745,0.936026936026936,0.9216354344122658,0.9742351046698873,0.9758842443729904,0.9725806451612903,0.9467554076539102,0.9328859060402684,0.9353484466834593,0.9758842443729904,0.9661290322580646,0.9717969379532635,0.9502487562189055,0.9758842443729904
0.9748987854251012,0.9562345169281585,0.9463087248322147,0.9448160535117057,0.9790322580645161,0.9814963797264682,0.9814963797264682,0.9613168724279836,0.9580246913580247,0.9495450785773366,0.9814963797264682,0.9758454106280193,0.9790996784565916,0.9689542483660131,0.9823151125401929
0.9717057396928052,0.9486754966887417,0.9371332774518022,0.932998324958124,0.9766693483507642,0.977491961414791,0.977491961414791,0.9521452145214522,0.9444904722452361,0.945273631840796,0.977491961414791,0.9726688102893891,0.977491961414791,0.9564502875924404,0.977491961414791
0.9732793522267207,0.9458784346378019,0.9472803347280335,0.9342327150084317,0.976594027441485,0.9790660225442834,0.976594027441485,0.9526970954356846,0.9423558897243107,0.9451827242524917,0.9790660225442834,0.9741518578352181,0.9750201450443191,0.9613168724279836,0.9807073954983923
0.9749393694421988,0.9470198675496688,0.93681550126369,0.9306260575296108,0.9782433521353747,0.9807073954983923,0.9790660225442834,0.9537953795379538,0.947107438016529,0.9424520433694745,0.9807073954983923,0.9758454106280193,0.9790660225442834,0.9615069615069615,0.9807073954983923
0.9716139497161395,0.9414715719063546,0.9332206255283179,0.9215017064846417,0.976594027441485,0.9782433521353747,0.9774193548387097,0.9509559434746467,0.9398998330550918,0.9362416107382551,0.9782433521353747,0.966908797417272,0.9766317485898469,0.9552980132450332,0.9807073954983923
0.9765561843168957,0.9509559434746467,0.9490392648287385,0.9366018596787827,0.9814963797264682,0.9823151125401929,0.9814963797264682,0.9603305785123967,0.9437086092715232,0.9444904722452361,0.9823151125401929,0.9654062751407884,0.9734513274336283,0.9671592775041051,0.9823151125401929
0.9822294022617124,0.9636363636363636,0.9559434746467166,0.9507101086048454,0.9838709677419355,0.9863234111021721,0.9830508474576272,0.96875,0.9644921552436003,0.9594034797017399,0.9863234111021721,0.9814366424535916,0.9855072463768116,0.9746524938675388,0.9871382636655949
0.9725363489499192,0.945364238410596,0.9395973154362416,0.9316455696202531,0.9750201450443191,0.977491961414791,0.9750201450443191,0.9530090684253916,0.9489291598023064,0.9479768786127167,0.977491961414791,0.9701853344077357,0.9726247987117552,0.9615699100572364,0.977491961414791
0.9683698296836983,0.9470198675496688,0.9448160535117057,0.9370277078085643,0.9733656174334141,0.9741935483870968,0.9758454106280193,0.9607201309328969,0.9507389162561576,0.9459016393442623,0.9741935483870968,0.9652945924132365,0.9677938808373591,0.964110929853181,0.977491961414791
0.9789983844911146,0.9537190082644628,0.9482470784641068,0.9393939393939394,0.9814665592264303,0.9839228295819936,0.9814665592264303,0.962171052631579,0.9529314616019818,0.945273631840796,0.9839228295819936,0.9766317485898469,0.9798873692679002,0.9638752052545156,0.9839228295819936
0.9773462783171522,0.946843853820598,0.942162615255658,0.9306260575296108,0.9806451612903225,0.9806451612903225,0.9831053901850362,0.9545078577336642,0.9403973509933775,0.9394190871369295,0.9806451612903225,0.967741935483871,0.9766693483507642,0.9605263157894737,0.9839228295819936
0.9814366424535916,0.9559434746467166,0.9499165275459098,0.9420654911838791,0.9847144006436042,0.9855305466237942,0.9847144006436042,0.9636963696369637,0.956882255389718,0.95,0.9855305466237942,0.9782783588093322,0.9814963797264682,0.9671052631578947,0.9855305466237942
0.9782082324455206,0.9496284062758051,0.9420654911838791,0.9324324324324325,0.9823151125401929,0.9823151125401929,0.9823151125401929,0.9588138385502472,0.9530864197530864,0.9445822994210091,0.9823151125401929,0.977491961414791,0.9807073954983923,0.9605263157894737,0.9823151125401929
0.9642857142857143,0.9415692821368948,0.9378151260504202,0.9288135593220339,0.970137207425343,0.9717969379532635,0.9709677419354839,0.9554455445544554,0.9419568822553898,0.9367720465890182,0.9717969379532635,0.9580645161290322,0.9637389202256245,0.9563066776586975,0.9742765273311897
0.9635627530364372,0.9368770764119602,0.9292929292929293,0.9232067510548523,0.967741935483871,0.9685737308622079,0.9652384801940178,0.9445822994210091,0.9430222956234517,0.9320066334991708,0.9685737308622079,0.9620048504446241,0.9612277867528272,0.9515201314708299,0.9710610932475884
0.9724919093851133,0.9530090684253916,0.939799331103679,0.9353484466834593,0.9766317485898469,0.9774557165861514,0.9782783588093322,0.9615069615069615,0.9564502875924404,0.9489291598023064,0.9774557165861514,0.9758454106280193,0.9734513274336283,0.9665851670741646,0.9790996784565916
0.974817221770918,0.9517470881863561,0.9430485762144054,0.9439330543933054,0.9814366424535916,0.9830781627719581,0.9847144006436042,0.9612530915086562,0.9519071310116086,0.9511993382961125,0.9830781627719581,0.9782433521353747,0.9814963797264682,0.9705882352941176,0.9855305466237942
0.9707792207792207,0.9363484087102177,0.9286926994906621,0.9241261722080136,0.975767366720517,0.9782433521353747,0.976594027441485,0.9449081803005008,0.9373433583959899,0.9288702928870293,0.9782433521353747,0.9717514124293786,0.9701853344077357,0.9527754763877382,0.9807073954983923
0.9693053311793215,0.946058091286307,0.9422594142259414,0.9326599326599326,0.9717969379532635,0.9742765273311897,0.9726247987117552,0.9495450785773366,0.9488448844884488,0.9442131557035803,0.9742765273311897,0.964573268921095,0.9734513274336283,0.9590163934426229,0.9742765273311897
0.9683698296836983,0.9373433583959899,0.9281487743026204,0.9217687074829932,0.9717057396928052,0.9741935483870968,0.9733656174334141,0.9406850459482038,0.9306599832915622,0.9259259259259259,0.9741935483870968,0.9587712206952304,0.9709677419354839,0.9477178423236514,0.977491961414791
0.965964343598055,0.9467554076539102,0.9429530201342282,0.9333333333333333,0.9717969379532635,0.9717969379532635,0.9726247987117552,0.9501661129568106,0.9476309226932669,0.9398998330550918,0.9717969379532635,0.9685737308622079,0.9677938808373591,0.9588138385502472,0.9742765273311897
0.9822294022617124,0.9499165275459098,0.9428571428571428,0.9385004212299916,0.9838709677419355,0.9871382636655949,0.9855072463768116,0.9594706368899917,0.9526970954356846,0.9503311258278145,0.9871382636655949,0.9710144927536232,0.9823151125401929,0.9671592775041051,0.9871382636655949
0.9553208773354996,0.9402985074626866,0.9224283305227656,0.9087809036658141,0.9629032258064516,0.964573268921095,0.9654062751407884,0.9445822994210091,0.9370860927152318,0.9230769230769231,0.964573268921095,0.9549114331723028,0.9589702333065165,0.9497942386831276,0.9662379421221865
0.9683698296836983,0.946843853820598,0.9382303839732888,0.9248945147679325,0.9758454106280193,0.9766693483507642,0.9758454106280193,0.9519867549668874,0.9436152570480929,0.9384359400998337,0.9766693483507642,0.9685737308622079,0.9734513274336283,0.957166392092257,0.977491961414791
0.9772727272727273,0.9542809642560266,0.9482470784641068,0.9438390611902766,0.9838709677419355,0.9855072463768116,0.984689766317486,0.9577464788732394,0.9544324772162386,0.9562345169281585,0.9855072463768116,0.9790322580645161,0.9830781627719581,0.9646090534979423,0.9871382636655949
0.9756888168557536,0.9500831946755408,0.948073701842546,0.93681550126369,0.9806451612903225,0.9831053901850362,0.9814665592264303,0.9544324772162386,0.9469320066334992,0.9436152570480929,0.9831053901850362,0.9701853344077357,0.9774557165861514,0.9630238290879212,0.9839228295819936
0.9643435980551054,0.9367720465890182,0.9203389830508475,0.917726887192536,0.9685230024213075,0.9718423169750603,0.9701853344077357,0.9444904722452361,0.9353233830845771,0.9334442595673876,0.9718423169750603,0.9629032258064516,0.9702333065164923,0.951440329218107,0.9726688102893891
0.970873786407767,0.9425478767693589,0.9413735343383585,0.9290540540540541,0.9766693483507642,0.977491961414791,0.9758454106280193,0.9555921052631579,0.9402985074626866,0.9495450785773366,0.977491961414791,0.9694041867954911,0.9734513274336283,0.9555921052631579,0.977491961414791
0.9708265802269044,0.9501661129568106,0.9281487743026204,0.9281487743026204,0.9749798224374495,0.9766317485898469,0.9774557165861514,0.9457881567973311,0.9467554076539102,0.9337803855825649,0.9766317485898469,0.9693548387096774,0.9726247987117552,0.9553719008264463,0.9790996784565916
0.965964343598055,0.947804473902237,0.9377104377104377,0.9370277078085643,0.9717969379532635,0.9734513274336283,0.9717969379532635,0.9512799339388934,0.9469320066334992,0.9443059019118869,0.9734513274336283,0.967741935483871,0.9718423169750603,0.9573070607553367,0.9742765273311897
0.9716139497161395,0.9535655058043118,0.9420654911838791,0.93681550126369,0.9782433521353747,0.9782433521353747,0.976594027441485,0.9596042868920033,0.9552980132450332,0.9527754763877382,0.9782433521353747,0.973322554567502,0.976594027441485,0.9647251845775225,0.9807073954983923
0.9659090909090909,0.9357798165137615,0.9354568315171836,0.9146757679180887,0.9734085414987913,0.9758842443729904,0.9725806451612903,0.9435215946843853,0.9293433083956775,0.9317803660565723,0.9758842443729904,0.9580645161290322,0.9669621273166801,0.9513602638087386,0.9758842443729904
0.9773095623987034,0.9526970954356846,0.943744752308984,0.9411764705882353,0.9822580645161291,0.9847144006436042,0.9838969404186796,0.9613168724279836,0.9587458745874587,0.9526970954356846,0.9847144006436042,0.9790660225442834,0.9847144006436042,0.9655737704918033,0.9855305466237942
0.9773828756058158,0.9423558897243107,0.9423558897243107,0.9290540540540541,0.9782082324455206,0.9806763285024155,0.9773828756058158,0.9579554822753503,0.9415692821368948,0.9520661157024793,0.9806763285024155,0.9717057396928052,0.9798549556809025,0.9639344262295082,0.9823151125401929
0.9781021897810219,0.9550748752079867,0.9474562135112594,0.9448160535117057,0.9855072463768116,0.9863234111021721,0.9863234111021721,0.9602649006622517,0.9603960396039604,0.9473684210526315,0.9863234111021721,0.9814963797264682,0.9831053901850362,0.9662551440329218,0.9871382636655949
0.9627228525121556,0.935,0.9296482412060302,0.9151103565365025,0.967741935483871,0.9694041867954911,0.967741935483871,0.9394190871369295,0.9307756463719766,0.9274395329441201,0.9694041867954911,0.96045197740113,0.9637389202256245,0.9515996718621821,0.9710610932475884
0.9635036496350365,0.9351081530782029,0.9316666666666666,0.9235936188077246,0.9701853344077357,0.9710144927536232,0.9693548387096774,0.9524590163934427,0.9398186314921682,0.9431162407254741,0.9710144927536232,0.9564516129032258,0.9685737308622079,0.9558823529411765,0.9726688102893891
0.9675324675324676,0.9417637271214643,0.9380234505862647,0.9327731092436975,0.9717057396928052,0.9750201450443191,0.9733656174334141,0.9494614747307374,0.9367720465890182,0.9401993355481728,0.9750201450443191,0.9652945924132365,0.9709677419354839,0.9563786008230453,0.977491961414791
0.9700404858299595,0.9398998330550918,0.942162615255658,0.9277824978759558,0.9733656174334141,0.9750201450443191,0.9758454106280193,0.9537190082644628,0.9427385892116182,0.9425478767693589,0.9750201450443191,0.9693548387096774,0.9734513274336283,0.9622950819672131,0.977491961414791
0.9644588045234249,0.9310924369747899,0.9258010118043845,0.910333048676345,0.9686242960579243,0.9686242960579243,0.9669621273166801,0.9417637271214643,0.931323283082077,0.932443703085905,0.9686242960579243,0.9596774193548387,0.9621273166800967,0.9461474730737366,0.9694533762057878
0.974025974025974,0.9395973154362416,0.9333333333333333,0.9215017064846417,0.9781729991915926,0.9822866344605475,0.9814665592264303,0.9508742714404663,0.9390142021720969,0.9380234505862647,0.9822866344605475,0.970137207425343,0.9790996784565916,0.956953642384106,0.9839228295819936
0.9675850891410048,0.9384359400998337,0.9343434343434344,0.926458157227388,0.9717514124293786,0.9734085414987913,0.9734085414987913,0.945364238410596,0.9276807980049875,0.9246231155778895,0.9734085414987913,0.9556093623890234,0.9677938808373591,0.947107438016529,0.9758842443729904
0.9627228525121556,0.9444904722452361,0.9364548494983278,0.9292929292929293,0.9694041867954911,0.9702333065164923,0.9694041867954911,0.9488448844884488,0.946236559139785,0.9435215946843853,0.9702333065164923,0.964573268921095,0.9694041867954911,0.9540229885057471,0.9710610932475884
0.9601949634443542,0.9351081530782029,0.9331103678929766,0.9296482412060302,0.9660743134087237,0.9685737308622079,0.966908797417272,0.9455445544554455,0.9370860927152318,0.9381698268755152,0.9685737308622079,0.962843295638126,0.9620661824051655,0.9507389162561576,0.9710610932475884
0.9652384801940178,0.9450915141430949,0.9432387312186978,0.9414715719063546,0.9694041867954911,0.9702333065164923,0.9694041867954911,0.9553719008264463,0.945364238410596,0.9504950495049505,0.9702333065164923,0.9605157131345688,0.9686242960579243,0.9605263157894737,0.9710610932475884
0.9740680713128039,0.9545829892650702,0.9456975772765246,0.9341216216216216,0.9773828756058158,0.9806763285024155,0.9790322580645161,0.9570247933884297,0.9503311258278145,0.946843853820598,0.9806763285024155,0.9725806451612903,0.9766317485898469,0.9647251845775225,0.9823151125401929
0.9659090909090909,0.9443983402489626,0.9388097233864208,0.9364548494983278,0.9692556634304207,0.9709208400646203,0.9725806451612903,0.9530864197530864,0.9447650453421269,0.94467382328654,0.9709208400646203,0.9596122778675282,0.967741935483871,0.9590834697217676,0.9758842443729904
0.9773462783171522,0.9508742714404663,0.943650126156434,0.927536231884058,0.9831053901850362,0.9831053901850362,0.9814665592264303,0.9534109816971714,0.9475437135720233,0.9430485762144054,0.9831053901850362,0.9750201450443191,0.9814665592264303,0.9611890999174236,0.9839228295819936
0.9854604200323102,0.9576763485477179,0.9463087248322147,0.9445378151260504,0.9887278582930756,0.9895414320193081,0.9903536977491961,0.96875,0.9595375722543352,0.9528535980148883,0.9895414320193081,0.9831053901850362,0.9839228295819936,0.972972972972973,0.9903536977491961
0.9797898140662894,0.9543568464730291,0.9352396972245585,0.9225531914893617,0.9830781627719581,0.9838969404186796,0.9838969404186796,0.9543568464730291,0.956089478044739,0.9396984924623115,0.9838969404186796,0.9774193548387097,0.9838969404186796,0.9586776859504132,0.9855305466237942
0.9789303079416531,0.9473684210526315,0.9463087248322147,0.9346904156064462,0.984689766317486,0.9855072463768116,0.984689766317486,0.9629629629629629,0.9570247933884297,0.95,0.9855072463768116,0.9782082324455206,0.9822866344605475,0.9680589680589681,0.9871382636655949
0.9700404858299595,0.9487603305785124,0.9371332774518022,0.9219015280135824,0.9766693483507642,0.977491961414791,0.9766693483507642,0.9573770491803278,0.9465020576131687,0.9427385892116182,0.977491961414791,0.9654062751407884,0.9742765273311897,0.9616326530612245,0.977491961414791
0.9699918896999189,0.9398998330550918,0.9367088607594937,0.909248055315471,0.9749798224374495,0.9774557165861514,0.9749798224374495,0.9467554076539102,0.9373433583959899,0.9382303839732888,0.9774557165861514,0.9717514124293786,0.9750201450443191,0.9537190082644628,0.9790996784565916
0.9691056910569106,0.9398998330550918,0.9279050042408821,0.9315300084530854,0.9749393694421988,0.9798873692679002,0.976594027441485,0.9485049833887044,0.9469320066334992,0.9374478732276897,0.9798873692679002,0.970137207425343,0.9734513274336283,0.957166392092257,0.9807073954983923
0.9601301871440195,0.9366666666666666,0.946058091286307,0.9310924369747899,0.9668552950687146,0.9701853344077357,0.9693548387096774,0.954954954954955,0.9387417218543046,0.946236559139785,0.9701853344077357,0.9612277867528272,0.9686242960579243,0.9592169657422512,0.9726688102893891
0.965964343598055,0.9345637583892618,0.9352396972245585,0.9246401354784082,0.9693053311793215,0.9709677419354839,0.9709677419354839,0.9502487562189055,0.9364548494983278,0.9376558603491272,0.9709677419354839,0.9660743134087237,0.9694041867954911,0.9563066776586975,0.9742765273311897
0.9618815896188159,0.94,0.9294117647058824,0.922165820642978,0.966908797417272,0.9694041867954911,0.9685737308622079,0.9478908188585607,0.9461474730737366,0.9417637271214643,0.9694041867954911,0.964516129032258,0.9669621273166801,0.9548069022185702,0.9710610932475884
0.9667477696674777,0.9363484087102177,0.9288135593220339,0.9254237288135593,0.9709208400646203,0.9725806451612903,0.9725806451612903,0.9494614747307374,0.9436152570480929,0.9417637271214643,0.9725806451612903,0.9685230024213075,0.9709677419354839,0.9529314616019818,0.9758842443729904
0.973322554567502,0.9442131557035803,0.9357021996615905,0.929481733220051,0.9766317485898469,0.9774557165861514,0.9758064516129032,0.9493775933609958,0.9451827242524917,0.9389121338912134,0.9774557165861514,0.9709677419354839,0.9725806451612903,0.9545829892650702,0.9790996784565916
0.9666395443449959,0.9466666666666667,0.9369217830109335,0.9216354344122658,0.9741518578352181,0.9774557165861514,0.9766317485898469,0.9553719008264463,0.9434276206322796,0.9374478732276897,0.9774557165861514,0.9661290322580646,0.9718423169750603,0.9605263157894737,0.9790996784565916
0.97165991902834,0.9416666666666667,0.9361344537815126,0.9290540540540541,0.9766317485898469,0.9766317485898469,0.9774557165861514,0.9555189456342669,0.9428334714167357,0.9345484672742337,0.9766317485898469,0.966908797417272,0.9677938808373591,0.9580936729663106,0.9790996784565916
0.9757281553398058,0.9555921052631579,0.956089478044739,0.9552980132450332,0.9806763285024155,0.9823151125401929,0.9814963797264682,0.9690048939641109,0.9633251833740831,0.9590834697217676,0.9823151125401929,0.9766693483507642,0.9807073954983923,0.9723577235772358,0.9823151125401929
0.9651257096512571,0.9401993355481728,0.942643391521197,0.9277310924369748,0.9709677419354839,0.9734513274336283,0.9693053311793215,0.9479768786127167,0.9412737799834574,0.9385382059800664,0.9734513274336283,0.9579967689822294,0.9669621273166801,0.9557377049180328,0.9742765273311897
0.9732360097323601,0.9526184538653366,0.9444444444444444,0.9391891891891891,0.9798549556809025,0.9798549556809025,0.9790322580645161,0.9526184538653366,0.945,0.9438390611902766,0.9798549556809025,0.9685230024213075,0.9774193548387097,0.9595375722543352,0.9823151125401929
0.9747762408462164,0.9534109816971714,0.9472803347280335,0.9320882852292021,0.9830508474576272,0.9855072463768116,0.9838709677419355,0.9654036243822076,0.9526970954356846,0.9527754763877382,0.9855072463768116,0.9774193548387097,0.9822866344605475,0.9688013136288999,0.9871382636655949
0.9748580697485807,0.9519867549668874,0.9447236180904522,0.942162615255658,0.9822866344605475,0.9822866344605475,0.9831053901850362,0.9587458745874587,0.9511993382961125,0.9442131557035803,0.9822866344605475,0.9742351046698873,0.9814963797264682,0.9647251845775225,0.9839228295819936
0.9739837398373984,0.9509559434746467,0.9472803347280335,0.9303904923599321,0.9773095623987034,0.9789644012944984,0.9797898140662894,0.9587458745874587,0.9520661157024793,0.9502487562189055,0.9789644012944984,0.968421052631579,0.9749393694421988,0.962171052631579,0.9855305466237942
0.9683184402924452,0.9477178423236514,0.93681550126369,0.9215017064846417,0.9724919093851133,0.9782783588093322,0.9749798224374495,0.9476309226932669,0.9374478732276897,0.9398998330550918,0.9782783588093322,0.9676898222940227,0.9734513274336283,0.9580246913580247,0.9790996784565916
0.966693744922827,0.9442131557035803,0.9395973154362416,0.9317607413647851,0.9717057396928052,0.9750201450443191,0.9750201450443191,0.9545829892650702,0.9503311258278145,0.945273631840796,0.9750201450443191,0.9685230024213075,0.9734513274336283,0.9605911330049262,0.977491961414791
0.9813765182186235,0.9560165975103735,0.9506276150627615,0.9399830938292477,0.9838449111470113,0.9846650524616626,0.9863013698630136,0.9636963696369637,0.9526970954356846,0.9535655058043118,0.9846650524616626,0.9773828756058158,0.9838969404186796,0.9688013136288999,0.9887459807073955
0.9658536585365853,0.9407839866555463,0.942162615255658,0.9315300084530854,0.9725363489499192,0.9750201450443191,0.9733656174334141,0.9552980132450332,0.9376558603491272,0.9332220367278798,0.9750201450443191,0.9644588045234249,0.9685737308622079,0.9578860445912469,0.977491961414791
0.9709208400646203,0.9476309226932669,0.9490392648287385,0.9378151260504202,0.9742351046698873,0.9742351046698873,0.9734085414987913,0.9588815789473685,0.9470198675496688,0.946236559139785,0.9742351046698873,0.964516129032258,0.9685737308622079,0.9588815789473685,0.9758842443729904
0.9781021897810219,0.9619205298013245,0.9507101086048454,0.9489539748953975,0.9855072463768116,0.9863234111021721,0.9871382636655949,0.96875,0.9620462046204621,0.9545078577336642,0.9863234111021721,0.9782783588093322,0.9839228295819936,0.9721311475409836,0.9871382636655949
0.9707792207792207,0.9570247933884297,0.9517470881863561,0.9431438127090301,0.9782433521353747,0.9782433521353747,0.9798873692679002,0.9596042868920033,0.9562345169281585,0.9536423841059603,0.9782433521353747,0.9717969379532635,0.9782783588093322,0.962171052631579,0.9807073954983923
0.9715678310316815,0.95,0.9422594142259414,0.9307432432432432,0.9782082324455206,0.9806763285024155,0.9798549556809025,0.9595375722543352,0.9519071310116086,0.9449081803005008,0.9806763285024155,0.9733656174334141,0.9798873692679002,0.9629629629629629,0.9823151125401929
0.9773095623987034,0.9537953795379538,0.9403862300587741,0.9370277078085643,0.9830781627719581,0.9838969404186796,0.9814366424535916,0.962171052631579,0.9487603305785124,0.9434276206322796,0.9838969404186796,0.9749798224374495,0.9806451612903225,0.9655737704918033,0.9855305466237942
0.9692556634304207,0.9434276206322796,0.939115929941618,0.9355648535564853,0.9742351046698873,0.9758842443729904,0.9742351046698873,0.9563786008230453,0.9454545454545454,0.9513602638087386,0.9758842443729904,0.9694041867954911,0.9734513274336283,0.9615069615069615,0.9758842443729904
0.9650690495532088,0.945364238410596,0.9440267335004177,0.9378151260504202,0.9734085414987913,0.9742351046698873,0.9734085414987913,0.9606557377049181,0.9481481481481482,0.9481481481481482,0.9742351046698873,0.967741935483871,0.9694041867954911,0.9632052330335241,0.9758842443729904
0.9717057396928052,0.946058091286307,0.9440267335004177,0.9281487743026204,0.9750201450443191,0.9758454106280193,0.9750201450443191,0.9546578730420445,0.9495450785773366,0.9393183707398172,0.9758454106280193,0.9709677419354839,0.9758454106280193,0.9555189456342669,0.977491961414791
0.9642276422764228,0.9265822784810127,0.9196581196581196,0.9216354344122658,0.9709208400646203,0.9734085414987913,0.9717514124293786,0.9504132231404959,0.940980881130507,0.9407839866555463,0.9734085414987913,0.9684721099434115,0.9701853344077357,0.9547325102880658,0.9758842443729904
0.9748580697485807,0.9475437135720233,0.9411764705882353,0.9285714285714286,0.9781729991915926,0.9814665592264303,0.9814665592264303,0.9587458745874587,0.947107438016529,0.9401993355481728,0.9814665592264303,0.966908797417272,0.9734513274336283,0.9647251845775225,0.9839228295819936
0.9765182186234818,0.9519867549668874,0.9438390611902766,0.9323181049069373,0.9831053901850362,0.9839228295819936,0.9814665592264303,0.9630238290879212,0.946236559139785,0.9464138499587799,0.9839228295819936,0.9734085414987913,0.9758454106280193,0.9664209664209664,0.9839228295819936
0.9805510534846029,0.9552238805970149,0.9411764705882353,0.9429530201342282,0.9846650524616626,0.9871175523349437,0.9846650524616626,0.9602649006622517,0.9545078577336642,0.9503311258278145,0.9871175523349437,0.9798224374495561,0.9822580645161291,0.9654036243822076,0.9887459807073955
0.9675324675324676,0.9353484466834593,0.936026936026936,0.9326599326599326,0.9733656174334141,0.9758454106280193,0.9741935483870968,0.9503311258278145,0.940980881130507,0.9433333333333334,0.9758454106280193,0.9644588045234249,0.9750201450443191,0.9555189456342669,0.977491961414791
0.9806138933764136,0.9518272425249169,0.9412751677852349,0.942162615255658,0.9822580645161291,0.9855305466237942,0.9822580645161291,0.9646672144617913,0.9553719008264463,0.9596042868920033,0.9855305466237942,0.9806451612903225,0.9838969404186796,0.9689034369885434,0.9855305466237942
0.9805510534846029,0.9595375722543352,0.9565943238731218,0.9380831212892281,0.9863013698630136,0.9863013698630136,0.9871175523349437,0.9646090534979423,0.9553719008264463,0.9563066776586975,0.9863013698630136,0.9806451612903225,0.9838969404186796,0.9671592775041051,0.9887459807073955
0.975767366720517,0.9432387312186978,0.9312977099236641,0.9332206255283179,0.9782433521353747,0.9790660225442834,0.9798873692679002,0.9554455445544554,0.9477178423236514,0.9492934330839568,0.9790660225442834,0.9766317485898469,0.9750603378921963,0.9614438063986874,0.9807073954983923
0.9862348178137652,0.9636363636363636,0.9573934837092731,0.9460370994940978,0.9911361804995971,0.9919484702093397,0.9919484702093397,0.9686468646864687,0.9578163771712159,0.9561621174524401,0.9919484702093397,0.9822866344605475,0.9887278582930756,0.9711934156378601,0.9935691318327974
0.9756888168557536,0.9439330543933054,0.93929173693086,0.943744752308984,0.9789983844911146,0.9814665592264303,0.9806451612903225,0.9577464788732394,0.9510373443983402,0.9501661129568106,0.9814665592264303,0.9749798224374495,0.9806763285024155,0.9620462046204621,0.9839228295819936
0.9715215622457283,0.9456975772765246,0.9438390611902766,0.9204448246364414,0.9806451612903225,0.9822866344605475,0.9814665592264303,0.9526970954356846,0.9390142021720969,0.9384359400998337,0.9822866344605475,0.9661290322580646,0.9726247987117552,0.9587458745874587,0.9839228295819936
0.9748987854251012,0.9481605351170569,0.9410774410774411,0.9320882852292021,0.9798549556809025,0.9814963797264682,0.9798549556809025,0.9603305785123967,0.9510373443983402,0.9450915141430949,0.9814963797264682,0.9693548387096774,0.9766693483507642,0.9620462046204621,0.9823151125401929
0.9699918896999189,0.9414715719063546,0.9413735343383585,0.9316455696202531,0.9766317485898469,0.9774557165861514,0.9766317485898469,0.9527754763877382,0.94,0.9364548494983278,0.9774557165861514,0.9693548387096774,0.9726247987117552,0.9570957095709571,0.9790996784565916
0.97165991902834,0.9450915141430949,0.9482470784641068,0.9269949066213922,0.9766317485898469,0.9774557165861514,0.9758064516129032,0.961380443714051,0.9486754966887417,0.9529314616019818,0.9774557165861514,0.970137207425343,0.9750201450443191,0.963084495488105,0.9790996784565916
0.9707792207792207,0.9511993382961125,0.9500831946755408,0.93681550126369,0.976594027441485,0.9790660225442834,0.9790660225442834,0.9570957095709571,0.9487603305785124,0.9563066776586975,0.9790660225442834,0.9750201450443191,0.9782783588093322,0.9681632653061224,0.9807073954983923
0.961038961038961,0.9402985074626866,0.9351305812973884,0.9245122985581001,0.966908797417272,0.9685737308622079,0.966908797417272,0.9454545454545454,0.9378624689312345,0.9338912133891213,0.9685737308622079,0.962843295638126,0.9653505237711523,0.9497942386831276,0.9710610932475884
0.9887096774193549,0.9602649006622517,0.955,0.9523809523809523,0.9911504424778761,0.9919614147909968,0.9911504424778761,0.9679012345679012,0.9679539852095317,0.9587458745874587,0.9919614147909968,0.9879324215607401,0.9895414320193081,0.9746524938675388,0.9919614147909968
0.9805825242718447,0.9509559434746467,0.9445378151260504,0.934010152284264,0.9863234111021721,0.9863234111021721,0.9863234111021721,0.9517470881863561,0.9493775933609958,0.942162615255658,0.9863234111021721,0.9831053901850362,0.9847144006436042,0.9603960396039604,0.9871382636655949
0.9692058346839546,0.946058091286307,0.9364548494983278,0.927487352445194,0.9741935483870968,0.9766693483507642,0.9725363489499192,0.9521452145214522,0.9444904722452361,0.94,0.9766693483507642,0.9644588045234249,0.9734085414987913,0.9573070607553367,0.977491961414791
0.9724473257698542,0.9518272425249169,0.9394957983193277,0.9333333333333333,0.976594027441485,0.9790660225442834,0.976594027441485,0.9544324772162386,0.9510373443983402,0.9450915141430949,0.9790660225442834,0.973322554567502,0.9750201450443191,0.9630238290879212,0.9807073954983923
0.9838709677419355,0.9526184538653366,0.9426644182124789,0.9366018596787827,0.9863234111021721,0.9863234111021721,0.9863234111021721,0.9586092715231788,0.9536423841059603,0.9416666666666667,0.9863234111021721,0.9758454106280193,0.9831053901850362,0.9688524590163935,0.9871382636655949
0.9609756097560975,0.9348914858096828,0.9286314021830394,0.9151103565365025,0.9668552950687146,0.9710144927536232,0.9693548387096774,0.9419568822553898,0.9384359400998337,0.9332220367278798,0.9710144927536232,0.9620661824051655,0.9694041867954911,0.9489291598023064,0.9726688102893891
0.9716139497161395,0.942643391521197,0.9297205757832345,0.9180887372013652,0.976594027441485,0.9782433521353747,0.9774193548387097,0.9537190082644628,0.9470198675496688,0.9443983402489626,0.9782433521353747,0.9717514124293786,0.9782433521353747,0.9588815789473685,0.9807073954983923
0.9773462783171522,0.9586092715231788,0.9534109816971714,0.9446308724832215,0.9831053901850362,0.9839228295819936,0.9822866344605475,0.9603305785123967,0.9535655058043118,0.9502487562189055,0.9839228295819936,0.9774557165861514,0.9766693483507642,0.9654605263157895,0.9839228295819936
0.9651257096512571,0.9420529801324503,0.9346733668341709,0.926829268292683,0.9717969379532635,0.9726247987117552,0.9726247987117552,0.9540983606557377,0.9465899753492194,0.9397192402972749,0.9726247987117552,0.9685737308622079,0.9677938808373591,0.9583673469387755,0.9742765273311897
0.9756888168557536,0.9527754763877382,0.9498327759197325,0.9364944961896697,0.9789983844911146,0.9822866344605475,0.9806451612903225,0.9646672144617913,0.946843853820598,0.9545829892650702,0.9822866344605475,0.9717514124293786,0.9798873692679002,0.9697465249386754,0.9839228295819936
0.9684721099434115,0.9374478732276897,0.9308600337268128,0.9191489361702128,0.9709677419354839,0.9726247987117552,0.9709677419354839,0.9450915141430949,0.9315525876460768,0.9241034195162635,0.9726247987117552,0.9629032258064516,0.9637389202256245,0.9511993382961125,0.9742765273311897
0.9690553745928339,0.9467554076539102,0.9429530201342282,0.9341216216216216,0.9765561843168957,0.9806763285024155,0.9773828756058158,0.9561621174524401,0.9443059019118869,0.9465776293823038,0.9806763285024155,0.9725363489499192,0.9782433521353747,0.9596042868920033,0.9823151125401929
0.9674267100977199,0.9389121338912134,0.9331075359864521,0.9286926994906621,0.9732793522267207,0.9749393694421988,0.976594027441485,0.9509559434746467,0.9366666666666666,0.9332220367278798,0.9749393694421988,0.9651821862348178,0.9725806451612903,0.9561621174524401,0.9807073954983923
0.9725363489499192,0.9545829892650702,0.9333333333333333,0.9351305812973884,0.9750201450443191,0.9766693483507642,0.9750201450443191,0.9588138385502472,0.9512799339388934,0.946058091286307,0.9766693483507642,0.9709677419354839,0.9742351046698873,0.9639344262295082,0.977491961414791
0.9690048939641109,0.9526184538653366,0.9414715719063546,0.923469387755102,0.9806451612903225,0.9822866344605475,0.9822866344605475,0.9586776859504132,0.9500831946755408,0.9492934330839568,0.9822866344605475,0.9766317485898469,0.9831053901850362,0.9680589680589681,0.9839228295819936
0.9596122778675282,0.932443703085905,0.9149659863945578,0.9042735042735043,0.9629629629629629,0.9629629629629629,0.9629629629629629,0.9395194697597349,0.9308909242298085,0.9253981559094719,0.9629629629629629,0.958904109589041,0.9581320450885669,0.9438943894389439,0.9646302250803859
0.9626623376623377,0.9262981574539364,0.9312080536912751,0.916030534351145,0.9685230024213075,0.9710144927536232,0.9685230024213075,0.9418604651162791,0.9344398340248963,0.9310058187863675,0.9710144927536232,0.9588377723970944,0.9685737308622079,0.945364238410596,0.9726688102893891
0.9552481692432873,0.9362054681027341,0.9332220367278798,0.9243697478991597,0.962843295638126,0.9653505237711523,0.9636803874092009,0.9484029484029484,0.9406919275123559,0.9379652605459057,0.9653505237711523,0.9579288025889967,0.964573268921095,0.9526916802610114,0.9678456591639871
0.9806451612903225,0.9492089925062448,0.9431438127090301,0.9378151260504202,0.9831053901850362,0.9831053901850362,0.9831053901850362,0.956089478044739,0.9477178423236514,0.9476309226932669,0.9831053901850362,0.9758454106280193,0.9798873692679002,0.9603960396039604,0.9839228295819936
0.9781021897810219,0.9393939393939394,0.9331075359864521,0.9230769230769231,0.9855072463768116,0.9871382636655949,0.9863234111021721,0.950792326939116,0.9345637583892618,0.9371332774518022,0.9871382636655949,0.9718423169750603,0.9823151125401929,0.9586092715231788,0.9871382636655949
0.9781021897810219,0.9646672144617913,0.9560165975103735,0.943744752308984,0.984689766317486,0.984689766317486,0.984689766317486,0.9697465249386754,0.9605911330049262,0.9536423841059603,0.984689766317486,0.9790322580645161,0.9814665592264303,0.9705882352941176,0.9871382636655949
0.9700404858299595,0.9477178423236514,0.9387069689336692,0.9272419627749577,0.9750201450443191,0.9758454106280193,0.9758454106280193,0.9502487562189055,0.9451827242524917,0.9414715719063546,0.9758454106280193,0.9637389202256245,0.9758454106280193,0.9554455445544554,0.977491961414791
0.9651821862348178,0.9346733668341709,0.9308600337268128,0.923728813559322,0.9668552950687146,0.9710144927536232,0.9676898222940227,0.945273631840796,0.9305439330543933,0.935,0.9710144927536232,0.959546925566343,0.9686242960579243,0.9522240527182867,0.9726688102893891
0.9805194805194806,0.9541284403669725,0.9549248747913188,0.9380831212892281,0.9854604200323102,0.9879129734085415,0.9854604200323102,0.9609958506224067,0.9525395503746877,0.9413735343383585,0.9879129734085415,0.9797898140662894,0.984689766317486,0.9703947368421053,0.9903536977491961
0.9603238866396762,0.9374478732276897,0.9251471825063078,0.9261744966442953,0.9653505237711523,0.9670152855993563,0.9670152855993563,0.9444904722452361,0.935,0.9367720465890182,0.9670152855993563,0.961352657004831,0.9654062751407884,0.951440329218107,0.9678456591639871
0.9715215622457283,0.9656301145662848,0.9515859766277128,0.943650126156434,0.9789983844911146,0.9822866344605475,0.9822866344605475,0.9656301145662848,0.9582992641046607,0.9587458745874587,0.9822866344605475,0.9717969379532635,0.9798873692679002,0.9698451507742462,0.9839228295819936
0.9740680713128039,0.9528535980148883,0.9386038687973086,0.9332206255283179,0.9790322580645161,0.9798549556809025,0.9806763285024155,0.9570957095709571,0.9495450785773366,0.9450915141430949,0.9798549556809025,0.967741935483871,0.9774557165861514,0.963084495488105,0.9823151125401929
0.9756888168557536,0.9476309226932669,0.9525395503746877,0.9269949066213922,0.9806451612903225,0.9822866344605475,0.9806451612903225,0.9622331691297209,0.9485903814262023,0.9563786008230453,0.9822866344605475,0.976594027441485,0.9806763285024155,0.9664758789860998,0.9839228295819936
0.9748987854251012,0.9491242702251876,0.9429530201342282,0.9305084745762712,0.9798549556809025,0.9806763285024155,0.9806763285024155,0.9560165975103735,0.9456975772765246,0.9414715719063546,0.9806763285024155,0.9766317485898469,0.9766693483507642,0.9629018961253092,0.9823151125401929
0.9675850891410048,0.945364238410596,0.9445378151260504,0.934801016088061,0.9734085414987913,0.9742351046698873,0.9725806451612903,0.9555189456342669,0.9421487603305785,0.9503311258278145,0.9742351046698873,0.967741935483871,0.9717969379532635,0.9598031173092699,0.9758842443729904
0.9568755085435313,0.9383333333333334,0.9334456613310868,0.9228159457167091,0.9636216653193209,0.9661290322580646,0.9661290322580646,0.9505766062602965,0.9428334714167357,0.940980881130507,0.9661290322580646,0.9603880355699272,0.964573268921095,0.9548810500410172,0.9694533762057878
0.9668016194331984,0.9461474730737366,0.9417637271214643,0.9319899244332494,0.9726247987117552,0.9726247987117552,0.9734513274336283,0.9530864197530864,0.945364238410596,0.9368770764119602,0.9726247987117552,0.9685737308622079,0.9686242960579243,0.9582309582309583,0.9742765273311897
0.9700404858299595,0.9511993382961125,0.9477178423236514,0.9380234505862647,0.9741935483870968,0.9750201450443191,0.9750201450443191,0.9555189456342669,0.947107438016529,0.9512799339388934,0.9750201450443191,0.964516129032258,0.9717969379532635,0.9598031173092699,0.977491961414791
0.9782082324455206,0.9526184538653366,0.9401853411962932,0.9322033898305084,0.9798549556809025,0.9823151125401929,0.9806763285024155,0.9586776859504132,0.945273631840796,0.934001670843776,0.9823151125401929,0.966183574879227,0.9694533762057878,0.9629629629629629,0.9823151125401929
0.968421052631579,0.9326599326599326,0.9316455696202531,0.9143835616438356,0.9717514124293786,0.9725806451612903,0.9709208400646203,0.9406850459482038,0.9321039396479464,0.9353484466834593,0.9725806451612903,0.9587712206952304,0.9685230024213075,0.9511993382961125,0.9758842443729904
0.9715678310316815,0.9578860445912469,0.9533333333333334,0.9446308724832215,0.9798549556809025,0.9814963797264682,0.9806763285024155,0.9586776859504132,0.9528535980148883,0.9502487562189055,0.9814963797264682,0.9742351046698873,0.9766693483507642,0.9646672144617913,0.9823151125401929
0.9675324675324676,0.9493775933609958,0.9543568464730291,0.936026936026936,0.9741935483870968,0.9758454106280193,0.9733656174334141,0.9622950819672131,0.9428334714167357,0.9479768786127167,0.9758454106280193,0.9636803874092009,0.967741935483871,0.9648405560098119,0.977491961414791
0.9651257096512571,0.942643391521197,0.9324324324324325,0.923469387755102,0.9726247987117552,0.9742765273311897,0.9742765273311897,0.945273631840796,0.9359933499584372,0.9343308395677473,0.9742765273311897,0.9678456591639871,0.9662379421221865,0.9548069022185702,0.9742765273311897
0.958570268074736,0.9419568822553898,0.9406850459482038,0.9398998330550918,0.9652945924132365,0.9677938808373591,0.9644588045234249,0.9506578947368421,0.9437086092715232,0.9436152570480929,0.9677938808373591,0.9612277867528272,0.9653505237711523,0.9566639411283728,0.9694533762057878
0.9724473257698542,0.945,0.9369217830109335,0.9352396972245585,0.9782433521353747,0.9790660225442834,0.975767366720517,0.9580246913580247,0.9443983402489626,0.9451827242524917,0.9790660225442834,0.9636216653193209,0.9733656174334141,0.9622950819672131,0.9807073954983923
0.9683698296836983,0.9588138385502472,0.9526970954356846,0.9448160535117057,0.9733656174334141,0.9750201450443191,0.9750201450443191,0.9639344262295082,0.9622331691297209,0.9528535980148883,0.9750201450443191,0.9717514124293786,0.9734513274336283,0.9690048939641109,0.977491961414791
0.9749798224374495,0.9537953795379538,0.9534883720930233,0.9432387312186978,0.9782783588093322,0.9782783588093322,0.9790996784565916,0.9614438063986874,0.9538714991762768,0.951440329218107,0.9782783588093322,0.9750603378921963,0.9742765273311897,0.9622950819672131,0.9790996784565916
0.9780309194467046,0.9524603836530442,0.9478991596638655,0.9398814563928873,0.9821717990275527,0.9870967741935484,0.9879129734085415,0.9636963696369637,0.9560165975103735,0.9585406301824212,0.9870967741935484,0.9814366424535916,0.9871175523349437,0.9696472518457753,0.9903536977491961
0.9772357723577236,0.9463986599664992,0.9391891891891891,0.9302721088435374,0.9846650524616626,0.9854838709677419,0.9846650524616626,0.9594034797017399,0.9509559434746467,0.9457881567973311,0.9854838709677419,0.975767366720517,0.9782082324455206,0.9594034797017399,0.9887459807073955
0.9676375404530745,0.9390142021720969,0.9325463743676222,0.9180887372013652,0.970137207425343,0.9734513274336283,0.9717969379532635,0.9486754966887417,0.9392173189009159,0.9410788381742738,0.9734513274336283,0.9653505237711523,0.9686242960579243,0.9547325102880658,0.9742765273311897
0.9738988580750407,0.9515050167224081,0.9372881355932203,0.9272882805816938,0.9846650524616626,0.9854838709677419,0.9879324215607401,0.9558701082431307,0.9507101086048454,0.9393939393939394,0.9854838709677419,0.9838709677419355,0.9847144006436042,0.9644921552436003,0.9887459807073955
0.9641693811074918,0.9467554076539102,0.9455155071248952,0.9296013570822731,0.970873786407767,0.9758454106280193,0.9725363489499192,0.9485049833887044,0.9443059019118869,0.9441201000834029,0.9758454106280193,0.9627831715210357,0.9717969379532635,0.9563066776586975,0.977491961414791
0.9796913078797725,0.9524603836530442,0.9487825356842989,0.9434599156118143,0.98464025869038,0.9854604200323102,0.9879129734085415,0.9618573797678275,0.956882255389718,0.956089478044739,0.9854604200323102,0.9806138933764136,0.984689766317486,0.9686985172981878,0.9903536977491961
0.9731925264012997,0.9535655058043118,0.9531772575250836,0.9336734693877551,0.9789983844911146,0.9822866344605475,0.9789983844911146,0.9637561779242174,0.9535655058043118,0.9534883720930233,0.9822866344605475,0.9789983844911146,0.9798549556809025,0.9680065627563577,0.9839228295819936
0.9724473257698542,0.9486754966887417,0.9484193011647255,0.9379194630872483,0.9782433521353747,0.9782433521353747,0.9790660225442834,0.9555189456342669,0.9454545454545454,0.945273631840796,0.9782433521353747,0.9693548387096774,0.9758454106280193,0.9589490968801314,0.9807073954983923
0.9660743134087237,0.9421487603305785,0.9372384937238494,0.9233361415332771,0.9694041867954911,0.9702333065164923,0.9702333065164923,0.9464138499587799,0.939917695473251,0.9398186314921682,0.9702333065164923,0.9597423510466989,0.9686242960579243,0.9524590163934427,0.9710610932475884
0.9642857142857143,0.942643391521197,0.9369217830109335,0.9290540540540541,0.9693053311793215,0.9726247987117552,0.9709677419354839,0.9443983402489626,0.9393183707398172,0.9436152570480929,0.9726247987117552,0.9588377723970944,0.9694041867954911,0.9522240527182867,0.9742765273311897
0.9553933495539335,0.9317803660565723,0.9353484466834593,0.9222972972972973,0.9621273166800967,0.9621273166800967,0.9629629629629629,0.9457236842105263,0.9330024813895782,0.9344398340248963,0.9621273166800967,0.9564516129032258,0.9597423510466989,0.948318293683347,0.9646302250803859
0.9700404858299595,0.945273631840796,0.9474562135112594,0.9342327150084317,0.9750201450443191,0.9758454106280193,0.9741935483870968,0.9538714991762768,0.9488448844884488,0.94,0.9758454106280193,0.9725806451612903,0.9717969379532635,0.9615699100572364,0.977491961414791
0.9732793522267207,0.9519071310116086,0.9413735343383585,0.9333333333333333,0.9774193548387097,0.9798873692679002,0.9774193548387097,0.9578860445912469,0.9522240527182867,0.946058091286307,0.9798873692679002,0.970137207425343,0.9734085414987913,0.9647251845775225,0.9807073954983923
0.965964343598055,0.9521452145214522,0.9381270903010034,0.9336691855583543,0.9709677419354839,0.9717969379532635,0.9717969379532635,0.9590163934426229,0.9556650246305419,0.9556650246305419,0.9717969379532635,0.9701853344077357,0.9701853344077357,0.9649551752241239,0.9742765273311897
0.9691558441558441,0.9510373443983402,0.9490392648287385,0.9472803347280335,0.9766317485898469,0.9782783588093322,0.9774557165861514,0.9587458745874587,0.947804473902237,0.9425478767693589,0.9782783588093322,0.9701853344077357,0.9726688102893891,0.9655737704918033,0.9790996784565916
0.9642857142857143,0.9424520433694745,0.9404861693210393,0.9279050042408821,0.9693053311793215,0.970137207425343,0.9717969379532635,0.9494614747307374,0.94,0.9459684123025769,0.970137207425343,0.9660743134087237,0.9701853344077357,0.9537953795379538,0.9742765273311897
0.9749393694421988,0.9459684123025769,0.9527754763877382,0.9388097233864208,0.9807073954983923,0.9807073954983923,0.9798873692679002,0.9622950819672131,0.9471947194719472,0.9513602638087386,0.9807073954983923,0.9734513274336283,0.9766693483507642,0.9656862745098039,0.9807073954983923
0.975767366720517,0.9511993382961125,0.9398998330550918,0.9354568315171836,0.9798873692679002,0.9798873692679002,0.9782433521353747,0.9554455445544554,0.947107438016529,0.9436152570480929,0.9798873692679002,0.9685737308622079,0.9734085414987913,0.957166392092257,0.9807073954983923
0.9660194174757282,0.9407839866555463,0.9350210970464135,0.9350210970464135,0.9701853344077357,0.9718423169750603,0.9718423169750603,0.9537953795379538,0.9495450785773366,0.9501661129568106,0.9718423169750603,0.9670152855993563,0.9718423169750603,0.9589490968801314,0.9726688102893891
0.9724919093851133,0.9487603305785124,0.9276094276094277,0.9331103678929766,0.9766317485898469,0.9782783588093322,0.9790996784565916,0.9504132231404959,0.9454545454545454,0.9413707679603633,0.9782783588093322,0.9718423169750603,0.9742765273311897,0.9573070607553367,0.9790996784565916
0.9692058346839546,0.9493775933609958,0.9403862300587741,0.9297205757832345,0.9750201450443191,0.9758454106280193,0.9766693483507642,0.9570957095709571,0.946058091286307,0.9443059019118869,0.9758454106280193,0.9629629629629629,0.9718423169750603,0.9596707818930041,0.977491961414791
0.9724919093851133,0.9526184538653366,0.9473684210526315,0.9393939393939394,0.9766317485898469,0.9790996784565916,0.9782783588093322,0.9612530915086562,0.9543568464730291,0.9563786008230453,0.9790996784565916,0.9766693483507642,0.977491961414791,0.9663658736669402,0.9790996784565916
0.97165991902834,0.9489291598023064,0.9432387312186978,0.929957805907173,0.9766317485898469,0.9782783588093322,0.9782783588093322,0.9512799339388934,0.9403973509933775,0.9378624689312345,0.9782783588093322,0.9742351046698873,0.9758842443729904,0.9590163934426229,0.9790996784565916
0.9716139497161395,0.9554455445544554,0.9458784346378019,0.9308600337268128,0.9782433521353747,0.9798873692679002,0.976594027441485,0.9614438063986874,0.9580936729663106,0.9495450785773366,0.9798873692679002,0.9733656174334141,0.9741935483870968,0.9656862745098039,0.9807073954983923
0.965964343598055,0.9416666666666667,0.9310924369747899,0.9202037351443124,0.9717969379532635,0.9717969379532635,0.9726247987117552,0.9521452145214522,0.9451827242524917,0.942643391521197,0.9717969379532635,0.9701853344077357,0.9710144927536232,0.9547325102880658,0.9742765273311897
0.9715678310316815,0.9494614747307374,0.9475437135720233,0.9342327150084317,0.9773828756058158,0.9798549556809025,0.9806763285024155,0.9596707818930041,0.9537953795379538,0.9513602638087386,0.9798549556809025,0.9758064516129032,0.9806763285024155,0.9673202614379085,0.9823151125401929
0.9724919093851133,0.946058091286307,0.9430485762144054,0.926208651399491,0.9758064516129032,0.9774557165861514,0.9758064516129032,0.9529314616019818,0.9451827242524917,0.9427385892116182,0.9774557165861514,0.9733656174334141,0.9717969379532635,0.9580936729663106,0.9790996784565916
0.9732793522267207,0.9543568464730291,0.9508742714404663,0.942162615255658,0.9774193548387097,0.9798873692679002,0.9790660225442834,0.9680589680589681,0.9578860445912469,0.9588815789473685,0.9798873692679002,0.9750201450443191,0.9798873692679002,0.9731051344743277,0.9807073954983923
0.9707792207792207,0.9499165275459098,0.9319727891156463,0.9301533219761499,0.976594027441485,0.9790660225442834,0.9774193548387097,0.9594706368899917,0.9449081803005008,0.95,0.9790660225442834,0.9725806451612903,0.9766317485898469,0.9646090534979423,0.9807073954983923
0.9821717990275527,0.9594034797017399,0.9498327759197325,0.9427609427609428,0.9862792574656981,0.9887278582930756,0.9895414320193081,0.9671052631578947,0.9671052631578947,0.9553719008264463,0.9887278582930756,0.9879129734085415,0.9863234111021721,0.9696472518457753,0.9903536977491961
0.975767366720517,0.9449081803005008,0.9358108108108109,0.9222886421861657,0.9798873692679002,0.9807073954983923,0.9798873692679002,0.9518272425249169,0.9501661129568106,0.9485903814262023,0.9807073954983923,0.9750603378921963,0.9798873692679002,0.9630238290879212,0.9807073954983923
0.9700404858299595,0.9480626545754328,0.9364548494983278,0.9248945147679325,0.9741935483870968,0.9766693483507642,0.9766693483507642,0.9547325102880658,0.9414674361088211,0.9363110008271298,0.9766693483507642,0.9654062751407884,0.9718423169750603,0.9607201309328969,0.977491961414791
0.9741518578352181,0.9496284062758051,0.9485903814262023,0.9407839866555463,0.9782783588093322,0.9782783588093322,0.9774557165861514,0.9623567921440261,0.951440329218107,0.9498767460969597,0.9782783588093322,0.9734085414987913,0.9742351046698873,0.9623567921440261,0.9790996784565916
0.9732360097323601,0.9433333333333334,0.9431438127090301,0.9317607413647851,0.9798549556809025,0.9806763285024155,0.9806763285024155,0.9562345169281585,0.945273631840796,0.9410788381742738,0.9806763285024155,0.9734085414987913,0.9798873692679002,0.961380443714051,0.9823151125401929
0.9717514124293786,0.9416666666666667,0.9407839866555463,0.9291736930860034,0.9742351046698873,0.9750603378921963,0.9750603378921963,0.9555921052631579,0.9419568822553898,0.9428334714167357,0.9750603378921963,0.966183574879227,0.9710610932475884,0.9573070607553367,0.9758842443729904
0.9626623376623377,0.9392173189009159,0.935672514619883,0.9303106633081444,0.9685230024213075,0.9710144927536232,0.9685230024213075,0.9479768786127167,0.9444904722452361,0.9469320066334992,0.9710144927536232,0.9685230024213075,0.9701853344077357,0.9548810500410172,0.9726688102893891
0.9634443541835905,0.9393183707398172,0.9323181049069373,0.9335576114381834,0.9709677419354839,0.9717969379532635,0.9734513274336283,0.9497114591920858,0.9394190871369295,0.9435215946843853,0.9717969379532635,0.9661290322580646,0.9726688102893891,0.9531635168447001,0.9742765273311897
0.973322554567502,0.9511184755592378,0.9369217830109335,0.9370277078085643,0.9774557165861514,0.9774557165861514,0.9782783588093322,0.957166392092257,0.9520661157024793,0.9459684123025769,0.9774557165861514,0.9726247987117552,0.9766693483507642,0.9614438063986874,0.9790996784565916
0.970873786407767,0.9328859060402684,0.9154568744662681,0.9101796407185628,0.9766693483507642,0.9766693483507642,0.9750201450443191,0.9390142021720969,0.9319899244332494,0.9248945147679325,0.9766693483507642,0.967741935483871,0.9734085414987913,0.9434276206322796,0.977491961414791
0.9683184402924452,0.9570957095709571,0.9404861693210393,0.9413735343383585,0.9749798224374495,0.9766317485898469,0.9774557165861514,0.961380443714051,0.9537953795379538,0.9510373443983402,0.9766317485898469,0.9717969379532635,0.9774557165861514,0.9673202614379085,0.9790996784565916
0.9600651996740016,0.9312080536912751,0.9255499153976311,0.9146757679180887,0.965964343598055,0.970137207425343,0.9684721099434115,0.9436152570480929,0.9367720465890182,0.9352159468438538,0.970137207425343,0.9586374695863747,0.9685737308622079,0.9505766062602965,0.9742765273311897
0.9698451507742462,0.9490392648287385,0.9346904156064462,0.9312977099236641,0.9789983844911146,0.9798224374495561,0.9789983844911146,0.9551495016611296,0.9433333333333334,0.9433333333333334,0.9798224374495561,0.9660194174757282,0.970137207425343,0.9629018961253092,0.9839228295819936
0.975767366720517,0.9515050167224081,0.9488683989941324,0.9355932203389831,0.9782433521353747,0.9798873692679002,0.9798873692679002,0.9601990049751243,0.9584717607973422,0.9551495016611296,0.9798873692679002,0.9774557165861514,0.9782783588093322,0.966199505358615,0.9807073954983923
0.9789983844911146,0.9459684123025769,0.9312977099236641,0.9232081911262798,0.9814665592264303,0.9831053901850362,0.9822866344605475,0.9519071310116086,0.9418604651162791,0.934001670843776,0.9831053901850362,0.9742351046698873,0.9766693483507642,0.9562345169281585,0.9839228295819936
0.9699431356620634,0.9526970954356846,0.9489539748953975,0.9382924767540152,0.9774193548387097,0.9782433521353747,0.976594027441485,0.9621087314662273,0.9510373443983402,0.9466666666666667,0.9782433521353747,0.9733656174334141,0.9758064516129032,0.9655172413793104,0.9807073954983923
0.9773828756058158,0.9552980132450332,0.9385004212299916,0.9367088607594937,0.9806763285024155,0.9814963797264682,0.9798549556809025,0.9655172413793104,0.9537190082644628,0.9519867549668874,0.9814963797264682,0.9750201450443191,0.9790660225442834,0.9697465249386754,0.9823151125401929
0.96826688364524,0.936026936026936,0.9298393913778529,0.923469387755102,0.9782433521353747,0.9798873692679002,0.9782433521353747,0.9527754763877382,0.932998324958124,0.9398998330550918,0.9798873692679002,0.9637389202256245,0.9742351046698873,0.9562345169281585,0.9807073954983923
