Abstract,Methods,Results,Discussion,Abstract+Methods,Abstract+Results,Abstract+Discussion,Methods+Results,Methods+Discussion,Results+Discussion,Abstract+Methods+Results,Abstract+Methods+Discussion,Abstract+Results+Discussion,Methods+Results+Discussion,Full Text
0.9838022165387894,0.9589519650655022,0.9497797356828194,0.9299820466786356,0.9932432432432432,0.9838022165387894,0.9932432432432432,0.9652777777777778,0.960767218831735,0.951627088830255,0.9872557349192863,0.9940928270042194,0.9915397631133672,0.960767218831735,0.9949409780775716
0.9868995633187773,0.9652096342551294,0.9540126239855726,0.9357798165137615,0.9965397923875432,0.9921807124239791,0.998272884283247,0.9752650176678446,0.9670525378450578,0.9615040286481648,0.987783595113438,0.9965397923875432,0.9956709956709957,0.9716312056737588,0.9930555555555556
0.9882154882154882,0.9655765920826161,0.9584055459272097,0.9465381244522348,0.9949832775919732,0.9882154882154882,0.9932998324958124,0.9708904109589042,0.9664660361134996,0.9655765920826161,0.994142259414226,0.9916107382550335,0.9924559932942163,0.9682403433476395,0.994142259414226
0.9870578084555651,0.9547471162377995,0.9564444444444444,0.9423423423423424,0.9879725085910653,0.9836065573770492,0.9940017137960583,0.972972972972973,0.9648506151142355,0.9601417183348095,0.9879725085910653,0.9923011120615911,0.9923011120615911,0.9693788276465442,0.9940222032450897
0.9812286689419796,0.9490333919156415,0.9414893617021277,0.9301075268817204,0.9941126997476871,0.988155668358714,0.9915540540540541,0.9645021645021645,0.9527145359019265,0.9480176211453745,0.9915682967959528,0.9949579831932773,0.9949579831932773,0.9645021645021645,0.9941126997476871
0.9792387543252595,0.9667250437828371,0.9520426287744227,0.9473684210526315,0.9923142613151152,0.988860325621251,0.9914529914529915,0.9721254355400697,0.9667250437828371,0.9658194566170026,0.9940323955669225,0.9905902480752781,0.9914529914529915,0.9712292938099389,0.9931740614334471
0.9863481228668942,0.9634146341463414,0.9402319357716324,0.944,0.9940828402366864,0.9872340425531915,0.9932203389830508,0.9670138888888888,0.9634146341463414,0.9588080631025416,0.9932318104906938,0.9915254237288136,0.9940828402366864,0.9661164205039097,0.9932318104906938
0.9881154499151104,0.9643788010425717,0.9488536155202821,0.936663693131133,0.9949409780775716,0.985531914893617,0.9940928270042194,0.9777015437392796,0.9724137931034482,0.9688581314878892,0.995787700084246,0.9940928270042194,0.995787700084246,0.9670710571923743,0.9974768713204374
0.9831365935919055,0.9558441558441558,0.9476439790575916,0.9289520426287744,0.994161801501251,0.9857022708158116,0.989103101424979,0.9656946826758147,0.9576490924805532,0.9476439790575916,0.9924812030075187,0.9916387959866221,0.995,0.9665809768637532,0.995
0.9826086956521739,0.95837023914969,0.9506726457399103,0.9421338155515371,0.9914236706689536,0.9826989619377162,0.9931153184165232,0.972027972027972,0.9666080843585237,0.9590747330960854,0.9914236706689536,0.9905579399141631,0.9940119760479041,0.9702276707530648,0.9931506849315068
0.9827288428324698,0.9668411867364747,0.9584438549955792,0.9425493716337523,0.9931972789115646,0.9845626072041166,0.9948805460750854,0.9695387293298521,0.9641294838145232,0.9630281690140845,0.9923404255319149,0.9931972789115646,0.9931972789115646,0.9641294838145232,0.9949066213921901
0.9828473413379074,0.9624454148471616,0.9559859154929577,0.9429590017825312,0.9940728196443692,0.9846153846153847,0.9923534409515717,0.9633507853403142,0.9569798068481123,0.9559859154929577,0.9897959183673469,0.9897959183673469,0.9897959183673469,0.9624454148471616,0.9957734573119188
0.9852813852813853,0.9693251533742331,0.9637488947833776,0.9498207885304659,0.9922879177377892,0.9862068965517241,0.993127147766323,0.9765013054830287,0.972027972027972,0.9746281714785652,0.9905579399141631,0.9896907216494846,0.9914236706689536,0.9738219895287958,0.9922879177377892
0.9923664122137404,0.9606986899563319,0.9633507853403142,0.9477413640389726,0.9923793395427604,0.9906700593723494,0.9991575400168492,0.9723661485319517,0.9670138888888888,0.96875,0.9906700593723494,0.9949324324324325,0.9949324324324325,0.9714779602420052,0.9949324324324325
0.9878260869565217,0.9533213644524237,0.9408553230209281,0.9350411710887465,0.9930915371329879,0.9852045256744996,0.9930795847750865,0.9617097061442564,0.9551971326164874,0.9560538116591928,0.993960310612597,0.9913494809688581,0.9930915371329879,0.9617097061442564,0.9965576592082617
0.9940323955669225,0.9630931458699473,0.9473684210526315,0.942652329749104,0.9974511469838573,0.9931740614334471,0.9965986394557823,0.9658194566170026,0.9649122807017544,0.9575971731448764,0.9914529914529915,0.9940323955669225,0.9948892674616695,0.9667250437828371,0.9948892674616695
0.9871244635193133,0.9623137598597721,0.9529724933451642,0.9435989256938228,0.9931972789115646,0.9880341880341881,0.9948892674616695,0.9686411149825784,0.9668411867364747,0.9630931458699473,0.9923404255319149,0.9931972789115646,0.9923404255319149,0.9722222222222222,0.9974597798475868
0.9913941480206541,0.974716652136007,0.9655781112091791,0.9582222222222222,0.9948717948717949,0.9879518072289156,0.9948542024013722,0.9782797567332754,0.9729257641921397,0.979982593559617,0.9896907216494846,0.9922879177377892,0.9948717948717949,0.974716652136007,0.9948717948717949
0.9864406779661017,0.9664082687338501,0.9618055555555556,0.9490333919156415,0.9924433249370277,0.9856297548605241,0.9932659932659933,0.9752348420153715,0.9690721649484536,0.9636048526863085,0.9941324392288349,0.9873417721518988,0.990748528174937,0.9726027397260274,0.9932885906040269
0.9889549702633815,0.9507042253521126,0.9459698848538529,0.9298561151079137,0.9932432432432432,0.985531914893617,0.9932318104906938,0.9679653679653679,0.9571303587051618,0.962510897994769,0.9889737065309584,0.9932432432432432,0.9906858594411516,0.9625761531766753,0.9923922231614539
0.9889549702633815,0.956140350877193,0.9543057996485061,0.9317773788150808,0.9932318104906938,0.9915254237288136,0.9932318104906938,0.9652173913043478,0.9643167972149695,0.9643167972149695,0.9915254237288136,0.9966273187183811,0.9932318104906938,0.9679098005203816,0.9932318104906938
0.9854824935952178,0.9606986899563319,0.9551451187335093,0.9523809523809523,0.9915254237288136,0.9889549702633815,0.9923664122137404,0.9679098005203816,0.962510897994769,0.9624454148471616,0.9906700593723494,0.9915254237288136,0.9932318104906938,0.9714779602420052,0.9932318104906938
0.9888983774551665,0.9731136166522116,0.9595782073813708,0.9484902309058615,0.9957591178965225,0.9914821124361158,0.9966101694915255,0.9757785467128027,0.9722222222222222,0.965034965034965,0.9888983774551665,0.9923404255319149,0.9966101694915255,0.9731136166522116,0.9974597798475868
0.9897959183673469,0.9551451187335093,0.950530035335689,0.9326145552560647,0.9949238578680203,0.9906542056074766,0.9966216216216216,0.9696444058976583,0.9615384615384616,0.9496021220159151,0.9906542056074766,0.9966216216216216,0.9974683544303797,0.9705372616984402,0.9983136593591906
0.9827288428324698,0.9512843224092117,0.9434977578475336,0.9300635785649409,0.9914821124361158,0.9828178694158075,0.9923011120615911,0.9632224168126094,0.9559082892416225,0.9519572953736655,0.9845626072041166,0.9880341880341881,0.9888983774551665,0.9632224168126094,0.9888983774551665
0.9810017271157168,0.9567519858781994,0.9566755083996463,0.9417040358744395,0.9923273657289002,0.9845360824742269,0.9957446808510638,0.969485614646905,0.9685863874345549,0.960352422907489,0.9854077253218884,0.9948979591836735,0.9948979591836735,0.969485614646905,0.9974554707379135
0.9932318104906938,0.962510897994769,0.9588801399825022,0.9440993788819876,0.9932318104906938,0.9880952380952381,0.9957805907172996,0.9696969696969697,0.9643167972149695,0.9616055846422339,0.9974726200505476,0.9949324324324325,0.9940828402366864,0.9643167972149695,0.9940828402366864
0.9889173060528559,0.9633507853403142,0.9467140319715808,0.9410714285714286,0.9923664122137404,0.9897959183673469,0.9932088285229203,0.972318339100346,0.96875,0.9596491228070175,0.9957734573119188,0.9923664122137404,0.9923664122137404,0.9749784296807593,0.9940728196443692
0.9852558542931483,0.9718804920913884,0.96,0.9411764705882353,0.9948453608247423,0.9905090595340811,0.9957081545064378,0.9754816112084063,0.9718804920913884,0.9636846767050488,0.9913793103448276,0.9922480620155039,0.9948453608247423,0.9772727272727273,0.9957081545064378
0.9872122762148338,0.9553023663453112,0.9430604982206405,0.9345291479820628,0.9940928270042194,0.9889737065309584,0.9940728196443692,0.9643788010425717,0.9543859649122807,0.9569798068481123,0.9906858594411516,0.9889737065309584,0.9915397631133672,0.9589519650655022,0.9940928270042194
0.9888220120378332,0.9530558015943312,0.9546666666666667,0.9338168631006346,0.9897435897435898,0.9845360824742269,0.9922879177377892,0.9676855895196507,0.9549071618037135,0.9629629629629629,0.9906063193851409,0.988013698630137,0.9923273657289002,0.9640666082383874,0.9923273657289002
0.9878682842287695,0.9647266313932981,0.9486948694869487,0.935278030993619,0.9914089347079038,0.9861830742659758,0.9939707149009475,0.9728783902012248,0.9692712906057945,0.9617777777777777,0.9914089347079038,0.9940017137960583,0.992274678111588,0.9728783902012248,0.9896729776247849
0.9872122762148338,0.9616724738675958,0.9642545771578029,0.9402319357716324,0.9949409780775716,0.9881154499151104,0.9940728196443692,0.9777015437392796,0.9670710571923743,0.9696444058976583,0.9881154499151104,0.995787700084246,0.9940928270042194,0.9706390328151986,0.995787700084246
0.9819432502149613,0.9595782073813708,0.9475555555555556,0.9409660107334525,0.9966101694915255,0.9871685201026519,0.9957591178965225,0.9740034662045061,0.965938864628821,0.965938864628821,0.9914821124361158,0.9931972789115646,0.9957591178965225,0.9686411149825784,0.9974597798475868
0.9812286689419796,0.9582608695652174,0.9452296819787986,0.9339285714285714,0.9932773109243698,0.9847457627118644,0.9915540540540541,0.9636678200692042,0.9582608695652174,0.9553805774278216,0.9898819561551433,0.9881756756756757,0.9915824915824916,0.9645635263612792,0.9907329401853412
0.9812606473594548,0.956369982547993,0.9481090589270009,0.9340463458110517,0.9941126997476871,0.9864406779661017,0.9872988992379339,0.9645021645021645,0.9554585152838428,0.9581881533101045,0.9958018471872376,0.9855810008481765,0.9907172995780591,0.9627059843885516,0.9941126997476871
0.9836065573770492,0.9539823008849557,0.9482142857142857,0.9329710144927537,0.9906063193851409,0.9827882960413081,0.9931623931623932,0.9658792650918635,0.958590308370044,0.9602824360105914,0.988013698630137,0.9897435897435898,0.9923273657289002,0.9576719576719577,0.9940425531914894
0.9889173060528559,0.9606299212598425,0.9587357330992098,0.943900267141585,0.9949238578680203,0.9889361702127659,0.9932088285229203,0.9732065687121867,0.9651567944250871,0.9695916594265855,0.9897959183673469,0.9915110356536503,0.9923664122137404,0.9714285714285714,0.9949238578680203
0.9878892733564014,0.9691629955947136,0.9534883720930233,0.9525514771709938,0.9939810834049871,0.9913793103448276,0.9948453608247423,0.979947689625109,0.9709762532981531,0.9673433362753752,0.9939810834049871,0.9974293059125964,0.9965694682675815,0.9745836985100789,0.9965694682675815
0.9854077253218884,0.9531388152077808,0.946524064171123,0.9322493224932249,0.9923404255319149,0.9863013698630136,0.9940425531914894,0.9586631486367634,0.9586631486367634,0.9511978704525288,0.9880341880341881,0.9897610921501706,0.994052676295667,0.9604916593503073,0.9974597798475868
0.9887445887445887,0.9700176366843033,0.9608540925266904,0.9467989179440938,0.9974248927038627,0.9904926534140017,0.9974248927038627,0.9781277340332458,0.974539069359087,0.9709251101321585,0.993103448275862,0.9965635738831615,0.9974248927038627,0.9772329246935202,0.9974248927038627
0.9846153846153847,0.962510897994769,0.9615384615384616,0.950530035335689,0.9949324324324325,0.9880952380952381,0.9889361702127659,0.9750215331610681,0.9705882352941176,0.9624454148471616,0.9923793395427604,0.9915254237288136,0.9923793395427604,0.9750215331610681,0.9966273187183811
0.9879310344827587,0.95837023914969,0.9573712255772646,0.9327272727272727,0.9931506849315068,0.9800520381613183,0.9905417024935511,0.9693251533742331,0.9647887323943662,0.9582963620230701,0.9862068965517241,0.9931506849315068,0.9914236706689536,0.9666080843585237,0.9922879177377892
0.9871685201026519,0.9597197898423818,0.9623137598597721,0.9466192170818505,0.9949238578680203,0.9889361702127659,0.9914821124361158,0.9732065687121867,0.9660574412532638,0.967741935483871,0.9940728196443692,0.9915110356536503,0.9923664122137404,0.9749784296807593,0.9966216216216216
0.9846678023850085,0.9680759275237274,0.958041958041958,0.9469964664310954,0.9941126997476871,0.9864406779661017,0.9906858594411516,0.9742710120068611,0.9698535745047373,0.9697493517718236,0.989010989010989,0.9924178601516428,0.9932659932659933,0.976027397260274,0.9958018471872376
0.9837467921300257,0.9588080631025416,0.9569798068481123,0.938337801608579,0.9915110356536503,0.9846153846153847,0.9932203389830508,0.9696444058976583,0.9560632688927944,0.9642545771578029,0.9897959183673469,0.9940728196443692,0.9966216216216216,0.9588080631025416,0.9923664122137404
0.9863945578231292,0.9599303135888502,0.9553023663453112,0.9413854351687388,0.9941027801179444,0.9898477157360406,0.9923922231614539,0.9608355091383812,0.9626411815812337,0.9562171628721541,0.9898477157360406,0.9924050632911392,0.9941027801179444,0.9653379549393414,0.9932546374367622
0.9880749574105622,0.9569798068481123,0.9496021220159151,0.9458740017746229,0.9940728196443692,0.9897959183673469,0.9940728196443692,0.9705372616984402,0.9615384615384616,0.9642545771578029,0.9940728196443692,0.9932203389830508,0.9906542056074766,0.9651567944250871,0.9957734573119188
0.9906858594411516,0.9534679543459175,0.9385574354407836,0.9251577998196574,0.9949409780775716,0.9881154499151104,0.9949409780775716,0.9616724738675958,0.9598603839441536,0.9479258605472197,0.9898305084745763,0.9966329966329966,0.9940928270042194,0.9661751951431049,0.995787700084246
0.9880546075085325,0.962510897994769,0.9504424778761061,0.9485815602836879,0.9923793395427604,0.984641638225256,0.9923534409515717,0.9652173913043478,0.9606986899563319,0.9632867132867133,0.9906700593723494,0.9898132427843803,0.9872340425531915,0.9643167972149695,0.9932318104906938
0.9864864864864865,0.9628349178910977,0.951048951048951,0.9389920424403183,0.9932885906040269,0.990748528174937,0.9932885906040269,0.9708404802744426,0.9637305699481865,0.9628349178910977,0.9924433249370277,0.9949748743718593,0.9932885906040269,0.9699570815450643,0.9949748743718593
0.9852813852813853,0.9592198581560284,0.9441441441441442,0.9450945094509451,0.992274678111588,0.9870578084555651,0.9948542024013722,0.9628975265017667,0.9592198581560284,0.9600709849157054,0.9914089347079038,0.9914089347079038,0.992274678111588,0.9619805481874447,0.9965811965811966
0.9898305084745763,0.9626411815812337,0.9413854351687388,0.936663693131133,0.9941027801179444,0.9889923793395428,0.9949409780775716,0.9689119170984456,0.9644405897658282,0.9562171628721541,0.9889923793395428,0.9915540540540541,0.9932546374367622,0.9689119170984456,0.9974811083123426
0.9880341880341881,0.9641921397379912,0.9531388152077808,0.9447415329768271,0.9974640743871513,0.9871904355251921,0.994052676295667,0.9650959860383944,0.9668989547038328,0.9559082892416225,0.995766299745978,0.9932088285229203,0.9949152542372881,0.9668989547038328,0.9932088285229203
0.9897959183673469,0.9588801399825022,0.9588080631025416,0.9326145552560647,0.9940828402366864,0.9889549702633815,0.9957734573119188,0.9741379310344828,0.9679098005203816,0.9660574412532638,0.9889549702633815,0.9949324324324325,0.9974726200505476,0.9732528041415013,0.9983164983164983
0.9829351535836177,0.9562937062937062,0.9507042253521126,0.9385574354407836,0.9898477157360406,0.9872773536895675,0.9940928270042194,0.9698015530629853,0.9608355091383812,0.9643788010425717,0.9915540540540541,0.9924050632911392,0.9898477157360406,0.9662337662337662,0.9898477157360406
0.9870578084555651,0.9546666666666667,0.9601417183348095,0.9423423423423424,0.9922879177377892,0.9818181818181818,0.9888027562446167,0.968421052631579,0.9574468085106383,0.9638128861429832,0.9896907216494846,0.9888220120378332,0.9931506849315068,0.9666080843585237,0.9931506849315068
0.9830508474576272,0.9601386481802426,0.9519650655021834,0.9380530973451328,0.9949748743718593,0.9881956155143339,0.9966555183946488,0.9717223650385605,0.9628349178910977,0.9619377162629758,0.9924433249370277,0.9932885906040269,0.9949748743718593,0.9717223650385605,0.9949748743718593
0.9811965811965812,0.9635416666666666,0.9488536155202821,0.9404444444444444,0.9949494949494949,0.9898477157360406,0.9940928270042194,0.9698015530629853,0.9617391304347827,0.9562171628721541,0.9915540540540541,0.9941027801179444,0.9966386554621849,0.9680207433016422,0.9974811083123426
0.9835782195332757,0.9521276595744681,0.9386281588447654,0.9260273972602739,0.9914675767918089,0.9845360824742269,0.9905579399141631,0.9595070422535211,0.9511978704525288,0.955595026642984,0.987146529562982,0.9906063193851409,0.9897435897435898,0.9558303886925795,0.9940425531914894
0.9793103448275862,0.954225352112676,0.9428571428571428,0.927536231884058,0.9889361702127659,0.9820051413881749,0.9906223358908781,0.9615384615384616,0.9578947368421052,0.952212389380531,0.9863481228668942,0.9889361702127659,0.9889361702127659,0.9615384615384616,0.9915110356536503
0.9904430929626412,0.9590017825311943,0.9569120287253142,0.9445958219800181,0.9913644214162349,0.9852302345786272,0.9939393939393939,0.9736379613356766,0.9654561558901683,0.968944099378882,0.9896193771626297,0.9948364888123924,0.9904926534140017,0.9727352682497801,0.993103448275862
0.989778534923339,0.958041958041958,0.9476486246672582,0.9391771019677997,0.9949409780775716,0.9872557349192863,0.995766299745978,0.9652777777777778,0.9616724738675958,0.9550660792951542,0.9898305084745763,0.9923922231614539,0.9932432432432432,0.9652777777777778,0.9915397631133672
0.988860325621251,0.9595782073813708,0.948306595365419,0.9417040358744395,0.9949066213921901,0.9863013698630136,0.9948892674616695,0.9668411867364747,0.9632224168126094,0.9667250437828371,0.9923404255319149,0.9863013698630136,0.9923404255319149,0.9668411867364747,0.9974597798475868
0.9887250650477016,0.9681978798586572,0.9542600896860987,0.9476534296028881,0.9939707149009475,0.9896193771626297,0.9965576592082617,0.9691085613415711,0.9700176366843033,0.9672276350752879,0.9896193771626297,0.9922346850733391,0.9939707149009475,0.9700176366843033,0.9948364888123924
0.9828178694158075,0.9605609114811569,0.9586631486367634,0.9419124218051832,0.9940627650551315,0.9871904355251921,0.9949066213921901,0.9704861111111112,0.9668989547038328,0.9632224168126094,0.9889173060528559,0.9889173060528559,0.9940627650551315,0.9704861111111112,0.9940627650551315
0.9854077253218884,0.9623137598597721,0.9558303886925795,0.9427549194991055,0.994052676295667,0.9871685201026519,0.9906063193851409,0.9686411149825784,0.9614035087719298,0.9604221635883905,0.9931972789115646,0.9906223358908781,0.9914821124361158,0.965938864628821,0.9914821124361158
0.982367758186398,0.9606164383561644,0.9488291413703382,0.9405594405594405,0.9933665008291874,0.986644407345576,0.9925187032418953,0.9729272419627749,0.9711864406779661,0.9685106382978723,0.9925311203319502,0.9900166389351082,0.996694214876033,0.9711864406779661,0.9983498349834984
0.9826989619377162,0.9537366548042705,0.9443447037701975,0.9289617486338798,0.9931506849315068,0.9835782195332757,0.9888220120378332,0.9656992084432717,0.95837023914969,0.9490616621983914,0.9888220120378332,0.9922879177377892,0.9905579399141631,0.9629629629629629,0.9931506849315068
0.9889361702127659,0.9597902097902098,0.9449378330373002,0.9297297297297298,0.9957805907172996,0.9872340425531915,0.9966216216216216,0.9714779602420052,0.9634146341463414,0.9660574412532638,0.9915254237288136,0.9923793395427604,0.9957805907172996,0.9661164205039097,0.9940828402366864
0.985178727114211,0.9571428571428572,0.948509485094851,0.9301470588235294,0.9904926534140017,0.9843478260869565,0.996551724137931,0.9654561558901683,0.9571428571428572,0.9607142857142857,0.9913644214162349,0.9887445887445887,0.9913644214162349,0.9599287622439893,0.9939707149009475
0.9870578084555651,0.9547471162377995,0.9375565610859729,0.9317561419472248,0.9931623931623932,0.9844827586206897,0.9931389365351629,0.9602824360105914,0.9556737588652482,0.9545859305431879,0.9923011120615911,0.9923011120615911,0.9905741216795202,0.9584438549955792,0.9931623931623932
0.9881154499151104,0.9634782608695652,0.9469964664310954,0.9460654288240495,0.9949409780775716,0.9889737065309584,0.9949409780775716,0.976824034334764,0.9706390328151986,0.9688581314878892,0.9932432432432432,0.9923922231614539,0.9906858594411516,0.9750644883920895,0.9940928270042194
0.9855072463768116,0.9606986899563319,0.9403383793410508,0.9327354260089686,0.9966273187183811,0.9776632302405498,0.9872340425531915,0.962510897994769,0.9616055846422339,0.956140350877193,0.9906700593723494,0.9855072463768116,0.9863713798977853,0.9634146341463414,0.9915254237288136
0.9845890410958904,0.9624454148471616,0.9513704686118479,0.9467140319715808,0.9974683544303797,0.9932203389830508,0.995766299745978,0.9669565217391304,0.9669565217391304,0.9632867132867133,0.9949238578680203,0.9949238578680203,0.9974683544303797,0.9651567944250871,0.9949238578680203
0.9802913453299057,0.9670138888888888,0.9543057996485061,0.9459698848538529,0.9940828402366864,0.9863713798977853,0.9940828402366864,0.9750215331610681,0.9723661485319517,0.9670138888888888,0.9889549702633815,0.9923793395427604,0.9949324324324325,0.9741379310344828,0.9974726200505476
0.9861111111111112,0.96,0.9580731489741302,0.9448961156278229,0.9957081545064378,0.9887640449438202,0.9957007738607051,0.9691629955947136,0.9646017699115044,0.9626998223801065,0.9939810834049871,0.9931153184165232,0.9965694682675815,0.9655172413793104,0.9965694682675815
0.9816593886462882,0.9608540925266904,0.9533213644524237,0.9438405797101449,0.9939707149009475,0.9834638816362054,0.9948275862068966,0.974539069359087,0.9663716814159292,0.9644760213143873,0.9904926534140017,0.9913644214162349,0.9913644214162349,0.971830985915493,0.993103448275862
0.9872122762148338,0.9533861037818822,0.9373881932021467,0.9297297297297298,0.9923793395427604,0.9767841788478074,0.9897959183673469,0.9616055846422339,0.9543057996485061,0.954225352112676,0.9906700593723494,0.9872340425531915,0.9898132427843803,0.9570552147239264,0.9940828402366864
0.9827586206896551,0.9514563106796117,0.9529724933451642,0.934056007226739,0.9880749574105622,0.9802575107296138,0.9931740614334471,0.9633507853403142,0.9597197898423818,0.9501779359430605,0.9837467921300257,0.9889361702127659,0.9915110356536503,0.9615384615384616,0.9949238578680203
0.9812286689419796,0.9689655172413794,0.9544658493870403,0.9442970822281167,0.9941126997476871,0.9855810008481765,0.9932546374367622,0.9725085910652921,0.9671848013816926,0.9662337662337662,0.9941126997476871,0.9915682967959528,0.9958018471872376,0.9716251074806534,0.9974853310980721
0.9870578084555651,0.9611992945326279,0.9480286738351255,0.947085201793722,0.9914383561643836,0.9827288428324698,0.9965811965811966,0.9666666666666667,0.9621145374449339,0.9592198581560284,0.9879725085910653,0.9905741216795202,0.9914383561643836,0.9639401934916447,0.9905741216795202
0.9854077253218884,0.9483985765124555,0.9408602150537635,0.9274047186932849,0.9906063193851409,0.9775086505190311,0.9914675767918089,0.9631578947368421,0.9576719576719577,0.9549071618037135,0.9836629406706793,0.9948979591836735,0.9923273657289002,0.961335676625659,0.9940425531914894
0.9853574504737296,0.9611992945326279,0.9538188277087034,0.9339366515837104,0.9948805460750854,0.9879725085910653,0.9923011120615911,0.9657594381035997,0.9593639575971732,0.9482142857142857,0.9905741216795202,0.9931623931623932,0.9940222032450897,0.9648506151142355,0.9965928449744463
0.983634797588286,0.9585172109443955,0.9640035118525022,0.9311594202898551,0.9940323955669225,0.9897260273972602,0.9923142613151152,0.9730200174064404,0.9630931458699473,0.9658194566170026,0.9914529914529915,0.9948892674616695,0.9940323955669225,0.9685314685314685,0.9940323955669225
0.9940928270042194,0.9715271786022434,0.960767218831735,0.9534679543459175,0.995787700084246,0.995787700084246,0.9966329966329966,0.9811965811965812,0.9732988802756245,0.9688581314878892,0.9923922231614539,0.9983193277310924,0.9966329966329966,0.9785775492716366,0.9974768713204374
0.9838297872340426,0.9581151832460733,0.9470899470899471,0.9310653536257834,0.9949494949494949,0.9915540540540541,0.9907016060862215,0.9689119170984456,0.9662337662337662,0.9581151832460733,0.9907016060862215,0.9915540540540541,0.9941027801179444,0.9680207433016422,0.9949494949494949
0.9820051413881749,0.9569798068481123,0.9533039647577093,0.9411764705882353,0.9923664122137404,0.9863481228668942,0.9932203389830508,0.9651567944250871,0.9651567944250871,0.9606299212598425,0.9880749574105622,0.9923664122137404,0.9957734573119188,0.9678540399652477,0.9974683544303797
0.9854077253218884,0.9622475856014048,0.958590308370044,0.9418084153983886,0.9931856899488927,0.987146529562982,0.9940425531914894,0.9748482220294883,0.9667832167832168,0.969485614646905,0.988013698630137,0.9957519116397621,0.9957519116397621,0.9712793733681462,0.9974554707379135
0.9861351819757366,0.9591474245115453,0.9590747330960854,0.9449954914337241,0.9939914163090129,0.9879101899827288,0.9922480620155039,0.9719298245614035,0.9655781112091791,0.9636846767050488,0.9922613929492692,0.9939914163090129,0.9939914163090129,0.9719298245614035,0.993127147766323
0.988155668358714,0.9600694444444444,0.9527145359019265,0.9368888888888889,0.9941225860621327,0.9864636209813875,0.9932659932659933,0.9699054170249355,0.9672413793103448,0.9618055555555556,0.9932773109243698,0.9915824915824916,0.9941225860621327,0.9690189328743546,0.9983277591973244
0.9811643835616438,0.9652777777777778,0.9552238805970149,0.9375,0.9915397631133672,0.9846678023850085,0.9906700593723494,0.9732988802756245,0.9706390328151986,0.9616055846422339,0.9881154499151104,0.9906858594411516,0.9923922231614539,0.9759450171821306,0.9932432432432432
0.9852045256744996,0.943089430894309,0.9495495495495495,0.9283088235294118,0.9905090595340811,0.9887640449438202,0.9956933677863911,0.9544235924932976,0.947841726618705,0.9533213644524237,0.9861351819757366,0.9948453608247423,0.9939810834049871,0.96,0.9896373056994818
0.9881154499151104,0.9679653679653679,0.9497797356828194,0.9432624113475178,0.9923922231614539,0.9872557349192863,0.9949409780775716,0.9785775492716366,0.9715271786022434,0.9643788010425717,0.9932432432432432,0.9940928270042194,0.9940928270042194,0.9750644883920895,0.9932432432432432
0.9766637856525497,0.9551451187335093,0.9447415329768271,0.9390681003584229,0.9906542056074766,0.9802575107296138,0.9897610921501706,0.9705372616984402,0.9578947368421052,0.9559082892416225,0.9880749574105622,0.9880749574105622,0.9897959183673469,0.9678540399652477,0.9906542056074766
0.9863481228668942,0.9570552147239264,0.9477413640389726,0.9306930693069307,0.9915254237288136,0.9898132427843803,0.9966216216216216,0.9661164205039097,0.957968476357268,0.9560632688927944,0.9863713798977853,0.9915254237288136,0.9949324324324325,0.962510897994769,0.9906700593723494
0.9869678540399652,0.9487870619946092,0.942883046237534,0.9380692167577414,0.9948453608247423,0.9852558542931483,0.9948275862068966,0.9618456078083407,0.9544235924932976,0.9561324977618622,0.9896373056994818,0.9931153184165232,0.9922480620155039,0.9590747330960854,0.9896373056994818
0.9870801033591732,0.9528888888888889,0.9528049866429208,0.9367088607594937,0.9948805460750854,0.9871023215821152,0.9922879177377892,0.968476357267951,0.9593639575971732,0.9611307420494699,0.9888412017167382,0.9931623931623932,0.9914383561643836,0.9639401934916447,0.9957374254049446
0.9792387543252595,0.950354609929078,0.940754039497307,0.9282470481380564,0.994052676295667,0.9828178694158075,0.9931740614334471,0.9614035087719298,0.9586631486367634,0.9566755083996463,0.9888983774551665,0.9897610921501706,0.9914821124361158,0.9632224168126094,0.9931972789115646
0.9838022165387894,0.9600694444444444,0.951627088830255,0.9357142857142857,0.9881756756756757,0.9786871270247229,0.9889737065309584,0.9663503019844694,0.955536181342633,0.958041958041958,0.9890295358649789,0.9890295358649789,0.9881756756756757,0.9618717504332756,0.9907329401853412
0.9872988992379339,0.9581881533101045,0.9581881533101045,0.9368888888888889,0.9915682967959528,0.9898648648648649,0.9949579831932773,0.9716251074806534,0.9572798605056669,0.9645021645021645,0.9924178601516428,0.9974853310980721,0.9974853310980721,0.96,0.9924178601516428
0.9838846480067854,0.9691252144082333,0.9518810148731408,0.9482001755926251,0.9924559932942163,0.9865092748735245,0.9974895397489539,0.9735269000853971,0.9708904109589042,0.9645635263612792,0.9882154882154882,0.9932998324958124,0.994142259414226,0.9708904109589042,0.9924559932942163
0.9871904355251921,0.958041958041958,0.9596491228070175,0.9363228699551569,0.9898305084745763,0.9889737065309584,0.9949152542372881,0.9697493517718236,0.9571303587051618,0.9668989547038328,0.9923922231614539,0.9898305084745763,0.9906858594411516,0.9643788010425717,0.9906858594411516
0.9877408056042032,0.9605026929982047,0.9500454132606722,0.9452554744525548,0.9930434782608696,0.9877622377622378,0.9947826086956522,0.9679144385026738,0.9595687331536388,0.9585585585585585,0.9947916666666666,0.988646288209607,0.9921671018276762,0.964221824686941,0.9939183318853171
0.9881154499151104,0.9535495179666958,0.9441984056687334,0.931899641577061,0.9915540540540541,0.9846938775510204,0.9940928270042194,0.9635416666666666,0.9572052401746725,0.9525483304042179,0.9889923793395428,0.9932546374367622,0.9941027801179444,0.9626411815812337,0.9941027801179444
0.9862778730703259,0.9604221635883905,0.9474621549421193,0.9436997319034852,0.9914675767918089,0.9827882960413081,0.9914675767918089,0.9721739130434782,0.9631578947368421,0.9604221635883905,0.9906063193851409,0.9931856899488927,0.9940425531914894,0.9712793733681462,0.9948979591836735
0.9905254091300603,0.9572953736654805,0.947935368043088,0.9277218664226898,0.9948542024013722,0.9870354364736387,0.9965753424657534,0.9719298245614035,0.9619131975199291,0.9619131975199291,0.9870354364736387,0.9957155098543273,0.9948542024013722,0.9701230228471002,0.9939914163090129
0.9888412017167382,0.9623797025371829,0.9500891265597148,0.9444444444444444,0.9923534409515717,0.9871904355251921,0.9957374254049446,0.9695916594265855,0.9641921397379912,0.9621145374449339,0.9871904355251921,0.989778534923339,0.9914965986394558,0.9695916594265855,0.9966159052453468
0.9827882960413081,0.9540636042402827,0.9493333333333334,0.9322493224932249,0.9906223358908781,0.9793103448275862,0.9888793840889649,0.9586631486367634,0.9549867608120035,0.9539823008849557,0.9845626072041166,0.9880341880341881,0.9871685201026519,0.9604916593503073,0.9923404255319149
0.9871244635193133,0.9559082892416225,0.9566755083996463,0.940754039497307,0.9914821124361158,0.9871685201026519,0.9923142613151152,0.9695387293298521,0.9568281938325991,0.9612676056338029,0.9914821124361158,0.9897610921501706,0.9897610921501706,0.965938864628821,0.9897610921501706
0.9905417024935511,0.9702797202797203,0.9656387665198238,0.9499105545617174,0.9957374254049446,0.9897084048027445,0.9965811965811966,0.9747606614447345,0.9675723049956179,0.9619805481874447,0.9931623931623932,0.9914383561643836,0.9931623931623932,0.9720767888307156,0.9957374254049446
0.9863013698630136,0.9651567944250871,0.952212389380531,0.9456812110418522,0.9940728196443692,0.9863481228668942,0.9957591178965225,0.9678540399652477,0.9669565217391304,0.9568281938325991,0.9897959183673469,0.9932203389830508,0.9932203389830508,0.9705372616984402,0.9923664122137404
0.9844020797227037,0.9565217391304348,0.956366874443455,0.9335759781619655,0.9948717948717949,0.9862068965517241,0.9939914163090129,0.9702276707530648,0.9638766519823788,0.9637488947833776,0.9931506849315068,0.9914236706689536,0.9922879177377892,0.9693251533742331,0.9931506849315068
0.9905090595340811,0.9619131975199291,0.9581478183437222,0.9344262295081968,0.9939914163090129,0.9852813852813853,0.9905090595340811,0.969217238346526,0.9683098591549296,0.9609236234458259,0.9905254091300603,0.9905254091300603,0.9922613929492692,0.9719298245614035,0.9948542024013722
0.9855072463768116,0.9670138888888888,0.9543057996485061,0.9469026548672567,0.9915254237288136,0.9906700593723494,0.9932318104906938,0.9767841788478074,0.9714779602420052,0.9714779602420052,0.9923793395427604,0.9932318104906938,0.9949324324324325,0.9759036144578314,0.9949324324324325
0.9844559585492227,0.9547471162377995,0.9433962264150944,0.9357466063348416,0.9914383561643836,0.9862306368330465,0.9948717948717949,0.9639401934916447,0.9547471162377995,0.9574468085106383,0.9888412017167382,0.9940222032450897,0.9923011120615911,0.9575221238938053,0.9948805460750854
0.9834926151172894,0.9575221238938053,0.9459459459459459,0.9363636363636364,0.9931623931623932,0.9888412017167382,0.9957081545064378,0.9639401934916447,0.9593639575971732,0.9562890276538805,0.9914383561643836,0.9940222032450897,0.9957374254049446,0.9584438549955792,0.9914383561643836
0.9835212489158717,0.968365553602812,0.9628318584070796,0.9498207885304659,0.9940017137960583,0.9914089347079038,0.9948542024013722,0.9728783902012248,0.9746724890829694,0.9619131975199291,0.9914089347079038,0.9931389365351629,0.9957228400342173,0.976460331299041,0.9957228400342173
0.9853826311263972,0.9658792650918635,0.9557522123893806,0.9417040358744395,0.9931856899488927,0.9862778730703259,0.9940323955669225,0.9703832752613241,0.9676855895196507,0.9658194566170026,0.9888793840889649,0.9923273657289002,0.9897435897435898,0.9685863874345549,0.9931856899488927
0.984375,0.9590747330960854,0.9609236234458259,0.9392565729827742,0.9939810834049871,0.987012987012987,0.9922480620155039,0.9673433362753752,0.9636846767050488,0.9581478183437222,0.9896373056994818,0.9931153184165232,0.9922480620155039,0.9682539682539683,0.9948453608247423
0.9870801033591732,0.9612676056338029,0.95,0.939585211902615,0.9948892674616695,0.9853826311263972,0.9914236706689536,0.9658194566170026,0.9630931458699473,0.9546666666666667,0.9905902480752781,0.9897260273972602,0.9905902480752781,0.9667250437828371,0.9957446808510638
0.9897959183673469,0.956140350877193,0.9486725663716814,0.9345291479820628,0.9932318104906938,0.9906700593723494,0.9957734573119188,0.9634146341463414,0.957968476357268,0.9569798068481123,0.9923793395427604,0.9940828402366864,0.9940828402366864,0.962510897994769,0.9949324324324325
0.9872340425531915,0.9543057996485061,0.9459698848538529,0.9317773788150808,0.9949324324324325,0.9915254237288136,0.9940828402366864,0.9661164205039097,0.9570552147239264,0.9588801399825022,0.9932318104906938,0.9906700593723494,0.9957805907172996,0.9670138888888888,0.9949324324324325
0.9872557349192863,0.9562171628721541,0.9479258605472197,0.9357142857142857,0.9974768713204374,0.9906858594411516,0.9966329966329966,0.9634782608695652,0.9571303587051618,0.9525483304042179,0.9915397631133672,0.9966329966329966,0.9966329966329966,0.9679653679653679,0.9983193277310924
0.9854327335047129,0.9588080631025416,0.9466192170818505,0.9409660107334525,0.9915110356536503,0.9828767123287672,0.9863013698630136,0.9696444058976583,0.9669565217391304,0.9549867608120035,0.9897959183673469,0.9915110356536503,0.9915110356536503,0.96875,0.9897959183673469
0.9853068280034573,0.9575221238938053,0.9480286738351255,0.9385171790235082,0.9914383561643836,0.9888412017167382,0.9965811965811966,0.9702797202797203,0.9657594381035997,0.9601417183348095,0.9897084048027445,0.9931623931623932,0.9948805460750854,0.9720767888307156,0.9957374254049446
0.988013698630137,0.952212389380531,0.9549071618037135,0.9293478260869565,0.9923404255319149,0.9819432502149613,0.9906063193851409,0.9623137598597721,0.9586631486367634,0.9539823008849557,0.9871685201026519,0.9914821124361158,0.9923404255319149,0.9641294838145232,0.9914821124361158
0.987363100252738,0.963855421686747,0.9502183406113537,0.9372236958443855,0.9966666666666667,0.9882352941176471,0.994142259414226,0.967409948542024,0.963855421686747,0.9628990509059534,0.9873843566021867,0.9924686192468619,0.9924686192468619,0.9682947729220223,0.9933110367892977
0.9856781802864364,0.9603448275862069,0.9475524475524476,0.9363957597173145,0.9907949790794979,0.9848484848484849,0.9916247906197655,0.9753610875106202,0.9630266552020637,0.9656357388316151,0.9899497487437185,0.9899497487437185,0.9907949790794979,0.9692307692307692,0.9899497487437185
0.9852558542931483,0.9516129032258065,0.946894689468947,0.9275893675527039,0.9939810834049871,0.9905090595340811,0.9931153184165232,0.9618456078083407,0.9553571428571429,0.9449954914337241,0.9896373056994818,0.9922480620155039,0.9922480620155039,0.9609236234458259,0.9948453608247423
0.9846153846153847,0.9661164205039097,0.950530035335689,0.9486725663716814,0.9923793395427604,0.9889549702633815,0.9923664122137404,0.9811643835616438,0.9705882352941176,0.9740932642487047,0.9932318104906938,0.9932318104906938,0.9949324324324325,0.9776632302405498,0.9940828402366864
0.9826689774696707,0.9656992084432717,0.9610619469026549,0.9461400359066428,0.9948717948717949,0.9905579399141631,0.9879310344827587,0.9782797567332754,0.9675153643546971,0.968365553602812,0.9931506849315068,0.9940119760479041,0.9922879177377892,0.974716652136007,0.9957301451750641
0.9810344827586207,0.9622475856014048,0.9549071618037135,0.9399103139013453,0.9914675767918089,0.9906063193851409,0.9931856899488927,0.9739583333333334,0.969485614646905,0.9685863874345549,0.9948979591836735,0.9897435897435898,0.9931856899488927,0.9739583333333334,0.9931856899488927
0.9897959183673469,0.9643167972149695,0.9533039647577093,0.9402319357716324,0.9949324324324325,0.9880952380952381,0.9957734573119188,0.9688041594454073,0.9652173913043478,0.9588080631025416,0.9923793395427604,0.9940828402366864,0.9957805907172996,0.9679098005203816,0.9983164983164983
0.988135593220339,0.9470899470899471,0.9470899470899471,0.9301075268817204,0.9941027801179444,0.9838297872340426,0.9898477157360406,0.9608355091383812,0.9544658493870403,0.9544658493870403,0.9898477157360406,0.9907016060862215,0.9915540540540541,0.9617391304347827,0.9941027801179444
0.9846678023850085,0.9471830985915493,0.9413854351687388,0.9212669683257918,0.9898648648648649,0.983857264231096,0.9932432432432432,0.9545454545454546,0.9508771929824561,0.9479258605472197,0.988155668358714,0.9907172995780591,0.9907172995780591,0.9545454545454546,0.9949579831932773
0.9829351535836177,0.9616724738675958,0.9507042253521126,0.9497797356828194,0.9923922231614539,0.9863945578231292,0.9966329966329966,0.976824034334764,0.9661751951431049,0.9661751951431049,0.9898305084745763,0.995787700084246,0.9966329966329966,0.9732988802756245,0.9974768713204374
0.9847457627118644,0.9609713790112749,0.9482001755926251,0.9322638146167558,0.9932773109243698,0.9856054191363252,0.992430613961312,0.9707903780068728,0.9627705627705627,0.9582608695652174,0.9932773109243698,0.9932773109243698,0.9958088851634534,0.9636678200692042,0.9966499162479062
0.9819742489270387,0.9588080631025416,0.9495128432240921,0.9410714285714286,0.9880749574105622,0.9828767123287672,0.9923534409515717,0.9624454148471616,0.9606299212598425,0.9559859154929577,0.9906542056074766,0.9863481228668942,0.9880749574105622,0.9578947368421052,0.9897959183673469
0.988013698630137,0.9549071618037135,0.9455842997323818,0.9408602150537635,0.9931856899488927,0.9854077253218884,0.9906063193851409,0.9640666082383874,0.9576719576719577,0.9539823008849557,0.9888793840889649,0.9906063193851409,0.9914675767918089,0.961335676625659,0.9931856899488927
0.9836065573770492,0.9611992945326279,0.945389435989257,0.9406474820143885,0.9974468085106383,0.9879725085910653,0.9923011120615911,0.9657594381035997,0.9602824360105914,0.9630281690140845,0.9974468085106383,0.9905741216795202,0.9957374254049446,0.9611992945326279,0.9931623931623932
0.9815303430079155,0.9605734767025089,0.9623655913978495,0.9376146788990826,0.9930555555555556,0.9868995633187773,0.9947916666666666,0.9679715302491103,0.9633601429848079,0.9614349775784753,0.9904264577893821,0.9904264577893821,0.9930555555555556,0.9679715302491103,0.9956709956709957
0.9795221843003413,0.9609035621198957,0.9490333919156415,0.9378330373001776,0.9958018471872376,0.9829931972789115,0.988155668358714,0.9689655172413794,0.9618055555555556,0.96,0.9872988992379339,0.9915682967959528,0.9898648648648649,0.9671848013816926,0.9855810008481765
0.9812286689419796,0.9672413793103448,0.95171202809482,0.9452296819787986,0.9958088851634534,0.9907329401853412,0.9966386554621849,0.9734361610968295,0.9672413793103448,0.9608355091383812,0.9949664429530202,0.9915824915824916,0.9958088851634534,0.9707903780068728,0.9958088851634534
0.983857264231096,0.9518810148731408,0.9434628975265018,0.9283154121863799,0.9915824915824916,0.9864636209813875,0.9932659932659933,0.9663503019844694,0.9600694444444444,0.96,0.9898819561551433,0.9890295358649789,0.9949664429530202,0.9618717504332756,0.9907329401853412
0.9829931972789115,0.9698535745047373,0.959094865100087,0.9443954104148279,0.9924178601516428,0.9864406779661017,0.998324958123953,0.9751499571550986,0.9680759275237274,0.9716251074806534,0.9932659932659933,0.9958018471872376,0.9949579831932773,0.9680759275237274,0.9924178601516428
0.9800173761946134,0.9582963620230701,0.9527207850133809,0.9356300997280145,0.992274678111588,0.9844290657439446,0.9888027562446167,0.9701754385964912,0.9592198581560284,0.9555160142348754,0.992274678111588,0.9879310344827587,0.992274678111588,0.968365553602812,0.9931389365351629
0.9837467921300257,0.9588080631025416,0.9486725663716814,0.933572710951526,0.9923664122137404,0.9897959183673469,0.9932203389830508,0.9696444058976583,0.9660574412532638,0.9624454148471616,0.9906542056074766,0.9897959183673469,0.9932203389830508,0.9696444058976583,0.9940728196443692
0.9845360824742269,0.9577464788732394,0.9511978704525288,0.9418084153983886,0.994052676295667,0.9880341880341881,0.9948979591836735,0.9748917748917749,0.965938864628821,0.9667832167832168,0.9897610921501706,0.9931972789115646,0.9931972789115646,0.9748917748917749,0.9949066213921901
0.9853574504737296,0.9595070422535211,0.9575221238938053,0.9396939693969397,0.9940425531914894,0.9888793840889649,0.9931623931623932,0.9667832167832168,0.9631578947368421,0.9630281690140845,0.9906063193851409,0.9923273657289002,0.9931856899488927,0.9685863874345549,0.9948979591836735
0.9889173060528559,0.9550660792951542,0.9401251117068812,0.9353680430879713,0.9949152542372881,0.9845890410958904,0.9914965986394558,0.9632867132867133,0.9596491228070175,0.9578207381370826,0.9880546075085325,0.9923534409515717,0.9906382978723405,0.9650959860383944,0.9932088285229203
0.9862778730703259,0.9569041336851363,0.9595070422535211,0.9399103139013453,0.9923534409515717,0.9889173060528559,0.9948979591836735,0.9731601731601731,0.9623797025371829,0.9622475856014048,0.9932088285229203,0.9949152542372881,0.9932088285229203,0.9668989547038328,0.9914965986394558
0.9905902480752781,0.9548272807794509,0.9473684210526315,0.934056007226739,0.9957446808510638,0.9897260273972602,0.9897260273972602,0.9640035118525022,0.9585172109443955,0.9557522123893806,0.988860325621251,0.9974511469838573,0.9931740614334471,0.960352422907489,0.99830220713073
0.9820359281437125,0.9588801399825022,0.9533861037818822,0.9298561151079137,0.9932318104906938,0.9863713798977853,0.9906700593723494,0.9705882352941176,0.9616055846422339,0.962510897994769,0.9898132427843803,0.9898132427843803,0.9923793395427604,0.9688041594454073,0.9906700593723494
0.9862778730703259,0.9604221635883905,0.9446428571428571,0.9351351351351351,0.9940425531914894,0.987146529562982,0.9914675767918089,0.969485614646905,0.9622475856014048,0.9567519858781994,0.9906063193851409,0.9923273657289002,0.9914675767918089,0.9676855895196507,0.9923273657289002
0.9803921568627451,0.9508771929824561,0.9415929203539823,0.9397163120567376,0.9907172995780591,0.9829931972789115,0.9941126997476871,0.9618055555555556,0.9545454545454546,0.9527145359019265,0.9872988992379339,0.9907172995780591,0.9932659932659933,0.959094865100087,0.9924178601516428
0.9888412017167382,0.9630931458699473,0.9584438549955792,0.9472743521000894,0.9940323955669225,0.988860325621251,0.9931623931623932,0.9712292938099389,0.9640035118525022,0.9621145374449339,0.9931740614334471,0.9923142613151152,0.9931740614334471,0.9703315881326352,0.9974511469838573
0.9853321829163072,0.9574468085106383,0.9443447037701975,0.9338168631006346,0.9948717948717949,0.9809358752166378,0.9940119760479041,0.9620476610767873,0.9611307420494699,0.9528049866429208,0.9879518072289156,0.9862068965517241,0.9896907216494846,0.9611307420494699,0.9931506849315068
0.9792746113989638,0.9504424778761061,0.9539823008849557,0.9254545454545454,0.995766299745978,0.9880546075085325,0.9906063193851409,0.9677980852915579,0.9587357330992098,0.9549071618037135,0.9871904355251921,0.9880546075085325,0.9923534409515717,0.9668989547038328,0.9940627650551315
0.9863481228668942,0.9543057996485061,0.9523809523809523,0.936436884512086,0.9966273187183811,0.9949324324324325,0.9974683544303797,0.9616055846422339,0.9570552147239264,0.9560632688927944,0.9915254237288136,0.9932318104906938,0.9957805907172996,0.9606986899563319,0.9966273187183811
0.9808695652173913,0.9471799462846912,0.9498207885304659,0.9326047358834244,0.9896907216494846,0.9800520381613183,0.9905254091300603,0.9611307420494699,0.95837023914969,0.956366874443455,0.9888220120378332,0.9835782195332757,0.9896907216494846,0.9638766519823788,0.9940119760479041
0.9889549702633815,0.9625761531766753,0.956140350877193,0.9336917562724014,0.9949409780775716,0.9898305084745763,0.9949324324324325,0.9715271786022434,0.9643788010425717,0.9606986899563319,0.9906858594411516,0.9932432432432432,0.9932432432432432,0.9670710571923743,0.9932432432432432
0.9880341880341881,0.9659982563208369,0.9604916593503073,0.9409660107334525,0.995766299745978,0.989778534923339,0.9923404255319149,0.9740484429065744,0.9722703639514731,0.9695387293298521,0.9940627650551315,0.995766299745978,0.9949152542372881,0.9758203799654577,0.9949152542372881
0.9888027562446167,0.9575221238938053,0.9527207850133809,0.9423423423423424,0.9905741216795202,0.9879725085910653,0.9931389365351629,0.9657594381035997,0.9602824360105914,0.9665492957746479,0.9923011120615911,0.9888412017167382,0.9879725085910653,0.968476357267951,0.9923011120615911
0.9851268591426072,0.9589285714285715,0.9633601429848079,0.9348025711662076,0.9913494809688581,0.9887250650477016,0.9921807124239791,0.9717813051146384,0.9663120567375887,0.9688888888888889,0.9869678540399652,0.9896013864818024,0.9896013864818024,0.9762949956101844,0.9922212618841832
0.9872773536895675,0.9509632224168126,0.9414893617021277,0.9367764915405165,0.9949664429530202,0.9856054191363252,0.9915540540540541,0.9609713790112749,0.9564459930313589,0.9562937062937062,0.9932773109243698,0.9907329401853412,0.9915824915824916,0.9636678200692042,0.9941225860621327
0.9905417024935511,0.9565217391304348,0.9480286738351255,0.9432943294329433,0.9940119760479041,0.9879518072289156,0.9914089347079038,0.95929203539823,0.9546666666666667,0.9573712255772646,0.9914236706689536,0.9888220120378332,0.9896907216494846,0.9656992084432717,0.9931506849315068
0.9828473413379074,0.9632867132867133,0.9596491228070175,0.9476486246672582,0.995766299745978,0.9863247863247864,0.9923534409515717,0.9775862068965517,0.9659982563208369,0.9704861111111112,0.9932088285229203,0.9940627650551315,0.9940627650551315,0.9731601731601731,0.9949152542372881
0.9878892733564014,0.9553571428571429,0.9497307001795332,0.9285714285714286,0.9922480620155039,0.9852558542931483,0.9922480620155039,0.9646017699115044,0.9581478183437222,0.9609236234458259,0.9861351819757366,0.9896373056994818,0.9905090595340811,0.9636846767050488,0.9931153184165232
0.9871023215821152,0.9593639575971732,0.9519572953736655,0.9320036264732547,0.9974468085106383,0.9923011120615911,0.9940222032450897,0.9720767888307156,0.968476357267951,0.9611992945326279,0.9940222032450897,0.9940222032450897,0.9965928449744463,0.97117903930131,0.9982993197278912
0.988155668358714,0.9609713790112749,0.9545454545454546,0.9462555066079296,0.9949664429530202,0.9873203719357565,0.9941126997476871,0.9734361610968295,0.9725557461406518,0.9653979238754326,0.9898819561551433,0.9949664429530202,0.9966499162479062,0.9751924721984602,0.9941225860621327
0.9842381786339754,0.9652715939447908,0.962432915921288,0.9435336976320583,0.9939393939393939,0.9895652173913043,0.9948006932409013,0.970770593445527,0.9698581560283688,0.9670525378450578,0.9913194444444444,0.9913194444444444,0.9930675909878682,0.9725906277630415,0.9956784788245462
0.9881154499151104,0.9661751951431049,0.951627088830255,0.9507042253521126,0.9949409780775716,0.9881154499151104,0.9872557349192863,0.9706390328151986,0.9670710571923743,0.9643788010425717,0.9923922231614539,0.9915397631133672,0.9923922231614539,0.9750644883920895,0.9949409780775716
0.9906542056074766,0.9599303135888502,0.9560632688927944,0.9411764705882353,0.9915540540540541,0.9838297872340426,0.9915110356536503,0.9680207433016422,0.9644405897658282,0.9578947368421052,0.988135593220339,0.9932546374367622,0.9915540540540541,0.9689119170984456,0.9898477157360406
0.9825174825174825,0.9496402877697842,0.9291628334866605,0.9271889400921659,0.9887445887445887,0.981691368788143,0.9887054735013032,0.9590017825311943,0.9562109025915997,0.956989247311828,0.9922346850733391,0.9896193771626297,0.9878682842287695,0.9617777777777777,0.986990459670425
0.9838022165387894,0.9525483304042179,0.9432624113475178,0.9212669683257918,0.9966329966329966,0.985531914893617,0.9889737065309584,0.9571303587051618,0.958041958041958,0.9479258605472197,0.9863945578231292,0.9906858594411516,0.9940928270042194,0.9616724738675958,0.9932432432432432
0.9856540084388186,0.9547826086956521,0.9362831858407079,0.9353410097431355,0.9899159663865547,0.9804919423240034,0.9907640638119227,0.9664660361134996,0.9646856158484065,0.9502183406113537,0.9890664423885618,0.9924559932942163,0.9949832775919732,0.9611063094209161,0.994142259414226
0.9800173761946134,0.9592198581560284,0.9517857142857142,0.9423423423423424,0.9931389365351629,0.9861830742659758,0.9905417024935511,0.9674582233948988,0.9674582233948988,0.9592198581560284,0.9896729776247849,0.9905417024935511,0.9905417024935511,0.9701754385964912,0.9957228400342173
0.9889173060528559,0.9677980852915579,0.9659982563208369,0.9476486246672582,0.9940627650551315,0.9932088285229203,0.9966159052453468,0.9802235597592434,0.9668989547038328,0.971379011274935,0.9974640743871513,0.9940627650551315,0.9923534409515717,0.9740484429065744,0.9923534409515717
0.9833770778652668,0.9661921708185054,0.9540954095409541,0.9484162895927601,0.9913194444444444,0.986922406277245,0.9921942758022549,0.9725906277630415,0.9753086419753086,0.964349376114082,0.9895652173913043,0.9904430929626412,0.9921942758022549,0.9753086419753086,0.9948096885813149
0.9845360824742269,0.9668411867364747,0.961335676625659,0.9455842997323818,0.9923404255319149,0.9914821124361158,0.9931856899488927,0.9757785467128027,0.9668411867364747,0.9649737302977233,0.9931972789115646,0.9931972789115646,0.9974597798475868,0.9748917748917749,0.9931972789115646
0.986159169550173,0.95929203539823,0.9535714285714286,0.9441441441441442,0.9965870307167235,0.9862068965517241,0.9948542024013722,0.9702276707530648,0.9656992084432717,0.9591474245115453,0.9879518072289156,0.9965870307167235,0.9940119760479041,0.9675153643546971,0.9965870307167235
0.9847457627118644,0.9609713790112749,0.9472759226713533,0.9360568383658969,0.9949664429530202,0.9915824915824916,0.9958088851634534,0.9654576856649395,0.9591659426585578,0.9591659426585578,0.9941225860621327,0.9890295358649789,0.9932773109243698,0.9627705627705627,0.9941225860621327
0.9863481228668942,0.9723661485319517,0.9551451187335093,0.9449378330373002,0.9957805907172996,0.9898132427843803,0.9966216216216216,0.9759036144578314,0.9732528041415013,0.9669565217391304,0.9923793395427604,0.9966273187183811,0.9974726200505476,0.9767841788478074,0.9915254237288136
0.9852045256744996,0.96,0.9570661896243292,0.945750452079566,0.9887640449438202,0.9834926151172894,0.9930915371329879,0.9763779527559056,0.9709762532981531,0.9735915492957746,0.9931153184165232,0.9913793103448276,0.9922480620155039,0.9709762532981531,0.9922480620155039
0.9863013698630136,0.9494232475598935,0.9466192170818505,0.9285067873303168,0.9949066213921901,0.9888983774551665,0.994052676295667,0.965034965034965,0.9577464788732394,0.9475555555555556,0.9931972789115646,0.9966101694915255,0.9949066213921901,0.9623137598597721,0.9957591178965225
0.9826388888888888,0.9527207850133809,0.9316317228805834,0.9306569343065694,0.9879310344827587,0.9782419495213229,0.9939914163090129,0.9628975265017667,0.9573712255772646,0.9507609668755596,0.9835497835497835,0.9896729776247849,0.9940017137960583,0.9582963620230701,0.9957228400342173
0.9775086505190311,0.9559859154929577,0.9455842997323818,0.9436997319034852,0.9871904355251921,0.9880546075085325,0.9923273657289002,0.9668989547038328,0.9623797025371829,0.961335676625659,0.9880546075085325,0.9889173060528559,0.9906382978723405,0.9641921397379912,0.9923534409515717
0.9846938775510204,0.9716251074806534,0.9562937062937062,0.9442970822281167,0.9932659932659933,0.989010989010989,0.9974811083123426,0.9751499571550986,0.9716251074806534,0.9689119170984456,0.9898648648648649,0.9958018471872376,0.9949579831932773,0.976027397260274,0.9958018471872376
0.9914821124361158,0.9531388152077808,0.950354609929078,0.9390681003584229,0.9966101694915255,0.9906223358908781,0.9931972789115646,0.965034965034965,0.9604916593503073,0.9568281938325991,0.9923404255319149,0.9923404255319149,0.9923404255319149,0.9623137598597721,0.9966101694915255
0.9872340425531915,0.9581151832460733,0.956140350877193,0.9412811387900356,0.9949494949494949,0.9907016060862215,0.9966273187183811,0.9689119170984456,0.9653379549393414,0.9661164205039097,0.9898477157360406,0.9949494949494949,0.9966386554621849,0.9689119170984456,0.9941027801179444
0.985178727114211,0.9597855227882037,0.9522952295229523,0.9408553230209281,0.9930795847750865,0.9878260869565217,0.9904596704249783,0.9699115044247788,0.9662522202486679,0.9607142857142857,0.9913344887348353,0.9922077922077922,0.9922077922077922,0.9689991142604074,0.996551724137931
0.988135593220339,0.9635416666666666,0.9635416666666666,0.9442970822281167,0.9957947855340622,0.9907016060862215,0.9941027801179444,0.9724612736660929,0.967128027681661,0.9698015530629853,0.9941027801179444,0.9915540540540541,0.9932546374367622,0.9706896551724138,0.9957947855340622
0.9873203719357565,0.9511343804537522,0.9435626102292769,0.9303571428571429,0.9932998324958124,0.9839391377852916,0.9907329401853412,0.9646856158484065,0.9593073593073593,0.9546247818499127,0.9907640638119227,0.9899159663865547,0.9949832775919732,0.9628990509059534,0.9924559932942163
0.9880341880341881,0.9587357330992098,0.9540636042402827,0.9400179051029544,0.9932088285229203,0.9889173060528559,0.9949066213921901,0.9686956521739131,0.9614711033274956,0.9595782073813708,0.9949152542372881,0.9923534409515717,0.9923534409515717,0.9659982563208369,0.9923534409515717
0.9878682842287695,0.969217238346526,0.953405017921147,0.9410698096101541,0.9939914163090129,0.9879101899827288,0.9939707149009475,0.978204010462075,0.9737302977232924,0.9709251101321585,0.9922613929492692,0.9965753424657534,0.993127147766323,0.9773123909249564,0.9896551724137931
0.9855564995751912,0.9581881533101045,0.9320214669051878,0.9301075268817204,0.9898648648648649,0.983857264231096,0.988135593220339,0.9636048526863085,0.9618055555555556,0.9498680738786279,0.9855810008481765,0.9898648648648649,0.9907172995780591,0.9671848013816926,0.9932659932659933
0.9835212489158717,0.956366874443455,0.9498207885304659,0.925756186984418,0.9939914163090129,0.9879101899827288,0.9913941480206541,0.9674008810572687,0.9646643109540636,0.9572953736654805,0.9913941480206541,0.993127147766323,0.9974337040205303,0.9646643109540636,0.9948542024013722
0.9829642248722317,0.9553805774278216,0.9377224199288257,0.9272237196765498,0.9898477157360406,0.9846938775510204,0.9907016060862215,0.9689119170984456,0.9553805774278216,0.9608355091383812,0.9924050632911392,0.9915540540540541,0.9898477157360406,0.9608355091383812,0.9915540540540541
0.9878472222222222,0.9656387665198238,0.9514388489208633,0.9371011850501367,0.992274678111588,0.9879310344827587,0.993960310612597,0.968365553602812,0.9647266313932981,0.9579982126899017,0.9914089347079038,0.992274678111588,0.9931389365351629,0.9692712906057945,0.9957228400342173
0.9888983774551665,0.9534679543459175,0.9456812110418522,0.9304426377597109,0.9915397631133672,0.985531914893617,0.9931972789115646,0.9616724738675958,0.958041958041958,0.9586631486367634,0.9881154499151104,0.9889737065309584,0.9923922231614539,0.9625761531766753,0.9932432432432432
0.9825783972125436,0.96,0.9467989179440938,0.9323583180987203,0.9913793103448276,0.9878892733564014,0.9939707149009475,0.9673433362753752,0.9590747330960854,0.9571428571428572,0.9905090595340811,0.9957081545064378,0.9939810834049871,0.9646017699115044,0.9922480620155039
0.9904596704249783,0.9582222222222222,0.9522952295229523,0.948509485094851,0.9939914163090129,0.9913941480206541,0.9974160206718347,0.9701230228471002,0.9628318584070796,0.9616413916146298,0.9913941480206541,0.9896551724137931,0.9913941480206541,0.9701230228471002,0.9957155098543273
0.9862778730703259,0.9549071618037135,0.9567519858781994,0.9205479452054794,0.9940425531914894,0.9862778730703259,0.9923273657289002,0.9685863874345549,0.958590308370044,0.9604221635883905,0.9940425531914894,0.9914675767918089,0.9931856899488927,0.9640666082383874,0.9931856899488927
0.9809688581314879,0.9521276595744681,0.9415992812219227,0.9182736455463728,0.9914675767918089,0.987146529562982,0.9948805460750854,0.9567519858781994,0.9539823008849557,0.9444444444444444,0.988013698630137,0.9888793840889649,0.9906063193851409,0.9604221635883905,0.9888793840889649
0.9907016060862215,0.9724612736660929,0.9572052401746725,0.9396092362344582,0.9966386554621849,0.9924050632911392,0.9957947855340622,0.9777397260273972,0.9768637532133676,0.9680207433016422,0.9915540540540541,0.9974811083123426,0.9966386554621849,0.9786142001710864,0.9966386554621849
0.9842931937172775,0.9588550983899821,0.9418181818181818,0.9389243391066545,0.9974160206718347,0.9895833333333334,0.9922077922077922,0.9717314487632509,0.9644128113879004,0.9551166965888689,0.9878260869565217,0.9939498703543648,0.9939498703543648,0.9708222811671088,0.9956859361518551
0.9915254237288136,0.9543859649122807,0.9450354609929078,0.9288928892889289,0.9906858594411516,0.985531914893617,0.9898132427843803,0.9634782608695652,0.9543859649122807,0.956140350877193,0.9906858594411516,0.9872557349192863,0.9872557349192863,0.9589519650655022,0.9949409780775716
0.9856540084388186,0.9538729329852045,0.9353410097431355,0.9334516415261757,0.9949832775919732,0.9839391377852916,0.9932998324958124,0.9664660361134996,0.9655765920826161,0.9620034542314335,0.9916107382550335,0.9958228905597326,0.9949832775919732,0.9664660361134996,0.9907640638119227
0.9794871794871794,0.9590235396687009,0.9498680738786279,0.9461606354810238,0.9941027801179444,0.9872773536895675,0.9957947855340622,0.9680207433016422,0.9653379549393414,0.9626411815812337,0.9889923793395428,0.9932546374367622,0.9932546374367622,0.9698015530629853,0.9932546374367622
0.9828178694158075,0.9587357330992098,0.9466192170818505,0.9390681003584229,0.9923534409515717,0.9906382978723405,0.9949066213921901,0.9659982563208369,0.9632867132867133,0.9568281938325991,0.9923534409515717,0.9949152542372881,0.9940627650551315,0.9668989547038328,0.9932088285229203
0.9792027729636048,0.9565987599645704,0.9491525423728814,0.9310344827586207,0.9923011120615911,0.9844827586206897,0.9905741216795202,0.9648506151142355,0.9621145374449339,0.9547471162377995,0.9844827586206897,0.9905741216795202,0.9923011120615911,0.9657594381035997,0.9931623931623932
0.9820359281437125,0.957968476357268,0.9478337754199824,0.9308176100628931,0.9974726200505476,0.9880952380952381,0.9932318104906938,0.9670138888888888,0.9634146341463414,0.9524647887323944,0.9915254237288136,0.9923793395427604,0.9949324324324325,0.9688041594454073,0.9915254237288136
0.9889361702127659,0.957968476357268,0.950530035335689,0.9373881932021467,0.9940828402366864,0.9889549702633815,0.9940728196443692,0.9750215331610681,0.9634146341463414,0.9633507853403142,0.9923793395427604,0.9957805907172996,0.9932318104906938,0.9705882352941176,0.9923793395427604
0.9820051413881749,0.9588801399825022,0.9458740017746229,0.9392857142857143,0.9940828402366864,0.9932318104906938,0.9949238578680203,0.9679098005203816,0.9643167972149695,0.9569798068481123,0.9923793395427604,0.9923793395427604,0.9966273187183811,0.9679098005203816,0.9974726200505476
0.9838846480067854,0.9664082687338501,0.9591659426585578,0.9444933920704845,0.9949748743718593,0.990748528174937,0.9949664429530202,0.9708404802744426,0.9708404802744426,0.9645635263612792,0.990748528174937,0.9949748743718593,0.9966555183946488,0.9708404802744426,0.9941324392288349
0.9897435897435898,0.9587357330992098,0.9539823008849557,0.9436997319034852,0.9932088285229203,0.9906382978723405,0.9948979591836735,0.9704861111111112,0.9650959860383944,0.9640666082383874,0.9949152542372881,0.9906382978723405,0.9914965986394558,0.971379011274935,0.9914965986394558
0.9913793103448276,0.9656387665198238,0.9534883720930233,0.9402173913043478,0.992274678111588,0.9905417024935511,0.9974293059125964,0.9656387665198238,0.9638128861429832,0.9590747330960854,0.9914089347079038,0.9948630136986302,0.9948630136986302,0.9628975265017667,0.9948630136986302
0.9837189374464439,0.972318339100346,0.9641921397379912,0.9467140319715808,0.9949238578680203,0.9915110356536503,0.9966159052453468,0.9767441860465116,0.9740932642487047,0.9659982563208369,0.9923664122137404,0.9940728196443692,0.9957734573119188,0.9749784296807593,0.9966216216216216
0.986159169550173,0.9592198581560284,0.9488789237668162,0.9345454545454546,0.9905417024935511,0.9905417024935511,0.9913941480206541,0.968365553602812,0.9545859305431879,0.9582222222222222,0.9905417024935511,0.9914089347079038,0.992274678111588,0.9656387665198238,0.9905417024935511
0.9905741216795202,0.9622475856014048,0.9584438549955792,0.9415992812219227,0.9923273657289002,0.9854077253218884,0.9931623931623932,0.9685863874345549,0.9640666082383874,0.9675723049956179,0.9923273657289002,0.9914675767918089,0.9931856899488927,0.9676855895196507,0.9923273657289002
0.9855072463768116,0.9741379310344828,0.9616055846422339,0.9496910856134158,0.9957805907172996,0.9915254237288136,0.9932318104906938,0.9794168096054888,0.9767841788478074,0.9679098005203816,0.9923793395427604,0.9940828402366864,0.9966273187183811,0.9829059829059829,0.9966273187183811
0.9845360824742269,0.9667832167832168,0.9595070422535211,0.9418084153983886,0.9948979591836735,0.9897435897435898,0.9931856899488927,0.9783923941227312,0.9739583333333334,0.9721739130434782,0.9931856899488927,0.9948979591836735,0.9983050847457627,0.975736568457539,0.9983050847457627
0.9818496110630942,0.9566755083996463,0.9396939693969397,0.9368231046931408,0.9914529914529915,0.983634797588286,0.9923011120615911,0.9667250437828371,0.960352422907489,0.9528888888888889,0.988860325621251,0.9923142613151152,0.9931740614334471,0.9621811785400176,0.9957446808510638
0.9862306368330465,0.9539007092198581,0.9500891265597148,0.9396939693969397,0.9940323955669225,0.983634797588286,0.9940222032450897,0.9621811785400176,0.9612676056338029,0.9556737588652482,0.9914529914529915,0.9940323955669225,0.9923142613151152,0.9630931458699473,0.9914529914529915
0.9836909871244636,0.9497797356828194,0.9409660107334525,0.9226569608735213,0.9915397631133672,0.9863945578231292,0.9957591178965225,0.9562171628721541,0.9553023663453112,0.9475555555555556,0.9872557349192863,0.9915397631133672,0.9932432432432432,0.951627088830255,0.9932432432432432
0.9862068965517241,0.9547471162377995,0.9443447037701975,0.9279854147675478,0.9897084048027445,0.9853574504737296,0.9879518072289156,0.9675723049956179,0.9602824360105914,0.946236559139785,0.9914383561643836,0.9879725085910653,0.9897084048027445,0.9611992945326279,0.9905741216795202
0.9888793840889649,0.9569798068481123,0.9474621549421193,0.9399103139013453,0.9889361702127659,0.9820051413881749,0.9948979591836735,0.9660574412532638,0.9606299212598425,0.9558303886925795,0.9863481228668942,0.9923664122137404,0.9923664122137404,0.9597197898423818,0.9932203389830508
0.986990459670425,0.9664902998236331,0.9580731489741302,0.9515260323159784,0.9957155098543273,0.9887834339948232,0.9965635738831615,0.9655781112091791,0.9674008810572687,0.9626998223801065,0.9922613929492692,0.9922613929492692,0.993127147766323,0.9683098591549296,0.9922613929492692
0.9810996563573883,0.9522968197879859,0.9485815602836879,0.9363228699551569,0.9871904355251921,0.9810996563573883,0.9923534409515717,0.9677980852915579,0.9522968197879859,0.9596491228070175,0.9923534409515717,0.9871904355251921,0.9889173060528559,0.9578207381370826,0.9906382978723405
0.9836629406706793,0.9632224168126094,0.961335676625659,0.930316742081448,0.9923404255319149,0.9871685201026519,0.9923273657289002,0.9686411149825784,0.9595782073813708,0.961335676625659,0.9906223358908781,0.9923404255319149,0.9931972789115646,0.965938864628821,0.9923404255319149
0.9845360824742269,0.9576719576719577,0.9502664298401421,0.9427549194991055,0.9948979591836735,0.9888793840889649,0.9906063193851409,0.9676855895196507,0.961335676625659,0.9558303886925795,0.9940425531914894,0.9940425531914894,0.9914675767918089,0.9721739130434782,0.9940425531914894
0.9835782195332757,0.95929203539823,0.955595026642984,0.9376693766937669,0.9922879177377892,0.9862068965517241,0.9914236706689536,0.9666080843585237,0.9638766519823788,0.9546666666666667,0.9948717948717949,0.9922879177377892,0.9974424552429667,0.9656992084432717,0.9948717948717949
0.9854576561163387,0.971379011274935,0.9532215357458076,0.9467140319715808,0.995766299745978,0.9889173060528559,0.9966159052453468,0.9686956521739131,0.9695916594265855,0.9614711033274956,0.9923534409515717,0.995766299745978,0.9949152542372881,0.9695916594265855,0.9974640743871513
0.9863013698630136,0.950530035335689,0.9568281938325991,0.9400179051029544,0.9932203389830508,0.9889361702127659,0.9949066213921901,0.9642545771578029,0.9569798068481123,0.9586631486367634,0.9897959183673469,0.9932203389830508,0.9923664122137404,0.9651567944250871,0.9923664122137404
0.9765013054830287,0.9574468085106383,0.9481216457960644,0.9289617486338798,0.9896907216494846,0.9870801033591732,0.9888220120378332,0.9647887323943662,0.955595026642984,0.9565217391304348,0.9870801033591732,0.9888220120378332,0.9853321829163072,0.9629629629629629,0.9905579399141631
0.9828178694158075,0.9577464788732394,0.9512843224092117,0.9428571428571428,0.994052676295667,0.9871685201026519,0.9974597798475868,0.9704347826086956,0.9632224168126094,0.9623137598597721,0.9897610921501706,0.9931972789115646,0.9931972789115646,0.9641294838145232,0.994052676295667
0.9838297872340426,0.9635416666666666,0.9544658493870403,0.948943661971831,0.9957947855340622,0.9889923793395428,0.9957947855340622,0.9733447979363714,0.9715762273901809,0.9644405897658282,0.9957947855340622,0.9941027801179444,0.9966386554621849,0.9759862778730704,0.9941027801179444
0.9863713798977853,0.9543859649122807,0.9588801399825022,0.9327354260089686,0.9915397631133672,0.9881154499151104,0.9923793395427604,0.9715271786022434,0.9625761531766753,0.9670138888888888,0.9898305084745763,0.9923922231614539,0.995787700084246,0.9670710571923743,0.995787700084246
0.9931623931623932,0.9585172109443955,0.9528888888888889,0.9463327370304114,0.9940323955669225,0.983634797588286,0.9897084048027445,0.9585172109443955,0.9575971731448764,0.9648506151142355,0.9931740614334471,0.9905902480752781,0.9931740614334471,0.9640035118525022,0.9931740614334471
0.9838297872340426,0.9689119170984456,0.9553805774278216,0.9367764915405165,0.9907016060862215,0.9864176570458404,0.9924050632911392,0.9733447979363714,0.9698015530629853,0.9608355091383812,0.9932546374367622,0.9957947855340622,0.9957947855340622,0.9698015530629853,0.9898477157360406
0.9879931389365352,0.9596491228070175,0.9435989256938228,0.9330922242314648,0.9871904355251921,0.9810996563573883,0.9940323955669225,0.9695916594265855,0.9569041336851363,0.9594356261022927,0.9854576561163387,0.9914965986394558,0.9914965986394558,0.9659982563208369,0.9940627650551315
0.9873203719357565,0.9592367736339983,0.9435626102292769,0.9332146037399822,0.990748528174937,0.9864864864864865,0.9907329401853412,0.9655172413793104,0.961038961038961,0.9600694444444444,0.9890480202190396,0.98989898989899,0.9932885906040269,0.9637305699481865,0.9941324392288349
0.9913793103448276,0.9516129032258065,0.944043321299639,0.935395814376706,0.9922480620155039,0.9905090595340811,0.9965694682675815,0.9618456078083407,0.9553571428571429,0.9581478183437222,0.9922480620155039,0.9948453608247423,0.9948453608247423,0.9618456078083407,0.9957081545064378
0.9880546075085325,0.9677980852915579,0.9587357330992098,0.9353680430879713,0.9949152542372881,0.9889173060528559,0.9940627650551315,0.9740484429065744,0.9695916594265855,0.9659982563208369,0.9949152542372881,0.9932088285229203,0.995766299745978,0.9722703639514731,0.995766299745978
0.9828178694158075,0.9494232475598935,0.9428571428571428,0.9323715058611362,0.9914821124361158,0.9810671256454389,0.9897610921501706,0.9623137598597721,0.9540636042402827,0.9568281938325991,0.9906223358908781,0.9897610921501706,0.9863013698630136,0.9604916593503073,0.9923404255319149
0.9840989399293286,0.96415770609319,0.956442831215971,0.944954128440367,0.9939077458659704,0.9895104895104895,0.9921121822962313,0.9715302491103203,0.9706144256455922,0.9648964896489649,0.9903930131004367,0.9903930131004367,0.9947826086956522,0.975177304964539,0.9939077458659704
0.9939914163090129,0.9574468085106383,0.9572953736654805,0.9422382671480144,0.9948717948717949,0.9862068965517241,0.9913941480206541,0.9656992084432717,0.9675153643546971,0.9600709849157054,0.9870801033591732,0.9948717948717949,0.9940119760479041,0.9693251533742331,0.9957301451750641
0.9888412017167382,0.9604916593503073,0.9584438549955792,0.9415992812219227,0.994052676295667,0.9914821124361158,0.9957374254049446,0.9713292788879235,0.965034965034965,0.9666666666666667,0.9923404255319149,0.994052676295667,0.9931972789115646,0.9748917748917749,0.994052676295667
0.9844290657439446,0.9517857142857142,0.9423423423423424,0.9298085688240656,0.9940017137960583,0.9888027562446167,0.9948630136986302,0.9628975265017667,0.9536541889483066,0.9508489722966935,0.992274678111588,0.9940017137960583,0.992274678111588,0.9619805481874447,0.9914089347079038
0.9836909871244636,0.9641921397379912,0.9577464788732394,0.9428571428571428,0.9940627650551315,0.9854576561163387,0.9949066213921901,0.971379011274935,0.9641921397379912,0.967741935483871,0.9923534409515717,0.9906382978723405,0.9932088285229203,0.9686956521739131,0.9940627650551315
0.9835497835497835,0.9619805481874447,0.9619805481874447,0.9404332129963899,0.9905417024935511,0.9888027562446167,0.9982935153583617,0.9737762237762237,0.9665492957746479,0.9674582233948988,0.9888027562446167,0.9931389365351629,0.9940017137960583,0.968365553602812,0.992274678111588
0.9907329401853412,0.9537117903930131,0.941696113074205,0.9351111111111111,0.9958088851634534,0.9881756756756757,0.9958088851634534,0.9654576856649395,0.9527972027972028,0.9564459930313589,0.9915824915824916,0.9932773109243698,0.9941225860621327,0.9609713790112749,0.9949664429530202
0.9857262804366079,0.9621993127147767,0.9532062391681109,0.9422066549912435,0.991652754590985,0.9882747068676717,0.9908103592314118,0.9675213675213675,0.9630901287553648,0.9648671808054842,0.9958437240232751,0.9908103592314118,0.9908103592314118,0.9657534246575342,0.9958437240232751
0.9852045256744996,0.9590017825311943,0.945750452079566,0.9380692167577414,0.9939707149009475,0.986990459670425,0.993960310612597,0.9608540925266904,0.9580731489741302,0.9542600896860987,0.9896193771626297,0.9896193771626297,0.9922346850733391,0.9617777777777777,0.9957007738607051
0.9863713798977853,0.9590235396687009,0.9506172839506173,0.9412811387900356,0.9941027801179444,0.9924050632911392,0.9974726200505476,0.9698015530629853,0.9724612736660929,0.9634146341463414,0.988135593220339,0.9949494949494949,0.9941027801179444,0.9706896551724138,0.9941027801179444
0.9794520547945206,0.9562171628721541,0.951627088830255,0.9299820466786356,0.9898305084745763,0.9846678023850085,0.9915397631133672,0.960767218831735,0.9562171628721541,0.9534679543459175,0.9872557349192863,0.9915397631133672,0.9923922231614539,0.9652777777777778,0.9923922231614539
0.9844827586206897,0.9624454148471616,0.9500891265597148,0.9310344827586207,0.9923664122137404,0.9837467921300257,0.9897084048027445,0.9705372616984402,0.9624454148471616,0.9611992945326279,0.9915110356536503,0.9906542056074766,0.9897959183673469,0.972318339100346,0.9915110356536503
0.9845094664371773,0.9548272807794509,0.9435989256938228,0.942652329749104,0.9914529914529915,0.9853826311263972,0.9931740614334471,0.9649122807017544,0.9585172109443955,0.9640035118525022,0.988860325621251,0.9931740614334471,0.9948892674616695,0.9676290463692039,0.9957446808510638
0.9838022165387894,0.9562171628721541,0.9488536155202821,0.931899641577061,0.9923922231614539,0.9881154499151104,0.9940928270042194,0.960767218831735,0.9616724738675958,0.9507042253521126,0.9906858594411516,0.9932432432432432,0.9966329966329966,0.9661751951431049,0.995787700084246
0.9862542955326461,0.9621811785400176,0.9464285714285714,0.9388489208633094,0.9940323955669225,0.9862542955326461,0.9931740614334471,0.9703315881326352,0.9676290463692039,0.9621811785400176,0.988860325621251,0.9948892674616695,0.9948892674616695,0.9712292938099389,0.9923142613151152
0.9854824935952178,0.9688581314878892,0.9578947368421052,0.9468085106382979,0.9974768713204374,0.9872557349192863,0.9915110356536503,0.9741824440619621,0.9759450171821306,0.9642545771578029,0.9940928270042194,0.9949409780775716,0.9949409780775716,0.9759450171821306,0.9940928270042194
0.9804255319148936,0.9509632224168126,0.9398230088495575,0.9303571428571429,0.992430613961312,0.9856054191363252,0.9941225860621327,0.9582608695652174,0.9564459930313589,0.9491228070175438,0.9890295358649789,0.9907329401853412,0.9932773109243698,0.9573542210617929,0.9932773109243698
0.9854824935952178,0.9651567944250871,0.9569798068481123,0.950530035335689,0.9957734573119188,0.9923664122137404,0.9957734573119188,0.9758620689655172,0.9678540399652477,0.9633507853403142,0.9897959183673469,0.9949238578680203,0.9957734573119188,0.9740932642487047,0.9957734573119188
0.9864176570458404,0.967128027681661,0.95171202809482,0.9377224199288257,0.9957947855340622,0.988135593220339,0.9932546374367622,0.9733447979363714,0.9689119170984456,0.9608355091383812,0.9932546374367622,0.9924050632911392,0.9941027801179444,0.9715762273901809,0.9915540540540541
0.9762114537444934,0.9579230080572964,0.9550359712230215,0.9339449541284404,0.9904596704249783,0.985178727114211,0.9921942758022549,0.9671694764862466,0.956989247311828,0.9550359712230215,0.9869451697127938,0.9895833333333334,0.9913344887348353,0.9616413916146298,0.9922077922077922
0.9876977152899824,0.959349593495935,0.9536784741144414,0.9508196721311475,0.9947643979057592,0.9894736842105263,0.9903593339176161,0.9741763134461264,0.9658886894075404,0.9621621621621622,0.993006993006993,0.9912434325744308,0.9947643979057592,0.9723461195361285,0.9947643979057592
0.9897610921501706,0.9597197898423818,0.9400179051029544,0.9400179051029544,0.9932203389830508,0.9880749574105622,0.9991546914623838,0.972318339100346,0.9633507853403142,0.9632224168126094,0.9906542056074766,0.9957734573119188,0.9974683544303797,0.9705372616984402,0.9957734573119188
0.9809688581314879,0.9575971731448764,0.9528888888888889,0.9472743521000894,0.9940323955669225,0.9914529914529915,0.9923011120615911,0.9730200174064404,0.9658194566170026,0.9657594381035997,0.9940323955669225,0.9957446808510638,0.9931740614334471,0.9721254355400697,0.9940323955669225
0.9880749574105622,0.962510897994769,0.9569798068481123,0.9449378330373002,0.9949324324324325,0.9855072463768116,0.9915110356536503,0.9732528041415013,0.9688041594454073,0.96875,0.9915254237288136,0.9889549702633815,0.9898132427843803,0.9750215331610681,0.9940828402366864
0.9846153846153847,0.9589519650655022,0.9588080631025416,0.9402319357716324,0.9898305084745763,0.9923922231614539,0.9949238578680203,0.9715271786022434,0.9589519650655022,0.9660574412532638,0.9932432432432432,0.9932432432432432,0.9932432432432432,0.9697493517718236,0.9923922231614539
0.9847715736040609,0.953792502179599,0.9427312775330396,0.940864960282436,0.9941324392288349,0.9881956155143339,0.99581589958159,0.9655172413793104,0.9619377162629758,0.9583333333333334,0.9932885906040269,0.9890480202190396,0.9966555183946488,0.9681857265692175,0.998330550918197
0.9820051413881749,0.9624454148471616,0.9560632688927944,0.9430604982206405,0.9923664122137404,0.9872122762148338,0.9915110356536503,0.9749784296807593,0.9669565217391304,0.9633507853403142,0.9923664122137404,0.9915110356536503,0.9923664122137404,0.9732065687121867,0.9949238578680203
0.9862778730703259,0.961335676625659,0.9622475856014048,0.9399103139013453,0.9957519116397621,0.9914675767918089,0.9931856899488927,0.9703832752613241,0.9685863874345549,0.9658792650918635,0.9897435897435898,0.9948979591836735,0.9948979591836735,0.9721739130434782,0.9974554707379135
0.9802575107296138,0.962510897994769,0.9496021220159151,0.9430604982206405,0.9889549702633815,0.984641638225256,0.9889361702127659,0.9696969696969697,0.9661164205039097,0.9569798068481123,0.9915254237288136,0.9889549702633815,0.9898132427843803,0.9705882352941176,0.9949324324324325
0.9871023215821152,0.9595070422535211,0.9528888888888889,0.9425493716337523,0.9957519116397621,0.9906063193851409,0.9931623931623932,0.9667832167832168,0.9649737302977233,0.9593639575971732,0.988013698630137,0.9923273657289002,0.9940425531914894,0.9703832752613241,0.9966044142614601
0.9810344827586207,0.9676855895196507,0.9604221635883905,0.9436997319034852,0.9966044142614601,0.9897435897435898,0.9957519116397621,0.9783923941227312,0.9712793733681462,0.969485614646905,0.9906063193851409,0.9948979591836735,0.9957519116397621,0.9748482220294883,0.9931856899488927
0.986990459670425,0.9508489722966935,0.9580731489741302,0.936247723132969,0.992274678111588,0.9809027777777778,0.9834638816362054,0.9656387665198238,0.9592198581560284,0.9626998223801065,0.9879310344827587,0.9888027562446167,0.9879310344827587,0.9701754385964912,0.9888027562446167
0.9832893579595426,0.9512635379061372,0.9547920433996383,0.9296296296296296,0.986922406277245,0.9780123131046614,0.9903930131004367,0.9671111111111111,0.957847533632287,0.9678571428571429,0.9886858137510879,0.9878048780487805,0.9895652173913043,0.9615728328865059,0.9851528384279477
0.9878682842287695,0.9682539682539683,0.9599287622439893,0.9429864253393665,0.9922480620155039,0.9896373056994818,0.9957007738607051,0.9763779527559056,0.9673433362753752,0.9691085613415711,0.9931153184165232,0.9931153184165232,0.9922480620155039,0.9709762532981531,0.9939810834049871
0.9880341880341881,0.9569798068481123,0.9447415329768271,0.9342934293429342,0.9923664122137404,0.9872122762148338,0.994052676295667,0.9597197898423818,0.9514563106796117,0.952212389380531,0.9906542056074766,0.9923664122137404,0.9949238578680203,0.954225352112676,0.9906542056074766
0.986159169550173,0.9575221238938053,0.941282746160795,0.9267399267399268,0.9897084048027445,0.9783174327840416,0.9922613929492692,0.9621145374449339,0.9602824360105914,0.956366874443455,0.9800865800865801,0.9862306368330465,0.9888412017167382,0.9621145374449339,0.9931623931623932
0.9897610921501706,0.9586631486367634,0.9540636042402827,0.9381165919282511,0.9906223358908781,0.9828178694158075,0.9914821124361158,0.9668411867364747,0.9604916593503073,0.9568281938325991,0.9888983774551665,0.994052676295667,0.9931972789115646,0.9623137598597721,0.9966101694915255
0.9820359281437125,0.9597902097902098,0.9524647887323944,0.9469026548672567,0.9949324324324325,0.9863713798977853,0.9923793395427604,0.962510897994769,0.9597902097902098,0.9543057996485061,0.9906700593723494,0.9906700593723494,0.9915254237288136,0.9670138888888888,0.9923793395427604
0.9878472222222222,0.9655781112091791,0.9607843137254902,0.94,0.9896551724137931,0.9879101899827288,0.9930915371329879,0.9674008810572687,0.9683098591549296,0.9653948535936113,0.9879101899827288,0.9905254091300603,0.9913941480206541,0.9719298245614035,0.9913941480206541
0.9905254091300603,0.9565217391304348,0.9516994633273703,0.9488789237668162,0.9965870307167235,0.9888220120378332,0.9948542024013722,0.9647887323943662,0.9620476610767873,0.9619131975199291,0.9922879177377892,0.9931506849315068,0.9957301451750641,0.9656992084432717,0.9974424552429667
0.9833770778652668,0.9561324977618622,0.9484162895927601,0.9358974358974359,0.9913494809688581,0.983435047951177,0.9913194444444444,0.969053934571176,0.9607843137254902,0.9587813620071685,0.9869678540399652,0.9913494809688581,0.9904761904761905,0.9663120567375887,0.9930915371329879
0.9861830742659758,0.9729257641921397,0.9573712255772646,0.9517857142857142,0.9922879177377892,0.9844559585492227,0.9931389365351629,0.9782797567332754,0.975609756097561,0.9710780017528484,0.9888220120378332,0.9931506849315068,0.9948717948717949,0.972027972027972,0.9948717948717949
0.9878260869565217,0.9476534296028881,0.9418181818181818,0.9261992619926199,0.9956933677863911,0.9878472222222222,0.9913344887348353,0.9598572702943801,0.9561324977618622,0.9532374100719424,0.9904761904761905,0.9930915371329879,0.9922212618841832,0.9561324977618622,0.9974204643164231
0.9835212489158717,0.9647266313932981,0.9582222222222222,0.9374433363553943,0.9948630136986302,0.9931389365351629,0.9974337040205303,0.9710780017528484,0.9647266313932981,0.9664902998236331,0.9931389365351629,0.9948630136986302,0.9974380871050385,0.9719789842381786,0.9974380871050385
0.9862068965517241,0.955595026642984,0.9490616621983914,0.9414941494149415,0.9940119760479041,0.9853321829163072,0.9948717948717949,0.968421052631579,0.9638766519823788,0.9574468085106383,0.9905579399141631,0.9974424552429667,0.9982964224872232,0.972027972027972,0.9974424552429667
0.9888220120378332,0.9648506151142355,0.95929203539823,0.95,0.9965928449744463,0.9931623931623932,0.9957301451750641,0.9720767888307156,0.9675723049956179,0.9629629629629629,0.9914383561643836,0.9948805460750854,0.9965928449744463,0.972972972972973,0.9957374254049446
0.9825174825174825,0.956989247311828,0.9579230080572964,0.9330889092575618,0.9913344887348353,0.9842931937172775,0.9930795847750865,0.9689991142604074,0.9607142857142857,0.9634906500445236,0.9878260869565217,0.9860627177700348,0.9887054735013032,0.9680851063829787,0.9922077922077922
0.9847198641765704,0.9609035621198957,0.9499561018437226,0.9406554472984943,0.9924178601516428,0.988155668358714,0.9949579831932773,0.9725085910652921,0.9698535745047373,0.959094865100087,0.9924178601516428,0.9924178601516428,0.9941126997476871,0.9707401032702238,0.9941126997476871
0.9896013864818024,0.9626334519572953,0.9504950495049505,0.9390354868061874,0.9974204643164231,0.9798775153105862,0.9904761904761905,0.9717813051146384,0.9626334519572953,0.9617097061442564,0.9904761904761905,0.9913494809688581,0.993960310612597,0.969053934571176,0.993960310612597
0.9836909871244636,0.9587357330992098,0.9466192170818505,0.9428571428571428,0.9940627650551315,0.9854576561163387,0.9914821124361158,0.9668989547038328,0.9650959860383944,0.9540636042402827,0.9906382978723405,0.989778534923339,0.9914965986394558,0.971379011274935,0.9923534409515717
0.9879725085910653,0.9520426287744227,0.9482142857142857,0.9396939693969397,0.9897260273972602,0.9827586206896551,0.9931623931623932,0.9640035118525022,0.9575971731448764,0.9584438549955792,0.9853826311263972,0.9965986394557823,0.9923142613151152,0.9630931458699473,0.9957446808510638
0.9783174327840416,0.9565987599645704,0.9510240427426536,0.935862691960253,0.9957374254049446,0.9923011120615911,0.9948805460750854,0.972972972972973,0.9611992945326279,0.9621145374449339,0.9931623931623932,0.9965928449744463,0.9965928449744463,0.9738675958188153,0.9948805460750854
0.9862068965517241,0.9658194566170026,0.9481216457960644,0.946236559139785,0.9931740614334471,0.988860325621251,0.9948717948717949,0.9765828274067649,0.9694323144104804,0.9675153643546971,0.9940323955669225,0.9914529914529915,0.9948892674616695,0.9721254355400697,0.9940323955669225
0.9837745516652434,0.9525483304042179,0.9469026548672567,0.9279279279279279,0.9923922231614539,0.9881154499151104,0.9932318104906938,0.9661751951431049,0.9598603839441536,0.956140350877193,0.9872557349192863,0.9932432432432432,0.9932432432432432,0.9679653679653679,0.9940928270042194
0.9862306368330465,0.9566755083996463,0.9396939693969397,0.935862691960253,0.9948892674616695,0.9862542955326461,0.9905741216795202,0.9667250437828371,0.9649122807017544,0.9547471162377995,0.9923142613151152,0.9905902480752781,0.9940323955669225,0.9640035118525022,0.9923142613151152
0.9873843566021867,0.9567474048442907,0.9410729991204925,0.933569530558016,0.9899497487437185,0.9865546218487395,0.9941520467836257,0.9692307692307692,0.9549393414211439,0.9521322889469104,0.988255033557047,0.9924812030075187,0.9924812030075187,0.9665809768637532,0.994161801501251
0.9904761904761905,0.9607843137254902,0.9561324977618622,0.94,0.993960310612597,0.9904761904761905,0.993960310612597,0.9735915492957746,0.9672276350752879,0.969053934571176,0.9922212618841832,0.9948275862068966,0.9982817869415808,0.970873786407767,0.9974204643164231
0.9872122762148338,0.9615384615384616,0.9569798068481123,0.9486725663716814,0.9949238578680203,0.9889361702127659,0.9966216216216216,0.9696444058976583,0.9615384615384616,0.9669565217391304,0.9923664122137404,0.9932203389830508,0.9923664122137404,0.9642545771578029,0.9974683544303797
0.988646288209607,0.9633601429848079,0.9472727272727273,0.9346826126954921,0.9930555555555556,0.988666085440279,0.9974025974025974,0.9725420726306466,0.962432915921288,0.9651474530831099,0.9904264577893821,0.9939288811795317,0.9974070872947277,0.966131907308378,0.9965397923875432
0.9820971867007673,0.9627059843885516,0.9562937062937062,0.9386666666666666,0.988155668358714,0.9864406779661017,0.9932546374367622,0.9689655172413794,0.9618055555555556,0.9599303135888502,0.9907172995780591,0.9932659932659933,0.9924178601516428,0.9636048526863085,0.9932659932659933
0.9907016060862215,0.9644405897658282,0.9535495179666958,0.9452296819787986,0.9966386554621849,0.9924050632911392,0.9957947855340622,0.9733447979363714,0.9680207433016422,0.9680207433016422,0.9915540540540541,0.9974811083123426,0.9974811083123426,0.9742268041237113,0.9941027801179444
0.9890848026868178,0.9735720375106565,0.9539530842745438,0.9475524475524476,0.9899328859060402,0.9941520467836257,0.9983361064891847,0.9735720375106565,0.9718189581554227,0.9682947729220223,0.9933110367892977,0.9975020815986678,0.9975020815986678,0.9726962457337884,0.9975020815986678
0.9826689774696707,0.9545859305431879,0.9536541889483066,0.9413886384129847,0.9931389365351629,0.9896729776247849,0.9914089347079038,0.9692712906057945,0.9628975265017667,0.9619805481874447,0.992274678111588,0.9931389365351629,0.9948630136986302,0.9737762237762237,0.9957228400342173
0.9889737065309584,0.96,0.9543859649122807,0.9395017793594306,0.9924178601516428,0.9872988992379339,0.9915397631133672,0.9680759275237274,0.9636048526863085,0.9553023663453112,0.9898648648648649,0.9924178601516428,0.9898648648648649,0.9680759275237274,0.9924178601516428
0.985531914893617,0.9499561018437226,0.9432624113475178,0.9290206648697215,0.9915682967959528,0.9855810008481765,0.9932432432432432,0.9645021645021645,0.956369982547993,0.958041958041958,0.9924178601516428,0.9932659932659933,0.9941126997476871,0.959094865100087,0.9932659932659933
0.9906063193851409,0.9623137598597721,0.958590308370044,0.9502664298401421,0.9923404255319149,0.9854327335047129,0.9940425531914894,0.9757785467128027,0.9632224168126094,0.9649737302977233,0.9888983774551665,0.9931972789115646,0.9923404255319149,0.9686411149825784,0.9906223358908781
0.9880546075085325,0.9651567944250871,0.9559859154929577,0.9495128432240921,0.9949238578680203,0.9940728196443692,0.995766299745978,0.9696444058976583,0.9678540399652477,0.9668989547038328,0.9915110356536503,0.9932203389830508,0.9957734573119188,0.9714285714285714,0.9957734573119188
0.9819742489270387,0.9587357330992098,0.9485815602836879,0.9324932493249325,0.9932088285229203,0.9854576561163387,0.9889173060528559,0.9659982563208369,0.9632867132867133,0.9532215357458076,0.989778534923339,0.9880546075085325,0.989778534923339,0.9641921397379912,0.9923534409515717
0.9844020797227037,0.9555160142348754,0.9545049063336307,0.935513169845595,0.9948630136986302,0.9870578084555651,0.993127147766323,0.9710780017528484,0.9610619469026549,0.9637488947833776,0.992274678111588,0.9965811965811966,0.9948630136986302,0.9638128861429832,0.9914089347079038
0.9907329401853412,0.9637305699481865,0.955536181342633,0.9463500439753738,0.9941324392288349,0.990748528174937,0.9949664429530202,0.9717223650385605,0.9726027397260274,0.9609713790112749,0.9864864864864865,0.99581589958159,0.998330550918197,0.9726027397260274,0.9974937343358395
0.9882352941176471,0.9530434782608695,0.9457092819614711,0.9382716049382716,0.9916247906197655,0.984822934232715,0.9907795473595976,0.9620689655172414,0.9593777009507347,0.948471615720524,0.9907795473595976,0.9916247906197655,0.9933110367892977,0.9647463456577816,0.994991652754591
0.978984238178634,0.9572953736654805,0.9476534296028881,0.9371011850501367,0.9939914163090129,0.9826388888888888,0.9852045256744996,0.9591474245115453,0.9619131975199291,0.9514388489208633,0.9826388888888888,0.9887834339948232,0.986159169550173,0.9683098591549296,0.9922613929492692
0.9862778730703259,0.9568281938325991,0.9502664298401421,0.9418084153983886,0.9914821124361158,0.9810671256454389,0.9888793840889649,0.9623137598597721,0.9559082892416225,0.9622475856014048,0.9906223358908781,0.9863013698630136,0.9871685201026519,0.9641294838145232,0.9923404255319149
0.9898305084745763,0.9553023663453112,0.9553023663453112,0.9451327433628318,0.9974768713204374,0.9889737065309584,0.9949409780775716,0.9732988802756245,0.9661751951431049,0.9643788010425717,0.9906858594411516,0.9940928270042194,0.9932432432432432,0.9697493517718236,0.9974768713204374
0.9888027562446167,0.9575221238938053,0.945193171608266,0.9229357798165138,0.9923011120615911,0.9853574504737296,0.9940017137960583,0.9648506151142355,0.9602824360105914,0.9517857142857142,0.9871023215821152,0.9923011120615911,0.9940222032450897,0.9648506151142355,0.9974468085106383
0.9860383944153578,0.9635555555555556,0.950316169828365,0.9378427787934186,0.993960310612597,0.9904761904761905,0.9948096885813149,0.9626334519572953,0.9579982126899017,0.9615728328865059,0.9913494809688581,0.9904761904761905,0.993960310612597,0.9626334519572953,0.9948275862068966
0.9830220713073005,0.9527972027972028,0.9463500439753738,0.9284436493738819,0.9907329401853412,0.9864636209813875,0.9915824915824916,0.9681309216192937,0.9591659426585578,0.9564459930313589,0.9821580288870009,0.9907329401853412,0.9915824915824916,0.9672413793103448,0.9966499162479062
0.9829642248722317,0.9545454545454546,0.9442970822281167,0.9272237196765498,0.988155668358714,0.983857264231096,0.9966386554621849,0.9609035621198957,0.9572798605056669,0.9507908611599297,0.9864406779661017,0.9907172995780591,0.9949579831932773,0.9581881533101045,0.998324958123953
0.9844020797227037,0.9536541889483066,0.9507609668755596,0.9345454545454546,0.9896729776247849,0.9861830742659758,0.993127147766323,0.9665492957746479,0.9619805481874447,0.9600709849157054,0.9879310344827587,0.9888027562446167,0.9914089347079038,0.9638128861429832,0.9931389365351629
0.9836065573770492,0.9575221238938053,0.9565987599645704,0.9387387387387387,0.9940222032450897,0.9844827586206897,0.9940222032450897,0.9693788276465442,0.9657594381035997,0.9648506151142355,0.9905741216795202,0.9923011120615911,0.9923011120615911,0.9720767888307156,0.9948805460750854
0.9797297297297297,0.9568221070811744,0.9522983521248916,0.9403508771929825,0.9933333333333333,0.9874266554903605,0.991652754590985,0.9719148936170213,0.9630901287553648,0.9595176571920758,0.9899665551839465,0.9941715237302248,0.9950083194675541,0.968403074295474,0.9958437240232751
0.9888983774551665,0.9532215357458076,0.9568281938325991,0.9362084456424079,0.995766299745978,0.9810996563573883,0.9880341880341881,0.9668989547038328,0.9596491228070175,0.9604916593503073,0.9863247863247864,0.9880546075085325,0.9889173060528559,0.971379011274935,0.9940627650551315
0.9862542955326461,0.9531388152077808,0.948306595365419,0.9369369369369369,0.9931972789115646,0.9871685201026519,0.9905902480752781,0.9641294838145232,0.9577464788732394,0.9566755083996463,0.9836909871244636,0.994052676295667,0.994052676295667,0.9686411149825784,0.9923404255319149
0.9870578084555651,0.955595026642984,0.9545859305431879,0.9356300997280145,0.9914236706689536,0.9826989619377162,0.9940017137960583,0.9693251533742331,0.9602122015915119,0.9555160142348754,0.9905579399141631,0.9931506849315068,0.9922879177377892,0.9647887323943662,0.9957301451750641
0.9890295358649789,0.9654576856649395,0.9618717504332756,0.9500438212094654,0.9941225860621327,0.9915824915824916,0.9974895397489539,0.9734361610968295,0.9699054170249355,0.9627705627705627,0.992430613961312,0.9949664429530202,0.9949664429530202,0.9743150684931506,0.9941225860621327
0.9844827586206897,0.9630281690140845,0.9510240427426536,0.9349005424954792,0.9948805460750854,0.9888412017167382,0.9931623931623932,0.9675723049956179,0.9630281690140845,0.9547471162377995,0.9914383561643836,0.9940222032450897,0.9940222032450897,0.9666666666666667,0.9965928449744463
0.9790940766550522,0.9638128861429832,0.9535714285714286,0.9431920649233544,0.9948630136986302,0.9888027562446167,0.9922613929492692,0.9719789842381786,0.9692712906057945,0.9628318584070796,0.9940017137960583,0.992274678111588,0.9940017137960583,0.9692712906057945,0.9965811965811966
0.9853321829163072,0.9630281690140845,0.9509366636931311,0.9367088607594937,0.9905741216795202,0.9827288428324698,0.9940119760479041,0.9648506151142355,0.9639401934916447,0.9490616621983914,0.9897084048027445,0.9923011120615911,0.9940222032450897,0.9639401934916447,0.9974468085106383
0.9791304347826087,0.9611307420494699,0.9461400359066428,0.9365942028985508,0.9931506849315068,0.9844559585492227,0.9879310344827587,0.9711286089238845,0.9656992084432717,0.9527207850133809,0.9879518072289156,0.9905579399141631,0.9888220120378332,0.9729257641921397,0.9931506849315068
0.9845360824742269,0.9513704686118479,0.946524064171123,0.930316742081448,0.9906382978723405,0.9828473413379074,0.9940425531914894,0.9632867132867133,0.9541446208112875,0.9511978704525288,0.9837189374464439,0.9880546075085325,0.9889173060528559,0.9632867132867133,0.9906382978723405
0.9844020797227037,0.9631578947368421,0.9507609668755596,0.9403254972875226,0.9888793840889649,0.9854077253218884,0.9965753424657534,0.9631578947368421,0.9631578947368421,0.9619131975199291,0.9845360824742269,0.9906063193851409,0.9914675767918089,0.9604221635883905,0.9940425531914894
0.9880341880341881,0.9578947368421052,0.9456812110418522,0.9333333333333333,0.9932203389830508,0.9863481228668942,0.9897610921501706,0.9669565217391304,0.9642545771578029,0.9604916593503073,0.9906542056074766,0.9923664122137404,0.9932203389830508,0.9660574412532638,0.9923664122137404
0.9827288428324698,0.9693788276465442,0.9584438549955792,0.9528888888888889,0.9940222032450897,0.9948805460750854,0.9957374254049446,0.972972972972973,0.9720767888307156,0.9675723049956179,0.9940222032450897,0.9940222032450897,0.9965928449744463,0.9765421372719374,0.9948805460750854
0.985178727114211,0.9523809523809523,0.9446962828649139,0.9281767955801105,0.9896013864818024,0.9807692307692307,0.9904596704249783,0.9607843137254902,0.9551971326164874,0.956989247311828,0.9852045256744996,0.9896013864818024,0.9887250650477016,0.9579982126899017,0.9922212618841832
0.9914675767918089,0.969485614646905,0.9576719576719577,0.9474621549421193,0.9966044142614601,0.9906063193851409,0.9940425531914894,0.975736568457539,0.9712793733681462,0.9649737302977233,0.9888793840889649,0.9940425531914894,0.9940425531914894,0.9766233766233766,0.9957519116397621
0.9914821124361158,0.9541446208112875,0.952212389380531,0.9409660107334525,0.995766299745978,0.9863247863247864,0.9931972789115646,0.9632867132867133,0.9541446208112875,0.9614035087719298,0.9932088285229203,0.9923534409515717,0.995766299745978,0.9650959860383944,0.9949152542372881
0.9797356828193833,0.954954954954955,0.9520361990950226,0.9327188940092166,0.9895470383275261,0.9842381786339754,0.990409764603313,0.9642857142857143,0.954954954954955,0.9520361990950226,0.9904264577893821,0.9904264577893821,0.991304347826087,0.9605734767025089,0.9956709956709957
0.9812606473594548,0.96,0.9517966695880806,0.9349955476402493,0.9949579831932773,0.9949579831932773,0.9941126997476871,0.9716251074806534,0.9680759275237274,0.9618055555555556,0.9941126997476871,0.9924178601516428,0.9958018471872376,0.9733905579399141,0.9941126997476871
0.984375,0.9536541889483066,0.946894689468947,0.9363636363636364,0.9931389365351629,0.9853068280034573,0.9913793103448276,0.9674582233948988,0.9555160142348754,0.9627659574468085,0.9896729776247849,0.9931389365351629,0.9905417024935511,0.9619805481874447,0.992274678111588
0.9842931937172775,0.9635555555555556,0.9616413916146298,0.9494584837545126,0.9956933677863911,0.9887250650477016,0.9948186528497409,0.9753954305799648,0.9644760213143873,0.9726390114739629,0.9922212618841832,0.9948275862068966,0.9930915371329879,0.970873786407767,0.9922212618841832
0.986737400530504,0.94967978042086,0.9447513812154696,0.9349442379182156,0.9929824561403509,0.984070796460177,0.986737400530504,0.9638989169675091,0.9592021758839528,0.9553327256153145,0.990325417766051,0.990325417766051,0.9894366197183099,0.9648331830477908,0.990325417766051
0.984375,0.9574468085106383,0.9590747330960854,0.9487870619946092,0.9922879177377892,0.9862068965517241,0.9939810834049871,0.9693251533742331,0.9666080843585237,0.9646017699115044,0.9914236706689536,0.9922879177377892,0.9940119760479041,0.9711286089238845,0.9922879177377892
0.9800865800865801,0.9585172109443955,0.9472743521000894,0.9320036264732547,0.9948892674616695,0.9897260273972602,0.9923011120615911,0.9667250437828371,0.9585172109443955,0.9593639575971732,0.9931740614334471,0.9905902480752781,0.9940323955669225,0.960352422907489,0.9940323955669225
0.9880341880341881,0.9641294838145232,0.9540636042402827,0.9447415329768271,0.9966101694915255,0.9854327335047129,0.9923404255319149,0.9722222222222222,0.9686411149825784,0.9686411149825784,0.994052676295667,0.9923404255319149,0.9949066213921901,0.9722222222222222,0.9949066213921901
0.9804255319148936,0.9628990509059534,0.9609713790112749,0.9491228070175438,0.9916107382550335,0.9865092748735245,0.9941225860621327,0.9726495726495726,0.9673539518900344,0.9663503019844694,0.9890664423885618,0.9907640638119227,0.9916107382550335,0.9691252144082333,0.996661101836394
0.9836065573770492,0.9611992945326279,0.9584438549955792,0.9425493716337523,0.9914383561643836,0.9879725085910653,0.9914383561643836,0.9693788276465442,0.9584438549955792,0.9611992945326279,0.9923011120615911,0.9905741216795202,0.9914383561643836,0.9702797202797203,0.9923011120615911
0.9922879177377892,0.9639401934916447,0.9565217391304348,0.9481216457960644,0.9957374254049446,0.9931623931623932,0.9974424552429667,0.9738675958188153,0.9720767888307156,0.968421052631579,0.9931623931623932,0.9974468085106383,0.9974468085106383,0.9774305555555556,0.9948805460750854
0.9880546075085325,0.9660574412532638,0.9605609114811569,0.9391771019677997,0.9932203389830508,0.9923664122137404,0.9914965986394558,0.9705372616984402,0.96875,0.9632867132867133,0.9932203389830508,0.9915110356536503,0.9949238578680203,0.9767441860465116,0.9974683544303797
0.978204010462075,0.9480286738351255,0.9441441441441442,0.9316317228805834,0.9948630136986302,0.9826689774696707,0.9896551724137931,0.9619805481874447,0.9517857142857142,0.9545049063336307,0.9870578084555651,0.992274678111588,0.9940017137960583,0.9610619469026549,0.992274678111588
0.9853321829163072,0.9593639575971732,0.9481216457960644,0.9367088607594937,0.9931623931623932,0.9836065573770492,0.9948717948717949,0.9666666666666667,0.9648506151142355,0.9546666666666667,0.9905741216795202,0.9931623931623932,0.9948805460750854,0.9621145374449339,0.9948805460750854
0.9869678540399652,0.956366874443455,0.9579982126899017,0.94,0.9939914163090129,0.9870354364736387,0.9965576592082617,0.9674008810572687,0.9628318584070796,0.9607843137254902,0.9896551724137931,0.993127147766323,0.9948542024013722,0.9683098591549296,0.9948542024013722
0.989778534923339,0.9560632688927944,0.9532215357458076,0.9363228699551569,0.9940728196443692,0.9880749574105622,0.9889173060528559,0.9669565217391304,0.9588080631025416,0.9632867132867133,0.9932203389830508,0.9932203389830508,0.9906542056074766,0.9678540399652477,0.9906542056074766
0.9853826311263972,0.9585172109443955,0.9492430988423864,0.9417040358744395,0.9940323955669225,0.9914529914529915,0.9965986394557823,0.9712292938099389,0.9630931458699473,0.9649122807017544,0.9948892674616695,0.9965986394557823,0.9940323955669225,0.9658194566170026,0.9948892674616695
0.9853574504737296,0.9567519858781994,0.9547471162377995,0.9300635785649409,0.9940425531914894,0.987146529562982,0.9862306368330465,0.9667832167832168,0.9604221635883905,0.9639401934916447,0.988013698630137,0.9906063193851409,0.9923273657289002,0.9667832167832168,0.9888793840889649
0.9887640449438202,0.9573712255772646,0.9449954914337241,0.9363636363636364,0.9914089347079038,0.9861830742659758,0.9939810834049871,0.9656387665198238,0.9573712255772646,0.9636846767050488,0.9896729776247849,0.992274678111588,0.9940017137960583,0.9656387665198238,0.9948630136986302
0.9818809318377912,0.9595070422535211,0.9492430988423864,0.9359783588818755,0.9897435897435898,0.9775086505190311,0.9905902480752781,0.9685863874345549,0.9640666082383874,0.9548272807794509,0.9854077253218884,0.9897435897435898,0.9906063193851409,0.9658792650918635,0.9957519116397621
0.9923011120615911,0.9639401934916447,0.9519572953736655,0.9396939693969397,0.9931623931623932,0.9897084048027445,0.9923011120615911,0.972972972972973,0.97117903930131,0.9666666666666667,0.9914383561643836,0.9931623931623932,0.9940222032450897,0.972972972972973,0.9923011120615911
0.987146529562982,0.9668989547038328,0.9539823008849557,0.946524064171123,0.9914965986394558,0.9863247863247864,0.9948979591836735,0.9731601731601731,0.9704861111111112,0.9595070422535211,0.9940627650551315,0.9914965986394558,0.9932088285229203,0.9695916594265855,0.9932088285229203
0.9871904355251921,0.9642545771578029,0.9596491228070175,0.9401251117068812,0.9923664122137404,0.9880749574105622,0.9949152542372881,0.9767441860465116,0.96875,0.9605609114811569,0.9889361702127659,0.9940728196443692,0.9940728196443692,0.9714285714285714,0.9949238578680203
0.9854327335047129,0.9686956521739131,0.9549867608120035,0.9456812110418522,0.9949152542372881,0.9914965986394558,0.9957591178965225,0.9749351771823682,0.9686956521739131,0.9695387293298521,0.989778534923339,0.9940627650551315,0.9949152542372881,0.9749351771823682,0.995766299745978
0.984375,0.9544235924932976,0.947841726618705,0.943089430894309,0.9887640449438202,0.9861351819757366,0.9939810834049871,0.9655172413793104,0.9572192513368984,0.9525514771709938,0.9887640449438202,0.9913793103448276,0.9931153184165232,0.9636846767050488,0.9939810834049871
0.9880546075085325,0.9641921397379912,0.9532215357458076,0.9467140319715808,0.9940627650551315,0.989778534923339,0.9940627650551315,0.9731601731601731,0.9722703639514731,0.9641921397379912,0.9906382978723405,0.9974640743871513,0.9949152542372881,0.9775862068965517,0.995766299745978
0.9842657342657343,0.9467028003613369,0.941712204007286,0.9310027598896045,0.9896013864818024,0.983435047951177,0.9921942758022549,0.9635555555555556,0.9551971326164874,0.9512635379061372,0.9887250650477016,0.9904761904761905,0.9913494809688581,0.9598572702943801,0.993960310612597
0.9807692307692307,0.9562890276538805,0.9371011850501367,0.922365988909427,0.9896373056994818,0.980836236933798,0.9887250650477016,0.9655172413793104,0.9562890276538805,0.9589285714285715,0.987012987012987,0.9913793103448276,0.9896373056994818,0.9581478183437222,0.9931153184165232
0.9862542955326461,0.9559859154929577,0.9621811785400176,0.9398023360287511,0.9932088285229203,0.9889173060528559,0.9923142613151152,0.9695916594265855,0.9605609114811569,0.9712292938099389,0.9923534409515717,0.9871904355251921,0.9906382978723405,0.9722703639514731,0.9923534409515717
0.9872340425531915,0.96,0.962510897994769,0.9515418502202643,0.9924178601516428,0.9864406779661017,0.9940828402366864,0.9680759275237274,0.96,0.9670138888888888,0.9924178601516428,0.9924178601516428,0.9915682967959528,0.9636048526863085,0.9907172995780591
0.9800173761946134,0.9508489722966935,0.947085201793722,0.9346642468239564,0.9914089347079038,0.9800173761946134,0.992274678111588,0.9638128861429832,0.9582963620230701,0.947085201793722,0.9853068280034573,0.9940017137960583,0.9896729776247849,0.9573712255772646,0.9914089347079038
0.982066609735269,0.9645021645021645,0.9507042253521126,0.9451327433628318,0.9949579831932773,0.9812606473594548,0.9915397631133672,0.9707401032702238,0.9671848013816926,0.9634782608695652,0.9915682967959528,0.9915682967959528,0.9924178601516428,0.9716251074806534,0.9907172995780591
0.9819432502149613,0.9595782073813708,0.9494232475598935,0.9314079422382672,0.9957591178965225,0.9880341880341881,0.9914821124361158,0.9704347826086956,0.965034965034965,0.9586631486367634,0.9906223358908781,0.9966101694915255,0.9966101694915255,0.967741935483871,1.0
0.9797713280562885,0.9486948694869487,0.9444949954504095,0.9279112754158965,0.9948364888123924,0.9861111111111112,0.991304347826087,0.9580731489741302,0.9524663677130045,0.954954954954955,0.993103448275862,0.986990459670425,0.9913644214162349,0.9608540925266904,0.9896193771626297
0.9880341880341881,0.9642545771578029,0.9512843224092117,0.9362084456424079,0.9949238578680203,0.9915110356536503,0.9983079526226735,0.9714285714285714,0.9633507853403142,0.965034965034965,0.9949238578680203,0.9949238578680203,0.9966216216216216,0.9660574412532638,0.9949238578680203
0.9829059829059829,0.9679653679653679,0.956140350877193,0.9478337754199824,0.9940928270042194,0.9872557349192863,0.9974726200505476,0.9759450171821306,0.9661751951431049,0.9634146341463414,0.9923922231614539,0.9932432432432432,0.995787700084246,0.9706390328151986,0.9949409780775716
0.9818496110630942,0.9575971731448764,0.9528888888888889,0.9556737588652482,0.9948892674616695,0.988860325621251,0.9965928449744463,0.9739130434782609,0.9676290463692039,0.9657594381035997,0.9948892674616695,0.9940323955669225,0.99830220713073,0.9748045178105995,0.9931740614334471
0.9855072463768116,0.9661164205039097,0.9661164205039097,0.9384478144513827,0.9915254237288136,0.9915254237288136,0.9949324324324325,0.9767841788478074,0.9688041594454073,0.9679098005203816,0.9949324324324325,0.9957805907172996,0.9949324324324325,0.9714779602420052,0.9932318104906938
0.9871244635193133,0.958590308370044,0.9511111111111111,0.9311594202898551,0.9931856899488927,0.9906063193851409,0.9957446808510638,0.9685863874345549,0.9631578947368421,0.9621811785400176,0.9940425531914894,0.9948979591836735,0.9957519116397621,0.9676855895196507,0.9966044142614601
0.9819121447028424,0.961335676625659,0.9631578947368421,0.9380053908355795,0.9940425531914894,0.9897435897435898,0.9931856899488927,0.9730668983492615,0.9685863874345549,0.9640666082383874,0.9914675767918089,0.9948979591836735,0.9940425531914894,0.9730668983492615,0.9940425531914894
0.9817549956559514,0.9517857142857142,0.9469901168014375,0.9326047358834244,0.9914089347079038,0.976460331299041,0.9879101899827288,0.9692712906057945,0.9573712255772646,0.9535714285714286,0.9853068280034573,0.9861830742659758,0.9914089347079038,0.9665492957746479,0.9931389365351629
0.9897610921501706,0.950530035335689,0.9447415329768271,0.9362084456424079,0.9915110356536503,0.9837467921300257,0.9966101694915255,0.9560632688927944,0.954225352112676,0.9512843224092117,0.9872122762148338,0.9940728196443692,0.9957734573119188,0.9578947368421052,0.9966216216216216
0.9844827586206897,0.9604221635883905,0.9491525423728814,0.9242009132420091,0.9957519116397621,0.9845360824742269,0.9931623931623932,0.9721739130434782,0.9631578947368421,0.9602824360105914,0.987146529562982,0.9897435897435898,0.9931856899488927,0.9730668983492615,0.9957519116397621
0.9904264577893821,0.960644007155635,0.9473684210526315,0.9357798165137615,0.9948096885813149,0.9886858137510879,0.9930555555555556,0.9698581560283688,0.9652715939447908,0.9587073608617595,0.9878048780487805,0.9948096885813149,0.9948096885813149,0.9716814159292035,0.9956784788245462
0.9828767123287672,0.9578947368421052,0.9523809523809523,0.9345291479820628,0.9940728196443692,0.9880749574105622,0.9906542056074766,0.9678540399652477,0.9606299212598425,0.954225352112676,0.9940728196443692,0.9940728196443692,0.9940728196443692,0.9678540399652477,0.9940728196443692
0.9845360824742269,0.9531388152077808,0.9418084153983886,0.9264305177111717,0.9906223358908781,0.9845626072041166,0.9923273657289002,0.9604916593503073,0.9494232475598935,0.9493333333333334,0.9888983774551665,0.9880341880341881,0.9914821124361158,0.9559082892416225,0.9949066213921901
0.987012987012987,0.9516994633273703,0.9459459459459459,0.9256198347107438,0.993127147766323,0.9852813852813853,0.9948453608247423,0.9655781112091791,0.956366874443455,0.9572192513368984,0.9922613929492692,0.9905254091300603,0.993127147766323,0.9655781112091791,0.9939914163090129
0.9855072463768116,0.9606986899563319,0.957968476357268,0.936550491510277,0.9940828402366864,0.9880952380952381,0.9940828402366864,0.9732528041415013,0.9670138888888888,0.962510897994769,0.9923793395427604,0.9966273187183811,0.9940828402366864,0.9714779602420052,0.9966273187183811
0.9863945578231292,0.9670710571923743,0.9534679543459175,0.9460654288240495,0.9923922231614539,0.9863945578231292,0.9932432432432432,0.9715271786022434,0.9697493517718236,0.9598603839441536,0.9932432432432432,0.9906858594411516,0.9915397631133672,0.9715271786022434,0.9940928270042194
0.988646288209607,0.963294538943599,0.9501359927470535,0.9414990859232175,0.9947916666666666,0.9833187006145742,0.9921671018276762,0.9724933451641526,0.968833481745325,0.9660714285714286,0.9921671018276762,0.9912891986062717,0.9947916666666666,0.9697508896797153,0.9947916666666666
0.9914383561643836,0.9640666082383874,0.9538188277087034,0.945389435989257,0.9931856899488927,0.9931856899488927,0.9965928449744463,0.9712793733681462,0.9685863874345549,0.9648506151142355,0.9914675767918089,0.9966044142614601,0.9957519116397621,0.9730668983492615,0.9957519116397621
0.9870578084555651,0.9620476610767873,0.9499105545617174,0.9356300997280145,0.9914236706689536,0.9888220120378332,0.9931389365351629,0.968421052631579,0.9629629629629629,0.9545859305431879,0.9870801033591732,0.9940119760479041,0.9957301451750641,0.9693251533742331,0.9957301451750641
0.9854576561163387,0.9578207381370826,0.9522968197879859,0.9420160570918823,0.9932088285229203,0.9871904355251921,0.9932088285229203,0.9677980852915579,0.9677980852915579,0.9623797025371829,0.989778534923339,0.9932088285229203,0.9932088285229203,0.9749351771823682,0.9932088285229203
0.9846678023850085,0.9562171628721541,0.9441984056687334,0.9251577998196574,0.9923922231614539,0.9872557349192863,0.9923922231614539,0.9553023663453112,0.9553023663453112,0.9488536155202821,0.9889737065309584,0.9906858594411516,0.9966329966329966,0.9553023663453112,0.9940928270042194
0.9873843566021867,0.9549393414211439,0.9429323968393327,0.9363957597173145,0.995,0.9865546218487395,0.9975020815986678,0.9656946826758147,0.9603448275862069,0.9566724436741768,0.9916387959866221,0.9966722129783694,0.9966722129783694,0.9648068669527897,0.993322203672788
0.9862068965517241,0.9566755083996463,0.9481216457960644,0.939585211902615,0.9923142613151152,0.9862542955326461,0.9922879177377892,0.9640035118525022,0.9594356261022927,0.9611307420494699,0.9914529914529915,0.9923142613151152,0.9931740614334471,0.9640035118525022,0.9948892674616695
0.9879725085910653,0.9640666082383874,0.9584438549955792,0.9491525423728814,0.988013698630137,0.9854077253218884,0.9914383561643836,0.9721739130434782,0.9631578947368421,0.9702797202797203,0.9906063193851409,0.9906063193851409,0.9906063193851409,0.9703832752613241,0.9888793840889649
0.9872557349192863,0.9626411815812337,0.9507042253521126,0.9338103756708408,0.9941027801179444,0.9846938775510204,0.9915397631133672,0.9635416666666666,0.9626411815812337,0.9562171628721541,0.9898477157360406,0.9907016060862215,0.9924050632911392,0.9635416666666666,0.9941027801179444
0.9846153846153847,0.9569798068481123,0.9486725663716814,0.9373881932021467,0.9957734573119188,0.9837467921300257,0.9915110356536503,0.9642545771578029,0.9569798068481123,0.9569798068481123,0.9863481228668942,0.9923664122137404,0.9923664122137404,0.9651567944250871,0.9966216216216216
0.9812925170068028,0.9547038327526133,0.9444933920704845,0.9322638146167558,0.9941324392288349,0.9864864864864865,0.9941225860621327,0.9655172413793104,0.9556135770234987,0.9454225352112676,0.9864864864864865,0.9924433249370277,0.9915966386554622,0.961038961038961,0.9941324392288349
0.9853826311263972,0.961335676625659,0.9566755083996463,0.9378937893789379,0.9914675767918089,0.9897435897435898,0.9923142613151152,0.9730668983492615,0.9640666082383874,0.9676290463692039,0.9957519116397621,0.9923273657289002,0.9948979591836735,0.9730668983492615,0.9948979591836735
0.9895470383275261,0.9570661896243292,0.954954954954955,0.9425706472196901,0.9887250650477016,0.9878472222222222,0.9930555555555556,0.9672276350752879,0.9617097061442564,0.9679715302491103,0.9878472222222222,0.9922212618841832,0.9896013864818024,0.9653948535936113,0.9904761904761905
0.9887834339948232,0.9600709849157054,0.9460431654676259,0.941282746160795,0.9939914163090129,0.9905254091300603,0.9939914163090129,0.9683098591549296,0.9646643109540636,0.9554367201426025,0.9896551724137931,0.9905254091300603,0.993127147766323,0.971027216856892,0.9982905982905983
0.989778534923339,0.9641921397379912,0.9578207381370826,0.9382273948075202,0.9923534409515717,0.989778534923339,0.9974640743871513,0.9695916594265855,0.9686956521739131,0.9641921397379912,0.995766299745978,0.99915611814346,0.995766299745978,0.9668989547038328,0.9949152542372881
0.9846678023850085,0.9492119089316988,0.9395017793594306,0.931899641577061,0.9890480202190396,0.9795918367346939,0.9923922231614539,0.9583333333333334,0.9492119089316988,0.9562171628721541,0.9847715736040609,0.9873417721518988,0.9864864864864865,0.953792502179599,0.990748528174937
0.978204010462075,0.9582222222222222,0.9431920649233544,0.9345454545454546,0.9922613929492692,0.986159169550173,0.9896551724137931,0.969217238346526,0.9619131975199291,0.9526362823949955,0.9905254091300603,0.986159169550173,0.9913941480206541,0.9683098591549296,0.9948542024013722
0.9836909871244636,0.9568281938325991,0.950354609929078,0.9323715058611362,0.994052676295667,0.9888983774551665,0.9966101694915255,0.9695387293298521,0.9623137598597721,0.9641294838145232,0.9906223358908781,0.9906223358908781,0.994052676295667,0.967741935483871,0.9957591178965225
0.9828473413379074,0.9543057996485061,0.9513704686118479,0.9504424778761061,0.9923793395427604,0.9837745516652434,0.9914965986394558,0.9696969696969697,0.9670138888888888,0.9614711033274956,0.9880952380952381,0.9923793395427604,0.9940828402366864,0.9723661485319517,0.9932318104906938
0.9906063193851409,0.9577464788732394,0.9539823008849557,0.9389587073608617,0.9957591178965225,0.9854327335047129,0.9931856899488927,0.965034965034965,0.965938864628821,0.9622475856014048,0.9871685201026519,0.9888983774551665,0.9923404255319149,0.9686411149825784,0.994052676295667
0.9860383944153578,0.9634906500445236,0.9559748427672956,0.9378427787934186,0.9930795847750865,0.9869451697127938,0.9948096885813149,0.9717314487632509,0.9662522202486679,0.9634255129348795,0.985178727114211,0.9939498703543648,0.9930795847750865,0.9689991142604074,0.9956859361518551
0.9844827586206897,0.9657594381035997,0.9584438549955792,0.9482142857142857,0.9948805460750854,0.9914383561643836,0.9940222032450897,0.972972972972973,0.9675723049956179,0.9630281690140845,0.9948805460750854,0.9965928449744463,0.9974468085106383,0.972972972972973,0.9965928449744463
0.9791304347826087,0.95929203539823,0.9480286738351255,0.9356300997280145,0.9905579399141631,0.9853321829163072,0.9940017137960583,0.968421052631579,0.95929203539823,0.9601417183348095,0.9862068965517241,0.9870801033591732,0.9905579399141631,0.9656992084432717,0.9914236706689536
0.9889923793395428,0.9645021645021645,0.9599303135888502,0.9386666666666666,0.9966442953020134,0.9932659932659933,0.9957947855340622,0.9769033361847733,0.9689655172413794,0.9724612736660929,0.9924178601516428,0.9958018471872376,0.9949579831932773,0.9716251074806534,0.9949579831932773
0.9783174327840416,0.9612676056338029,0.9547471162377995,0.9415992812219227,0.9931740614334471,0.988860325621251,0.9914383561643836,0.9730200174064404,0.9640035118525022,0.9630281690140845,0.9905902480752781,0.9957446808510638,0.9965986394557823,0.9721254355400697,0.9948892674616695
0.9846678023850085,0.960767218831735,0.9451327433628318,0.9290206648697215,0.9915397631133672,0.9932432432432432,0.9966329966329966,0.9715271786022434,0.960767218831735,0.9598603839441536,0.9915397631133672,0.9932432432432432,0.9915397631133672,0.9679653679653679,0.9940928270042194
0.9898305084745763,0.9661751951431049,0.9562171628721541,0.9395017793594306,0.995787700084246,0.9881154499151104,0.9915397631133672,0.9697493517718236,0.9571303587051618,0.9634782608695652,0.9906858594411516,0.9898305084745763,0.9881154499151104,0.9661751951431049,0.9923922231614539
0.9881154499151104,0.9581151832460733,0.9507042253521126,0.9385574354407836,0.9932546374367622,0.9872773536895675,0.9898305084745763,0.9653379549393414,0.967128027681661,0.9553023663453112,0.9941027801179444,0.9915540540540541,0.9932546374367622,0.9715762273901809,0.9924050632911392
0.9803921568627451,0.9527145359019265,0.9471830985915493,0.9349955476402493,0.998324958123953,0.9872988992379339,0.9907172995780591,0.9653979238754326,0.96,0.9545454545454546,0.9949579831932773,0.9907172995780591,0.9941126997476871,0.9653979238754326,0.998324958123953
0.9862542955326461,0.9539823008849557,0.9520426287744227,0.9435989256938228,0.9940425531914894,0.9819121447028424,0.9905902480752781,0.969485614646905,0.9576719576719577,0.9612676056338029,0.987146529562982,0.9914675767918089,0.9914675767918089,0.9685863874345549,0.9966044142614601
0.9843478260869565,0.9681978798586572,0.9410698096101541,0.9284403669724771,0.9939707149009475,0.9843478260869565,0.9904926534140017,0.9754385964912281,0.9709251101321585,0.9590017825311943,0.9922346850733391,0.9913644214162349,0.9922346850733391,0.9700176366843033,0.9939707149009475
0.9888793840889649,0.9559082892416225,0.9549071618037135,0.9351351351351351,0.9931972789115646,0.9863013698630136,0.9940425531914894,0.9668411867364747,0.9623137598597721,0.9502664298401421,0.9906223358908781,0.9923404255319149,0.9949066213921901,0.9641294838145232,0.9949066213921901
0.985531914893617,0.9553023663453112,0.9616724738675958,0.9395017793594306,0.9940928270042194,0.9915397631133672,0.9932432432432432,0.976824034334764,0.9670710571923743,0.9679653679653679,0.9923922231614539,0.9949409780775716,0.9940928270042194,0.9724137931034482,0.9940928270042194
0.9872557349192863,0.9670710571923743,0.9652777777777778,0.9507042253521126,0.9906858594411516,0.9881154499151104,0.9940928270042194,0.9794520547945206,0.9724137931034482,0.9732988802756245,0.9906858594411516,0.9923922231614539,0.9923922231614539,0.9759450171821306,0.9949409780775716
0.9896373056994818,0.9601417183348095,0.9506726457399103,0.9411764705882353,0.9940017137960583,0.9879310344827587,0.9878892733564014,0.9674582233948988,0.9647266313932981,0.9590747330960854,0.9896729776247849,0.9896729776247849,0.9940017137960583,0.9692712906057945,0.9948630136986302
0.9864176570458404,0.9680759275237274,0.95171202809482,0.940550133096717,0.9949579831932773,0.988155668358714,0.9924050632911392,0.9733905579399141,0.9680759275237274,0.9662337662337662,0.988155668358714,0.9941126997476871,0.9915682967959528,0.9742710120068611,0.9941126997476871
0.9905741216795202,0.9548272807794509,0.9482142857142857,0.9425493716337523,0.9957446808510638,0.9897260273972602,0.9965928449744463,0.9712292938099389,0.960352422907489,0.9611992945326279,0.9923142613151152,0.9948892674616695,0.9965986394557823,0.9667250437828371,0.9965986394557823
0.9765013054830287,0.9518716577540107,0.9357466063348416,0.9328493647912885,0.9888220120378332,0.9844559585492227,0.9905579399141631,0.9602122015915119,0.9518716577540107,0.95,0.9870801033591732,0.9835782195332757,0.9870801033591732,0.955595026642984,0.9931506849315068
0.9828178694158075,0.9551451187335093,0.952212389380531,0.9409660107334525,0.9932203389830508,0.9828767123287672,0.994052676295667,0.9633507853403142,0.9624454148471616,0.9595782073813708,0.9854824935952178,0.9923664122137404,0.9906542056074766,0.96875,0.9897959183673469
0.9859649122807017,0.9679715302491103,0.955736224028907,0.9413919413919414,0.9965397923875432,0.988666085440279,0.9947826086956522,0.9734513274336283,0.9698046181172292,0.9632286995515695,0.991304347826087,0.9930555555555556,0.9930555555555556,0.9743589743589743,0.9921807124239791
0.9863247863247864,0.9623797025371829,0.9513704686118479,0.9429590017825312,0.9949152542372881,0.9863247863247864,0.9940627650551315,0.9704861111111112,0.9695916594265855,0.9614711033274956,0.9949152542372881,0.9949152542372881,0.9949152542372881,0.9704861111111112,0.9949152542372881
0.9831081081081081,0.9639175257731959,0.9503051438535309,0.9278717720391808,0.995,0.9857022708158116,0.9958298582151793,0.9683490162532079,0.9594477998274374,0.9629629629629629,0.993322203672788,0.993322203672788,0.993322203672788,0.9630266552020637,0.995
0.9862068965517241,0.9629629629629629,0.9638766519823788,0.9443447037701975,0.9905579399141631,0.9844559585492227,0.9905579399141631,0.9702276707530648,0.968421052631579,0.9666080843585237,0.9888220120378332,0.9888220120378332,0.9922879177377892,0.9729257641921397,0.9940119760479041
0.9873417721518988,0.9717707442258341,0.9528795811518325,0.9482909728308502,0.9958228905597326,0.9907640638119227,0.99581589958159,0.9744027303754266,0.9744027303754266,0.9672977624784854,0.9949832775919732,0.9949832775919732,0.9958228905597326,0.9770212765957447,0.996661101836394
0.9803921568627451,0.9482909728308502,0.9349955476402493,0.926391382405745,0.9847715736040609,0.9856297548605241,0.988155668358714,0.961038961038961,0.9501312335958005,0.9471830985915493,0.990748528174937,0.9856297548605241,0.9873417721518988,0.9601386481802426,0.9873417721518988
0.9837467921300257,0.9625761531766753,0.9477413640389726,0.9354838709677419,0.9923922231614539,0.9846678023850085,0.9915110356536503,0.9643788010425717,0.9652777777777778,0.9597197898423818,0.9881154499151104,0.9915397631133672,0.9906858594411516,0.9670710571923743,0.9940928270042194
0.9863481228668942,0.9689119170984456,0.9551451187335093,0.9468085106382979,0.9924050632911392,0.9864176570458404,0.9949238578680203,0.9724612736660929,0.9689119170984456,0.9606299212598425,0.9915540540540541,0.9898477157360406,0.9924050632911392,0.967128027681661,0.9924050632911392
0.988860325621251,0.9667250437828371,0.9566755083996463,0.9454870420017873,0.9965986394557823,0.9914529914529915,0.9940323955669225,0.9658194566170026,0.9649122807017544,0.9640035118525022,0.9905902480752781,0.9957446808510638,0.9957446808510638,0.9667250437828371,0.9965986394557823
0.9881154499151104,0.9608355091383812,0.9553023663453112,0.9404444444444444,0.9915540540540541,0.9864176570458404,0.9932432432432432,0.9733447979363714,0.9599303135888502,0.9643788010425717,0.9898477157360406,0.9898477157360406,0.9932546374367622,0.975107296137339,0.9941027801179444
0.9821276595744681,0.955536181342633,0.9434628975265018,0.9302325581395349,0.9907329401853412,0.9856054191363252,0.9915682967959528,0.9636678200692042,0.9627705627705627,0.96,0.9873203719357565,0.9907329401853412,0.9890295358649789,0.9690189328743546,0.992430613961312
0.9870578084555651,0.9538188277087034,0.9545859305431879,0.9394760614272809,0.9905741216795202,0.9827288428324698,0.9914089347079038,0.9630281690140845,0.9602824360105914,0.9582963620230701,0.9897084048027445,0.9879725085910653,0.9879725085910653,0.9621145374449339,0.9931623931623932
0.9863713798977853,0.9525483304042179,0.9450354609929078,0.936550491510277,0.9898305084745763,0.985531914893617,0.9906700593723494,0.958041958041958,0.9543859649122807,0.9506172839506173,0.9863945578231292,0.9932432432432432,0.9949409780775716,0.9625761531766753,0.9940928270042194
0.9887834339948232,0.9536541889483066,0.9460431654676259,0.9403254972875226,0.9965811965811966,0.9844290657439446,0.9939914163090129,0.9628975265017667,0.9601417183348095,0.9554367201426025,0.9853068280034573,0.9948630136986302,0.992274678111588,0.9638128861429832,0.9948630136986302
0.9802235597592434,0.9605609114811569,0.9550660792951542,0.9457777777777778,0.9940627650551315,0.9906382978723405,0.9974640743871513,0.9731601731601731,0.9650959860383944,0.9677980852915579,0.9932088285229203,0.9914965986394558,0.9932088285229203,0.9677980852915579,0.9914965986394558
0.9889549702633815,0.9572052401746725,0.9506172839506173,0.9478337754199824,0.9915540540540541,0.9864176570458404,0.9940828402366864,0.9644405897658282,0.967128027681661,0.9588801399825022,0.9966386554621849,0.9915540540540541,0.9949494949494949,0.9617391304347827,0.9924050632911392
0.9818809318377912,0.9557522123893806,0.948306595365419,0.9330922242314648,0.9957446808510638,0.9897260273972602,0.9905902480752781,0.9676290463692039,0.9594356261022927,0.9585172109443955,0.9931740614334471,0.9914529914529915,0.9923142613151152,0.9685314685314685,0.9940323955669225
0.9852558542931483,0.9609236234458259,0.9562890276538805,0.9421338155515371,0.9948453608247423,0.9931153184165232,0.9939810834049871,0.9700704225352113,0.9618456078083407,0.9627659574468085,0.9939810834049871,0.9939810834049871,0.9939810834049871,0.9691629955947136,0.9922480620155039
0.987146529562982,0.9667832167832168,0.958590308370044,0.9418084153983886,0.9948979591836735,0.9914675767918089,0.9923273657289002,0.9712793733681462,0.9649737302977233,0.9667832167832168,0.9931856899488927,0.9948979591836735,0.9923273657289002,0.9721739130434782,0.9914675767918089
0.9915397631133672,0.9599303135888502,0.9497797356828194,0.9423247559893523,0.9941027801179444,0.9872773536895675,0.995787700084246,0.9698015530629853,0.9644405897658282,0.9652777777777778,0.9864176570458404,0.9957947855340622,0.9932546374367622,0.9706896551724138,0.9949494949494949
0.9825479930191972,0.9646017699115044,0.9495495495495495,0.9380692167577414,0.9913793103448276,0.9826086956521739,0.9904761904761905,0.9709762532981531,0.9664310954063604,0.9635555555555556,0.9861351819757366,0.9913793103448276,0.9905090595340811,0.9718804920913884,0.9939810834049871
0.9773123909249564,0.9480286738351255,0.9393665158371041,0.9168207024029574,0.9888027562446167,0.981786643538595,0.9905254091300603,0.9619805481874447,0.9564444444444444,0.9535714285714286,0.9870578084555651,0.9879310344827587,0.9905417024935511,0.9573712255772646,0.9931389365351629
0.9778156996587031,0.9546247818499127,0.9435626102292769,0.9284436493738819,0.9941225860621327,0.9864636209813875,0.9907329401853412,0.9618717504332756,0.9600694444444444,0.9564459930313589,0.992430613961312,0.9898819561551433,0.9932773109243698,0.9627705627705627,0.9949664429530202
0.9923534409515717,0.9758203799654577,0.9632867132867133,0.9485815602836879,0.99915611814346,0.9932088285229203,0.9974640743871513,0.9828473413379074,0.9802235597592434,0.9740484429065744,0.9966159052453468,0.9966159052453468,0.9983108108108109,0.9802235597592434,0.9974640743871513
0.9780123131046614,0.9588550983899821,0.947463768115942,0.9368709972552608,0.9956859361518551,0.985178727114211,0.9930675909878682,0.9607142857142857,0.9607142857142857,0.9493670886075949,0.985178727114211,0.9948186528497409,0.9913344887348353,0.9597855227882037,0.9939498703543648
0.989492119089317,0.9595687331536388,0.957542908762421,0.9499545040946314,0.9939183318853171,0.9877622377622378,0.993897122929381,0.9669937555753791,0.963294538943599,0.9612961296129613,0.9930434782608696,0.9956634865568084,0.9956634865568084,0.9651474530831099,0.9930434782608696
0.9835212489158717,0.9609929078014184,0.9498207885304659,0.941282746160795,0.9957155098543273,0.9896551724137931,0.9922613929492692,0.9719298245614035,0.9600709849157054,0.9646643109540636,0.9939914163090129,0.9939914163090129,0.993127147766323,0.9674008810572687,0.9939914163090129
0.9905090595340811,0.9656387665198238,0.9618456078083407,0.947841726618705,0.9948630136986302,0.9896729776247849,0.9957081545064378,0.976460331299041,0.9692712906057945,0.9727831431079894,0.9931389365351629,0.9948630136986302,0.9948630136986302,0.9728783902012248,0.9957228400342173
0.9820359281437125,0.9442970822281167,0.9431616341030196,0.9298561151079137,0.9889923793395428,0.9855564995751912,0.9932318104906938,0.9581151832460733,0.95171202809482,0.9459698848538529,0.9864176570458404,0.9898477157360406,0.9898477157360406,0.9590235396687009,0.9932546374367622
0.9853574504737296,0.9557522123893806,0.9444444444444444,0.9368231046931408,0.9940323955669225,0.9871244635193133,0.9914383561643836,0.9658194566170026,0.9557522123893806,0.9556737588652482,0.9853826311263972,0.9879931389365352,0.9879931389365352,0.9658194566170026,0.9931740614334471
0.9845626072041166,0.9669565217391304,0.9595782073813708,0.9531388152077808,0.9923664122137404,0.9872122762148338,0.9957591178965225,0.9758620689655172,0.96875,0.9668411867364747,0.9906542056074766,0.9932203389830508,0.9932203389830508,0.9749784296807593,0.9932203389830508
0.9839662447257383,0.963855421686747,0.955767562879445,0.9373345101500441,0.9916247906197655,0.9839662447257383,0.9916247906197655,0.967409948542024,0.9665236051502146,0.9611734253666955,0.984822934232715,0.9899328859060402,0.9899328859060402,0.967409948542024,0.9966666666666667
0.9863481228668942,0.9606299212598425,0.9514563106796117,0.938337801608579,0.9940728196443692,0.9906542056074766,0.9915110356536503,0.9705372616984402,0.9660574412532638,0.9606299212598425,0.9915110356536503,0.9923664122137404,0.9940728196443692,0.9696444058976583,0.9940728196443692
0.9864406779661017,0.9627059843885516,0.9536307961504812,0.9481090589270009,0.9915682967959528,0.9907172995780591,0.9958018471872376,0.9689655172413794,0.9671848013816926,0.959094865100087,0.9907172995780591,0.9915682967959528,0.9949579831932773,0.9671848013816926,0.9974853310980721
0.9896907216494846,0.9639401934916447,0.9471799462846912,0.9452914798206278,0.9940222032450897,0.9879725085910653,0.9931506849315068,0.968476357267951,0.9621145374449339,0.9602122015915119,0.9905741216795202,0.9905741216795202,0.9914383561643836,0.9657594381035997,0.9957374254049446
0.981691368788143,0.9618456078083407,0.9505840071877808,0.9410698096101541,0.9931153184165232,0.987012987012987,0.9948364888123924,0.9727831431079894,0.9700704225352113,0.9617777777777777,0.9913793103448276,0.9931153184165232,0.9931153184165232,0.9709762532981531,0.9922480620155039
0.9845626072041166,0.9632867132867133,0.9604916593503073,0.9390681003584229,0.9932088285229203,0.9854576561163387,0.9897610921501706,0.9704861111111112,0.9686956521739131,0.9604916593503073,0.9923534409515717,0.9880546075085325,0.9906382978723405,0.9740484429065744,0.9932088285229203
0.9863013698630136,0.967741935483871,0.965938864628821,0.9512843224092117,0.9923404255319149,0.9854327335047129,0.9966101694915255,0.9766637856525497,0.9686411149825784,0.9641294838145232,0.9906223358908781,0.9949066213921901,0.9931972789115646,0.9757785467128027,0.9949066213921901
0.9806234203875316,0.9613733905579399,0.9604810996563574,0.9357959542656112,0.9941812136325852,0.9882943143812709,0.9975144987572494,0.9719626168224299,0.9649272882805817,0.9666951323654995,0.9874476987447699,0.9925062447960034,0.9925062447960034,0.9728353140916808,0.9908256880733946
0.9819742489270387,0.956140350877193,0.9522968197879859,0.9353680430879713,0.9898132427843803,0.9829059829059829,0.9940627650551315,0.9661164205039097,0.9570552147239264,0.9569041336851363,0.9889549702633815,0.9872340425531915,0.9863713798977853,0.9634146341463414,0.9898132427843803
0.9844559585492227,0.9630281690140845,0.9509366636931311,0.9424460431654677,0.9948805460750854,0.9897084048027445,0.9931506849315068,0.972972972972973,0.9702797202797203,0.9629629629629629,0.9940222032450897,0.9905741216795202,0.9948805460750854,0.9756521739130435,0.9957374254049446
0.9888983774551665,0.9588080631025416,0.9512843224092117,0.9400179051029544,0.9940728196443692,0.9872122762148338,0.994052676295667,0.9642545771578029,0.9578947368421052,0.9577464788732394,0.9915110356536503,0.9932203389830508,0.9940728196443692,0.9624454148471616,0.9940728196443692
0.9843205574912892,0.969053934571176,0.9551971326164874,0.9523809523809523,0.9965576592082617,0.9965576592082617,0.9965576592082617,0.9753954305799648,0.970873786407767,0.9726872246696036,0.9948275862068966,0.9991416309012876,0.9974204643164231,0.9753954305799648,0.9965576592082617
0.9887640449438202,0.9562890276538805,0.944043321299639,0.9285714285714286,0.9948453608247423,0.9852558542931483,0.9905090595340811,0.9655172413793104,0.9562890276538805,0.9562890276538805,0.987012987012987,0.9939810834049871,0.9931153184165232,0.9581478183437222,0.9957081545064378
0.9829642248722317,0.9454225352112676,0.9442970822281167,0.9252925292529253,0.9932773109243698,0.9856054191363252,0.9924050632911392,0.9537117903930131,0.9500438212094654,0.948943661971831,0.9890295358649789,0.9941225860621327,0.992430613961312,0.9582608695652174,0.9958088851634534
0.9818809318377912,0.9548272807794509,0.9435989256938228,0.9378937893789379,0.9931740614334471,0.9897260273972602,0.9897260273972602,0.9703315881326352,0.9621811785400176,0.9585172109443955,0.9923142613151152,0.9923142613151152,0.9931740614334471,0.9721254355400697,0.9931740614334471
0.9858657243816255,0.9563636363636364,0.945821854912764,0.9291044776119403,0.9973799126637555,0.9885462555066079,0.9938650306748467,0.9620253164556962,0.9629629629629629,0.9563636363636364,0.9938650306748467,0.9947460595446584,0.9965034965034965,0.9657657657657658,0.9947460595446584
0.9844559585492227,0.9557522123893806,0.9481216457960644,0.9299363057324841,0.9923142613151152,0.983634797588286,0.9931506849315068,0.9649122807017544,0.9621811785400176,0.9611307420494699,0.988860325621251,0.9879931389365352,0.9931740614334471,0.9667250437828371,0.9931740614334471
0.9753954305799648,0.9607843137254902,0.9551971326164874,0.9390354868061874,0.9922212618841832,0.9869678540399652,0.9904761904761905,0.9672276350752879,0.9542600896860987,0.9607843137254902,0.9904761904761905,0.9922212618841832,0.9922212618841832,0.9626334519572953,0.9922212618841832
0.9863713798977853,0.9534679543459175,0.9422222222222222,0.9317773788150808,0.9923922231614539,0.982066609735269,0.9863713798977853,0.960767218831735,0.958041958041958,0.9506172839506173,0.9881154499151104,0.9915397631133672,0.9906858594411516,0.9616724738675958,0.9915397631133672
0.9880546075085325,0.9623797025371829,0.9550660792951542,0.9266968325791856,0.9966159052453468,0.9914965986394558,0.9932088285229203,0.9704861111111112,0.9641921397379912,0.9650959860383944,0.9932088285229203,0.9923534409515717,0.9966159052453468,0.971379011274935,0.9949152542372881
0.9846153846153847,0.9616055846422339,0.9569798068481123,0.9258589511754068,0.9898132427843803,0.9855072463768116,0.9940728196443692,0.9723661485319517,0.957968476357268,0.9633507853403142,0.9915254237288136,0.9863713798977853,0.9898132427843803,0.962510897994769,0.9906700593723494
0.9931623931623932,0.9676290463692039,0.9556737588652482,0.9500891265597148,0.9974511469838573,0.9965986394557823,0.9982993197278912,0.9748045178105995,0.9748045178105995,0.968476357267951,0.9948892674616695,0.9974511469838573,0.99830220713073,0.9774696707105719,0.9965986394557823
0.98989898989899,0.9473684210526315,0.9464442493415277,0.9198919891989199,0.9924433249370277,0.9830508474576272,0.9890480202190396,0.9637305699481865,0.9556135770234987,0.9547038327526133,0.9915966386554622,0.9881956155143339,0.9941324392288349,0.9664082687338501,0.9924433249370277
0.9881154499151104,0.9626411815812337,0.9497797356828194,0.9404444444444444,0.9941027801179444,0.9949494949494949,0.9906858594411516,0.9706896551724138,0.9662337662337662,0.9643788010425717,0.9932546374367622,0.9932546374367622,0.9949494949494949,0.9733447979363714,0.9957947855340622
0.9837189374464439,0.9478337754199824,0.9448398576512456,0.9344115004492363,0.9889549702633815,0.9855072463768116,0.995766299745978,0.957968476357268,0.957968476357268,0.9485815602836879,0.9855072463768116,0.9898132427843803,0.9923793395427604,0.957968476357268,0.9949324324324325
0.9826388888888888,0.9508489722966935,0.9545049063336307,0.9345454545454546,0.992274678111588,0.9853068280034573,0.9887834339948232,0.9601417183348095,0.9592198581560284,0.956366874443455,0.9888027562446167,0.9861830742659758,0.9931389365351629,0.9619805481874447,0.9948630136986302
0.9829351535836177,0.9572798605056669,0.9441984056687334,0.9299820466786356,0.9872988992379339,0.9829931972789115,0.9906858594411516,0.9662921348314607,0.959094865100087,0.9534679543459175,0.988155668358714,0.9864406779661017,0.988155668358714,0.9645021645021645,0.9915682967959528
0.9817549956559514,0.9629629629629629,0.947935368043088,0.9345454545454546,0.9905579399141631,0.9853321829163072,0.9939914163090129,0.9711286089238845,0.9656992084432717,0.9619131975199291,0.9905579399141631,0.9931506849315068,0.9922879177377892,0.9675153643546971,0.9940119760479041
0.9885664028144239,0.9594229035166817,0.9648964896489649,0.9535941765241128,0.9921397379912664,0.9859402460456942,0.9938757655293088,0.9677996422182469,0.9622302158273381,0.9648964896489649,0.989492119089317,0.993897122929381,0.9921397379912664,0.9650224215246637,0.9965217391304347
0.9816272965879265,0.9663120567375887,0.9494584837545126,0.9360146252285192,0.9896013864818024,0.9852045256744996,0.9939498703543648,0.970873786407767,0.9617097061442564,0.9644128113879004,0.9930915371329879,0.9922212618841832,0.9948275862068966,0.9626334519572953,0.9956933677863911
0.9828473413379074,0.9533861037818822,0.9420160570918823,0.9382273948075202,0.9932318104906938,0.9837745516652434,0.9906382978723405,0.9670138888888888,0.9606986899563319,0.9532215357458076,0.9915254237288136,0.9880952380952381,0.9880952380952381,0.9679098005203816,0.9923793395427604
0.9854327335047129,0.9686956521739131,0.9604916593503073,0.943800178412132,0.9932088285229203,0.9923534409515717,0.9949066213921901,0.9722703639514731,0.9695916594265855,0.9632224168126094,0.989778534923339,0.9932088285229203,0.9949152542372881,0.9686956521739131,0.995766299745978
0.9837745516652434,0.956140350877193,0.9524647887323944,0.9384478144513827,0.9940828402366864,0.9923793395427604,0.9940828402366864,0.9670138888888888,0.9643167972149695,0.9588801399825022,0.9898132427843803,0.9966273187183811,0.9957805907172996,0.9705882352941176,0.9940828402366864
0.9819121447028424,0.958590308370044,0.9502664298401421,0.9380053908355795,0.9948979591836735,0.9940425531914894,0.9974554707379135,0.9667832167832168,0.9567519858781994,0.9622475856014048,0.9940425531914894,0.9906063193851409,0.9940425531914894,0.9658792650918635,0.9931856899488927
0.9881154499151104,0.960767218831735,0.9543859649122807,0.934763181411975,0.9949409780775716,0.9923922231614539,0.9940928270042194,0.976824034334764,0.9670710571923743,0.9697493517718236,0.9949409780775716,0.9966329966329966,0.9949409780775716,0.9724137931034482,0.9923922231614539
0.9835782195332757,0.9565987599645704,0.9443447037701975,0.9347826086956522,0.9897084048027445,0.9844827586206897,0.9922879177377892,0.9666666666666667,0.9611992945326279,0.95837023914969,0.9862306368330465,0.9923011120615911,0.9931623931623932,0.9675723049956179,0.9957374254049446
0.9836065573770492,0.958590308370044,0.9482142857142857,0.9290909090909091,0.9940425531914894,0.988013698630137,0.9940222032450897,0.9676855895196507,0.9622475856014048,0.9602824360105914,0.9906063193851409,0.9940425531914894,0.9923273657289002,0.9703832752613241,0.9931856899488927
0.9826388888888888,0.9592198581560284,0.9535714285714286,0.941282746160795,0.992274678111588,0.9888027562446167,0.9922613929492692,0.9674582233948988,0.9647266313932981,0.9628318584070796,0.9888027562446167,0.9940017137960583,0.9940017137960583,0.9674582233948988,0.9940017137960583
0.9801553062985332,0.9447415329768271,0.9389587073608617,0.9225159525979946,0.9906223358908781,0.9819432502149613,0.988013698630137,0.952212389380531,0.9466192170818505,0.9483985765124555,0.9863013698630136,0.9880341880341881,0.9880341880341881,0.9531388152077808,0.9957591178965225
0.9836629406706793,0.961335676625659,0.9595070422535211,0.9408602150537635,0.9966044142614601,0.988013698630137,0.9957519116397621,0.9685863874345549,0.9685863874345549,0.961335676625659,0.987146529562982,0.9957519116397621,0.9957519116397621,0.9721739130434782,0.9931856899488927
0.9914821124361158,0.9651567944250871,0.9484902309058615,0.9512843224092117,0.9949238578680203,0.9889361702127659,0.9949066213921901,0.9749784296807593,0.9696444058976583,0.9641294838145232,0.9940728196443692,0.9940728196443692,0.9923664122137404,0.9749784296807593,0.9923664122137404
0.9810996563573883,0.9749351771823682,0.9578207381370826,0.9485815602836879,0.995766299745978,0.9906382978723405,0.995766299745978,0.9810996563573883,0.9775862068965517,0.971379011274935,0.9940627650551315,0.995766299745978,0.9974640743871513,0.9793459552495697,0.9966159052453468
0.9822485207100592,0.9584775086505191,0.9584775086505191,0.9447852760736196,0.9890848026868178,0.9839662447257383,0.9907795473595976,0.9744463373083475,0.9629629629629629,0.963855421686747,0.9890848026868178,0.9907795473595976,0.9873843566021867,0.9691780821917808,0.9882352941176471
0.9853068280034573,0.9621145374449339,0.947085201793722,0.9480286738351255,0.9888412017167382,0.9862306368330465,0.9957228400342173,0.9675723049956179,0.9657594381035997,0.9628975265017667,0.9879725085910653,0.9923011120615911,0.9931623931623932,0.9675723049956179,0.9940222032450897
0.9898132427843803,0.9626411815812337,0.9506172839506173,0.9412811387900356,0.9966386554621849,0.9941027801179444,0.9966273187183811,0.9644405897658282,0.9635416666666666,0.9679098005203816,0.9941027801179444,0.9941027801179444,0.9941027801179444,0.9689119170984456,0.9957947855340622
0.9836909871244636,0.9677980852915579,0.9549867608120035,0.9390681003584229,0.9949152542372881,0.9906382978723405,0.9931972789115646,0.9704861111111112,0.9686956521739131,0.9623137598597721,0.9914965986394558,0.9889173060528559,0.9940627650551315,0.9722703639514731,0.995766299745978
0.9898477157360406,0.9535495179666958,0.948943661971831,0.9367764915405165,0.9924050632911392,0.9864176570458404,0.9889923793395428,0.9662337662337662,0.9608355091383812,0.9562937062937062,0.9898477157360406,0.9907016060862215,0.9915540540540541,0.9680207433016422,0.9898477157360406
0.9811965811965812,0.9562171628721541,0.9441984056687334,0.9328558639212176,0.9915397631133672,0.9846678023850085,0.9932432432432432,0.9643788010425717,0.960767218831735,0.9562171628721541,0.9863945578231292,0.9949409780775716,0.9940928270042194,0.960767218831735,0.9974768713204374
0.9888027562446167,0.9546666666666667,0.945193171608266,0.9356300997280145,0.9948717948717949,0.9879518072289156,0.992274678111588,0.9656992084432717,0.95837023914969,0.9564444444444444,0.9914236706689536,0.9940119760479041,0.9940119760479041,0.9647887323943662,0.9948717948717949
0.9819742489270387,0.9587357330992098,0.9504424778761061,0.9410714285714286,0.995766299745978,0.9871904355251921,0.995766299745978,0.9722703639514731,0.9659982563208369,0.9614711033274956,0.9923534409515717,0.9940627650551315,0.9940627650551315,0.9686956521739131,0.9932088285229203
0.9769427839453458,0.9529616724738676,0.9454225352112676,0.9370008873114463,0.9907640638119227,0.9856540084388186,0.9941225860621327,0.9593073593073593,0.9547826086956521,0.9537117903930131,0.987363100252738,0.987363100252738,0.9890664423885618,0.9593073593073593,0.9916107382550335
0.9777015437392796,0.9544658493870403,0.9376114081996435,0.931899641577061,0.9855564995751912,0.9794871794871794,0.985531914893617,0.9590235396687009,0.9562937062937062,0.9534679543459175,0.9864176570458404,0.9864176570458404,0.9855564995751912,0.9617391304347827,0.9941027801179444
0.9896729776247849,0.9675153643546971,0.9638128861429832,0.9423423423423424,0.9922879177377892,0.9862068965517241,0.9948630136986302,0.9656992084432717,0.9620476610767873,0.9628975265017667,0.9914236706689536,0.9905579399141631,0.9922879177377892,0.9675153643546971,0.9931506849315068
0.9827882960413081,0.9641294838145232,0.9576719576719577,0.9418084153983886,0.9923404255319149,0.9880341880341881,0.9923273657289002,0.9704347826086956,0.9623137598597721,0.9631578947368421,0.9906223358908781,0.9914821124361158,0.9914821124361158,0.9695387293298521,0.9931972789115646
0.9827882960413081,0.9493333333333334,0.9418084153983886,0.9332129963898917,0.9931856899488927,0.988013698630137,0.9957519116397621,0.9576719576719577,0.9558303886925795,0.9521276595744681,0.9845360824742269,0.9931856899488927,0.9948979591836735,0.9604221635883905,0.9948979591836735
0.983634797588286,0.9614035087719298,0.9473684210526315,0.934056007226739,0.9949066213921901,0.9836909871244636,0.9948892674616695,0.9775474956822107,0.9695387293298521,0.9649122807017544,0.9888983774551665,0.994052676295667,0.994052676295667,0.9722222222222222,0.994052676295667
0.9844827586206897,0.9483985765124555,0.9349005424954792,0.9202566452795601,0.988013698630137,0.9836629406706793,0.9914383561643836,0.9576719576719577,0.9474621549421193,0.9434977578475336,0.9888793840889649,0.987146529562982,0.9914675767918089,0.9558303886925795,0.9940425531914894
0.9888027562446167,0.9518716577540107,0.9489704565801254,0.9258920402561757,0.9940119760479041,0.9862068965517241,0.9931389365351629,0.9647887323943662,0.9546666666666667,0.9536541889483066,0.9914236706689536,0.9940119760479041,0.9914236706689536,0.9629629629629629,0.9905579399141631
0.9854576561163387,0.9650959860383944,0.9605609114811569,0.9485815602836879,0.9966159052453468,0.9914965986394558,0.9932088285229203,0.9784668389319552,0.9704861111111112,0.9722703639514731,0.995766299745978,0.9983108108108109,0.9974640743871513,0.9731601731601731,0.9923534409515717
0.9828767123287672,0.9625761531766753,0.9597197898423818,0.9402319357716324,0.9915397631133672,0.9915397631133672,0.9906542056074766,0.9741824440619621,0.9652777777777778,0.9624454148471616,0.9898305084745763,0.9932432432432432,0.9932432432432432,0.9750644883920895,0.9949409780775716
0.9897084048027445,0.9621145374449339,0.9538188277087034,0.9415992812219227,0.9965928449744463,0.9923011120615911,0.9948805460750854,0.972972972972973,0.97117903930131,0.968476357267951,0.9931623931623932,0.9982993197278912,0.9965928449744463,0.9720767888307156,0.9948805460750854
0.9844020797227037,0.9582963620230701,0.9488789237668162,0.9422382671480144,0.9931389365351629,0.9888027562446167,0.9965753424657534,0.9710780017528484,0.9647266313932981,0.9646643109540636,0.9905417024935511,0.9931389365351629,0.9948630136986302,0.9692712906057945,0.9948630136986302
0.9845360824742269,0.9640666082383874,0.9493333333333334,0.9370503597122302,0.9940425531914894,0.9897435897435898,0.9923273657289002,0.9667832167832168,0.9631578947368421,0.9667832167832168,0.9906063193851409,0.9914675767918089,0.9923273657289002,0.9658792650918635,0.9966044142614601
0.9836065573770492,0.9602824360105914,0.9528888888888889,0.9434977578475336,0.9923011120615911,0.9871023215821152,0.9914383561643836,0.9747606614447345,0.968476357267951,0.9666666666666667,0.9931623931623932,0.9923011120615911,0.9948805460750854,0.9747606614447345,0.9965928449744463
0.9796264855687606,0.9637931034482758,0.9575021682567216,0.9446883230904302,0.9924559932942163,0.9865092748735245,0.9924559932942163,0.9691252144082333,0.9682403433476395,0.9620034542314335,0.9899159663865547,0.9899159663865547,0.9932998324958124,0.9646856158484065,0.9974979149291076
0.9878892733564014,0.9664902998236331,0.9590747330960854,0.943089430894309,0.9957155098543273,0.9922613929492692,0.9922480620155039,0.9764192139737992,0.9674008810572687,0.9646017699115044,0.9887834339948232,0.993127147766323,0.9957155098543273,0.9737302977232924,0.9957155098543273
0.9838297872340426,0.9599303135888502,0.9544658493870403,0.9433628318584071,0.9949494949494949,0.9855564995751912,0.9924050632911392,0.9733447979363714,0.9653379549393414,0.967128027681661,0.9915540540540541,0.9941027801179444,0.9932546374367622,0.9715762273901809,0.9966386554621849
0.9823008849557522,0.9584086799276673,0.9410681399631676,0.9332096474953617,0.993006993006993,0.9850220264317181,0.9894551845342706,0.9649595687331537,0.9621621621621622,0.9592760180995475,0.9912434325744308,0.9885864793678666,0.9903593339176161,0.9668161434977578,0.993006993006993
0.9923273657289002,0.9568281938325991,0.946524064171123,0.9360936093609361,0.9966101694915255,0.9897610921501706,0.9940425531914894,0.9614035087719298,0.950354609929078,0.9631578947368421,0.9897610921501706,0.9914821124361158,0.9914821124361158,0.9604916593503073,0.994052676295667
0.9854327335047129,0.9596491228070175,0.9400179051029544,0.9294755877034359,0.9914965986394558,0.9889173060528559,0.9923404255319149,0.9659982563208369,0.9632867132867133,0.9540636042402827,0.9940627650551315,0.989778534923339,0.9932088285229203,0.9659982563208369,0.9906382978723405
0.9844290657439446,0.9611307420494699,0.9545859305431879,0.9394760614272809,0.9914236706689536,0.9853321829163072,0.9957228400342173,0.9693251533742331,0.9611307420494699,0.9619805481874447,0.9879518072289156,0.9905579399141631,0.9922879177377892,0.9629629629629629,0.9957301451750641
0.9881756756756757,0.9547038327526133,0.9537117903930131,0.941696113074205,0.9932885906040269,0.9821882951653944,0.9881756756756757,0.9664082687338501,0.9637305699481865,0.955536181342633,0.9881956155143339,0.9949748743718593,0.9924433249370277,0.9734816082121471,0.9941324392288349
0.9830795262267343,0.9630266552020637,0.9529616724738676,0.9362831858407079,0.9865546218487395,0.9822784810126582,0.9958228905597326,0.9674657534246576,0.9621342512908778,0.9620034542314335,0.9857022708158116,0.9907949790794979,0.9899497487437185,0.9665809768637532,0.994161801501251
0.992430613961312,0.9609713790112749,0.9454225352112676,0.941696113074205,1.0,0.992430613961312,0.9958088851634534,0.9654576856649395,0.9663503019844694,0.9582608695652174,0.9941225860621327,0.9966499162479062,0.9991645781119465,0.9663503019844694,0.9974895397489539
0.9889361702127659,0.9634782608695652,0.9588080631025416,0.9468085106382979,0.9932432432432432,0.9872557349192863,0.9932203389830508,0.9741824440619621,0.9679653679653679,0.9758620689655172,0.9915397631133672,0.9906858594411516,0.9949409780775716,0.9706390328151986,0.995787700084246
0.980701754385965,0.9598572702943801,0.9465095194922938,0.9358974358974359,0.9930915371329879,0.9896013864818024,0.9956784788245462,0.969053934571176,0.9644760213143873,0.9625,0.9878472222222222,0.9922212618841832,0.9922212618841832,0.9672276350752879,0.9922212618841832
0.9864406779661017,0.96,0.959094865100087,0.9443954104148279,0.9907172995780591,0.988155668358714,0.9949579831932773,0.9733905579399141,0.9698535745047373,0.9618055555555556,0.9941126997476871,0.9941126997476871,0.9932659932659933,0.9716251074806534,0.9941126997476871
0.9778534923339012,0.9601386481802426,0.9501312335958005,0.9427312775330396,0.9941324392288349,0.9873417721518988,0.9881956155143339,0.9664082687338501,0.9619377162629758,0.9583333333333334,0.990748528174937,0.9864864864864865,0.9890480202190396,0.9655172413793104,0.9941324392288349
0.9846938775510204,0.9528795811518325,0.9526315789473684,0.9414893617021277,0.9881956155143339,0.9778534923339012,0.9898477157360406,0.9699570815450643,0.9619377162629758,0.9617391304347827,0.9856297548605241,0.9881956155143339,0.9881956155143339,0.9726027397260274,0.9881956155143339
0.9915397631133672,0.960767218831735,0.9571303587051618,0.9385574354407836,0.9940928270042194,0.985531914893617,0.9932432432432432,0.9732988802756245,0.9652777777777778,0.9661751951431049,0.9906858594411516,0.9923922231614539,0.9940928270042194,0.9759450171821306,0.9940928270042194
0.984822934232715,0.9611734253666955,0.9503051438535309,0.9429323968393327,0.9933110367892977,0.9890848026868178,0.9941520467836257,0.9787955894826124,0.9700598802395209,0.9647463456577816,0.9958298582151793,0.9983361064891847,0.994991652754591,0.9779286926994907,0.9958298582151793
0.9847972972972973,0.9611063094209161,0.9474605954465849,0.93909973521624,0.9949832775919732,0.9882154882154882,0.9916107382550335,0.9726495726495726,0.9628990509059534,0.9620034542314335,0.9932998324958124,0.996661101836394,0.996661101836394,0.9682403433476395,0.9958228905597326
0.9769427839453458,0.961038961038961,0.9618717504332756,0.9398230088495575,0.9941324392288349,0.9873417721518988,0.9932773109243698,0.9690721649484536,0.9637305699481865,0.9645635263612792,0.9839119390347163,0.9941324392288349,0.9932885906040269,0.9717223650385605,0.9966555183946488
0.9846153846153847,0.9597197898423818,0.9421193232413179,0.9345291479820628,0.9957734573119188,0.9811320754716981,0.9923664122137404,0.9660574412532638,0.9578947368421052,0.954225352112676,0.9854824935952178,0.9906542056074766,0.9923664122137404,0.9624454148471616,0.9915110356536503
0.987012987012987,0.9601417183348095,0.946894689468947,0.9373297002724795,0.9948630136986302,0.9879310344827587,0.9957081545064378,0.9701754385964912,0.9674582233948988,0.9609236234458259,0.9879310344827587,0.9888027562446167,0.9931389365351629,0.9746724890829694,0.9957228400342173
0.9888412017167382,0.960352422907489,0.9538188277087034,0.9300635785649409,0.9931740614334471,0.9845094664371773,0.9905741216795202,0.9694323144104804,0.9649122807017544,0.9593639575971732,0.9914529914529915,0.9923142613151152,0.9923142613151152,0.9685314685314685,0.9923142613151152
0.9844290657439446,0.9538188277087034,0.9432943294329433,0.9288321167883211,0.9948805460750854,0.9827288428324698,0.9931389365351629,0.9621145374449339,0.9556737588652482,0.9508489722966935,0.9923011120615911,0.9923011120615911,0.9940222032450897,0.9584438549955792,0.9948805460750854
0.9879725085910653,0.9593639575971732,0.9565987599645704,0.9425493716337523,0.9948805460750854,0.9905741216795202,0.9948805460750854,0.9747606614447345,0.9630281690140845,0.9565987599645704,0.9957374254049446,0.9940222032450897,0.9957374254049446,0.9657594381035997,0.9931623931623932
0.9871685201026519,0.9551451187335093,0.9484902309058615,0.935251798561151,0.9940728196443692,0.9880749574105622,0.994052676295667,0.96875,0.9588080631025416,0.9549867608120035,0.9940728196443692,0.9906542056074766,0.9932203389830508,0.9678540399652477,0.9906542056074766
0.9842657342657343,0.9662522202486679,0.960644007155635,0.950316169828365,0.9922077922077922,0.9860627177700348,0.9913194444444444,0.9753521126760564,0.9708222811671088,0.9652715939447908,0.9878260869565217,0.9930795847750865,0.9956859361518551,0.9744493392070485,0.9956859361518551
0.9896729776247849,0.9621811785400176,0.945193171608266,0.9327272727272727,0.9957446808510638,0.9897260273972602,0.9982935153583617,0.9630931458699473,0.9557522123893806,0.9582963620230701,0.988860325621251,0.9923142613151152,0.9931740614334471,0.960352422907489,0.9940323955669225
0.9846678023850085,0.9553023663453112,0.9385574354407836,0.9261261261261261,0.9923922231614539,0.9863945578231292,0.9898305084745763,0.9625761531766753,0.958041958041958,0.9571303587051618,0.9932432432432432,0.9889737065309584,0.9915397631133672,0.9661751951431049,0.9949409780775716
0.9780509218612818,0.9450945094509451,0.9475587703435805,0.9151910531220876,0.9905254091300603,0.979982593559617,0.9913344887348353,0.9591474245115453,0.9526362823949955,0.9532374100719424,0.9852813852813853,0.986159169550173,0.9826388888888888,0.9582222222222222,0.9870354364736387
0.9826388888888888,0.9555160142348754,0.9393665158371041,0.9326047358834244,0.9957228400342173,0.9888027562446167,0.9974337040205303,0.9601417183348095,0.9601417183348095,0.9498207885304659,0.9888027562446167,0.9940017137960583,0.9931389365351629,0.9619805481874447,0.9940017137960583
0.9896013864818024,0.9571428571428572,0.9523809523809523,0.9341864716636198,0.9939707149009475,0.9896193771626297,0.9930915371329879,0.9626998223801065,0.9552772808586762,0.9607843137254902,0.9887445887445887,0.9939707149009475,0.993103448275862,0.9608540925266904,0.9965635738831615
0.98989898989899,0.9691780821917808,0.9601386481802426,0.9445910290237467,0.994991652754591,0.9907795473595976,0.99581589958159,0.9735720375106565,0.9665236051502146,0.9664082687338501,0.9899328859060402,0.9924686192468619,0.9933110367892977,0.967409948542024,0.9941520467836257
0.9853321829163072,0.9647887323943662,0.9611307420494699,0.9405405405405406,0.9914236706689536,0.9853321829163072,0.9922879177377892,0.972027972027972,0.9666080843585237,0.9656992084432717,0.9879518072289156,0.9931506849315068,0.9905579399141631,0.9711286089238845,0.9948717948717949
0.9835212489158717,0.9601417183348095,0.9374433363553943,0.9441441441441442,0.9896729776247849,0.9888027562446167,0.993127147766323,0.9674582233948988,0.9582963620230701,0.9628318584070796,0.9931389365351629,0.9905417024935511,0.9896729776247849,0.9656387665198238,0.992274678111588
0.9863945578231292,0.9507042253521126,0.9395017793594306,0.9251577998196574,0.995787700084246,0.9829351535836177,0.9932432432432432,0.9634782608695652,0.9571303587051618,0.9589519650655022,0.9906858594411516,0.9923922231614539,0.9923922231614539,0.9571303587051618,0.9889737065309584
0.9820359281437125,0.951627088830255,0.9506172839506173,0.9355992844364938,0.9898305084745763,0.9872557349192863,0.9898132427843803,0.9706390328151986,0.9634782608695652,0.9652173913043478,0.9889737065309584,0.9898305084745763,0.9906858594411516,0.9670710571923743,0.9923922231614539
0.9856054191363252,0.9654576856649395,0.9564459930313589,0.9482001755926251,0.9949664429530202,0.9915824915824916,0.9941225860621327,0.9769427839453458,0.9690189328743546,0.9672413793103448,0.9958088851634534,0.9941225860621327,0.9949664429530202,0.9734361610968295,0.9949664429530202
0.9833479404031551,0.950316169828365,0.9435336976320583,0.9289012003693444,0.9939393939393939,0.9833770778652668,0.988666085440279,0.9671111111111111,0.9587813620071685,0.952122854561879,0.9851528384279477,0.9913194444444444,0.9913194444444444,0.970770593445527,0.9948096885813149
0.9845626072041166,0.9623797025371829,0.9586631486367634,0.9447415329768271,0.9940627650551315,0.9889173060528559,0.9880341880341881,0.9668989547038328,0.9614711033274956,0.9632224168126094,0.9940627650551315,0.9906382978723405,0.9940627650551315,0.9722703639514731,0.9932088285229203
0.9828178694158075,0.9632224168126094,0.952212389380531,0.9428571428571428,0.9906223358908781,0.9819432502149613,0.9888983774551665,0.9757785467128027,0.9668411867364747,0.9704347826086956,0.9923404255319149,0.9880341880341881,0.9914821124361158,0.9766637856525497,0.994052676295667
0.9821580288870009,0.9537117903930131,0.9546247818499127,0.9245960502692998,0.9949664429530202,0.9898819561551433,0.992430613961312,0.9707903780068728,0.9618717504332756,0.9573542210617929,0.9890295358649789,0.9949664429530202,0.9958088851634534,0.9734361610968295,0.9974895397489539
0.9834061135371179,0.9551166965888689,0.9418181818181818,0.9261992619926199,0.9930795847750865,0.9834061135371179,0.9939498703543648,0.9644128113879004,0.956989247311828,0.9560538116591928,0.9922077922077922,0.9913344887348353,0.9939498703543648,0.9597855227882037,0.9930795847750865
0.989778534923339,0.9643167972149695,0.9659982563208369,0.9476486246672582,0.9966273187183811,0.9898132427843803,0.9949152542372881,0.9723661485319517,0.9688041594454073,0.9677980852915579,0.9915254237288136,0.9932318104906938,0.9957805907172996,0.9723661485319517,0.9949324324324325
0.9846153846153847,0.9597197898423818,0.9569798068481123,0.9297297297297298,0.9974683544303797,0.9923664122137404,0.9940728196443692,0.9678540399652477,0.9597197898423818,0.9588080631025416,0.9966216216216216,0.9949238578680203,0.9974683544303797,0.9669565217391304,0.9940728196443692
0.9880749574105622,0.9571303587051618,0.9449378330373002,0.936436884512086,0.9915397631133672,0.9846678023850085,0.9949238578680203,0.9625761531766753,0.9616724738675958,0.9551451187335093,0.9846678023850085,0.9940928270042194,0.9940928270042194,0.9643788010425717,0.9923922231614539
0.9827882960413081,0.9457777777777778,0.9427549194991055,0.930316742081448,0.9906382978723405,0.9837189374464439,0.9940425531914894,0.9668989547038328,0.9532215357458076,0.9558303886925795,0.9889173060528559,0.9914965986394558,0.9940627650551315,0.9650959860383944,0.995766299745978
0.9879310344827587,0.9675723049956179,0.9555160142348754,0.9432943294329433,0.9931623931623932,0.9905741216795202,0.9957228400342173,0.9720767888307156,0.9666666666666667,0.9665492957746479,0.9931623931623932,0.9923011120615911,0.9940222032450897,0.9702797202797203,0.9923011120615911
0.9826689774696707,0.9647887323943662,0.947085201793722,0.9432943294329433,0.9914236706689536,0.9862068965517241,0.9974380871050385,0.9711286089238845,0.9702276707530648,0.9555160142348754,0.9879518072289156,0.9940119760479041,0.9940119760479041,0.9693251533742331,0.9957301451750641
0.9802235597592434,0.9722703639514731,0.9578207381370826,0.9522968197879859,0.9949152542372881,0.9871904355251921,0.9906382978723405,0.9767040552200172,0.9758203799654577,0.9695916594265855,0.9923534409515717,0.9923534409515717,0.9932088285229203,0.9749351771823682,0.9932088285229203
0.9863481228668942,0.9616055846422339,0.9606299212598425,0.9392857142857143,0.9932318104906938,0.9898132427843803,0.9957734573119188,0.9670138888888888,0.962510897994769,0.9651567944250871,0.9932318104906938,0.9898132427843803,0.9932318104906938,0.9652173913043478,0.9932318104906938
0.9896907216494846,0.9548272807794509,0.95837023914969,0.9357466063348416,0.9923142613151152,0.9879931389365352,0.9931506849315068,0.9694323144104804,0.9640035118525022,0.9620476610767873,0.9923142613151152,0.9905902480752781,0.9914529914529915,0.9667250437828371,0.9914529914529915
0.9785407725321889,0.9597902097902098,0.9506172839506173,0.9346463742166518,0.9906700593723494,0.9837745516652434,0.9923793395427604,0.9696969696969697,0.962510897994769,0.956140350877193,0.9863713798977853,0.9889549702633815,0.9906700593723494,0.9670138888888888,0.9940828402366864
0.9810671256454389,0.9552238805970149,0.9475555555555556,0.9381165919282511,0.9932318104906938,0.9872340425531915,0.9949066213921901,0.9714779602420052,0.9588801399825022,0.965034965034965,0.9949324324324325,0.9898132427843803,0.9898132427843803,0.9643167972149695,0.9880952380952381
0.987783595113438,0.9531531531531532,0.9492753623188406,0.9396709323583181,0.9939393939393939,0.986922406277245,0.9930555555555556,0.968944099378882,0.9569120287253142,0.9615040286481648,0.9948096885813149,0.9913194444444444,0.9939393939393939,0.957847533632287,0.9904430929626412
0.9801210025929127,0.9586631486367634,0.9594356261022927,0.9398023360287511,0.9897610921501706,0.9871685201026519,0.9940323955669225,0.9686411149825784,0.9632224168126094,0.9594356261022927,0.9880341880341881,0.9931972789115646,0.9931972789115646,0.967741935483871,0.994052676295667
0.9889173060528559,0.9541446208112875,0.9448398576512456,0.9315315315315316,0.995766299745978,0.9880546075085325,0.9932088285229203,0.9686956521739131,0.9596491228070175,0.9559859154929577,0.9914965986394558,0.9940627650551315,0.9923534409515717,0.9704861111111112,0.9966159052453468
0.9842657342657343,0.9652715939447908,0.9484162895927601,0.9388127853881278,0.9930675909878682,0.9878048780487805,0.9913194444444444,0.9671111111111111,0.9652715939447908,0.9569120287253142,0.9930675909878682,0.9921942758022549,0.9956784788245462,0.9661921708185054,0.9939393939393939
0.9844290657439446,0.9620476610767873,0.9508489722966935,0.9413886384129847,0.9948717948717949,0.9922879177377892,0.9896729776247849,0.975609756097561,0.9729257641921397,0.9628975265017667,0.9931506849315068,0.9940119760479041,0.9940119760479041,0.974716652136007,0.9948717948717949
0.9835497835497835,0.9621811785400176,0.9619805481874447,0.945193171608266,0.9923142613151152,0.9862542955326461,0.9931389365351629,0.9739130434782609,0.9630931458699473,0.9647266313932981,0.9914529914529915,0.9923142613151152,0.9905902480752781,0.9730200174064404,0.9931740614334471
0.9812606473594548,0.9564459930313589,0.9471830985915493,0.9330954504906334,0.9881756756756757,0.9847457627118644,0.9924178601516428,0.9654576856649395,0.9618717504332756,0.9627059843885516,0.9838846480067854,0.9915824915824916,0.9915824915824916,0.9618717504332756,0.9941225860621327
0.9852558542931483,0.9628318584070796,0.9516129032258065,0.9344262295081968,0.993127147766323,0.9835212489158717,0.9922480620155039,0.9728308501314636,0.9655781112091791,0.9609236234458259,0.9887834339948232,0.9913941480206541,0.993127147766323,0.969217238346526,0.9957155098543273
0.9868995633187773,0.9615040286481648,0.9530685920577617,0.9348025711662076,0.991304347826087,0.9921807124239791,0.9921807124239791,0.9725420726306466,0.9679715302491103,0.9615040286481648,0.9930555555555556,0.9939288811795317,0.9948006932409013,0.9716312056737588,0.9948006932409013
0.9836629406706793,0.9558303886925795,0.9446428571428571,0.9341749323715058,0.9931856899488927,0.9862778730703259,0.9923273657289002,0.9622475856014048,0.9595070422535211,0.9530558015943312,0.9923273657289002,0.9914675767918089,0.9931856899488927,0.9667832167832168,0.9983050847457627
0.994142259414226,0.9629629629629629,0.9529616724738676,0.9419014084507042,0.9966666666666667,0.9933110367892977,0.994142259414226,0.9761904761904762,0.9647463456577816,0.9664660361134996,0.9916247906197655,0.9983361064891847,0.9975020815986678,0.9744463373083475,0.9966666666666667
0.9896193771626297,0.9618456078083407,0.954341987466428,0.935278030993619,0.9939810834049871,0.9913793103448276,0.9965635738831615,0.9745836985100789,0.9682539682539683,0.9608540925266904,0.9939810834049871,0.9922480620155039,0.9939810834049871,0.9691629955947136,0.9922480620155039
0.9851268591426072,0.9533213644524237,0.952122854561879,0.9348025711662076,0.9930915371329879,0.9798775153105862,0.9904264577893821,0.9626334519572953,0.9542600896860987,0.9568345323741008,0.9904761904761905,0.9878472222222222,0.9922212618841832,0.9579982126899017,0.9930915371329879
0.9838846480067854,0.963855421686747,0.9454225352112676,0.9341637010676157,0.9907795473595976,0.9865319865319865,0.9949664429530202,0.9735720375106565,0.9700598802395209,0.9672413793103448,0.9899328859060402,0.9890848026868178,0.9924686192468619,0.9718189581554227,0.9924686192468619
0.9856054191363252,0.9556135770234987,0.9472759226713533,0.9379432624113475,0.9890480202190396,0.9839119390347163,0.9915824915824916,0.9628349178910977,0.9601386481802426,0.9573542210617929,0.9856297548605241,0.98989898989899,0.98989898989899,0.9637305699481865,0.99581589958159
0.9905579399141631,0.9694323144104804,0.9611307420494699,0.946236559139785,0.9957446808510638,0.9905902480752781,0.9940119760479041,0.9721254355400697,0.9765828274067649,0.9675153643546971,0.9905902480752781,0.9940323955669225,0.9957446808510638,0.9792387543252595,0.9957446808510638
0.9923273657289002,0.9559082892416225,0.9493333333333334,0.9351351351351351,0.9923404255319149,0.9880341880341881,0.9974554707379135,0.965034965034965,0.965034965034965,0.9576719576719577,0.9880341880341881,0.9906223358908781,0.9931972789115646,0.9623137598597721,0.994052676295667
0.9898305084745763,0.960767218831735,0.9507042253521126,0.9385574354407836,0.9949409780775716,0.9906858594411516,0.9923922231614539,0.9634782608695652,0.9589519650655022,0.9598603839441536,0.9906858594411516,0.9932432432432432,0.9949409780775716,0.9661751951431049,0.9940928270042194
0.9801553062985332,0.961335676625659,0.9493333333333334,0.9322493224932249,0.9931856899488927,0.9897435897435898,0.9948979591836735,0.9667832167832168,0.9595070422535211,0.9549071618037135,0.9906063193851409,0.9940425531914894,0.9966044142614601,0.9631578947368421,0.9931856899488927
0.9863247863247864,0.9588080631025416,0.9495128432240921,0.9363228699551569,0.9966216216216216,0.9846153846153847,0.9914965986394558,0.96875,0.9678540399652477,0.9632867132867133,0.9880749574105622,0.9940728196443692,0.9957734573119188,0.9669565217391304,0.9923664122137404
0.9830220713073005,0.9647463456577816,0.9500438212094654,0.9351111111111111,0.9907795473595976,0.9822485207100592,0.9949664429530202,0.9700598802395209,0.9620689655172414,0.9627705627705627,0.9882352941176471,0.9899328859060402,0.9907795473595976,0.9647463456577816,0.9890848026868178
0.9809358752166378,0.9584438549955792,0.9518716577540107,0.9443447037701975,0.9914383561643836,0.9844827586206897,0.9914236706689536,0.9602824360105914,0.9565987599645704,0.955595026642984,0.9888412017167382,0.9897084048027445,0.9914383561643836,0.9611992945326279,0.9923011120615911
0.9880952380952381,0.9652777777777778,0.9450354609929078,0.936550491510277,0.995787700084246,0.9915397631133672,0.9966273187183811,0.9688581314878892,0.9688581314878892,0.957968476357268,0.9906858594411516,0.995787700084246,0.9940928270042194,0.9715271786022434,0.9949409780775716
0.9897610921501706,0.950354609929078,0.9494232475598935,0.9265639165911151,0.9957591178965225,0.9871685201026519,0.9914821124361158,0.9604916593503073,0.950354609929078,0.9531388152077808,0.9906223358908781,0.9966101694915255,0.9949066213921901,0.9586631486367634,0.9966101694915255
0.9842657342657343,0.9516129032258065,0.9559748427672956,0.9358974358974359,0.9913793103448276,0.980836236933798,0.9921942758022549,0.9636846767050488,0.9562890276538805,0.960644007155635,0.9896373056994818,0.9896373056994818,0.9896373056994818,0.9627659574468085,0.9887640449438202
0.9881756756756757,0.9583333333333334,0.9546247818499127,0.9379432624113475,0.9932885906040269,0.9864864864864865,0.9915824915824916,0.9699570815450643,0.9601386481802426,0.9618717504332756,0.9873417721518988,0.9949748743718593,0.9932885906040269,0.9681857265692175,0.9915966386554622
0.9846153846153847,0.9606299212598425,0.9477413640389726,0.9392857142857143,0.9923664122137404,0.9854824935952178,0.9932203389830508,0.9705372616984402,0.9714285714285714,0.9588080631025416,0.9880749574105622,0.9949238578680203,0.9974683544303797,0.9714285714285714,0.9966216216216216
0.9704347826086956,0.9596491228070175,0.9484902309058615,0.9466192170818505,0.9940627650551315,0.9889173060528559,0.9906223358908781,0.9686956521739131,0.9659982563208369,0.9595782073813708,0.9889173060528559,0.9923534409515717,0.9914965986394558,0.971379011274935,0.9949152542372881
0.9931972789115646,0.9604916593503073,0.9419124218051832,0.9371633752244165,0.9957591178965225,0.9845626072041166,0.9931972789115646,0.9704347826086956,0.9668411867364747,0.9549867608120035,0.9931972789115646,0.9957591178965225,0.9949066213921901,0.9695387293298521,0.9957591178965225
0.9845094664371773,0.9567519858781994,0.9445438282647585,0.9473684210526315,0.9906063193851409,0.9862778730703259,0.9931740614334471,0.9658792650918635,0.9622475856014048,0.9594356261022927,0.9923273657289002,0.9906063193851409,0.9914675767918089,0.9640666082383874,0.9923273657289002
0.983634797588286,0.9640666082383874,0.9658194566170026,0.9378937893789379,0.9914675767918089,0.9897435897435898,0.9940323955669225,0.9721739130434782,0.9667832167832168,0.9676290463692039,0.9957519116397621,0.9940425531914894,0.9957519116397621,0.9703832752613241,0.9940425531914894
0.9810671256454389,0.9559859154929577,0.9494232475598935,0.9371633752244165,0.9923534409515717,0.9828473413379074,0.9914821124361158,0.9641921397379912,0.9614711033274956,0.9577464788732394,0.9889173060528559,0.9914965986394558,0.9932088285229203,0.9659982563208369,0.9923534409515717
0.9890480202190396,0.9611063094209161,0.9592367736339983,0.9399293286219081,0.9932998324958124,0.9865092748735245,0.9941324392288349,0.9708904109589042,0.9637931034482758,0.961038961038961,0.9899159663865547,0.9907640638119227,0.9932998324958124,0.9691252144082333,0.994142259414226
0.9879518072289156,0.948306595365419,0.9452914798206278,0.922089825847846,0.9931740614334471,0.9862542955326461,0.9931506849315068,0.9676290463692039,0.9557522123893806,0.9509366636931311,0.988860325621251,0.9905902480752781,0.9923142613151152,0.9594356261022927,0.9923142613151152
0.9895104895104895,0.9613656783468104,0.9566787003610109,0.9442922374429223,0.9956559513466551,0.9930313588850174,0.9965277777777778,0.9769911504424779,0.9696969696969697,0.9706144256455922,0.9939077458659704,0.9982668977469671,0.9956559513466551,0.9733570159857904,0.9947826086956522
0.9854077253218884,0.9475555555555556,0.9380053908355795,0.9264305177111717,0.9914821124361158,0.9880341880341881,0.9948979591836735,0.9586631486367634,0.9540636042402827,0.9380053908355795,0.9880341880341881,0.9914821124361158,0.9949066213921901,0.9577464788732394,0.9957591178965225
0.9923534409515717,0.9643788010425717,0.9532215357458076,0.9476486246672582,0.9949409780775716,0.9906858594411516,0.9949152542372881,0.9741824440619621,0.9697493517718236,0.9668989547038328,0.9932432432432432,0.9932432432432432,0.9949409780775716,0.9794520547945206,0.9949409780775716
0.9855810008481765,0.9564459930313589,0.9471830985915493,0.9378330373001776,0.9932773109243698,0.9898819561551433,0.9958018471872376,0.9591659426585578,0.9564459930313589,0.9527145359019265,0.9881756756756757,0.9958088851634534,0.9932773109243698,0.9654576856649395,0.9941225860621327
0.9907016060862215,0.956369982547993,0.9452296819787986,0.9272237196765498,0.9941126997476871,0.9898648648648649,0.9941027801179444,0.9627059843885516,0.959094865100087,0.9461606354810238,0.9915682967959528,0.9949579831932773,0.9949579831932773,0.9627059843885516,0.9949579831932773
0.9890480202190396,0.9629629629629629,0.9583333333333334,0.9417989417989417,0.9907795473595976,0.9856781802864364,0.9949748743718593,0.9735720375106565,0.9691780821917808,0.9699570815450643,0.9873843566021867,0.9907795473595976,0.9916247906197655,0.9761904761904762,0.994991652754591
0.9804255319148936,0.9672413793103448,0.9627705627705627,0.9472759226713533,0.9941225860621327,0.9873203719357565,0.9915824915824916,0.9716738197424892,0.9690189328743546,0.9690189328743546,0.9932773109243698,0.9890295358649789,0.9932773109243698,0.9743150684931506,0.9932773109243698
0.9912587412587412,0.9616413916146298,0.963162623539982,0.9441903019213175,0.9895833333333334,0.985178727114211,0.9947735191637631,0.9726390114739629,0.9662522202486679,0.9603603603603603,0.9895833333333334,0.9913344887348353,0.9904596704249783,0.9653333333333334,0.9922077922077922
0.9871685201026519,0.9559859154929577,0.9447415329768271,0.9323715058611362,0.9940627650551315,0.9854576561163387,0.994052676295667,0.9623797025371829,0.9532215357458076,0.9531388152077808,0.9845890410958904,0.9914965986394558,0.9940627650551315,0.9605609114811569,0.9949152542372881
0.9896373056994818,0.9554367201426025,0.944043321299639,0.9334548769371012,0.993127147766323,0.9887834339948232,0.9948453608247423,0.9637488947833776,0.9655781112091791,0.9572192513368984,0.9913941480206541,0.9939914163090129,0.9965753424657534,0.9664902998236331,0.9965753424657534
0.9844020797227037,0.9647266313932981,0.956366874443455,0.9498207885304659,0.9948630136986302,0.9896729776247849,0.9948542024013722,0.9728783902012248,0.968365553602812,0.9683098591549296,0.9948630136986302,0.9931389365351629,0.9957228400342173,0.9737762237762237,0.9982935153583617
0.9846678023850085,0.958041958041958,0.951627088830255,0.9376114081996435,0.995787700084246,0.9881154499151104,0.9923922231614539,0.9634782608695652,0.9562171628721541,0.958041958041958,0.9923922231614539,0.9940928270042194,0.9949409780775716,0.9598603839441536,0.9966329966329966
0.9801894918173988,0.9494232475598935,0.9428571428571428,0.9236363636363636,0.9923404255319149,0.9828178694158075,0.9880341880341881,0.9713292788879235,0.965938864628821,0.9568281938325991,0.9863013698630136,0.9906223358908781,0.9914821124361158,0.9722222222222222,0.9880341880341881
0.9836909871244636,0.9605609114811569,0.9494232475598935,0.9428571428571428,0.9966159052453468,0.9914965986394558,0.9957591178965225,0.9650959860383944,0.9623797025371829,0.9559082892416225,0.9914965986394558,0.9966159052453468,0.995766299745978,0.9641921397379912,0.9932088285229203
0.9888793840889649,0.9623137598597721,0.9511978704525288,0.9370503597122302,0.9931972789115646,0.9880341880341881,0.9923273657289002,0.9695387293298521,0.9695387293298521,0.9640666082383874,0.9923404255319149,0.9957591178965225,0.9957591178965225,0.9686411149825784,0.9966101694915255
0.9818496110630942,0.9621145374449339,0.9482142857142857,0.9368231046931408,0.9923011120615911,0.9844827586206897,0.9871023215821152,0.968476357267951,0.9602824360105914,0.9593639575971732,0.9923011120615911,0.9905741216795202,0.9905741216795202,0.9693788276465442,0.9957374254049446
0.9835782195332757,0.9675153643546971,0.9405405405405406,0.9424460431654677,0.9931506849315068,0.9853321829163072,0.9948717948717949,0.9729257641921397,0.9675153643546971,0.9647887323943662,0.9957301451750641,0.9914236706689536,0.9965870307167235,0.968421052631579,0.9965870307167235
0.9889361702127659,0.9572052401746725,0.9533039647577093,0.9411764705882353,0.9949494949494949,0.9829642248722317,0.9940728196443692,0.9581151832460733,0.9581151832460733,0.9624454148471616,0.9889923793395428,0.9932546374367622,0.9915540540540541,0.9544658493870403,0.9966386554621849
0.9913194444444444,0.9598572702943801,0.9625,0.941712204007286,0.9922212618841832,0.9869678540399652,0.9939393939393939,0.970873786407767,0.9644760213143873,0.968944099378882,0.9904761904761905,0.9896013864818024,0.9922212618841832,0.9753954305799648,0.9948275862068966
0.9880546075085325,0.9478337754199824,0.9522968197879859,0.9227974568574023,0.9880952380952381,0.9837745516652434,0.9880546075085325,0.957968476357268,0.9515418502202643,0.9532215357458076,0.9915254237288136,0.9872340425531915,0.9889549702633815,0.9588801399825022,0.9932318104906938
0.9849690539345711,0.9526411657559198,0.9487179487179487,0.9340761374187558,0.9921121822962313,0.9795918367346939,0.9876543209876543,0.9592760180995475,0.9507299270072993,0.9563636363636364,0.9894551845342706,0.9894551845342706,0.990342405618964,0.9583333333333334,0.9921121822962313
0.9852558542931483,0.9646643109540636,0.9572192513368984,0.944043321299639,0.993127147766323,0.9905254091300603,0.9948453608247423,0.9683098591549296,0.9683098591549296,0.9636846767050488,0.9887834339948232,0.993127147766323,0.993127147766323,0.9746281714785652,0.9957155098543273
0.9845890410958904,0.9633507853403142,0.9559859154929577,0.9429590017825312,0.9957734573119188,0.9872122762148338,0.9906382978723405,0.9714285714285714,0.9642545771578029,0.9632867132867133,0.9915110356536503,0.9923664122137404,0.9940728196443692,0.9714285714285714,0.9966216216216216
0.9826388888888888,0.9564444444444444,0.9488789237668162,0.9364791288566243,0.992274678111588,0.9879310344827587,0.9957155098543273,0.9674582233948988,0.9656387665198238,0.9545049063336307,0.9861830742659758,0.9931389365351629,0.9931389365351629,0.9737762237762237,0.9931389365351629
0.9801553062985332,0.9577464788732394,0.9493333333333334,0.9427549194991055,0.9914821124361158,0.9819432502149613,0.9931856899488927,0.965938864628821,0.9623137598597721,0.9622475856014048,0.9906223358908781,0.9880341880341881,0.9906223358908781,0.9623137598597721,0.9906223358908781
0.9778911564625851,0.9682947729220223,0.9565972222222222,0.9428320140721196,0.9933110367892977,0.9796610169491525,0.9916107382550335,0.9735720375106565,0.9682947729220223,0.9664660361134996,0.994991652754591,0.9924686192468619,0.9933110367892977,0.9647463456577816,0.9933110367892977
0.9888793840889649,0.9511978704525288,0.9474621549421193,0.9312839059674503,0.9948979591836735,0.9906063193851409,0.9966044142614601,0.9604221635883905,0.9549071618037135,0.9521276595744681,0.9897435897435898,0.9940425531914894,0.9931856899488927,0.9595070422535211,0.9940425531914894
0.9845890410958904,0.9524647887323944,0.9410714285714286,0.9324932493249325,0.9957805907172996,0.9863713798977853,0.9940627650551315,0.9696969696969697,0.9643167972149695,0.9578207381370826,0.9889549702633815,0.9932318104906938,0.9932318104906938,0.9705882352941176,0.9940828402366864
0.9871244635193133,0.9575971731448764,0.9464285714285714,0.9378937893789379,0.9897260273972602,0.9862542955326461,0.9923142613151152,0.9667250437828371,0.9566755083996463,0.9548272807794509,0.9905902480752781,0.9914529914529915,0.9897260273972602,0.9640035118525022,0.9923142613151152
0.9798775153105862,0.9525514771709938,0.9486023444544635,0.9438405797101449,0.9913793103448276,0.979947689625109,0.993960310612597,0.9700704225352113,0.9618456078083407,0.9626334519572953,0.9896373056994818,0.9887640449438202,0.9896373056994818,0.9709762532981531,0.9931153184165232
0.9895652173913043,0.953405017921147,0.9358974358974359,0.9310027598896045,0.9939707149009475,0.9861111111111112,0.9921942758022549,0.9590017825311943,0.9608540925266904,0.950316169828365,0.9887445887445887,0.9922346850733391,0.9957007738607051,0.963620230700976,0.9913644214162349
0.9819121447028424,0.9703832752613241,0.961335676625659,0.9436997319034852,0.9948979591836735,0.9906063193851409,0.9940425531914894,0.9775086505190311,0.9676855895196507,0.9649737302977233,0.9923273657289002,0.9931856899488927,0.9940425531914894,0.9766233766233766,0.9948979591836735
0.9794871794871794,0.9527972027972028,0.9498680738786279,0.9348795718108831,0.9907329401853412,0.9847457627118644,0.9915540540540541,0.9681309216192937,0.9537117903930131,0.9635416666666666,0.9856054191363252,0.9915824915824916,0.9915824915824916,0.9699054170249355,0.9941225860621327
0.9800865800865801,0.946524064171123,0.9463327370304114,0.9251824817518248,0.9897435897435898,0.9854077253218884,0.9931623931623932,0.9567519858781994,0.9493333333333334,0.9482142857142857,0.987146529562982,0.9906063193851409,0.9914675767918089,0.9549071618037135,0.9914675767918089
0.979982593559617,0.9508489722966935,0.9403254972875226,0.9403254972875226,0.9914089347079038,0.9879310344827587,0.9948542024013722,0.9647266313932981,0.9619805481874447,0.9591474245115453,0.9888027562446167,0.9914089347079038,0.992274678111588,0.9638128861429832,0.9948630136986302
0.9817549956559514,0.9489704565801254,0.9441441441441442,0.9267399267399268,0.9896729776247849,0.9800173761946134,0.9887834339948232,0.9601417183348095,0.9536541889483066,0.9535714285714286,0.9861830742659758,0.9896729776247849,0.992274678111588,0.9582963620230701,0.9940017137960583
0.9888983774551665,0.9596491228070175,0.950354609929078,0.9512843224092117,0.9932088285229203,0.9906382978723405,0.9923404255319149,0.9659982563208369,0.9668989547038328,0.9614035087719298,0.9940627650551315,0.9932088285229203,0.9940627650551315,0.9731601731601731,0.9940627650551315
0.9852045256744996,0.9579982126899017,0.9438405797101449,0.9371011850501367,0.9930915371329879,0.9896013864818024,0.9930915371329879,0.9699646643109541,0.9617097061442564,0.9523809523809523,0.9913494809688581,0.9922212618841832,0.9948275862068966,0.9635555555555556,0.9913494809688581
0.9862306368330465,0.9539007092198581,0.9472743521000894,0.9349005424954792,0.9914529914529915,0.9853826311263972,0.9897084048027445,0.9640035118525022,0.9612676056338029,0.9565987599645704,0.9905902480752781,0.9879931389365352,0.9914529914529915,0.9630931458699473,0.9940323955669225
0.9853068280034573,0.9628975265017667,0.9461400359066428,0.9317561419472248,0.9965811965811966,0.9870578084555651,0.9940017137960583,0.9692712906057945,0.9665492957746479,0.9610619469026549,0.9940017137960583,0.9940017137960583,0.9974380871050385,0.9674582233948988,0.9948630136986302
0.9820051413881749,0.9660574412532638,0.9533039647577093,0.9449378330373002,0.9949238578680203,0.9906542056074766,0.9940728196443692,0.9714285714285714,0.9678540399652477,0.9642545771578029,0.9915110356536503,0.9940728196443692,0.9957734573119188,0.972318339100346,0.9957734573119188
0.9854327335047129,0.9458740017746229,0.9390681003584229,0.9177330895795247,0.9915110356536503,0.9811320754716981,0.9897610921501706,0.9578947368421052,0.9477413640389726,0.9531388152077808,0.9906542056074766,0.9906542056074766,0.9940728196443692,0.9533039647577093,0.9906542056074766
0.9857262804366079,0.9702127659574468,0.9630901287553648,0.9532062391681109,0.9966832504145937,0.9916666666666667,0.9966777408637874,0.9771766694843618,0.9763113367174281,0.9675213675213675,0.9950166112956811,0.995850622406639,0.995850622406639,0.9789029535864979,0.9975144987572494
0.9913941480206541,0.95929203539823,0.947935368043088,0.9460431654676259,0.9896907216494846,0.9844559585492227,0.993127147766323,0.9638766519823788,0.95837023914969,0.9655781112091791,0.9879518072289156,0.9905579399141631,0.9870801033591732,0.9629629629629629,0.9914236706689536
0.9819432502149613,0.9641294838145232,0.9559082892416225,0.9466192170818505,0.9966101694915255,0.9914821124361158,0.9888983774551665,0.9704347826086956,0.9713292788879235,0.967741935483871,0.9949066213921901,0.9923404255319149,0.9957591178965225,0.9766637856525497,0.9931972789115646
0.9829931972789115,0.9574283231972198,0.9462555066079296,0.9378330373001776,0.990748528174937,0.9830508474576272,0.9949579831932773,0.9646246764452114,0.9592367736339983,0.9609035621198957,0.98989898989899,0.990748528174937,0.9924433249370277,0.9619377162629758,0.9924433249370277
0.9854576561163387,0.954225352112676,0.9485815602836879,0.9218181818181819,0.9906542056074766,0.9820051413881749,0.989778534923339,0.9615384615384616,0.9560632688927944,0.9532215357458076,0.9923664122137404,0.9872122762148338,0.9906542056074766,0.9624454148471616,0.9940728196443692
0.9870578084555651,0.9656387665198238,0.9517857142857142,0.9432943294329433,0.9914089347079038,0.9861830742659758,0.992274678111588,0.9737762237762237,0.9701754385964912,0.9674582233948988,0.9888027562446167,0.9931389365351629,0.9931389365351629,0.9728783902012248,0.9931389365351629
0.9821276595744681,0.9508771929824561,0.9359430604982206,0.9283154121863799,0.9915682967959528,0.9821276595744681,0.9907172995780591,0.9645021645021645,0.9527145359019265,0.9462555066079296,0.9872988992379339,0.9924178601516428,0.9932659932659933,0.9618055555555556,0.9907172995780591
0.9913494809688581,0.963620230700976,0.9514388489208633,0.941923774954628,0.9957007738607051,0.9878682842287695,0.9948275862068966,0.971830985915493,0.9663716814159292,0.9644760213143873,0.9887445887445887,0.9957007738607051,0.9957007738607051,0.9663716814159292,0.9965635738831615
0.9863247863247864,0.9551451187335093,0.9485815602836879,0.9344115004492363,0.9915110356536503,0.9828767123287672,0.9923534409515717,0.9624454148471616,0.9523809523809523,0.9541446208112875,0.9923664122137404,0.9906542056074766,0.9949238578680203,0.9560632688927944,0.9949238578680203
0.9835497835497835,0.95837023914969,0.9480286738351255,0.9432943294329433,0.9940119760479041,0.9862068965517241,0.9914089347079038,0.968421052631579,0.9666080843585237,0.9610619469026549,0.9931506849315068,0.9922879177377892,0.9948717948717949,0.9702276707530648,0.9922879177377892
0.9828178694158075,0.9559082892416225,0.9494232475598935,0.943800178412132,0.9966101694915255,0.9871685201026519,0.994052676295667,0.965034965034965,0.9604916593503073,0.9559082892416225,0.9923404255319149,0.994052676295667,0.9966101694915255,0.965034965034965,0.9949066213921901
0.9861351819757366,0.9602122015915119,0.946894689468947,0.9459459459459459,0.9948717948717949,0.9835782195332757,0.9913793103448276,0.9711286089238845,0.9666080843585237,0.9627659574468085,0.9879518072289156,0.9931506849315068,0.9931506849315068,0.968421052631579,0.9931506849315068
0.9906382978723405,0.9606299212598425,0.9522968197879859,0.9476486246672582,0.9966216216216216,0.9889361702127659,0.9940627650551315,0.9651567944250871,0.9615384615384616,0.9605609114811569,0.9906542056074766,0.9915110356536503,0.9923664122137404,0.9660574412532638,0.9906542056074766
0.984641638225256,0.9661751951431049,0.9515418502202643,0.9450354609929078,0.9923922231614539,0.9881154499151104,0.9966273187183811,0.9715271786022434,0.9679653679653679,0.9643167972149695,0.9906858594411516,0.9932432432432432,0.9966329966329966,0.9688581314878892,0.995787700084246
0.9923011120615911,0.9676290463692039,0.9500891265597148,0.9387387387387387,0.9974511469838573,0.9923142613151152,0.9931623931623932,0.9712292938099389,0.9694323144104804,0.9611992945326279,0.9923142613151152,0.9965986394557823,0.9965986394557823,0.9730200174064404,0.9948892674616695
0.9863247863247864,0.9597197898423818,0.9495128432240921,0.9448398576512456,0.9932203389830508,0.9889361702127659,0.9923534409515717,0.9696444058976583,0.9624454148471616,0.9614711033274956,0.9923664122137404,0.9897959183673469,0.9932203389830508,0.9678540399652477,0.9940728196443692
0.983857264231096,0.9572798605056669,0.9481090589270009,0.9302325581395349,0.9915682967959528,0.9872988992379339,0.989010989010989,0.9645021645021645,0.9627059843885516,0.9581881533101045,0.9872988992379339,0.9898648648648649,0.9907172995780591,0.9689655172413794,0.9932659932659933
0.9896193771626297,0.9691085613415711,0.9439421338155516,0.9381818181818182,0.9957007738607051,0.9922346850733391,0.9939707149009475,0.9700176366843033,0.9645390070921985,0.9617777777777777,0.9922346850733391,0.9948364888123924,0.9957007738607051,0.9709251101321585,0.993103448275862
0.9800520381613183,0.95929203539823,0.9518716577540107,0.9338168631006346,0.9940119760479041,0.9905579399141631,0.9914236706689536,0.9693251533742331,0.9602122015915119,0.9620476610767873,0.9922879177377892,0.9965870307167235,0.9974424552429667,0.9666080843585237,0.9957301451750641
0.9827586206896551,0.961335676625659,0.9630931458699473,0.9454870420017873,0.9914675767918089,0.9845360824742269,0.9923142613151152,0.9685863874345549,0.9631578947368421,0.960352422907489,0.9906063193851409,0.987146529562982,0.9923273657289002,0.9676855895196507,0.9948979591836735
0.9888793840889649,0.962510897994769,0.9511978704525288,0.9380053908355795,0.9940828402366864,0.9906700593723494,0.9948979591836735,0.9679098005203816,0.962510897994769,0.9604221635883905,0.9906700593723494,0.9923793395427604,0.9923793395427604,0.9661164205039097,0.9940828402366864
0.9763779527559056,0.9544235924932976,0.9449954914337241,0.935395814376706,0.9913793103448276,0.984375,0.9905090595340811,0.9609236234458259,0.9544235924932976,0.9534883720930233,0.987012987012987,0.987012987012987,0.9896373056994818,0.96,0.9931153184165232
0.9889737065309584,0.9627059843885516,0.9571303587051618,0.9507042253521126,0.9915682967959528,0.9855810008481765,0.9932432432432432,0.9716251074806534,0.9662921348314607,0.9643788010425717,0.9941126997476871,0.9907172995780591,0.9932659932659933,0.9698535745047373,0.9974853310980721
0.9801553062985332,0.9632224168126094,0.9530558015943312,0.9332129963898917,0.9914821124361158,0.9897610921501706,0.9897435897435898,0.967741935483871,0.9586631486367634,0.9567519858781994,0.9914821124361158,0.9931972789115646,0.9923404255319149,0.9686411149825784,0.9949066213921901
0.9829059829059829,0.9606986899563319,0.9597902097902098,0.9450354609929078,0.9940828402366864,0.9898132427843803,0.9915254237288136,0.9714779602420052,0.9670138888888888,0.9588801399825022,0.9906700593723494,0.9915254237288136,0.9915254237288136,0.9714779602420052,0.9966273187183811
0.9845890410958904,0.9633507853403142,0.9641921397379912,0.9476486246672582,0.9923664122137404,0.9846153846153847,0.9949152542372881,0.9732065687121867,0.9651567944250871,0.9668989547038328,0.9949238578680203,0.9906542056074766,0.9923664122137404,0.9678540399652477,0.9940728196443692
0.9791304347826087,0.9574468085106383,0.9527207850133809,0.9365942028985508,0.9914236706689536,0.9896907216494846,0.9931389365351629,0.9711286089238845,0.9629629629629629,0.9545859305431879,0.9896907216494846,0.9922879177377892,0.9931506849315068,0.9702276707530648,0.9940119760479041
0.9906542056074766,0.9524647887323944,0.9430604982206405,0.92,0.9949324324324325,0.9940828402366864,0.9966216216216216,0.9661164205039097,0.9552238805970149,0.9578947368421052,0.9880952380952381,0.9906700593723494,0.9940828402366864,0.9606986899563319,0.9923793395427604
0.984375,0.956366874443455,0.9459459459459459,0.9246323529411765,0.993127147766323,0.9879101899827288,0.9905090595340811,0.9646643109540636,0.9572953736654805,0.9562890276538805,0.9896551724137931,0.9922613929492692,0.9913941480206541,0.9582222222222222,0.9939914163090129
0.9828473413379074,0.9623797025371829,0.9485815602836879,0.9372759856630825,0.995766299745978,0.989778534923339,0.9949152542372881,0.9686956521739131,0.9614711033274956,0.9587357330992098,0.9940627650551315,0.9949152542372881,0.9949152542372881,0.9650959860383944,0.9966159052453468
0.9813874788494078,0.9559965487489215,0.9503051438535309,0.9401408450704225,0.9857502095557418,0.9814814814814815,0.9933110367892977,0.9604810996563574,0.9559965487489215,0.9575757575757575,0.9882943143812709,0.9882943143812709,0.9891395154553049,0.9550949913644214,0.9908256880733946
0.9835212489158717,0.9528888888888889,0.9450945094509451,0.941282746160795,0.9923011120615911,0.9844827586206897,0.9948542024013722,0.9675723049956179,0.9639401934916447,0.9582222222222222,0.9879725085910653,0.9923011120615911,0.9940222032450897,0.9702797202797203,0.9931623931623932
0.9845094664371773,0.9612676056338029,0.9511111111111111,0.9350180505415162,0.9923142613151152,0.9853826311263972,0.9957446808510638,0.9712292938099389,0.9612676056338029,0.9640035118525022,0.9897260273972602,0.9931740614334471,0.9965986394557823,0.9640035118525022,0.9965986394557823
0.9872988992379339,0.9716251074806534,0.956369982547993,0.9471830985915493,0.9958018471872376,0.988155668358714,0.9924178601516428,0.9751499571550986,0.9698535745047373,0.9671848013816926,0.9898648648648649,0.9924178601516428,0.9932659932659933,0.9742710120068611,0.9958018471872376
0.9862306368330465,0.9639401934916447,0.9602824360105914,0.9482142857142857,0.9914383561643836,0.9862306368330465,0.9965928449744463,0.9738675958188153,0.9657594381035997,0.9639401934916447,0.9897084048027445,0.9957374254049446,0.9923011120615911,0.9693788276465442,0.9957374254049446
0.9914675767918089,0.9623137598597721,0.9622475856014048,0.9436997319034852,0.9931972789115646,0.9863013698630136,0.9923273657289002,0.9775474956822107,0.9686411149825784,0.9685863874345549,0.994052676295667,0.9974597798475868,0.9923404255319149,0.9713292788879235,0.9914821124361158
0.986013986013986,0.9597135183527306,0.9483227561196736,0.9377289377289377,0.9930675909878682,0.9878048780487805,0.9904264577893821,0.9744042365401588,0.9652715939447908,0.9615040286481648,0.9930675909878682,0.9913194444444444,0.9948096885813149,0.9698581560283688,0.9948096885813149
0.9869451697127938,0.9533213644524237,0.9437386569872959,0.9261992619926199,0.9948275862068966,0.9878472222222222,0.9930795847750865,0.9635555555555556,0.9542600896860987,0.9551166965888689,0.9869678540399652,0.9922212618841832,0.9922212618841832,0.9579982126899017,0.9930915371329879
0.9836909871244636,0.965034965034965,0.9540636042402827,0.9484902309058615,0.9914821124361158,0.9880341880341881,0.9983079526226735,0.9695387293298521,0.9632224168126094,0.9641294838145232,0.9914821124361158,0.9923404255319149,0.9931972789115646,0.9632224168126094,0.9949066213921901
0.9864864864864865,0.9565972222222222,0.9380530973451328,0.9228007181328546,0.9924559932942163,0.9890664423885618,0.9881956155143339,0.9628990509059534,0.9556907037358818,0.9473684210526315,0.9899159663865547,0.9916107382550335,0.9916107382550335,0.9664660361134996,0.994142259414226
0.9898648648648649,0.9636678200692042,0.9545454545454546,0.9443954104148279,0.9941225860621327,0.9898819561551433,0.9924178601516428,0.9734361610968295,0.9716738197424892,0.9662921348314607,0.9898819561551433,0.9941225860621327,0.9966499162479062,0.976068376068376,0.9932773109243698
0.9861351819757366,0.9582963620230701,0.9525514771709938,0.9315068493150684,0.9914089347079038,0.9844290657439446,0.9896373056994818,0.9665492957746479,0.9674582233948988,0.9581478183437222,0.9896729776247849,0.9914089347079038,0.992274678111588,0.9701754385964912,0.9888027562446167
0.9773519163763066,0.9538188277087034,0.9432943294329433,0.9336966394187103,0.9914383561643836,0.9862306368330465,0.9905417024935511,0.9611992945326279,0.9611992945326279,0.9499105545617174,0.9862306368330465,0.9879725085910653,0.9897084048027445,0.9611992945326279,0.9940222032450897
0.9879310344827587,0.9647266313932981,0.9573712255772646,0.9423423423423424,0.9965811965811966,0.9940017137960583,0.9948630136986302,0.9773519163763066,0.9665492957746479,0.9647266313932981,0.9931389365351629,0.9957228400342173,0.9965811965811966,0.9710780017528484,0.9974380871050385
0.9878892733564014,0.9682539682539683,0.9572192513368984,0.9459459459459459,0.9922480620155039,0.9931153184165232,0.9939810834049871,0.9754816112084063,0.9664310954063604,0.9691629955947136,0.9922480620155039,0.9939810834049871,0.9913793103448276,0.9745836985100789,0.9931153184165232
0.9845890410958904,0.9569798068481123,0.943900267141585,0.9227974568574023,0.9906542056074766,0.979381443298969,0.989778534923339,0.9642545771578029,0.9578947368421052,0.9513704686118479,0.9880749574105622,0.9880749574105622,0.9932203389830508,0.9578947368421052,0.9915110356536503
0.9791666666666666,0.9593639575971732,0.9546666666666667,0.9424460431654677,0.9888412017167382,0.9862306368330465,0.9948717948717949,0.9693788276465442,0.9648506151142355,0.95837023914969,0.9923011120615911,0.9897084048027445,0.9931623931623932,0.9675723049956179,0.9948805460750854
0.9880952380952381,0.9562937062937062,0.9469026548672567,0.9298561151079137,0.9924050632911392,0.9786142001710864,0.9880952380952381,0.9635416666666666,0.9581151832460733,0.9597902097902098,0.9872773536895675,0.9915540540540541,0.9907016060862215,0.9608355091383812,0.9907016060862215
0.984375,0.9535714285714286,0.9449954914337241,0.9246323529411765,0.9939914163090129,0.9844020797227037,0.987012987012987,0.9619131975199291,0.9582222222222222,0.9544235924932976,0.9887834339948232,0.9887834339948232,0.9896551724137931,0.9619131975199291,0.9957155098543273
0.9855564995751912,0.9590235396687009,0.9452296819787986,0.9339285714285714,0.9957947855340622,0.988135593220339,0.9941027801179444,0.967128027681661,0.9644405897658282,0.9544658493870403,0.988135593220339,0.9949494949494949,0.9957947855340622,0.9653379549393414,0.9957947855340622
0.9826086956521739,0.9545049063336307,0.946894689468947,0.9305301645338209,0.9939914163090129,0.9826388888888888,0.9939810834049871,0.9637488947833776,0.9554367201426025,0.9572192513368984,0.9922613929492692,0.9879101899827288,0.9939914163090129,0.9646643109540636,0.9965753424657534
0.984641638225256,0.9662337662337662,0.9543057996485061,0.9459698848538529,0.9949494949494949,0.9907016060862215,0.9949324324324325,0.9742268041237113,0.9680207433016422,0.9616055846422339,0.9966386554621849,0.9932546374367622,0.9949494949494949,0.9724612736660929,0.9966386554621849
0.9887834339948232,0.9508489722966935,0.9469901168014375,0.9316317228805834,0.9948630136986302,0.9888027562446167,0.9948542024013722,0.9610619469026549,0.9545859305431879,0.9488789237668162,0.9888027562446167,0.9948630136986302,0.9948630136986302,0.9638128861429832,0.9965811965811966
0.982066609735269,0.960767218831735,0.9589519650655022,0.9432624113475178,0.9949409780775716,0.9923922231614539,0.9915397631133672,0.9670710571923743,0.9643788010425717,0.9589519650655022,0.9923922231614539,0.9906858594411516,0.9940928270042194,0.9679653679653679,0.9949409780775716
0.9868995633187773,0.9661921708185054,0.9670525378450578,0.9454545454545454,0.9930675909878682,0.9921942758022549,0.9956709956709957,0.9798068481123793,0.968944099378882,0.9688888888888889,0.9939393939393939,0.9939393939393939,0.9956784788245462,0.9780123131046614,0.9948096885813149
0.9863945578231292,0.9583333333333334,0.9571303587051618,0.9299820466786356,0.9932885906040269,0.9873417721518988,0.995787700084246,0.9690721649484536,0.9619377162629758,0.9670710571923743,0.990748528174937,0.9915966386554622,0.9932885906040269,0.9681857265692175,0.9915966386554622
0.9899665551839465,0.9522983521248916,0.9458987783595113,0.9338040600176523,0.9966777408637874,0.9874266554903605,0.9933333333333333,0.9568221070811744,0.9486510008703221,0.9486510008703221,0.991652754590985,0.9933333333333333,0.9941715237302248,0.9550173010380623,0.9958437240232751
0.9932546374367622,0.9554585152838428,0.9461606354810238,0.9272237196765498,0.9932659932659933,0.9864406779661017,0.9889923793395428,0.9653979238754326,0.959094865100087,0.9535495179666958,0.9898648648648649,0.9907172995780591,0.9941126997476871,0.9662921348314607,0.9915682967959528
0.9774696707105719,0.961335676625659,0.9539007092198581,0.9454870420017873,0.9906063193851409,0.987146529562982,0.9931740614334471,0.969485614646905,0.9658792650918635,0.9612676056338029,0.9940425531914894,0.9897435897435898,0.9940425531914894,0.9676855895196507,0.9914675767918089
0.9837467921300257,0.9551451187335093,0.9392857142857143,0.9392857142857143,0.9949238578680203,0.9854824935952178,0.9923664122137404,0.9597197898423818,0.9569798068481123,0.9588080631025416,0.9906542056074766,0.9923664122137404,0.9906542056074766,0.9633507853403142,0.9932203389830508
0.9809358752166378,0.9549071618037135,0.95,0.9386281588447654,0.987146529562982,0.9810344827586207,0.9896907216494846,0.9676855895196507,0.9595070422535211,0.9574468085106383,0.9888793840889649,0.988013698630137,0.988013698630137,0.9640666082383874,0.9906063193851409
0.9853826311263972,0.9549867608120035,0.9417040358744395,0.9330922242314648,0.9923404255319149,0.9854327335047129,0.9914529914529915,0.965034965034965,0.9549867608120035,0.9585172109443955,0.9880341880341881,0.9906223358908781,0.9914821124361158,0.9632224168126094,0.9949066213921901
0.9862306368330465,0.969485614646905,0.9547471162377995,0.9425493716337523,0.9940425531914894,0.9836629406706793,0.9940222032450897,0.975736568457539,0.969485614646905,0.9630281690140845,0.9862778730703259,0.9914675767918089,0.9957519116397621,0.9721739130434782,0.9931856899488927
0.983634797588286,0.9632224168126094,0.960352422907489,0.9435989256938228,0.9949066213921901,0.9888983774551665,0.9948892674616695,0.9722222222222222,0.965034965034965,0.9694323144104804,0.9880341880341881,0.9897610921501706,0.994052676295667,0.9722222222222222,0.9957591178965225
0.9844559585492227,0.968421052631579,0.9509366636931311,0.9452914798206278,0.9931506849315068,0.9862068965517241,0.9931506849315068,0.975609756097561,0.972027972027972,0.9638766519823788,0.9914236706689536,0.9940119760479041,0.9957301451750641,0.975609756097561,0.9922879177377892
0.9872773536895675,0.9527145359019265,0.9480176211453745,0.9243243243243243,0.9932659932659933,0.9829931972789115,0.9915540540540541,0.9662921348314607,0.9581881533101045,0.9526315789473684,0.9872988992379339,0.9924178601516428,0.9924178601516428,0.9680759275237274,0.9924178601516428
0.9862542955326461,0.9676290463692039,0.9464285714285714,0.9369369369369369,0.9974511469838573,0.9871244635193133,0.9931740614334471,0.9703315881326352,0.9676290463692039,0.9585172109443955,0.9923142613151152,0.9957446808510638,0.9957446808510638,0.9721254355400697,0.9965986394557823
0.9896907216494846,0.9593639575971732,0.968421052631579,0.9414941494149415,0.9931623931623932,0.9862306368330465,0.9940119760479041,0.9720767888307156,0.9611992945326279,0.9666080843585237,0.9914383561643836,0.9914383561643836,0.9931623931623932,0.9702797202797203,0.9940222032450897
0.9881756756756757,0.9609713790112749,0.9463500439753738,0.9294012511170688,0.992430613961312,0.9864636209813875,0.9932773109243698,0.9672413793103448,0.9600694444444444,0.9537117903930131,0.9915824915824916,0.992430613961312,0.992430613961312,0.9654576856649395,0.9941225860621327
0.9889923793395428,0.9609713790112749,0.9599303135888502,0.9526315789473684,0.9949664429530202,0.9890295358649789,0.9932546374367622,0.9725557461406518,0.9663503019844694,0.9680207433016422,0.9949664429530202,0.9915824915824916,0.992430613961312,0.9734361610968295,0.992430613961312
0.9828178694158075,0.9578207381370826,0.9428571428571428,0.9333333333333333,0.9914965986394558,0.9854576561163387,0.9923404255319149,0.971379011274935,0.9686956521739131,0.9668411867364747,0.989778534923339,0.9914965986394558,0.9940627650551315,0.9686956521739131,0.9932088285229203
0.9865771812080537,0.9701619778346121,0.9568221070811744,0.9422066549912435,0.9941715237302248,0.9891213389121339,0.991652754590985,0.9719148936170213,0.9692832764505119,0.9639794168096055,0.9941715237302248,0.9941715237302248,0.9950083194675541,0.9701619778346121,0.9958437240232751
0.9810017271157168,0.9567519858781994,0.9473684210526315,0.9417040358744395,0.9897435897435898,0.9845360824742269,0.9914529914529915,0.9658792650918635,0.9622475856014048,0.9575971731448764,0.9914675767918089,0.9897435897435898,0.9931856899488927,0.9640666082383874,0.9974554707379135
0.9863713798977853,0.9588801399825022,0.9543057996485061,0.9393939393939394,0.9983164983164983,0.9898132427843803,0.9940828402366864,0.9696969696969697,0.9597902097902098,0.9588801399825022,0.9915254237288136,0.9949324324324325,0.9949324324324325,0.9679098005203816,0.9949324324324325
0.9847457627118644,0.9664082687338501,0.9564459930313589,0.9491228070175438,0.9949748743718593,0.9856297548605241,0.9907329401853412,0.9699570815450643,0.9664082687338501,0.9609713790112749,0.990748528174937,0.98989898989899,0.9941324392288349,0.9708404802744426,0.9966555183946488
0.9844827586206897,0.9630281690140845,0.9547471162377995,0.9368231046931408,0.9923011120615911,0.9879725085910653,0.9923011120615911,0.9648506151142355,0.9657594381035997,0.9538188277087034,0.9888412017167382,0.9957374254049446,0.9931623931623932,0.9675723049956179,0.9940222032450897
0.9785407725321889,0.9525483304042179,0.9487632508833922,0.9355992844364938,0.9932432432432432,0.982066609735269,0.9923793395427604,0.9652777777777778,0.9571303587051618,0.9543057996485061,0.9881154499151104,0.9898305084745763,0.9898305084745763,0.9643788010425717,0.9932432432432432
0.9862778730703259,0.9502664298401421,0.9408602150537635,0.930316742081448,0.9957519116397621,0.988013698630137,0.9906063193851409,0.9649737302977233,0.958590308370044,0.9567519858781994,0.9862778730703259,0.9914675767918089,0.9940425531914894,0.9676855895196507,0.9983050847457627
0.9853068280034573,0.9574468085106383,0.9432943294329433,0.926873857404022,0.9862068965517241,0.9835782195332757,0.9914089347079038,0.9638766519823788,0.9620476610767873,0.9499105545617174,0.9905579399141631,0.9905579399141631,0.9957301451750641,0.95837023914969,0.9974424552429667
0.9806338028169014,0.9511754068716094,0.9405306495882891,0.9217877094972067,0.9868995633187773,0.9868995633187773,0.9895287958115183,0.966131907308378,0.9577717879604672,0.9472727272727273,0.9895470383275261,0.991304347826087,0.9904264577893821,0.9642857142857143,0.9921807124239791
0.9808695652173913,0.9609929078014184,0.9572953736654805,0.9384057971014492,0.9965753424657534,0.9879101899827288,0.9905254091300603,0.971027216856892,0.9637488947833776,0.9609929078014184,0.986159169550173,0.9939914163090129,0.9913941480206541,0.9737302977232924,0.9913941480206541
0.9906700593723494,0.9670710571923743,0.9634146341463414,0.9543057996485061,0.995787700084246,0.9923922231614539,0.9940828402366864,0.9732988802756245,0.9688581314878892,0.9732528041415013,0.9949409780775716,0.995787700084246,0.9974768713204374,0.9732988802756245,0.9983193277310924
0.9931506849315068,0.9584438549955792,0.9546666666666667,0.9405405405405406,0.9957374254049446,0.9905741216795202,0.9974424552429667,0.9675723049956179,0.9666666666666667,0.9620476610767873,0.9897084048027445,0.9974468085106383,0.9957374254049446,0.9720767888307156,0.9931623931623932
0.9895833333333334,0.9598572702943801,0.9532374100719424,0.9456521739130435,0.9956933677863911,0.9878472222222222,0.9930795847750865,0.9717813051146384,0.9653948535936113,0.9653333333333334,0.9887250650477016,0.9904761904761905,0.9930915371329879,0.9735915492957746,0.9922212618841832
0.9854327335047129,0.9587357330992098,0.9475555555555556,0.935251798561151,0.9914965986394558,0.9819742489270387,0.9888983774551665,0.9677980852915579,0.9632867132867133,0.9614035087719298,0.9889173060528559,0.989778534923339,0.9923534409515717,0.9695916594265855,0.9940627650551315
0.9829931972789115,0.9536307961504812,0.9517966695880806,0.9387755102040817,0.9949579831932773,0.9872988992379339,0.9932659932659933,0.9680759275237274,0.9636048526863085,0.9627059843885516,0.9924178601516428,0.989010989010989,0.9915682967959528,0.9716251074806534,0.9932659932659933
0.9827882960413081,0.9649737302977233,0.9539823008849557,0.9474621549421193,0.9931856899488927,0.987146529562982,0.9948979591836735,0.9739583333333334,0.9649737302977233,0.9703832752613241,0.9931856899488927,0.987146529562982,0.9906063193851409,0.9730668983492615,0.9897435897435898
0.9879931389365352,0.9667832167832168,0.960352422907489,0.9435989256938228,0.9940425531914894,0.988013698630137,0.9905902480752781,0.9721739130434782,0.9676855895196507,0.9640035118525022,0.9940425531914894,0.9914675767918089,0.9940425531914894,0.9703832752613241,0.9966044142614601
0.9923142613151152,0.9567519858781994,0.9398023360287511,0.9262966333030027,0.9966044142614601,0.9906063193851409,0.9948892674616695,0.9622475856014048,0.9595070422535211,0.9511111111111111,0.9923273657289002,0.9966044142614601,0.9923273657289002,0.9640666082383874,0.9948979591836735
0.9870801033591732,0.9621145374449339,0.9509366636931311,0.9299363057324841,0.9923011120615911,0.9879725085910653,0.9896907216494846,0.9702797202797203,0.9639401934916447,0.9611307420494699,0.9923011120615911,0.9897084048027445,0.9897084048027445,0.9675723049956179,0.9897084048027445
0.9848993288590604,0.9649272882805817,0.9586919104991394,0.9505637467476149,0.9916666666666667,0.9848993288590604,0.995850622406639,0.9789029535864979,0.96845694799659,0.9649272882805817,0.9916666666666667,0.9925062447960034,0.9925062447960034,0.9719626168224299,0.9966832504145937
0.9872340425531915,0.9507908611599297,0.936550491510277,0.9250225835591689,0.9915540540540541,0.9803586678052946,0.9923793395427604,0.9608355091383812,0.9590235396687009,0.9496910856134158,0.9855564995751912,0.9924050632911392,0.9932546374367622,0.9599303135888502,0.9932546374367622
0.9940425531914894,0.9623137598597721,0.9521276595744681,0.9322493224932249,0.994052676295667,0.9906223358908781,0.9966044142614601,0.9713292788879235,0.9623137598597721,0.9604221635883905,0.9906223358908781,0.9957591178965225,0.9957591178965225,0.965034965034965,0.9931972789115646
0.9889549702633815,0.9573542210617929,0.9431616341030196,0.9346463742166518,0.9915824915824916,0.9864636209813875,0.9974726200505476,0.9716738197424892,0.9636678200692042,0.9570552147239264,0.9864636209813875,0.9915824915824916,0.992430613961312,0.9725557461406518,0.9949664429530202
0.9791304347826087,0.9528888888888889,0.9508489722966935,0.9327272727272727,0.9905741216795202,0.9792027729636048,0.992274678111588,0.9648506151142355,0.9547471162377995,0.9499105545617174,0.9871023215821152,0.9897084048027445,0.9914383561643836,0.9630281690140845,0.9923011120615911
0.9863247863247864,0.9513704686118479,0.9532215357458076,0.9344115004492363,0.9966159052453468,0.9880546075085325,0.995766299745978,0.9659982563208369,0.9559859154929577,0.9550660792951542,0.9914965986394558,0.9949152542372881,0.9940627650551315,0.9632867132867133,0.9940627650551315
0.9870354364736387,0.9609929078014184,0.9450945094509451,0.9364791288566243,0.9965753424657534,0.9852813852813853,0.9939914163090129,0.9683098591549296,0.9572953736654805,0.9591474245115453,0.9913941480206541,0.9922613929492692,0.9965753424657534,0.9683098591549296,0.9982905982905983
0.9868536371603857,0.960431654676259,0.960431654676259,0.9404216315307058,0.997398091934085,0.9895104895104895,0.9947826086956522,0.9715302491103203,0.9622980251346499,0.9622980251346499,0.9912739965095986,0.9965277777777778,0.9965277777777778,0.9660107334525939,0.9965277777777778
0.9864176570458404,0.9627059843885516,0.9553805774278216,0.9386666666666666,0.9924178601516428,0.988155668358714,0.9924050632911392,0.9716251074806534,0.9662921348314607,0.9644405897658282,0.9915682967959528,0.9924178601516428,0.9915682967959528,0.9707401032702238,0.9941126997476871
0.9895652173913043,0.9598572702943801,0.9531531531531532,0.9436363636363636,0.993960310612597,0.9860869565217392,0.9965457685664939,0.9699646643109541,0.9644760213143873,0.960644007155635,0.9896013864818024,0.9922212618841832,0.9948275862068966,0.9672276350752879,0.9948275862068966
0.9889549702633815,0.9680207433016422,0.9543057996485061,0.9496910856134158,0.9941027801179444,0.9864176570458404,0.9949324324324325,0.9724612736660929,0.9715762273901809,0.9634146341463414,0.9941027801179444,0.9941027801179444,0.9941027801179444,0.9706896551724138,0.9941027801179444
0.9879931389365352,0.9630931458699473,0.9529724933451642,0.9330922242314648,0.9940323955669225,0.9905902480752781,0.9923142613151152,0.9774696707105719,0.9658194566170026,0.9649122807017544,0.9923142613151152,0.9931740614334471,0.9940323955669225,0.9721254355400697,0.9957446808510638
0.9860627177700348,0.9619131975199291,0.9607142857142857,0.9408553230209281,0.9896551724137931,0.9808695652173913,0.9878260869565217,0.9664902998236331,0.9655781112091791,0.9653333333333334,0.9879101899827288,0.9879101899827288,0.9896551724137931,0.9701230228471002,0.9913941480206541
0.9881756756756757,0.9511343804537522,0.9472759226713533,0.9313113291703836,0.9916107382550335,0.9865092748735245,0.9907329401853412,0.9673539518900344,0.9565972222222222,0.9573542210617929,0.987363100252738,0.9932998324958124,0.9916107382550335,0.9646856158484065,0.9916107382550335
0.9843478260869565,0.9664902998236331,0.9524663677130045,0.9505840071877808,0.9948542024013722,0.9764192139737992,0.9878682842287695,0.9674008810572687,0.9637488947833776,0.9654561558901683,0.9922613929492692,0.9844020797227037,0.9896551724137931,0.969217238346526,0.9939914163090129
0.9872773536895675,0.9562937062937062,0.9424269264836138,0.9301075268817204,0.9941027801179444,0.9924050632911392,0.9915540540540541,0.9653379549393414,0.9581151832460733,0.9581151832460733,0.9915540540540541,0.9941027801179444,0.9966386554621849,0.9662337662337662,0.9932546374367622
0.9844827586206897,0.9693788276465442,0.9602824360105914,0.9472743521000894,0.9914383561643836,0.9879725085910653,0.9957374254049446,0.97117903930131,0.9657594381035997,0.9675723049956179,0.9923011120615911,0.9914383561643836,0.9914383561643836,0.968476357267951,0.9948805460750854
0.9890295358649789,0.955536181342633,0.9564459930313589,0.9236298292902066,0.9907329401853412,0.9856054191363252,0.9932773109243698,0.9636678200692042,0.955536181342633,0.9527972027972028,0.992430613961312,0.992430613961312,0.9915824915824916,0.9636678200692042,0.9958088851634534
0.9898819561551433,0.9593073593073593,0.9500438212094654,0.9388839681133747,0.9932998324958124,0.9847972972972973,0.992430613961312,0.9611063094209161,0.9611063094209161,0.9527972027972028,0.9907640638119227,0.9916107382550335,0.9907640638119227,0.9628990509059534,0.994142259414226
0.9880952380952381,0.9552238805970149,0.9487632508833922,0.9375,0.9932318104906938,0.9898132427843803,0.9940828402366864,0.9696969696969697,0.9588801399825022,0.9634146341463414,0.9923793395427604,0.9940828402366864,0.9940828402366864,0.9634146341463414,0.9915254237288136
0.9863481228668942,0.9606986899563319,0.9486725663716814,0.938337801608579,0.9915254237288136,0.9837745516652434,0.9915110356536503,0.9670138888888888,0.9670138888888888,0.9606299212598425,0.9915254237288136,0.9906700593723494,0.9949324324324325,0.9616055846422339,0.9940828402366864
0.9844827586206897,0.9568281938325991,0.9528888888888889,0.9406474820143885,0.9897610921501706,0.9863013698630136,0.9974468085106383,0.9668411867364747,0.9586631486367634,0.9593639575971732,0.9906223358908781,0.9906223358908781,0.9957591178965225,0.9623137598597721,0.994052676295667
0.9852302345786272,0.9664310954063604,0.9580731489741302,0.9448961156278229,0.9948453608247423,0.9887640449438202,0.993103448275862,0.9790575916230366,0.9700704225352113,0.9700176366843033,0.9922480620155039,0.9931153184165232,0.9922480620155039,0.9745836985100789,0.9957081545064378
0.9897084048027445,0.9676290463692039,0.9602824360105914,0.9415992812219227,0.9931740614334471,0.988860325621251,0.9940222032450897,0.9730200174064404,0.9694323144104804,0.9648506151142355,0.9940323955669225,0.9957446808510638,0.9940323955669225,0.9676290463692039,0.9923142613151152
0.9846153846153847,0.9634146341463414,0.9633507853403142,0.9458740017746229,0.9923793395427604,0.9855072463768116,0.9932203389830508,0.9732528041415013,0.9643167972149695,0.9624454148471616,0.9940828402366864,0.9915254237288136,0.9949324324324325,0.9670138888888888,0.9966273187183811
0.9854327335047129,0.9597197898423818,0.9456812110418522,0.9456812110418522,0.9940728196443692,0.9906542056074766,0.9949066213921901,0.9669565217391304,0.9642545771578029,0.9623137598597721,0.9932203389830508,0.9915110356536503,0.9940728196443692,0.96875,0.9915110356536503
0.9869678540399652,0.9505840071877808,0.9447963800904977,0.922365988909427,0.9904926534140017,0.9852302345786272,0.9922212618841832,0.9608540925266904,0.9571428571428572,0.9551971326164874,0.9922346850733391,0.9913644214162349,0.9922346850733391,0.9580731489741302,0.9922346850733391
0.9844290657439446,0.9602122015915119,0.9536541889483066,0.9404332129963899,0.9948717948717949,0.9888220120378332,0.9957228400342173,0.9675153643546971,0.968421052631579,0.9628975265017667,0.9870801033591732,0.9931506849315068,0.9940119760479041,0.9702276707530648,0.9974424552429667
0.9897435897435898,0.9550660792951542,0.9483985765124555,0.9360936093609361,0.9914965986394558,0.9889173060528559,0.9948979591836735,0.9686956521739131,0.9596491228070175,0.9604221635883905,0.9889173060528559,0.9932088285229203,0.995766299745978,0.9641921397379912,0.9932088285229203
0.9862306368330465,0.9622475856014048,0.9463327370304114,0.9310344827586207,0.9931856899488927,0.9888793840889649,0.9923011120615911,0.9703832752613241,0.9658792650918635,0.9547471162377995,0.9923273657289002,0.9906063193851409,0.9940425531914894,0.9712793733681462,0.9948979591836735
0.9784668389319552,0.951627088830255,0.9363228699551569,0.9257246376811594,0.9915397631133672,0.9846678023850085,0.9923534409515717,0.9625761531766753,0.9534679543459175,0.9559859154929577,0.9889737065309584,0.9881154499151104,0.9881154499151104,0.960767218831735,0.9906858594411516
0.986159169550173,0.9656387665198238,0.9488789237668162,0.9393665158371041,0.9931389365351629,0.9888027562446167,0.9922613929492692,0.9737762237762237,0.9692712906057945,0.9655781112091791,0.9940017137960583,0.9948630136986302,0.9948630136986302,0.9701754385964912,0.9948630136986302
0.9853574504737296,0.9595070422535211,0.9547471162377995,0.9406474820143885,0.9906063193851409,0.9888793840889649,0.9905741216795202,0.9640666082383874,0.961335676625659,0.9621145374449339,0.987146529562982,0.9940425531914894,0.9931856899488927,0.969485614646905,0.9948979591836735
0.9861351819757366,0.9609929078014184,0.9562890276538805,0.9421338155515371,0.9957155098543273,0.9887834339948232,0.9957081545064378,0.9764192139737992,0.9701230228471002,0.9691629955947136,0.9957155098543273,0.9922613929492692,0.9957155098543273,0.9719298245614035,0.9965753424657534
0.983857264231096,0.9637931034482758,0.9554585152838428,0.9462555066079296,0.9916107382550335,0.9847972972972973,0.9932659932659933,0.9708904109589042,0.9664660361134996,0.9645021645021645,0.987363100252738,0.9924559932942163,0.9924559932942163,0.9691252144082333,0.9958228905597326
0.9887445887445887,0.9516129032258065,0.9429864253393665,0.9284403669724771,0.9922480620155039,0.9852558542931483,0.9922346850733391,0.9627659574468085,0.946894689468947,0.954341987466428,0.9878892733564014,0.9913793103448276,0.9913793103448276,0.9534883720930233,0.9913793103448276
0.9906858594411516,0.9598603839441536,0.9488536155202821,0.9290206648697215,0.9940928270042194,0.9872557349192863,0.9932432432432432,0.9616724738675958,0.9616724738675958,0.9534679543459175,0.9906858594411516,0.9940928270042194,0.9966329966329966,0.9643788010425717,0.9966329966329966
0.9812925170068028,0.9537117903930131,0.9388839681133747,0.9255605381165919,0.9949664429530202,0.9847457627118644,0.992430613961312,0.9573542210617929,0.9564459930313589,0.9435626102292769,0.9881756756756757,0.9949664429530202,0.9949664429530202,0.9582608695652174,0.9898819561551433
0.9815303430079155,0.9615040286481648,0.9567567567567568,0.9443938012762079,0.9939288811795317,0.9851268591426072,0.9921671018276762,0.966131907308378,0.9652096342551294,0.9576957695769577,0.9904264577893821,0.987783595113438,0.9904264577893821,0.9688888888888889,0.9921807124239791
0.988860325621251,0.9566755083996463,0.9539007092198581,0.9359783588818755,0.9948892674616695,0.9905902480752781,0.9948892674616695,0.9640035118525022,0.9566755083996463,0.9585172109443955,0.9957446808510638,0.9948892674616695,0.9940323955669225,0.9612676056338029,0.9931740614334471
0.9879725085910653,0.9639401934916447,0.9547471162377995,0.945389435989257,0.9957374254049446,0.9862306368330465,0.9914383561643836,0.97117903930131,0.9666666666666667,0.9565987599645704,0.9931623931623932,0.9897084048027445,0.9931623931623932,0.9765421372719374,0.9974468085106383
0.9863481228668942,0.9589519650655022,0.9569798068481123,0.9392857142857143,0.9915397631133672,0.9881154499151104,0.9932203389830508,0.9616724738675958,0.9598603839441536,0.9615384615384616,0.9906858594411516,0.9906858594411516,0.9898305084745763,0.9598603839441536,0.9915397631133672
0.9798775153105862,0.9476534296028881,0.9351598173515981,0.9283088235294118,0.9913494809688581,0.9878472222222222,0.9930915371329879,0.9561324977618622,0.9523809523809523,0.9551971326164874,0.9896013864818024,0.993960310612597,0.9930915371329879,0.9589285714285715,0.993960310612597
0.9862542955326461,0.9676290463692039,0.9575971731448764,0.9557522123893806,0.9940323955669225,0.9871244635193133,0.9914529914529915,0.9748045178105995,0.9712292938099389,0.9721254355400697,0.9923142613151152,0.9948892674616695,0.9905902480752781,0.9756944444444444,0.9940323955669225
0.9888027562446167,0.9657594381035997,0.9582963620230701,0.9394760614272809,0.9957374254049446,0.9931623931623932,0.9974380871050385,0.97117903930131,0.9675723049956179,0.9628975265017667,0.9940222032450897,0.9940222032450897,0.9965928449744463,0.9702797202797203,0.9974468085106383
0.9828178694158075,0.9623797025371829,0.9475555555555556,0.9428571428571428,0.9940627650551315,0.9845890410958904,0.9949066213921901,0.9695916594265855,0.9650959860383944,0.9577464788732394,0.989778534923339,0.989778534923339,0.9906382978723405,0.9704861111111112,0.9932088285229203
0.9857022708158116,0.9540329575021682,0.9448818897637795,0.9402460456942003,0.994161801501251,0.9916387959866221,0.993322203672788,0.9648068669527897,0.9603448275862069,0.9558441558441558,0.993322203672788,0.993322203672788,0.9958368026644463,0.9674657534246576,0.9958368026644463
0.9836909871244636,0.9532215357458076,0.9466192170818505,0.9371633752244165,0.995766299745978,0.9880546075085325,0.9931972789115646,0.9587357330992098,0.9569041336851363,0.9549867608120035,0.9914965986394558,0.9923534409515717,0.9914965986394558,0.9596491228070175,0.9932088285229203
0.9837467921300257,0.9533039647577093,0.9486725663716814,0.9354838709677419,0.9889361702127659,0.9846153846153847,0.9897959183673469,0.9660574412532638,0.9560632688927944,0.9606299212598425,0.9906542056074766,0.9923664122137404,0.9889361702127659,0.9678540399652477,0.9906542056074766
0.9906063193851409,0.9668411867364747,0.958590308370044,0.9360936093609361,0.9923404255319149,0.9854327335047129,0.9914675767918089,0.9757785467128027,0.9722222222222222,0.969485614646905,0.9931972789115646,0.9923404255319149,0.9923404255319149,0.9740034662045061,0.9949066213921901
0.9862542955326461,0.9569041336851363,0.9539007092198581,0.9464285714285714,0.9889173060528559,0.9854576561163387,0.9948892674616695,0.9623797025371829,0.9578207381370826,0.9612676056338029,0.9863247863247864,0.9906382978723405,0.9906382978723405,0.9632867132867133,0.9940627650551315
0.9787985865724381,0.968944099378882,0.9566787003610109,0.9345622119815669,0.9948096885813149,0.9860383944153578,0.9903930131004367,0.9716814159292035,0.9652715939447908,0.9613656783468104,0.9913194444444444,0.9904430929626412,0.9895652173913043,0.970770593445527,0.9948096885813149
0.993127147766323,0.9582963620230701,0.9507609668755596,0.9364791288566243,0.9965811965811966,0.992274678111588,0.9957155098543273,0.9710780017528484,0.9601417183348095,0.9600709849157054,0.9896729776247849,0.9974380871050385,0.9965811965811966,0.9674582233948988,0.9965811965811966
0.9870578084555651,0.9545859305431879,0.9480286738351255,0.9317561419472248,0.9940017137960583,0.9861830742659758,0.9914089347079038,0.9692712906057945,0.9592198581560284,0.9555160142348754,0.9931389365351629,0.992274678111588,0.992274678111588,0.9647266313932981,0.9957228400342173
0.9793459552495697,0.9587357330992098,0.9587357330992098,0.9363228699551569,0.9940627650551315,0.9845890410958904,0.9923534409515717,0.9686956521739131,0.9596491228070175,0.9504424778761061,0.9880546075085325,0.9889173060528559,0.9923534409515717,0.9614711033274956,0.9940627650551315
0.9880341880341881,0.9624454148471616,0.9568281938325991,0.9381165919282511,0.9932203389830508,0.9863481228668942,0.9949066213921901,0.9705372616984402,0.9651567944250871,0.9641294838145232,0.9872122762148338,0.9915110356536503,0.9940728196443692,0.9696444058976583,0.9966216216216216
0.9855072463768116,0.9572052401746725,0.9506172839506173,0.9403383793410508,0.9941027801179444,0.9864176570458404,0.9940828402366864,0.9662337662337662,0.9599303135888502,0.9643167972149695,0.9915540540540541,0.9898477157360406,0.9907016060862215,0.9626411815812337,0.9915540540540541
0.9888793840889649,0.9577464788732394,0.9436997319034852,0.9389587073608617,0.9923404255319149,0.9854327335047129,0.9957519116397621,0.9632224168126094,0.9614035087719298,0.9549071618037135,0.9906223358908781,0.9966101694915255,0.9949066213921901,0.9623137598597721,0.994052676295667
0.984375,0.9554367201426025,0.9497307001795332,0.9411764705882353,0.993127147766323,0.9896551724137931,0.9965694682675815,0.9637488947833776,0.956366874443455,0.9553571428571429,0.9922613929492692,0.993127147766323,0.993127147766323,0.9572953736654805,0.9948542024013722
0.9826689774696707,0.9537366548042705,0.9508489722966935,0.9394760614272809,0.9888220120378332,0.9826989619377162,0.9931389365351629,0.9675153643546971,0.9546666666666667,0.9536541889483066,0.9818181818181818,0.9931506849315068,0.9914236706689536,0.9611307420494699,0.9965870307167235
0.9906223358908781,0.9670138888888888,0.9568281938325991,0.9409660107334525,0.9940828402366864,0.9915254237288136,0.994052676295667,0.9714779602420052,0.9679098005203816,0.9614035087719298,0.9957805907172996,0.9915254237288136,0.9949324324324325,0.9723661485319517,0.9940828402366864
0.9854824935952178,0.9597197898423818,0.9523809523809523,0.9373881932021467,0.9932203389830508,0.9863481228668942,0.9932203389830508,0.9642545771578029,0.9606299212598425,0.9569798068481123,0.9915110356536503,0.9880749574105622,0.9940728196443692,0.9624454148471616,0.9991575400168492
0.984822934232715,0.9718189581554227,0.9593777009507347,0.9420035149384886,0.9907795473595976,0.9899328859060402,0.9924686192468619,0.9709401709401709,0.9726962457337884,0.9629629629629629,0.9916247906197655,0.9916247906197655,0.9916247906197655,0.9770603228547153,0.994991652754591
0.9888412017167382,0.9702797202797203,0.9584438549955792,0.9472743521000894,0.9940222032450897,0.9871023215821152,0.9948805460750854,0.9747606614447345,0.9702797202797203,0.968476357267951,0.9940222032450897,0.9948805460750854,0.9948805460750854,0.9738675958188153,0.9948805460750854
0.9845094664371773,0.9595070422535211,0.9529724933451642,0.9369369369369369,0.9914675767918089,0.9897435897435898,0.9931740614334471,0.9748482220294883,0.9622475856014048,0.9640035118525022,0.9914675767918089,0.9948979591836735,0.9957519116397621,0.9703832752613241,0.9940425531914894
0.9811320754716981,0.9661164205039097,0.954225352112676,0.9411764705882353,0.9932318104906938,0.9889549702633815,0.9949238578680203,0.9741379310344828,0.9643167972149695,0.9660574412532638,0.9923793395427604,0.9966273187183811,0.9957805907172996,0.9696969696969697,0.9957805907172996
0.9870801033591732,0.952212389380531,0.9452914798206278,0.9289617486338798,0.9923404255319149,0.9863013698630136,0.9931506849315068,0.965034965034965,0.9604916593503073,0.9537366548042705,0.9906223358908781,0.9888983774551665,0.9914821124361158,0.9623137598597721,0.9914821124361158
0.9855072463768116,0.9599303135888502,0.9515418502202643,0.9469026548672567,0.9924050632911392,0.9889923793395428,0.9898132427843803,0.9698015530629853,0.9698015530629853,0.9670138888888888,0.9898477157360406,0.9915540540540541,0.9932546374367622,0.9706896551724138,0.9924050632911392
0.9819121447028424,0.9551451187335093,0.9483985765124555,0.930316742081448,0.9915110356536503,0.9828767123287672,0.9940425531914894,0.9660574412532638,0.9569798068481123,0.9549071618037135,0.9906542056074766,0.9897959183673469,0.9906542056074766,0.9651567944250871,0.9889361702127659
0.9865771812080537,0.9532871972318339,0.9328621908127208,0.9252669039145908,0.9933444259567388,0.9857502095557418,0.9924937447873228,0.9658119658119658,0.9586919104991394,0.9541125541125541,0.989983305509182,0.9916666666666667,0.9941812136325852,0.9631533847472151,0.9916666666666667
0.9905741216795202,0.960352422907489,0.9547471162377995,0.9510240427426536,0.9957446808510638,0.9897260273972602,0.9931623931623932,0.9640035118525022,0.9667250437828371,0.9584438549955792,0.9871244635193133,0.9940323955669225,0.9914529914529915,0.9694323144104804,0.9957446808510638
0.9871244635193133,0.9549071618037135,0.9417040358744395,0.9253187613843351,0.9931856899488927,0.9819121447028424,0.9905902480752781,0.9595070422535211,0.9511978704525288,0.9492430988423864,0.9845360824742269,0.9888793840889649,0.9888793840889649,0.958590308370044,0.9948979591836735
0.9879518072289156,0.972027972027972,0.9509366636931311,0.9518716577540107,0.9957301451750641,0.9896907216494846,0.9948717948717949,0.9738219895287958,0.9729257641921397,0.9675153643546971,0.9957301451750641,0.9922879177377892,0.9965870307167235,0.974716652136007,0.9957301451750641
0.9872988992379339,0.9681309216192937,0.9517966695880806,0.9462555066079296,0.9949664429530202,0.9907329401853412,0.9958018471872376,0.9699054170249355,0.9672413793103448,0.9636048526863085,0.9898819561551433,0.9958088851634534,0.9958088851634534,0.9707903780068728,0.9949664429530202
0.9818809318377912,0.9568281938325991,0.9539007092198581,0.9445438282647585,0.9914821124361158,0.9819432502149613,0.9914529914529915,0.9614035087719298,0.9559082892416225,0.9557522123893806,0.9871685201026519,0.9888983774551665,0.9906223358908781,0.965938864628821,0.994052676295667
0.9897260273972602,0.9631578947368421,0.9501779359430605,0.940754039497307,0.9940425531914894,0.988013698630137,0.9974511469838573,0.9712793733681462,0.9658792650918635,0.9612676056338029,0.9940425531914894,0.9931856899488927,0.9957519116397621,0.9712793733681462,0.9940425531914894
0.9802913453299057,0.9552238805970149,0.9440993788819876,0.9279279279279279,0.9932318104906938,0.9863713798977853,0.9932318104906938,0.9634146341463414,0.9524647887323944,0.9506172839506173,0.9898132427843803,0.9906700593723494,0.9940828402366864,0.9597902097902098,0.9940828402366864
0.9856540084388186,0.9593073593073593,0.9547826086956521,0.9419014084507042,0.9949832775919732,0.9856540084388186,0.9932998324958124,0.9717707442258341,0.9628990509059534,0.9628990509059534,0.9924559932942163,0.994142259414226,0.9949832775919732,0.9646856158484065,0.9958228905597326
0.9841269841269841,0.9649595687331537,0.9574660633484163,0.946983546617916,0.995640802092415,0.995640802092415,0.993886462882096,0.9732620320855615,0.9649595687331537,0.9649595687331537,0.9973890339425587,0.9947643979057592,0.9947643979057592,0.976,0.995640802092415
0.9847457627118644,0.961038961038961,0.9600694444444444,0.9454225352112676,0.99581589958159,0.9864864864864865,0.9915824915824916,0.9743589743589743,0.9672977624784854,0.9707903780068728,0.9949748743718593,0.98989898989899,0.9932885906040269,0.9726027397260274,0.990748528174937
0.9828473413379074,0.9659982563208369,0.9587357330992098,0.9457777777777778,0.9923534409515717,0.9837189374464439,0.9932088285229203,0.9793459552495697,0.9749351771823682,0.971379011274935,0.9914965986394558,0.9940627650551315,0.9949152542372881,0.9767040552200172,0.9949152542372881
0.9844559585492227,0.9631578947368421,0.9537366548042705,0.9386281588447654,0.9914675767918089,0.9862778730703259,0.9940119760479041,0.9703832752613241,0.9622475856014048,0.95837023914969,0.9914675767918089,0.9906063193851409,0.9923273657289002,0.9676855895196507,0.9914675767918089
0.9836909871244636,0.9588801399825022,0.9484902309058615,0.935251798561151,0.9880952380952381,0.9794168096054888,0.9957591178965225,0.9652173913043478,0.9606986899563319,0.9586631486367634,0.9837745516652434,0.9889549702633815,0.9906700593723494,0.962510897994769,0.9880952380952381
0.9914821124361158,0.9595782073813708,0.9559082892416225,0.9456812110418522,0.9957591178965225,0.9897610921501706,0.994052676295667,0.967741935483871,0.9641294838145232,0.9586631486367634,0.9897610921501706,0.9966101694915255,0.9949066213921901,0.9668411867364747,0.9966101694915255
0.9853826311263972,0.9630931458699473,0.9492430988423864,0.9454870420017873,0.9940323955669225,0.9879931389365352,0.9991518235793045,0.9712292938099389,0.9676290463692039,0.9640035118525022,0.9957446808510638,0.9923142613151152,0.9948892674616695,0.9630931458699473,0.9965986394557823
0.9839119390347163,0.9593073593073593,0.9482909728308502,0.9295272078501338,0.9899159663865547,0.9856540084388186,0.990748528174937,0.9691252144082333,0.9637931034482758,0.9592367736339983,0.9899159663865547,0.9932998324958124,0.9932998324958124,0.9602076124567474,0.994142259414226
0.9838846480067854,0.9592367736339983,0.9527972027972028,0.9388839681133747,0.9941324392288349,0.9856297548605241,0.9881756756756757,0.9672977624784854,0.9664082687338501,0.9627705627705627,0.9932885906040269,0.9864864864864865,0.990748528174937,0.9743589743589743,0.9941324392288349
0.9876977152899824,0.9678571428571429,0.9498632634457612,0.947945205479452,0.9947826086956522,0.9895104895104895,0.9973890339425587,0.9760850310008857,0.9706144256455922,0.9658886894075404,0.992153443766347,0.9947826086956522,0.9956559513466551,0.974267968056788,0.9965277777777778
0.9838022165387894,0.9598603839441536,0.9479258605472197,0.9469964664310954,0.9906858594411516,0.9829351535836177,0.9923922231614539,0.9697493517718236,0.9625761531766753,0.9616724738675958,0.9915397631133672,0.9983193277310924,0.9932432432432432,0.9688581314878892,0.9923922231614539
0.9785775492716366,0.9572052401746725,0.9423247559893523,0.9357142857142857,0.9864176570458404,0.9733447979363714,0.9872557349192863,0.9626411815812337,0.9553805774278216,0.9525483304042179,0.9872773536895675,0.9838297872340426,0.9855564995751912,0.9535495179666958,0.9846938775510204
0.9881154499151104,0.9670710571923743,0.958041958041958,0.9469964664310954,0.9974768713204374,0.9915397631133672,0.9949409780775716,0.9732988802756245,0.9724137931034482,0.9670710571923743,0.9940928270042194,0.9940928270042194,0.9940928270042194,0.9759450171821306,0.9940928270042194
0.983634797588286,0.9548272807794509,0.9454870420017873,0.9272727272727272,0.9923142613151152,0.9862542955326461,0.9923142613151152,0.9630931458699473,0.960352422907489,0.9473684210526315,0.9879931389365352,0.9923142613151152,0.9931740614334471,0.9612676056338029,0.9957446808510638
0.9845890410958904,0.9597902097902098,0.9495128432240921,0.9467140319715808,0.9932318104906938,0.9915254237288136,0.9949152542372881,0.9597902097902098,0.962510897994769,0.9522968197879859,0.9889549702633815,0.9932318104906938,0.9957805907172996,0.9679098005203816,0.9949324324324325
0.9905579399141631,0.9490616621983914,0.946236559139785,0.9376693766937669,0.9948717948717949,0.9914236706689536,0.9940119760479041,0.9629629629629629,0.95929203539823,0.9602122015915119,0.9931506849315068,0.9940119760479041,0.9948717948717949,0.9638766519823788,0.9940119760479041
0.9844827586206897,0.9621811785400176,0.9434977578475336,0.923217550274223,0.9940323955669225,0.9853826311263972,0.9957374254049446,0.9640035118525022,0.9658194566170026,0.9575221238938053,0.9879931389365352,0.9957446808510638,0.9940323955669225,0.9630931458699473,0.9957446808510638
0.9880546075085325,0.962510897994769,0.9559859154929577,0.9382273948075202,0.9957805907172996,0.9898132427843803,0.9923534409515717,0.9670138888888888,0.9616055846422339,0.9605609114811569,0.9932318104906938,0.9932318104906938,0.9940828402366864,0.9679098005203816,0.9957805907172996
0.9896013864818024,0.9591474245115453,0.9607843137254902,0.9467028003613369,0.9957155098543273,0.9870354364736387,0.9913494809688581,0.9674008810572687,0.9609929078014184,0.968141592920354,0.993127147766323,0.9913941480206541,0.9939914163090129,0.9646643109540636,0.9913941480206541
0.9870801033591732,0.9575971731448764,0.9509366636931311,0.9386281588447654,0.9965986394557823,0.9879931389365352,0.9940119760479041,0.9640035118525022,0.9621811785400176,0.955595026642984,0.9914529914529915,0.9923142613151152,0.9923142613151152,0.9676290463692039,0.9940323955669225
0.988255033557047,0.9648068669527897,0.948561464690497,0.9421052631578948,0.995,0.989103101424979,0.9916387959866221,0.9709897610921502,0.9683490162532079,0.9656946826758147,0.9916387959866221,0.9924812030075187,0.9916387959866221,0.9683490162532079,0.993322203672788
0.9914236706689536,0.9602824360105914,0.9565217391304348,0.9433962264150944,0.9957374254049446,0.9871023215821152,0.9896907216494846,0.9738675958188153,0.9630281690140845,0.9675153643546971,0.9948805460750854,0.9923011120615911,0.9905741216795202,0.9702797202797203,0.9923011120615911
0.9887445887445887,0.9627659574468085,0.9477477477477477,0.9410698096101541,0.9948453608247423,0.9887640449438202,0.9939707149009475,0.96,0.9590747330960854,0.9496402877697842,0.9913793103448276,0.9939810834049871,0.9931153184165232,0.9618456078083407,0.9948453608247423
0.9879725085910653,0.9657594381035997,0.9482142857142857,0.9472743521000894,0.9957374254049446,0.9948805460750854,0.9940222032450897,0.9675723049956179,0.9675723049956179,0.9584438549955792,0.9923011120615911,0.9948805460750854,0.9948805460750854,0.9720767888307156,0.9948805460750854
0.9845890410958904,0.9588080631025416,0.9522968197879859,0.9485815602836879,0.9940728196443692,0.9837467921300257,0.9932088285229203,0.9660574412532638,0.9624454148471616,0.9668989547038328,0.9880749574105622,0.9897959183673469,0.9897959183673469,0.972318339100346,0.9923664122137404
0.9842381786339754,0.9522952295229523,0.9558955895589559,0.9269195189639223,0.9930795847750865,0.9834061135371179,0.9921807124239791,0.9653333333333334,0.9588550983899821,0.9568345323741008,0.9913344887348353,0.9904596704249783,0.9913344887348353,0.9644128113879004,0.9922077922077922
0.9808027923211169,0.9590747330960854,0.9477477477477477,0.9439421338155516,0.9939810834049871,0.987012987012987,0.9904926534140017,0.9727831431079894,0.9673433362753752,0.9645390070921985,0.9922480620155039,0.9922480620155039,0.9931153184165232,0.9727831431079894,0.9948453608247423
0.9898477157360406,0.9547038327526133,0.9599303135888502,0.9367764915405165,0.9915966386554622,0.9890480202190396,0.9924050632911392,0.9699570815450643,0.953792502179599,0.9653379549393414,0.9915966386554622,0.9890480202190396,0.9890480202190396,0.9699570815450643,0.98989898989899
0.9827586206896551,0.9595070422535211,0.9548272807794509,0.9492430988423864,0.9974554707379135,0.987146529562982,0.9931740614334471,0.9676855895196507,0.9658792650918635,0.9594356261022927,0.988013698630137,0.9957519116397621,0.9923273657289002,0.9667832167832168,0.9966044142614601
0.9864636209813875,0.9582608695652174,0.9463500439753738,0.9360568383658969,0.9949664429530202,0.9812925170068028,0.9898819561551433,0.9663503019844694,0.9609713790112749,0.9546247818499127,0.9907329401853412,0.9915824915824916,0.9907329401853412,0.9690189328743546,0.9932773109243698
0.9870578084555651,0.9629629629629629,0.9619805481874447,0.9413886384129847,0.9931506849315068,0.9922879177377892,0.9948630136986302,0.9773913043478261,0.9693251533742331,0.9737762237762237,0.9905579399141631,0.9931506849315068,0.9948717948717949,0.9765013054830287,0.9948717948717949
0.9880341880341881,0.9587357330992098,0.9568281938325991,0.9400179051029544,0.9889173060528559,0.9871904355251921,0.994052676295667,0.9695916594265855,0.9623797025371829,0.9586631486367634,0.9906382978723405,0.9914965986394558,0.9906382978723405,0.9677980852915579,0.9914965986394558
0.988013698630137,0.9540636042402827,0.9493333333333334,0.9360936093609361,0.9897610921501706,0.9801894918173988,0.9914675767918089,0.9668411867364747,0.9586631486367634,0.958590308370044,0.9845626072041166,0.9914821124361158,0.9949066213921901,0.965938864628821,0.9931972789115646
0.9870354364736387,0.9536541889483066,0.9535714285714286,0.9277218664226898,0.9931389365351629,0.9861830742659758,0.9922613929492692,0.9601417183348095,0.9536541889483066,0.9582222222222222,0.9931389365351629,0.992274678111588,0.9931389365351629,0.9592198581560284,0.9948630136986302
0.9808695652173913,0.9528049866429208,0.9460431654676259,0.9287020109689214,0.9905579399141631,0.9844559585492227,0.993127147766323,0.9620476610767873,0.9537366548042705,0.9545049063336307,0.9914236706689536,0.9888220120378332,0.9914236706689536,0.955595026642984,0.9879518072289156
0.9880952380952381,0.9598603839441536,0.9487632508833922,0.9393939393939394,0.9940928270042194,0.9838022165387894,0.9923793395427604,0.9634782608695652,0.9571303587051618,0.956140350877193,0.9863945578231292,0.9915397631133672,0.9898305084745763,0.958041958041958,0.995787700084246
0.9812606473594548,0.9581881533101045,0.9527145359019265,0.9387755102040817,0.999163179916318,0.9907172995780591,0.9907172995780591,0.9689655172413794,0.9662921348314607,0.9636048526863085,0.9924178601516428,0.9966442953020134,0.9958018471872376,0.9725085910652921,0.9958018471872376
0.9880341880341881,0.9586631486367634,0.9512843224092117,0.9466192170818505,0.9931972789115646,0.9845626072041166,0.9906223358908781,0.9695387293298521,0.9632224168126094,0.9604916593503073,0.9863013698630136,0.9914821124361158,0.9923404255319149,0.9713292788879235,0.9983079526226735
0.9869451697127938,0.9609236234458259,0.9579230080572964,0.9532374100719424,0.9931153184165232,0.9896373056994818,0.9948186528497409,0.9682539682539683,0.9673433362753752,0.9644128113879004,0.9887640449438202,0.9931153184165232,0.9948453608247423,0.9700704225352113,0.9931153184165232
0.9887834339948232,0.9646643109540636,0.9526362823949955,0.935513169845595,0.9939914163090129,0.9905254091300603,0.9957155098543273,0.9728308501314636,0.9674008810572687,0.9582222222222222,0.9913941480206541,0.993127147766323,0.9957155098543273,0.9719298245614035,0.9982905982905983
0.9862306368330465,0.961335676625659,0.9510240427426536,0.9510240427426536,0.9923273657289002,0.9836629406706793,0.9914383561643836,0.9730668983492615,0.9721739130434782,0.9675723049956179,0.987146529562982,0.9914675767918089,0.9923273657289002,0.9748482220294883,0.9940425531914894
0.9863481228668942,0.9589519650655022,0.9514563106796117,0.9287646528403968,0.9949409780775716,0.9863945578231292,0.9923664122137404,0.9616724738675958,0.9643788010425717,0.9496021220159151,0.9898305084745763,0.9923922231614539,0.9915397631133672,0.9625761531766753,0.9923922231614539
0.9862542955326461,0.9685863874345549,0.9511111111111111,0.948306595365419,0.9957519116397621,0.9888793840889649,0.9957446808510638,0.975736568457539,0.9712793733681462,0.9712292938099389,0.9906063193851409,0.9957519116397621,0.9974554707379135,0.9739583333333334,0.9974554707379135
0.9863713798977853,0.9643788010425717,0.9469026548672567,0.9279279279279279,0.995787700084246,0.9881154499151104,0.9915254237288136,0.9661751951431049,0.9625761531766753,0.9570552147239264,0.9940928270042194,0.995787700084246,0.9949409780775716,0.9652777777777778,0.9932432432432432
0.9836065573770492,0.9565987599645704,0.9510240427426536,0.9396939693969397,0.9948805460750854,0.9844827586206897,0.9948805460750854,0.9720767888307156,0.9657594381035997,0.9584438549955792,0.9888412017167382,0.9923011120615911,0.9914383561643836,0.9756521739130435,0.9914383561643836
0.9854824935952178,0.9705372616984402,0.9486725663716814,0.9326145552560647,0.9974683544303797,0.9880749574105622,0.9932203389830508,0.9802575107296138,0.9749784296807593,0.9642545771578029,0.9880749574105622,0.9957734573119188,0.9949238578680203,0.9749784296807593,0.9949238578680203
0.9854576561163387,0.954225352112676,0.9429590017825312,0.9247506799637353,0.9897959183673469,0.9846153846153847,0.989778534923339,0.9615384615384616,0.9533039647577093,0.9522968197879859,0.9889361702127659,0.9889361702127659,0.9897959183673469,0.9606299212598425,0.9940728196443692
0.9785407725321889,0.9562171628721541,0.936550491510277,0.9393939393939394,0.9889737065309584,0.9838022165387894,0.9915254237288136,0.9625761531766753,0.9625761531766753,0.9543057996485061,0.9872557349192863,0.9863945578231292,0.9889737065309584,0.9616724738675958,0.9863945578231292
0.9792027729636048,0.9585172109443955,0.9565987599645704,0.9396939693969397,0.9879931389365352,0.9810017271157168,0.9914383561643836,0.9721254355400697,0.9630931458699473,0.9621145374449339,0.9853826311263972,0.9897260273972602,0.988860325621251,0.9685314685314685,0.9897260273972602
0.9864176570458404,0.9537117903930131,0.9442970822281167,0.9414893617021277,0.9856054191363252,0.9830220713073005,0.9941027801179444,0.9618717504332756,0.9573542210617929,0.9572052401746725,0.9847457627118644,0.9915824915824916,0.9915824915824916,0.9609713790112749,0.9932773109243698
0.9861830742659758,0.9539007092198581,0.9555160142348754,0.9385171790235082,0.9923142613151152,0.9871244635193133,0.9940017137960583,0.9685314685314685,0.9566755083996463,0.9665492957746479,0.9914529914529915,0.9931740614334471,0.9940323955669225,0.9694323144104804,0.9931740614334471
0.9809358752166378,0.9528049866429208,0.9424460431654677,0.939585211902615,0.9940119760479041,0.9862068965517241,0.9948717948717949,0.9647887323943662,0.95837023914969,0.95837023914969,0.9888220120378332,0.9940119760479041,0.9948717948717949,0.9611307420494699,0.9957301451750641
0.9915966386554622,0.9574283231972198,0.9492119089316988,0.9342806394316163,0.99581589958159,0.9890480202190396,0.9949748743718593,0.9646246764452114,0.9583333333333334,0.961038961038961,0.9924433249370277,0.98989898989899,0.9932885906040269,0.9619377162629758,0.9932885906040269
0.9838297872340426,0.9572798605056669,0.9480176211453745,0.9291479820627803,0.9924178601516428,0.9872988992379339,0.9941027801179444,0.9671848013816926,0.959094865100087,0.9535495179666958,0.9924178601516428,0.9966442953020134,0.9932659932659933,0.9627059843885516,0.9915682967959528
0.9853826311263972,0.9502664298401421,0.9501779359430605,0.9301903898458749,0.988013698630137,0.9783923941227312,0.9965986394557823,0.9685863874345549,0.9567519858781994,0.9566755083996463,0.9914675767918089,0.9957519116397621,0.9923273657289002,0.9595070422535211,0.9923273657289002
0.9880952380952381,0.9705882352941176,0.9652173913043478,0.9606986899563319,0.9932318104906938,0.9932318104906938,0.9974726200505476,0.9872340425531915,0.9802913453299057,0.9767841788478074,0.9940828402366864,0.9957805907172996,0.9974726200505476,0.9837745516652434,0.9983164983164983
0.9809358752166378,0.9611992945326279,0.955595026642984,0.9376693766937669,0.9914383561643836,0.9871023215821152,0.9914236706689536,0.9648506151142355,0.9611992945326279,0.9574468085106383,0.9923011120615911,0.9905741216795202,0.9931623931623932,0.9675723049956179,0.9905741216795202
0.9864176570458404,0.9581881533101045,0.9498680738786279,0.9339285714285714,0.9941126997476871,0.9855810008481765,0.9915540540540541,0.9636048526863085,0.9545454545454546,0.9535495179666958,0.9915682967959528,0.989010989010989,0.9907172995780591,0.96,0.9949579831932773
0.9826989619377162,0.95837023914969,0.9546666666666667,0.9338168631006346,0.9948717948717949,0.9905579399141631,0.9931506849315068,0.975609756097561,0.9656992084432717,0.968421052631579,0.9922879177377892,0.9931506849315068,0.9940119760479041,0.9711286089238845,0.9965870307167235
0.9828178694158075,0.9713292788879235,0.9549867608120035,0.9447415329768271,0.994052676295667,0.9914821124361158,0.9931972789115646,0.9722222222222222,0.9704347826086956,0.9614035087719298,0.9931972789115646,0.994052676295667,0.9974597798475868,0.9748917748917749,0.9983079526226735
0.9838297872340426,0.9636048526863085,0.9562937062937062,0.9377224199288257,0.988155668358714,0.9855810008481765,0.9889923793395428,0.9698535745047373,0.9689655172413794,0.9653379549393414,0.9872988992379339,0.989010989010989,0.989010989010989,0.9698535745047373,0.9949579831932773
0.9825479930191972,0.9564444444444444,0.942883046237534,0.9253456221198156,0.9888027562446167,0.9782419495213229,0.9887250650477016,0.9638128861429832,0.9545859305431879,0.9533213644524237,0.9853068280034573,0.9853068280034573,0.9879310344827587,0.9601417183348095,0.9844290657439446
0.983435047951177,0.9572953736654805,0.9514388489208633,0.9486023444544635,0.9896551724137931,0.9852813852813853,0.9930915371329879,0.969217238346526,0.9655781112091791,0.9635555555555556,0.9879101899827288,0.9922613929492692,0.9905254091300603,0.9701230228471002,0.9896551724137931
0.986922406277245,0.9560538116591928,0.9455535390199638,0.9300184162062615,0.9895833333333334,0.9878260869565217,0.9965457685664939,0.9662522202486679,0.9597855227882037,0.9531531531531532,0.9869451697127938,0.9939498703543648,0.9948186528497409,0.9653333333333334,0.9948186528497409
0.9794168096054888,0.956369982547993,0.9524647887323944,0.9469026548672567,0.9864406779661017,0.9812606473594548,0.9949324324324325,0.9662921348314607,0.9572798605056669,0.9552238805970149,0.9907172995780591,0.989010989010989,0.9907172995780591,0.9581881533101045,0.9932659932659933
0.9888412017167382,0.9594356261022927,0.9547471162377995,0.9425493716337523,0.9931740614334471,0.9862542955326461,0.9948805460750854,0.9694323144104804,0.9621811785400176,0.9611992945326279,0.988860325621251,0.9940323955669225,0.9931740614334471,0.9667250437828371,0.9931740614334471
0.988013698630137,0.9623137598597721,0.9558303886925795,0.9483985765124555,0.9949066213921901,0.9897610921501706,0.9948979591836735,0.967741935483871,0.965938864628821,0.961335676625659,0.9906223358908781,0.9931972789115646,0.9914821124361158,0.9686411149825784,0.9949066213921901
0.9774305555555556,0.9676290463692039,0.9556737588652482,0.9491525423728814,0.9923142613151152,0.9879931389365352,0.9931623931623932,0.9694323144104804,0.9685314685314685,0.9630281690140845,0.9905902480752781,0.9965986394557823,0.9940323955669225,0.9667250437828371,0.9965986394557823
0.9837745516652434,0.9581151832460733,0.9552238805970149,0.936550491510277,0.9915540540540541,0.988135593220339,0.9932318104906938,0.9689119170984456,0.9590235396687009,0.9597902097902098,0.9907016060862215,0.9924050632911392,0.9889923793395428,0.967128027681661,0.9932546374367622
0.9871685201026519,0.9659982563208369,0.9466192170818505,0.9419124218051832,0.9889173060528559,0.9828473413379074,0.9931972789115646,0.9686956521739131,0.9623797025371829,0.9577464788732394,0.9914965986394558,0.989778534923339,0.989778534923339,0.9623797025371829,0.9914965986394558
0.9852045256744996,0.9608540925266904,0.9579982126899017,0.945750452079566,0.9957007738607051,0.986990459670425,0.9913494809688581,0.9709251101321585,0.9672855879752431,0.9672276350752879,0.9913644214162349,0.9922346850733391,0.9939707149009475,0.9727352682497801,0.9922346850733391
0.9790940766550522,0.9601417183348095,0.9554367201426025,0.9469901168014375,0.9905417024935511,0.9870578084555651,0.9939914163090129,0.9755671902268761,0.968365553602812,0.9701230228471002,0.992274678111588,0.9905417024935511,0.9931389365351629,0.9737762237762237,0.9948630136986302
0.988860325621251,0.961335676625659,0.9585172109443955,0.9417040358744395,0.9948979591836735,0.9914675767918089,0.9923142613151152,0.9685863874345549,0.9685863874345549,0.9612676056338029,0.9897435897435898,0.9948979591836735,0.9948979591836735,0.9721739130434782,0.9966044142614601
0.9827288428324698,0.9500891265597148,0.9349005424954792,0.9320036264732547,0.9923011120615911,0.9836065573770492,0.9914383561643836,0.9648506151142355,0.9593639575971732,0.9575221238938053,0.9871023215821152,0.9871023215821152,0.9914383561643836,0.9657594381035997,0.9948805460750854
0.9845360824742269,0.9522968197879859,0.9483985765124555,0.9312839059674503,0.989778534923339,0.9854576561163387,0.9957519116397621,0.9686956521739131,0.9623797025371829,0.9622475856014048,0.9923534409515717,0.9932088285229203,0.9949152542372881,0.9659982563208369,0.9923534409515717
0.9871685201026519,0.9605609114811569,0.950354609929078,0.9342934293429342,0.9940627650551315,0.9828473413379074,0.9931972789115646,0.9722703639514731,0.9614711033274956,0.9623137598597721,0.9932088285229203,0.9906382978723405,0.995766299745978,0.9704861111111112,0.9940627650551315
0.9854824935952178,0.9651567944250871,0.9551451187335093,0.9468085106382979,0.9949238578680203,0.9863481228668942,0.9923664122137404,0.9705372616984402,0.96875,0.9588080631025416,0.9872122762148338,0.9923664122137404,0.9923664122137404,0.9714285714285714,0.9957734573119188
0.9842105263157894,0.9492753623188406,0.9463148316651502,0.9366391184573003,0.991304347826087,0.9833479404031551,0.9930434782608696,0.9633601429848079,0.9568345323741008,0.9539295392953929,0.9895470383275261,0.991304347826087,0.9939288811795317,0.9652096342551294,0.9930555555555556
0.9886858137510879,0.9617097061442564,0.9522091974752029,0.9455535390199638,0.993960310612597,0.9869678540399652,0.9930675909878682,0.9726872246696036,0.9644760213143873,0.9652715939447908,0.9922212618841832,0.9913494809688581,0.9904761904761905,0.9726872246696036,0.9896013864818024
0.9828178694158075,0.9588801399825022,0.9559082892416225,0.9323715058611362,0.9932318104906938,0.9829059829059829,0.9923404255319149,0.9688041594454073,0.9616055846422339,0.965938864628821,0.9906700593723494,0.9880952380952381,0.9932318104906938,0.9643167972149695,0.9906700593723494
0.9925062447960034,0.9542709232096636,0.9450741063644289,0.933920704845815,0.9941908713692946,0.9916805324459235,0.9983443708609272,0.9641025641025641,0.961439588688946,0.9586919104991394,0.9916805324459235,0.9950248756218906,0.9975186104218362,0.9702633814783348,0.995857497928749
0.9854077253218884,0.967741935483871,0.9567519858781994,0.9474621549421193,0.9957591178965225,0.9906223358908781,0.9966044142614601,0.9731136166522116,0.9695387293298521,0.9676855895196507,0.994052676295667,0.9949066213921901,0.9957591178965225,0.9695387293298521,0.9983079526226735
0.989778534923339,0.9588080631025416,0.9504424778761061,0.943900267141585,0.9915110356536503,0.9906542056074766,0.9906382978723405,0.9660574412532638,0.9633507853403142,0.9596491228070175,0.9915110356536503,0.9915110356536503,0.9932203389830508,0.9651567944250871,0.9906542056074766
0.9785038693035254,0.9569798068481123,0.9496021220159151,0.9229374433363554,0.9966216216216216,0.9897959183673469,0.9923664122137404,0.9651567944250871,0.9560632688927944,0.9533039647577093,0.9949238578680203,0.9940728196443692,0.9949238578680203,0.9633507853403142,0.9966216216216216
0.9846678023850085,0.9544658493870403,0.9423247559893523,0.936663693131133,0.9924050632911392,0.9864176570458404,0.9923922231614539,0.9635416666666666,0.9617391304347827,0.9543859649122807,0.9889923793395428,0.9949494949494949,0.9924050632911392,0.9626411815812337,0.9957947855340622
0.9846938775510204,0.9609713790112749,0.9507908611599297,0.9424269264836138,0.9898819561551433,0.9812925170068028,0.9907016060862215,0.9672413793103448,0.9627705627705627,0.9553805774278216,0.9856054191363252,0.9915824915824916,0.9907329401853412,0.9663503019844694,0.9949664429530202
0.9798775153105862,0.9570661896243292,0.9467028003613369,0.9253456221198156,0.9913494809688581,0.9798775153105862,0.9913494809688581,0.970873786407767,0.9607843137254902,0.9589285714285715,0.983435047951177,0.9904761904761905,0.9887250650477016,0.969053934571176,0.9922212618841832
0.9809358752166378,0.9675723049956179,0.9675153643546971,0.946236559139785,0.9931623931623932,0.9897084048027445,0.9940119760479041,0.972972972972973,0.97117903930131,0.9711286089238845,0.9888412017167382,0.9923011120615911,0.9948805460750854,0.9756521739130435,0.9965928449744463
0.9853574504737296,0.9567519858781994,0.9472743521000894,0.9310344827586207,0.9906063193851409,0.9862778730703259,0.9931623931623932,0.9685863874345549,0.961335676625659,0.9556737588652482,0.9897435897435898,0.988013698630137,0.9923273657289002,0.9667832167832168,0.9940425531914894
0.9931506849315068,0.9657594381035997,0.9565217391304348,0.9518716577540107,0.9957374254049446,0.9931623931623932,0.9957301451750641,0.9702797202797203,0.968476357267951,0.968421052631579,0.9957374254049446,0.9940222032450897,0.9940222032450897,0.972972972972973,0.9940222032450897
0.9880546075085325,0.9605609114811569,0.9495128432240921,0.9372759856630825,0.995766299745978,0.9914965986394558,0.9932088285229203,0.9641921397379912,0.9623797025371829,0.9605609114811569,0.9932088285229203,0.9940627650551315,0.9949152542372881,0.9668989547038328,0.995766299745978
0.9842931937172775,0.9662522202486679,0.948509485094851,0.9398907103825137,0.996551724137931,0.9895833333333334,0.9887054735013032,0.9735449735449735,0.9653333333333334,0.9579230080572964,0.9930795847750865,0.9913344887348353,0.9930795847750865,0.9753521126760564,0.9922077922077922
0.989778534923339,0.9651567944250871,0.9485815602836879,0.9372759856630825,0.9932203389830508,0.9846153846153847,0.9906382978723405,0.9669565217391304,0.9624454148471616,0.9578207381370826,0.9897959183673469,0.9915110356536503,0.9932203389830508,0.9669565217391304,0.9915110356536503
0.988666085440279,0.9570661896243292,0.9483227561196736,0.9338235294117647,0.9913494809688581,0.983435047951177,0.9930555555555556,0.9644760213143873,0.9635555555555556,0.9492753623188406,0.9887250650477016,0.9948275862068966,0.993960310612597,0.9626334519572953,0.993960310612597
0.9837745516652434,0.956369982547993,0.9524647887323944,0.9317773788150808,0.9924178601516428,0.988155668358714,0.9932318104906938,0.9627059843885516,0.9572798605056669,0.9543057996485061,0.989010989010989,0.9898648648648649,0.9907172995780591,0.9653979238754326,0.9907172995780591
0.984641638225256,0.9616724738675958,0.9384478144513827,0.9288928892889289,0.9898305084745763,0.9881154499151104,0.9906700593723494,0.9688581314878892,0.9688581314878892,0.9597902097902098,0.9906858594411516,0.9915397631133672,0.9923922231614539,0.9706390328151986,0.9966329966329966
0.9860627177700348,0.9607843137254902,0.9597855227882037,0.9475587703435805,0.9965576592082617,0.9904761904761905,0.996551724137931,0.9663120567375887,0.9635555555555556,0.9607142857142857,0.9922212618841832,0.9930915371329879,0.9948275862068966,0.9672276350752879,0.9948275862068966
0.9845360824742269,0.9632224168126094,0.9474621549421193,0.9427549194991055,0.9931972789115646,0.9836909871244636,0.9957519116397621,0.9757785467128027,0.9748917748917749,0.9676855895196507,0.9906223358908781,0.9957591178965225,0.9957591178965225,0.9748917748917749,0.9957591178965225
0.982066609735269,0.9617391304347827,0.9553023663453112,0.9376114081996435,0.9889923793395428,0.9889923793395428,0.9940928270042194,0.9724612736660929,0.9635416666666666,0.960767218831735,0.9898477157360406,0.9915540540540541,0.9932546374367622,0.9680207433016422,0.9915540540540541
0.9837189374464439,0.9550660792951542,0.9448398576512456,0.9305680793507665,0.9923534409515717,0.9810996563573883,0.9914965986394558,0.9605609114811569,0.9522968197879859,0.9485815602836879,0.9837189374464439,0.989778534923339,0.9923534409515717,0.9587357330992098,0.9966159052453468
0.9810344827586207,0.9596491228070175,0.9511978704525288,0.9360936093609361,0.9880546075085325,0.9837189374464439,0.9914675767918089,0.9686956521739131,0.9596491228070175,0.9539823008849557,0.9871904355251921,0.9889173060528559,0.989778534923339,0.9641921397379912,0.9914965986394558
0.9783174327840416,0.9482142857142857,0.9368231046931408,0.9329710144927537,0.9879725085910653,0.9818496110630942,0.9914383561643836,0.9593639575971732,0.9584438549955792,0.945389435989257,0.9853574504737296,0.9923011120615911,0.9923011120615911,0.9593639575971732,0.9940222032450897
0.99,0.9641025641025641,0.9515570934256056,0.9460869565217391,0.9941908713692946,0.9866220735785953,0.9941908713692946,0.9711375212224108,0.9685106382978723,0.9632164242942686,0.9874686716791979,0.9941908713692946,0.9941908713692946,0.9754860524091293,0.9975186104218362
0.9802235597592434,0.9596491228070175,0.9513704686118479,0.9315315315315316,0.9940627650551315,0.9863247863247864,0.9949152542372881,0.9668989547038328,0.9596491228070175,0.9587357330992098,0.9906382978723405,0.995766299745978,0.9923534409515717,0.9686956521739131,0.9940627650551315
0.9888412017167382,0.9565987599645704,0.9415992812219227,0.92616226071103,0.9948805460750854,0.9844827586206897,0.9931623931623932,0.9657594381035997,0.9593639575971732,0.9556737588652482,0.9905741216795202,0.9923011120615911,0.9905741216795202,0.9630281690140845,0.9931623931623932
0.9770318021201413,0.950316169828365,0.9472727272727273,0.9356617647058824,0.9904430929626412,0.9824868651488616,0.988646288209607,0.964349376114082,0.9615728328865059,0.9576957695769577,0.9895652173913043,0.9904430929626412,0.9930675909878682,0.9625,0.9930675909878682
0.9836909871244636,0.9623797025371829,0.9549867608120035,0.9447415329768271,0.9923534409515717,0.9871904355251921,0.9923404255319149,0.9775862068965517,0.9695916594265855,0.965034965034965,0.9889173060528559,0.989778534923339,0.9923534409515717,0.9793459552495697,0.9914965986394558
0.9871023215821152,0.9602824360105914,0.9547471162377995,0.9444444444444444,0.9974468085106383,0.9905741216795202,0.9965928449744463,0.9621145374449339,0.9621145374449339,0.9565987599645704,0.9940222032450897,0.9965928449744463,0.9974468085106383,0.9648506151142355,0.9957374254049446
0.9820971867007673,0.9472759226713533,0.9386666666666666,0.9214092140921409,0.9915824915824916,0.9856054191363252,0.9932546374367622,0.9564459930313589,0.9527972027972028,0.9452296819787986,0.9907329401853412,0.9949664429530202,0.9932773109243698,0.9564459930313589,0.9915824915824916
0.9852558542931483,0.971027216856892,0.9627659574468085,0.9506726457399103,0.9957155098543273,0.9896551724137931,0.9939810834049871,0.978204010462075,0.971027216856892,0.9673433362753752,0.9922613929492692,0.9939914163090129,0.993127147766323,0.9755244755244755,0.9948542024013722
0.9783923941227312,0.965938864628821,0.9502664298401421,0.9399103139013453,0.9966101694915255,0.9880341880341881,0.9948979591836735,0.967741935483871,0.965938864628821,0.9604221635883905,0.9863013698630136,0.994052676295667,0.9931972789115646,0.9668411867364747,0.9957591178965225
0.9863013698630136,0.9476486246672582,0.9390681003584229,0.9342934293429342,0.989778534923339,0.9845890410958904,0.9897610921501706,0.9623797025371829,0.9522968197879859,0.9494232475598935,0.9889173060528559,0.989778534923339,0.9880546075085325,0.9587357330992098,0.9863247863247864
0.9826086956521739,0.9618456078083407,0.9544235924932976,0.935395814376706,0.9905090595340811,0.9905090595340811,0.9922480620155039,0.9691629955947136,0.9590747330960854,0.9497307001795332,0.9948453608247423,0.9931153184165232,0.9922480620155039,0.9682539682539683,0.9922480620155039
0.985531914893617,0.9598603839441536,0.9479258605472197,0.931899641577061,0.9949409780775716,0.9898305084745763,0.995787700084246,0.9670710571923743,0.9589519650655022,0.9543859649122807,0.9889737065309584,0.995787700084246,0.9932432432432432,0.9661751951431049,0.995787700084246
0.9818809318377912,0.9712793733681462,0.9594356261022927,0.942652329749104,0.9957519116397621,0.988013698630137,0.9957446808510638,0.9775086505190311,0.975736568457539,0.9685314685314685,0.9923273657289002,0.9914675767918089,0.9940425531914894,0.9766233766233766,0.9948979591836735
0.9836629406706793,0.9658792650918635,0.9567519858781994,0.9389587073608617,0.9957519116397621,0.988013698630137,0.9966044142614601,0.9730668983492615,0.969485614646905,0.9658792650918635,0.9906063193851409,0.9948979591836735,0.9974554707379135,0.9712793733681462,0.9957519116397621
0.987363100252738,0.9584775086505191,0.9511343804537522,0.9334516415261757,0.9933110367892977,0.9865319865319865,0.9932998324958124,0.9753191489361702,0.9647463456577816,0.9673539518900344,0.9890848026868178,0.9916247906197655,0.9899328859060402,0.9761904761904762,0.9924686192468619
0.986159169550173,0.9547471162377995,0.9450945094509451,0.9247706422018349,0.9931623931623932,0.9844827586206897,0.9879101899827288,0.9611992945326279,0.9556737588652482,0.9498207885304659,0.9897084048027445,0.9923011120615911,0.9931623931623932,0.9648506151142355,0.9905741216795202
0.9862778730703259,0.9606299212598425,0.9549071618037135,0.9389587073608617,0.9906542056074766,0.9854824935952178,0.9931856899488927,0.9705372616984402,0.9633507853403142,0.9667832167832168,0.9923664122137404,0.9854824935952178,0.9923664122137404,0.9669565217391304,0.9915110356536503
0.9810671256454389,0.9560632688927944,0.9409660107334525,0.9333333333333333,0.9889361702127659,0.9811320754716981,0.9914821124361158,0.9714285714285714,0.9660574412532638,0.9604916593503073,0.9872122762148338,0.9906542056074766,0.9923664122137404,0.9714285714285714,0.9932203389830508
0.988860325621251,0.9676290463692039,0.9640035118525022,0.9445438282647585,0.9965986394557823,0.9931740614334471,0.9948892674616695,0.9756944444444444,0.9649122807017544,0.9658194566170026,0.9923142613151152,0.9974511469838573,0.9965986394557823,0.9748045178105995,0.9957446808510638
0.9889173060528559,0.9615384615384616,0.9659982563208369,0.9485815602836879,0.9923664122137404,0.9889361702127659,0.9940627650551315,0.972318339100346,0.9669565217391304,0.9668989547038328,0.9923664122137404,0.9949238578680203,0.9940728196443692,0.9705372616984402,0.9966216216216216
0.9913793103448276,0.9609929078014184,0.946894689468947,0.929551692589204,0.9965753424657534,0.9896551724137931,0.9931153184165232,0.971027216856892,0.9664902998236331,0.9534883720930233,0.9957155098543273,0.9948542024013722,0.9957155098543273,0.9646643109540636,0.9957155098543273
0.9804255319148936,0.9482909728308502,0.9463500439753738,0.9313113291703836,0.990748528174937,0.9795918367346939,0.9864636209813875,0.9574283231972198,0.9528795811518325,0.9537117903930131,0.9864864864864865,0.990748528174937,0.990748528174937,0.961038961038961,0.990748528174937
0.9810996563573883,0.971379011274935,0.9578207381370826,0.9429590017825312,0.9966159052453468,0.9923534409515717,0.9932088285229203,0.9695916594265855,0.9686956521739131,0.9668989547038328,0.9932088285229203,0.9923534409515717,0.995766299745978,0.9695916594265855,0.995766299745978
0.9833187006145742,0.957847533632287,0.9614349775784753,0.9395604395604396,0.9930675909878682,0.9860383944153578,0.9921671018276762,0.9725906277630415,0.9625,0.9651474530831099,0.9878048780487805,0.9913194444444444,0.9895652173913043,0.970770593445527,0.9930675909878682
0.9863013698630136,0.9559859154929577,0.9466192170818505,0.9314079422382672,0.9949152542372881,0.9837189374464439,0.994052676295667,0.9623797025371829,0.9578207381370826,0.9568281938325991,0.9914965986394558,0.9906382978723405,0.9932088285229203,0.9596491228070175,0.9923534409515717
0.9853826311263972,0.9570552147239264,0.9539007092198581,0.9529724933451642,0.9906700593723494,0.9880952380952381,0.9914529914529915,0.9688041594454073,0.9634146341463414,0.960352422907489,0.9906700593723494,0.9880952380952381,0.9889549702633815,0.9741379310344828,0.9889549702633815
0.9844290657439446,0.9519572953736655,0.9489704565801254,0.9394760614272809,0.9940222032450897,0.9827288428324698,0.992274678111588,0.9702797202797203,0.9602824360105914,0.9582963620230701,0.9879725085910653,0.9905741216795202,0.9897084048027445,0.9702797202797203,0.9931623931623932
0.9879310344827587,0.9628975265017667,0.9592198581560284,0.9508489722966935,0.9948630136986302,0.9940017137960583,0.9957228400342173,0.9746724890829694,0.9710780017528484,0.9601417183348095,0.9940017137960583,0.9948630136986302,0.9965811965811966,0.9773519163763066,0.9957228400342173
0.9931623931623932,0.9676290463692039,0.9630281690140845,0.9547471162377995,0.9940323955669225,0.9905902480752781,0.9974468085106383,0.9730200174064404,0.9685314685314685,0.9675723049956179,0.9905902480752781,0.9957446808510638,0.9974511469838573,0.9703315881326352,0.9957446808510638
0.9837745516652434,0.9589519650655022,0.9552238805970149,0.9403383793410508,0.9915397631133672,0.9898305084745763,0.9949324324324325,0.9732988802756245,0.9616724738675958,0.9652173913043478,0.9898305084745763,0.9923922231614539,0.9915397631133672,0.9679653679653679,0.9949409780775716
0.9810344827586207,0.9549071618037135,0.9474621549421193,0.9341749323715058,0.9931856899488927,0.9888793840889649,0.9940425531914894,0.9649737302977233,0.9595070422535211,0.9558303886925795,0.9906063193851409,0.9923273657289002,0.9940425531914894,0.9631578947368421,0.9957519116397621
0.9889173060528559,0.9552238805970149,0.9429590017825312,0.9324932493249325,0.9932318104906938,0.9863713798977853,0.9932088285229203,0.9679098005203816,0.9597902097902098,0.9532215357458076,0.9898132427843803,0.9915254237288136,0.9915254237288136,0.9652173913043478,0.9915254237288136
0.9797639123102867,0.9505637467476149,0.9395267309377738,0.9253996447602132,0.9950166112956811,0.9848993288590604,0.9908256880733946,0.9595872742906277,0.9541918755401901,0.9423076923076923,0.9908256880733946,0.9950166112956811,0.9966832504145937,0.9586919104991394,0.995850622406639
0.9834926151172894,0.9546666666666667,0.9562890276538805,0.9275893675527039,0.9922879177377892,0.9888220120378332,0.9905090595340811,0.9620476610767873,0.95929203539823,0.9506726457399103,0.9888220120378332,0.9896907216494846,0.9905579399141631,0.9656992084432717,0.9914236706689536
0.9836629406706793,0.9448398576512456,0.9483985765124555,0.9370503597122302,0.9871904355251921,0.9784668389319552,0.9948979591836735,0.9623797025371829,0.9550660792951542,0.958590308370044,0.9837189374464439,0.9914965986394558,0.9923534409515717,0.9596491228070175,0.9923534409515717
0.9826086956521739,0.9619131975199291,0.96,0.9324817518248175,0.9922613929492692,0.993127147766323,0.9931153184165232,0.9737302977232924,0.9655781112091791,0.9618456078083407,0.993127147766323,0.9887834339948232,0.993127147766323,0.9764192139737992,0.9913941480206541
0.9820971867007673,0.9680207433016422,0.9626411815812337,0.9442970822281167,0.9957947855340622,0.9889923793395428,0.9957947855340622,0.9724612736660929,0.9698015530629853,0.9644405897658282,0.9924050632911392,0.9924050632911392,0.9941027801179444,0.9706896551724138,0.9941027801179444
0.9863247863247864,0.9650959860383944,0.9541446208112875,0.9448398576512456,0.9983108108108109,0.9932088285229203,0.9966159052453468,0.9722703639514731,0.9686956521739131,0.9686956521739131,0.995766299745978,0.9974640743871513,0.9974640743871513,0.9704861111111112,0.9940627650551315
0.984375,0.9538188277087034,0.9459459459459459,0.9411764705882353,0.9914383561643836,0.9888412017167382,0.9931153184165232,0.9593639575971732,0.9538188277087034,0.9572192513368984,0.9923011120615911,0.9897084048027445,0.9914383561643836,0.9593639575971732,0.9905741216795202
0.988860325621251,0.9604916593503073,0.9548272807794509,0.9417040358744395,0.9914821124361158,0.9863013698630136,0.9965986394557823,0.9704347826086956,0.965938864628821,0.9630931458699473,0.9906223358908781,0.9923404255319149,0.9949066213921901,0.9695387293298521,0.994052676295667
0.9906542056074766,0.9678540399652477,0.9606299212598425,0.9411764705882353,0.9940728196443692,0.9897959183673469,0.9915110356536503,0.9749784296807593,0.9740932642487047,0.9651567944250871,0.9957734573119188,0.9897959183673469,0.9957734573119188,0.9767441860465116,0.9957734573119188
0.9888412017167382,0.9575221238938053,0.9519572953736655,0.9396939693969397,0.9957374254049446,0.9862306368330465,0.9923011120615911,0.9675723049956179,0.9675723049956179,0.9630281690140845,0.9931623931623932,0.9931623931623932,0.9931623931623932,0.9702797202797203,0.9948805460750854
0.9879310344827587,0.9676290463692039,0.9545859305431879,0.9480286738351255,0.9931740614334471,0.9845094664371773,0.9931389365351629,0.9712292938099389,0.9685314685314685,0.9710780017528484,0.9853826311263972,0.9905902480752781,0.988860325621251,0.9703315881326352,0.9931740614334471
0.9820051413881749,0.9578947368421052,0.954225352112676,0.9449378330373002,0.9923664122137404,0.9880749574105622,0.9932203389830508,0.9696444058976583,0.9651567944250871,0.9560632688927944,0.9863481228668942,0.9932203389830508,0.9932203389830508,0.972318339100346,0.9932203389830508
0.9872122762148338,0.954225352112676,0.950530035335689,0.9297297297297298,0.9932203389830508,0.9880749574105622,0.9949238578680203,0.9660574412532638,0.9588080631025416,0.9578947368421052,0.9897959183673469,0.9932203389830508,0.9957734573119188,0.9642545771578029,0.9974683544303797
0.9905902480752781,0.9604221635883905,0.9621811785400176,0.940754039497307,0.9966044142614601,0.9888793840889649,0.9940323955669225,0.9748482220294883,0.9676855895196507,0.9703315881326352,0.9923273657289002,0.9948979591836735,0.9948979591836735,0.9739583333333334,0.9931856899488927
0.9862068965517241,0.9647887323943662,0.9537366548042705,0.9414941494149415,0.9965870307167235,0.9870801033591732,0.9931506849315068,0.9656992084432717,0.9629629629629629,0.9611307420494699,0.9922879177377892,0.9896907216494846,0.9914236706689536,0.9647887323943662,0.9965870307167235
0.9923273657289002,0.9586631486367634,0.946524064171123,0.9399103139013453,0.9949066213921901,0.9888983774551665,0.9923273657289002,0.9695387293298521,0.9641294838145232,0.9640666082383874,0.994052676295667,0.9906223358908781,0.9957591178965225,0.9668411867364747,0.9983079526226735
0.9897084048027445,0.9703315881326352,0.9510240427426536,0.9510240427426536,0.9948892674616695,0.9897260273972602,0.9957374254049446,0.9649122807017544,0.9685314685314685,0.9648506151142355,0.9897260273972602,0.9957446808510638,0.9965986394557823,0.9685314685314685,0.9957446808510638
0.9829642248722317,0.9645021645021645,0.9498680738786279,0.9377224199288257,0.9932659932659933,0.9829931972789115,0.9924050632911392,0.9689655172413794,0.9618055555555556,0.9581151832460733,0.988155668358714,0.9907172995780591,0.9932659932659933,0.9636048526863085,0.9966442953020134
0.9915540540540541,0.9590235396687009,0.9535495179666958,0.9424269264836138,0.9966386554621849,0.9872773536895675,0.9915540540540541,0.9706896551724138,0.9617391304347827,0.9626411815812337,0.9907016060862215,0.9941027801179444,0.9932546374367622,0.9706896551724138,0.9941027801179444
0.9863945578231292,0.9715762273901809,0.9598603839441536,0.936663693131133,0.9949494949494949,0.9907016060862215,0.9940928270042194,0.9759862778730704,0.9698015530629853,0.9661751951431049,0.9949494949494949,0.9932546374367622,0.9949494949494949,0.9742268041237113,0.9966386554621849
0.9871904355251921,0.9695916594265855,0.9659982563208369,0.9476486246672582,0.9966159052453468,0.9923534409515717,0.9932088285229203,0.9767040552200172,0.9749351771823682,0.9659982563208369,0.9966159052453468,0.9932088285229203,0.9940627650551315,0.9802235597592434,0.995766299745978
0.987363100252738,0.953125,0.9511343804537522,0.9362831858407079,0.9924812030075187,0.9848484848484849,0.9899159663865547,0.9648068669527897,0.9585492227979274,0.9637931034482758,0.989103101424979,0.9916387959866221,0.9924812030075187,0.9648068669527897,0.9916387959866221
0.985531914893617,0.9617391304347827,0.9543859649122807,0.9395017793594306,0.9898477157360406,0.9872773536895675,0.9949409780775716,0.9759862778730704,0.9689119170984456,0.9697493517718236,0.9907016060862215,0.9949494949494949,0.9932546374367622,0.9724612736660929,0.9924050632911392
0.9895104895104895,0.9539295392953929,0.9500454132606722,0.9266480965645311,0.9921671018276762,0.9877622377622378,0.9947826086956522,0.9651474530831099,0.9595687331536388,0.9519492293744334,0.9877622377622378,0.9930434782608696,0.9939183318853171,0.964221824686941,0.9930434782608696
0.9907016060862215,0.9644405897658282,0.9599303135888502,0.9507908611599297,0.9974811083123426,0.9915540540540541,0.9941027801179444,0.9786142001710864,0.9724612736660929,0.9706896551724138,0.9907016060862215,0.9949494949494949,0.9949494949494949,0.9829642248722317,0.9957947855340622
0.9880952380952381,0.9497797356828194,0.9308176100628931,0.9240506329113924,0.9932432432432432,0.9846678023850085,0.9923793395427604,0.9625761531766753,0.9534679543459175,0.9543057996485061,0.9829351535836177,0.9889737065309584,0.9898305084745763,0.9634782608695652,0.9898305084745763
0.9881154499151104,0.9635416666666666,0.9616724738675958,0.9432624113475178,0.9941027801179444,0.9915540540540541,0.9966329966329966,0.9706896551724138,0.9733447979363714,0.9643788010425717,0.9889923793395428,0.9974811083123426,0.9957947855340622,0.9742268041237113,0.9966386554621849
0.9879101899827288,0.9526362823949955,0.9441441441441442,0.9296803652968036,0.9948542024013722,0.9835212489158717,0.9939914163090129,0.9628318584070796,0.9600709849157054,0.9591474245115453,0.9896551724137931,0.9913941480206541,0.9913941480206541,0.9628318584070796,0.9896551724137931
0.9853826311263972,0.9712793733681462,0.9575971731448764,0.940754039497307,0.9931856899488927,0.9836629406706793,0.9957446808510638,0.9766233766233766,0.9703832752613241,0.9649122807017544,0.9897435897435898,0.9957519116397621,0.9957519116397621,0.9703832752613241,0.9957519116397621
0.9844827586206897,0.968476357267951,0.968476357267951,0.9528888888888889,0.9965928449744463,0.9888412017167382,0.9931623931623932,0.9783174327840416,0.9774305555555556,0.97117903930131,0.9948805460750854,0.9940222032450897,0.9965928449744463,0.9792027729636048,0.9974468085106383
0.9864864864864865,0.9628349178910977,0.951048951048951,0.9417989417989417,0.9915966386554622,0.9881956155143339,0.9941324392288349,0.9734816082121471,0.9664082687338501,0.9672977624784854,0.9941324392288349,0.99581589958159,0.9924433249370277,0.9690721649484536,0.9932885906040269
0.9923922231614539,0.9562937062937062,0.9543859649122807,0.9376114081996435,0.9957947855340622,0.9898477157360406,0.9966329966329966,0.9706896551724138,0.9590235396687009,0.9643788010425717,0.9898477157360406,0.9957947855340622,0.9949494949494949,0.9635416666666666,0.9932546374367622
0.9898305084745763,0.9608355091383812,0.9562171628721541,0.9497797356828194,0.9932546374367622,0.9907016060862215,0.9915397631133672,0.9715762273901809,0.9644405897658282,0.9697493517718236,0.9932546374367622,0.9915540540540541,0.9924050632911392,0.9724612736660929,0.9924050632911392
0.9818809318377912,0.9558303886925795,0.9464285714285714,0.9445438282647585,0.9923273657289002,0.9854077253218884,0.9905902480752781,0.9649737302977233,0.9631578947368421,0.9594356261022927,0.9914675767918089,0.9931856899488927,0.9966044142614601,0.9676855895196507,0.9957519116397621
0.9870578084555651,0.9674582233948988,0.9508489722966935,0.9461400359066428,0.9965811965811966,0.992274678111588,0.9974380871050385,0.9728783902012248,0.9674582233948988,0.9656387665198238,0.992274678111588,0.9957228400342173,0.9957228400342173,0.9710780017528484,0.9940017137960583
0.9880952380952381,0.9524647887323944,0.9308176100628931,0.9298561151079137,0.9974726200505476,0.9889549702633815,0.9940828402366864,0.9552238805970149,0.9543057996485061,0.9487632508833922,0.9889549702633815,0.9898132427843803,0.9915254237288136,0.9588801399825022,0.9949324324324325
0.9873203719357565,0.9627705627705627,0.9509632224168126,0.9472759226713533,0.9958088851634534,0.9907329401853412,0.9941225860621327,0.976068376068376,0.9627705627705627,0.9699054170249355,0.9915824915824916,0.9932773109243698,0.9949664429530202,0.976068376068376,0.9983277591973244
0.9835212489158717,0.9488789237668162,0.9403254972875226,0.9287020109689214,0.9896551724137931,0.9844020797227037,0.9896551724137931,0.9655781112091791,0.9572953736654805,0.9554367201426025,0.9870354364736387,0.9913941480206541,0.9896551724137931,0.9655781112091791,0.9913941480206541
0.9717813051146384,0.9516129032258065,0.94,0.9283088235294118,0.9905090595340811,0.9772727272727273,0.9878472222222222,0.9553571428571429,0.9562890276538805,0.9495495495495495,0.9852558542931483,0.9905090595340811,0.9887640449438202,0.96,0.9922480620155039
0.9905090595340811,0.9555160142348754,0.9487870619946092,0.9363636363636364,0.9905417024935511,0.9826689774696707,0.9931153184165232,0.9638128861429832,0.9610619469026549,0.9544235924932976,0.9888027562446167,0.9965811965811966,0.992274678111588,0.9619805481874447,0.9905417024935511
0.986922406277245,0.9551166965888689,0.9368709972552608,0.9250693802035153,0.9904596704249783,0.9834061135371179,0.9948096885813149,0.9653333333333334,0.9597855227882037,0.947463768115942,0.9922077922077922,0.9922077922077922,0.9948186528497409,0.9551166965888689,0.9948186528497409
0.9862778730703259,0.9614035087719298,0.958590308370044,0.9408602150537635,0.9949066213921901,0.9888983774551665,0.9931856899488927,0.9722222222222222,0.965938864628821,0.958590308370044,0.9897610921501706,0.9888983774551665,0.9923404255319149,0.9740034662045061,0.9966101694915255
0.9846153846153847,0.9598603839441536,0.9486725663716814,0.9421193232413179,0.995787700084246,0.9872557349192863,0.9940728196443692,0.9750644883920895,0.9679653679653679,0.9624454148471616,0.9863945578231292,0.9906858594411516,0.9923922231614539,0.9759450171821306,0.9932432432432432
0.9854077253218884,0.9428571428571428,0.9380053908355795,0.9274047186932849,0.9957591178965225,0.9897610921501706,0.9957519116397621,0.9632224168126094,0.9484902309058615,0.9511978704525288,0.9914821124361158,0.9957591178965225,0.994052676295667,0.9614035087719298,0.9949066213921901
