Abstract,Methods,Results,Discussion,Abstract+Methods,Abstract+Results,Abstract+Discussion,Methods+Results,Methods+Discussion,Results+Discussion,Abstract+Methods+Results,Abstract+Methods+Discussion,Abstract+Results+Discussion,Methods+Results+Discussion,Full Text
0.9632107023411371,0.9490662139219015,0.9244135534317984,0.9159369527145359,0.9836065573770492,0.9793899422918384,0.9844389844389845,0.9622799664710813,0.9535080304311073,0.9445865302642796,0.9835796387520526,0.9894050529747351,0.9852700490998363,0.9596638655462185,0.9877551020408163
0.9733777038269551,0.9505962521294719,0.9285714285714286,0.9203849518810149,0.9868421052631579,0.9843104872006606,0.9852700490998363,0.9639564124057,0.9604043807919124,0.9515717926932881,0.9834710743801653,0.9876746096959738,0.9836065573770492,0.9639564124057,0.9827444535743632
0.957983193277311,0.9452991452991453,0.9316017316017317,0.9170305676855895,0.986863711001642,0.9750830564784053,0.9802631578947368,0.9656328583403185,0.9527027027027027,0.9401709401709402,0.9843621399176955,0.9843621399176955,0.9794238683127572,0.9577702702702703,0.9835255354200988
0.9655751469353484,0.9407725321888412,0.925893635571055,0.9248251748251748,0.9835526315789473,0.9826589595375722,0.9826589595375722,0.9629629629629629,0.9593908629441624,0.9522998296422487,0.9860082304526749,0.9893704006541292,0.9901639344262295,0.962089300758214,0.9885433715220949
0.9622799664710813,0.9436860068259386,0.9187772925764193,0.9157894736842105,0.9894050529747351,0.9835796387520526,0.9844134536505332,0.9614093959731543,0.9534292972057579,0.9489795918367347,0.9869067103109657,0.9894050529747351,0.988562091503268,0.9579124579124579,0.9852700490998363
0.9622166246851386,0.9490662139219015,0.9307958477508651,0.9324090121317158,0.9802955665024631,0.9835526315789473,0.9860541427399507,0.9674185463659147,0.9673093042749371,0.9612141652613828,0.9877149877149877,0.9844644317252658,0.9877149877149877,0.969140950792327,0.983633387888707
0.9691923397169026,0.954468802698145,0.9262792714657415,0.9270833333333334,0.9894222945484134,0.9852459016393442,0.988562091503268,0.9657477025898078,0.9639564124057,0.9534292972057579,0.9869067103109657,0.988599348534202,0.9926769731489016,0.9622799664710813,0.9894222945484134
0.9622799664710813,0.9543147208121827,0.9336778639104221,0.9343696027633851,0.9852700490998363,0.9785478547854786,0.9869281045751634,0.9726594863297432,0.9656328583403185,0.9612794612794613,0.9852459016393442,0.9869281045751634,0.9877551020408163,0.9606035205364627,0.9877750611246944
0.9667774086378738,0.9472789115646258,0.9238754325259516,0.9225413402959095,0.9836601307189542,0.9735973597359736,0.9828291087489779,0.9589958158995816,0.9526226734348562,0.9463829787234043,0.9811629811629812,0.9828291087489779,0.9853181076672104,0.9572506286672254,0.9828291087489779
0.9579124579124579,0.957983193277311,0.9299913569576491,0.9205240174672489,0.9861224489795918,0.9802306425041186,0.9827444535743632,0.9751655629139073,0.9665551839464883,0.9534292972057579,0.988562091503268,0.9861224489795918,0.9902120717781403,0.9717607973421927,0.9852941176470589
0.9570345408593092,0.9612794612794613,0.9334485738980121,0.9317199654278306,0.9860541427399507,0.9810074318744839,0.9852459016393442,0.9742310889443059,0.969140950792327,0.9622166246851386,0.9860312243221035,0.9918433931484503,0.9902120717781403,0.9673640167364017,0.993485342019544
0.9500423370025403,0.9472789115646258,0.9280138768430182,0.9084507042253521,0.9844134536505332,0.972568578553616,0.9794576828266228,0.95878889823381,0.9482612383375743,0.9446808510638298,0.9776674937965261,0.9819078947368421,0.9794576828266228,0.9552742616033755,0.9860997547015535
0.9632107023411371,0.9623430962343096,0.9399656946826758,0.9283865401207938,0.9893877551020408,0.9843878389482333,0.9844644317252658,0.9743164871582436,0.9692946058091286,0.9641367806505421,0.9885433715220949,0.9902120717781403,0.9877750611246944,0.9726141078838174,0.9877551020408163
0.9735537190082645,0.9535080304311073,0.9381443298969072,0.9293103448275862,0.9869067103109657,0.9885433715220949,0.9844644317252658,0.9639564124057,0.9580536912751678,0.9580536912751678,0.9852216748768473,0.988562091503268,0.9869494290375204,0.9665551839464883,0.9877350776778414
0.9666666666666667,0.9453924914675768,0.9208006962576153,0.9242819843342036,0.9885807504078303,0.981101068200493,0.9860997547015535,0.9614740368509213,0.9595959595959596,0.9489795918367347,0.9877551020408163,0.9894050529747351,0.990228013029316,0.9623430962343096,0.990228013029316
0.9725228975853455,0.9460154241645244,0.9132743362831859,0.9089301503094607,0.9884868421052632,0.9834437086092715,0.9819078947368421,0.9514893617021276,0.9497872340425532,0.9407725321888412,0.985962014863749,0.9884868421052632,0.9852459016393442,0.9488054607508533,0.9851973684210527
0.9554247266610597,0.949238578680203,0.927461139896373,0.9170305676855895,0.9853181076672104,0.9777777777777777,0.9769357495881383,0.9597989949748744,0.9562289562289562,0.9509306260575296,0.9819672131147541,0.9836601307189542,0.9828009828009828,0.9563025210084034,0.9853181076672104
0.9612141652613828,0.9638958858102435,0.9403630077787382,0.9317199654278306,0.9859851607584501,0.9817275747508306,0.9810699588477366,0.9750415973377704,0.9674185463659147,0.9665551839464883,0.9876135425268373,0.9868204283360791,0.9860769860769861,0.9733333333333334,0.9852216748768473
0.9535864978902954,0.9595278246205734,0.9417808219178082,0.9261511728931364,0.9869067103109657,0.9843878389482333,0.9785831960461285,0.9717138103161398,0.9639564124057,0.9587194608256108,0.9885433715220949,0.9860769860769861,0.9869281045751634,0.9665551839464883,0.988562091503268
0.9638958858102435,0.9527027027027027,0.9288194444444444,0.9186351706036745,0.9835796387520526,0.9810074318744839,0.9768595041322314,0.9614093959731543,0.9525423728813559,0.9516539440203562,0.9843621399176955,0.9852459016393442,0.9819078947368421,0.9561551433389545,0.9828009828009828
0.9640167364016736,0.9429787234042554,0.9281385281385282,0.9197207678883071,0.9802955665024631,0.9827444535743632,0.99185667752443,0.9622799664710813,0.9535080304311073,0.9508474576271186,0.9852459016393442,0.9902439024390244,0.9877350776778414,0.9648829431438127,0.9869494290375204
0.953664700926706,0.9510135135135135,0.9437819420783645,0.9331046312178388,0.9852700490998363,0.9819376026272578,0.9819967266775778,0.965,0.9589958158995816,0.9554995801847187,0.9827727645611156,0.9852700490998363,0.9844897959183674,0.9675810473815462,0.9844644317252658
0.9638351555929352,0.9666110183639399,0.9378238341968912,0.9317199654278306,0.9885245901639345,0.9859851607584501,0.9835796387520526,0.9665551839464883,0.9630872483221476,0.9543147208121827,0.9843104872006606,0.9843621399176955,0.9869067103109657,0.9674185463659147,0.9885807504078303
0.9786535303776683,0.9480851063829787,0.9236111111111112,0.9226759339704604,0.9910496338486574,0.9885807504078303,0.9869706840390879,0.9623430962343096,0.954468802698145,0.9464740866610025,0.9877551020408163,0.991869918699187,0.9910786699107867,0.9606035205364627,0.9910496338486574
0.9551227773073666,0.9543147208121827,0.925764192139738,0.921602787456446,0.9834983498349835,0.9800995024875622,0.9760528488852188,0.9613445378151261,0.9526226734348562,0.9382504288164666,0.9826302729528535,0.9826589595375722,0.9777411376751854,0.9578414839797639,0.9793899422918384
0.960337552742616,0.9454855195911414,0.9349522983521249,0.9281385281385282,0.9843363561417972,0.9834437086092715,0.9844134536505332,0.9673640167364017,0.9614093959731543,0.9508474576271186,0.985962014863749,0.9901639344262295,0.9869067103109657,0.9699499165275459,0.9902120717781403
0.9693454846727423,0.9482612383375743,0.934819897084048,0.9133858267716536,0.9844644317252658,0.9802955665024631,0.9861450692746536,0.9632721202003339,0.9563025210084034,0.9527824620573356,0.9894222945484134,0.9894222945484134,0.9877949552481693,0.9597989949748744,0.9861224489795918
0.9580536912751678,0.9533502968617472,0.9252173913043479,0.9327586206896552,0.9802306425041186,0.9827160493827161,0.983633387888707,0.9674185463659147,0.9614093959731543,0.9508474576271186,0.9860541427399507,0.9852459016393442,0.9828009828009828,0.9665551839464883,0.9852459016393442
0.95878889823381,0.9542372881355933,0.9322916666666666,0.9133858267716536,0.9851485148514851,0.9826302729528535,0.9786184210526315,0.9638958858102435,0.9518987341772152,0.9447748513169074,0.9843104872006606,0.9834710743801653,0.9802955665024631,0.9630252100840336,0.9835255354200988
0.9639564124057,0.9420783645655877,0.9250871080139372,0.9151356080489939,0.988562091503268,0.9893529893529893,0.9836065573770492,0.9622799664710813,0.9500423370025403,0.9482612383375743,0.9910057236304171,0.988562091503268,0.990228013029316,0.9605373635600336,0.9902439024390244
0.970954356846473,0.9596638655462185,0.9307958477508651,0.927461139896373,0.9868852459016394,0.9868852459016394,0.983633387888707,0.9734660033167496,0.9606694560669456,0.9554247266610597,0.9910204081632653,0.9877149877149877,0.988599348534202,0.9734660033167496,0.9877350776778414
0.9632107023411371,0.9571068124474348,0.9290657439446367,0.9178321678321678,0.9861224489795918,0.9852459016393442,0.9894050529747351,0.9666110183639399,0.9605373635600336,0.9499575911789653,0.9893877551020408,0.9894222945484134,0.9885807504078303,0.9666110183639399,0.9861224489795918
0.9640167364016736,0.947996589940324,0.9388458225667528,0.9244135534317984,0.9885245901639345,0.9843363561417972,0.9852941176470589,0.97,0.9605373635600336,0.9535080304311073,0.9860082304526749,0.9910057236304171,0.9861224489795918,0.9630872483221476,0.9877350776778414
0.9683333333333334,0.9501267962806424,0.9261511728931364,0.9236111111111112,0.9894050529747351,0.9818780889621087,0.9894050529747351,0.9674728940783986,0.9606035205364627,0.954468802698145,0.9893704006541292,0.9894050529747351,0.9910496338486574,0.9666110183639399,0.9902439024390244
0.9562289562289562,0.9461077844311377,0.9280138768430182,0.9118165784832452,0.9844134536505332,0.9776674937965261,0.9802631578947368,0.9587194608256108,0.9542372881355933,0.947996589940324,0.9852216748768473,0.9835796387520526,0.9852700490998363,0.9613445378151261,0.9827444535743632
0.9596638655462185,0.9401709401709402,0.9260226283724978,0.9217391304347826,0.9860769860769861,0.9826875515251443,0.9844389844389845,0.9622166246851386,0.9509306260575296,0.9482612383375743,0.9876948318293683,0.9810699588477366,0.9852700490998363,0.960470984020185,0.9844389844389845
0.960470984020185,0.9466553767993227,0.9344827586206896,0.9198606271777003,0.9852700490998363,0.9818780889621087,0.9836065573770492,0.9666666666666667,0.9588581024349286,0.9588581024349286,0.9868852459016394,0.9869281045751634,0.9885807504078303,0.9623430962343096,0.9869706840390879
0.957983193277311,0.9463829787234043,0.9336778639104221,0.9282627484874676,0.9860769860769861,0.9793899422918384,0.9802955665024631,0.9658048373644704,0.9553496208930076,0.957983193277311,0.9835796387520526,0.9860769860769861,0.983633387888707,0.9632107023411371,0.9869281045751634
0.962089300758214,0.9604043807919124,0.9339130434782609,0.9444918872758327,0.9834710743801653,0.9817275747508306,0.9860541427399507,0.9741451209341118,0.9656903765690377,0.9578414839797639,0.989282769991756,0.9884868421052632,0.9835526315789473,0.9689857502095558,0.9860312243221035
0.9562289562289562,0.9438775510204082,0.925476603119584,0.916083916083916,0.9786184210526315,0.9752066115702479,0.9794576828266228,0.9527824620573356,0.9446808510638298,0.9410760034158838,0.9760528488852188,0.9786184210526315,0.9819672131147541,0.9447748513169074,0.9811629811629812
0.9768595041322314,0.9613445378151261,0.9445865302642796,0.9408740359897172,0.988562091503268,0.9860769860769861,0.9893877551020408,0.9734660033167496,0.9656903765690377,0.964824120603015,0.9835796387520526,0.988562091503268,0.9893877551020408,0.9717607973421927,0.9893877551020408
0.9623430962343096,0.9631490787269682,0.9417808219178082,0.9357326478149101,0.9926650366748166,0.9877149877149877,0.9844644317252658,0.9768595041322314,0.9692946058091286,0.9580536912751678,0.9893704006541292,0.9910204081632653,0.988599348534202,0.9734660033167496,0.9893877551020408
0.9640167364016736,0.9509306260575296,0.9373390557939915,0.9167397020157756,0.9861224489795918,0.9734660033167496,0.9852459016393442,0.9631490787269682,0.9622166246851386,0.9525423728813559,0.9819078947368421,0.988599348534202,0.9869067103109657,0.9614093959731543,0.9844644317252658
0.964824120603015,0.9540816326530612,0.9304347826086956,0.927763272410792,0.9826875515251443,0.9817880794701986,0.9760132340777502,0.9673093042749371,0.9585798816568047,0.9550466497031382,0.9843104872006606,0.9843621399176955,0.9802306425041186,0.9647058823529412,0.9843878389482333
0.9649415692821369,0.9614740368509213,0.9327586206896552,0.9209383145091226,0.9893877551020408,0.9860769860769861,0.9802955665024631,0.9718076285240465,0.9624060150375939,0.953664700926706,0.9869067103109657,0.9902120717781403,0.9894222945484134,0.970954356846473,0.990228013029316
0.9572506286672254,0.9418803418803419,0.9282627484874676,0.9143356643356644,0.9802631578947368,0.9726594863297432,0.9836601307189542,0.9562289562289562,0.9447748513169074,0.9447748513169074,0.9785831960461285,0.9827727645611156,0.9828291087489779,0.9509306260575296,0.981101068200493
0.9596638655462185,0.9453924914675768,0.9299913569576491,0.9261511728931364,0.9819078947368421,0.9793899422918384,0.9793899422918384,0.9543918918918919,0.9516539440203562,0.9444918872758327,0.9793899422918384,0.9827444535743632,0.9827444535743632,0.9561551433389545,0.9819078947368421
0.9606694560669456,0.953664700926706,0.9337919174548581,0.9357326478149101,0.988599348534202,0.9852700490998363,0.9844644317252658,0.9658048373644704,0.9615384615384616,0.9571788413098237,0.9885807504078303,0.9894222945484134,0.9869494290375204,0.9649415692821369,0.9902439024390244
0.9597989949748744,0.9553496208930076,0.9246753246753247,0.9290657439446367,0.9836601307189542,0.9794576828266228,0.9844644317252658,0.9624060150375939,0.9579124579124579,0.9454855195911414,0.9811320754716981,0.9877949552481693,0.9852941176470589,0.9597989949748744,0.9877949552481693
0.9585798816568047,0.9499575911789653,0.926829268292683,0.9269565217391305,0.9860541427399507,0.978441127694859,0.9827160493827161,0.9639564124057,0.9612794612794613,0.9533502968617472,0.9834983498349835,0.9852216748768473,0.9827160493827161,0.9613445378151261,0.9860997547015535
0.9614740368509213,0.9576988155668359,0.9297484822202949,0.9261511728931364,0.9852216748768473,0.9826875515251443,0.9852700490998363,0.9673640167364017,0.9587194608256108,0.960470984020185,0.9851973684210527,0.9885433715220949,0.9852700490998363,0.9656328583403185,0.9901960784313726
0.9594594594594594,0.9515717926932881,0.9284467713787086,0.9298701298701298,0.9826302729528535,0.9800664451827242,0.9843878389482333,0.962089300758214,0.9489795918367347,0.9498725573491928,0.9842845326716294,0.9851485148514851,0.9835526315789473,0.9550466497031382,0.9851973684210527
0.9700499168053245,0.9551986475063398,0.9121265377855887,0.9242819843342036,0.9827444535743632,0.9751655629139073,0.9828009828009828,0.9667221297836939,0.960470984020185,0.9498725573491928,0.9793899422918384,0.9835796387520526,0.9828009828009828,0.9606694560669456,0.9852941176470589
0.9578414839797639,0.9577702702702703,0.9335634167385677,0.938950988822012,0.9885433715220949,0.9793559042113955,0.9843878389482333,0.9665551839464883,0.9621530698065601,0.9533502968617472,0.9885433715220949,0.9868852459016394,0.9885433715220949,0.9656903765690377,0.9843878389482333
0.9666110183639399,0.9567430025445293,0.9270833333333334,0.928695652173913,0.9868852459016394,0.9843878389482333,0.9860769860769861,0.9708576186511241,0.9664429530201343,0.9594594594594594,0.9843878389482333,0.9910204081632653,0.9910350448247759,0.9708576186511241,0.9943043124491456
0.954468802698145,0.9471890971039182,0.9307958477508651,0.9113257243195786,0.9827160493827161,0.9810387469084914,0.9852700490998363,0.9595959595959596,0.9500423370025403,0.9491525423728814,0.9852216748768473,0.9877149877149877,0.9836065573770492,0.956081081081081,0.9860541427399507
0.9580536912751678,0.9527824620573356,0.9329896907216495,0.9356223175965666,0.9819967266775778,0.9794576828266228,0.9811320754716981,0.9692946058091286,0.9632107023411371,0.957983193277311,0.9869494290375204,0.9853181076672104,0.9894222945484134,0.96843853820598,0.9853181076672104
0.9664429530201343,0.9463829787234043,0.9240174672489083,0.9232111692844677,0.9843878389482333,0.985172981878089,0.9860312243221035,0.964765100671141,0.9551227773073666,0.948892674616695,0.9834983498349835,0.9843878389482333,0.986863711001642,0.9604043807919124,0.9844134536505332
0.962089300758214,0.9532710280373832,0.9341421143847487,0.927637314734089,0.9876948318293683,0.9851485148514851,0.9810387469084914,0.9673640167364017,0.9585097375105842,0.9567430025445293,0.9876543209876543,0.9860312243221035,0.9877149877149877,0.9612794612794613,0.9852459016393442
0.9683333333333334,0.9447748513169074,0.9234782608695652,0.9198606271777003,0.9844389844389845,0.9810699588477366,0.9828009828009828,0.9606694560669456,0.9509306260575296,0.9491525423728814,0.9852459016393442,0.9877551020408163,0.9861224489795918,0.9563025210084034,0.9886178861788618
0.953664700926706,0.9472789115646258,0.921602787456446,0.9171752397558849,0.9819078947368421,0.9785478547854786,0.9811629811629812,0.957983193277311,0.9456706281833617,0.9420783645655877,0.9810699588477366,0.9844134536505332,0.9819967266775778,0.9535864978902954,0.9827727645611156
0.9682804674457429,0.9508474576271186,0.9334485738980121,0.9206625980819529,0.9877149877149877,0.9818481848184818,0.988562091503268,0.9674185463659147,0.95878889823381,0.9535080304311073,0.9876948318293683,0.9926650366748166,0.9869067103109657,0.9674185463659147,0.988562091503268
0.9554247266610597,0.9382504288164666,0.9122807017543859,0.9084507042253521,0.9819376026272578,0.9752066115702479,0.9769357495881383,0.9527027027027027,0.9437819420783645,0.9464740866610025,0.9785831960461285,0.9819376026272578,0.9819672131147541,0.9509306260575296,0.9844389844389845
0.959731543624161,0.9507640067911715,0.9280138768430182,0.9234782608695652,0.988562091503268,0.9810387469084914,0.9802631578947368,0.9674185463659147,0.9614093959731543,0.9561551433389545,0.9835526315789473,0.9819078947368421,0.9860997547015535,0.9622166246851386,0.9893877551020408
0.966499162479062,0.9579124579124579,0.9371231696813093,0.9298701298701298,0.9901960784313726,0.9843621399176955,0.9860997547015535,0.9666666666666667,0.9630872483221476,0.9595959595959596,0.9885245901639345,0.9893704006541292,0.9885807504078303,0.9666666666666667,0.988599348534202
0.9551227773073666,0.9576988155668359,0.927763272410792,0.9297484822202949,0.9868421052631579,0.9826589595375722,0.9819078947368421,0.9674185463659147,0.9621530698065601,0.9524617996604414,0.9818181818181818,0.9826589595375722,0.9844134536505332,0.9656903765690377,0.9835526315789473
0.9561551433389545,0.9462915601023018,0.9233449477351916,0.9167397020157756,0.9819078947368421,0.975973487986744,0.9819376026272578,0.9596638655462185,0.9516539440203562,0.9471890971039182,0.9852216748768473,0.9819078947368421,0.981101068200493,0.9561551433389545,0.9785831960461285
0.9613445378151261,0.9509306260575296,0.9334485738980121,0.9326424870466321,0.9860997547015535,0.9835255354200988,0.9868852459016394,0.9716666666666667,0.9622166246851386,0.9595959595959596,0.9893529893529893,0.9844389844389845,0.9910204081632653,0.9690893901420217,0.9885807504078303
0.953664700926706,0.9427839453458582,0.9217391304347826,0.9170305676855895,0.9819376026272578,0.976897689768977,0.9786184210526315,0.9571068124474348,0.9491525423728814,0.9410760034158838,0.9794238683127572,0.9860997547015535,0.983633387888707,0.954468802698145,0.9869281045751634
0.9674728940783986,0.9507640067911715,0.9195804195804196,0.9138840070298769,0.9893877551020408,0.9818780889621087,0.9877350776778414,0.9665551839464883,0.9595959595959596,0.9498725573491928,0.9868852459016394,0.988562091503268,0.9910350448247759,0.9587194608256108,0.9877350776778414
0.9552742616033755,0.9515717926932881,0.9335634167385677,0.9222707423580786,0.9860769860769861,0.9835526315789473,0.9877350776778414,0.964824120603015,0.9586497890295359,0.9595278246205734,0.9877149877149877,0.9860769860769861,0.988562091503268,0.964824120603015,0.9893877551020408
0.9552742616033755,0.9435897435897436,0.9118165784832452,0.9061946902654867,0.9835796387520526,0.9767827529021559,0.9810699588477366,0.9577702702702703,0.9471890971039182,0.9453924914675768,0.9835255354200988,0.9844134536505332,0.9827444535743632,0.9497872340425532,0.9844134536505332
0.9588581024349286,0.9552742616033755,0.9206625980819529,0.9291882556131261,0.9869067103109657,0.9810699588477366,0.9844644317252658,0.970954356846473,0.9640768588137009,0.957983193277311,0.9869067103109657,0.9877350776778414,0.983633387888707,0.9683860232945092,0.9877551020408163
0.9543147208121827,0.9473684210526315,0.9138840070298769,0.9167397020157756,0.9844389844389845,0.9708576186511241,0.975973487986744,0.956081081081081,0.9498725573491928,0.9471890971039182,0.9785123966942149,0.9785831960461285,0.9801980198019802,0.9543147208121827,0.981101068200493
0.9541595925297114,0.9568892645815723,0.9404659188955996,0.9278887923544744,0.9934640522875817,0.9876339653751031,0.9876948318293683,0.9681208053691275,0.9656328583403185,0.9577702702702703,0.9901315789473685,0.9901639344262295,0.9910057236304171,0.9689857502095558,0.9885245901639345
0.9595278246205734,0.9594594594594594,0.9332176929748482,0.9360967184801382,0.9843621399176955,0.9809444904722452,0.986863711001642,0.9758534554537885,0.9707602339181286,0.960337552742616,0.9817880794701986,0.9843621399176955,0.9851973684210527,0.9724310776942355,0.9893529893529893
0.9633333333333334,0.9631490787269682,0.9329896907216495,0.9356223175965666,0.988599348534202,0.9819672131147541,0.9861450692746536,0.9735537190082645,0.9632107023411371,0.9649415692821369,0.9902439024390244,0.9894222945484134,0.9918962722852512,0.9692946058091286,0.9902439024390244
0.95878889823381,0.9446808510638298,0.9224062772449869,0.913081650570676,0.9844389844389845,0.9827160493827161,0.9827444535743632,0.9622166246851386,0.9543918918918919,0.9427839453458582,0.9827160493827161,0.9836065573770492,0.9835796387520526,0.9622166246851386,0.9827727645611156
0.9656328583403185,0.947098976109215,0.9240174672489083,0.9134275618374559,0.9835796387520526,0.9767441860465116,0.9818780889621087,0.9560067681895094,0.9505119453924915,0.9478186484174508,0.9826589595375722,0.9819078947368421,0.9852216748768473,0.9533502968617472,0.9827727645611156
0.9559322033898305,0.9468267581475128,0.9256342957130359,0.9219982471516214,0.9800995024875622,0.9800664451827242,0.9776304888152444,0.9637742207245156,0.9585097375105842,0.946917808219178,0.9800664451827242,0.9859851607584501,0.986863711001642,0.9620253164556962,0.9876746096959738
0.95878889823381,0.9605373635600336,0.9242819843342036,0.9206625980819529,0.9869067103109657,0.9801980198019802,0.9835796387520526,0.972568578553616,0.9648829431438127,0.9535080304311073,0.9868852459016394,0.9860769860769861,0.9860769860769861,0.9717138103161398,0.9902120717781403
0.9623430962343096,0.9501267962806424,0.9236111111111112,0.925476603119584,0.9819672131147541,0.9802631578947368,0.9785831960461285,0.9614740368509213,0.9518174133558749,0.9464740866610025,0.9794238683127572,0.9811320754716981,0.981101068200493,0.9588581024349286,0.9811320754716981
0.9682804674457429,0.9543918918918919,0.9270833333333334,0.9269565217391305,0.9869281045751634,0.9768211920529801,0.9860541427399507,0.9708576186511241,0.9604043807919124,0.9577702702702703,0.9801980198019802,0.9885807504078303,0.9868852459016394,0.9639564124057,0.9852700490998363
0.9509306260575296,0.9526226734348562,0.9365351629502573,0.9278887923544744,0.9836601307189542,0.9802631578947368,0.9827727645611156,0.9640768588137009,0.9560067681895094,0.9506802721088435,0.981101068200493,0.9828291087489779,0.9852700490998363,0.9606035205364627,0.9836601307189542
0.9692946058091286,0.9481733220050977,0.940068493150685,0.9179755671902269,0.9827727645611156,0.9860769860769861,0.9910641754670999,0.9640167364016736,0.9553496208930076,0.9562289562289562,0.9860769860769861,0.990228013029316,0.988599348534202,0.9648829431438127,0.9885807504078303
0.9667221297836939,0.9535864978902954,0.940068493150685,0.9312714776632303,0.9910350448247759,0.9893877551020408,0.9927125506072875,0.9777411376751854,0.9659185369908562,0.9659185369908562,0.9910350448247759,0.9959448499594485,0.9902597402597403,0.9752066115702479,0.9926888708367181
0.9516539440203562,0.9425878320479862,0.9241499564080209,0.9089301503094607,0.9860541427399507,0.9767827529021559,0.9794238683127572,0.9570345408593092,0.9560067681895094,0.9425878320479862,0.9810074318744839,0.9827160493827161,0.9819376026272578,0.9596638655462185,0.9836065573770492
0.9589270746018441,0.9527027027027027,0.9366438356164384,0.9356223175965666,0.9844644317252658,0.9844644317252658,0.988599348534202,0.9675810473815462,0.9623430962343096,0.9606035205364627,0.983633387888707,0.988599348534202,0.9918831168831169,0.9675810473815462,0.988599348534202
0.9624060150375939,0.9613445378151261,0.9307958477508651,0.9256055363321799,0.9877149877149877,0.9868852459016394,0.9877949552481693,0.9726141078838174,0.96843853820598,0.9589270746018441,0.9860541427399507,0.9943043124491456,0.9902597402597403,0.9700499168053245,0.99185667752443
0.9717138103161398,0.9576988155668359,0.9433962264150944,0.9371231696813093,0.9893529893529893,0.9893355209187858,0.9843878389482333,0.9698996655518395,0.9621530698065601,0.9595278246205734,0.9885057471264368,0.9901800327332242,0.9885433715220949,0.9664429530201343,0.9860312243221035
0.9606694560669456,0.962089300758214,0.9318377911993098,0.9167397020157756,0.9902120717781403,0.9835796387520526,0.983633387888707,0.9683333333333334,0.964824120603015,0.9569620253164557,0.9869067103109657,0.9869067103109657,0.9861224489795918,0.9666110183639399,0.9902120717781403
0.956081081081081,0.9682804674457429,0.9362068965517242,0.9297484822202949,0.9860769860769861,0.9835255354200988,0.9869067103109657,0.9768211920529801,0.9733777038269551,0.9577702702702703,0.986863711001642,0.9893877551020408,0.988562091503268,0.975973487986744,0.9894050529747351
0.95878889823381,0.9428815004262575,0.9327586206896552,0.913081650570676,0.981101068200493,0.9810699588477366,0.9827727645611156,0.954468802698145,0.9490662139219015,0.9463829787234043,0.9810699588477366,0.9860997547015535,0.9827727645611156,0.959731543624161,0.9819672131147541
0.9667221297836939,0.9640167364016736,0.9309153713298791,0.9302325581395349,0.9877350776778414,0.9835796387520526,0.9918831168831169,0.9760132340777502,0.9701492537313433,0.9571788413098237,0.9910350448247759,0.9926769731489016,0.9902439024390244,0.9760132340777502,0.9902120717781403
0.9630872483221476,0.9481733220050977,0.9118165784832452,0.9168853893263342,0.9801980198019802,0.9759336099585062,0.9785478547854786,0.964824120603015,0.9535080304311073,0.9418803418803419,0.9851973684210527,0.9843878389482333,0.9844134536505332,0.960470984020185,0.9810699588477366
0.9612794612794613,0.9446808510638298,0.9306759098786829,0.9186351706036745,0.9827444535743632,0.9860312243221035,0.9827444535743632,0.9570345408593092,0.9551986475063398,0.9462915601023018,0.9835255354200988,0.9835796387520526,0.9860769860769861,0.95878889823381,0.9802955665024631
0.9629629629629629,0.9386343993085566,0.9237510955302366,0.9105403011514615,0.9868204283360791,0.9800664451827242,0.9835255354200988,0.9576271186440678,0.9496157130657558,0.9460154241645244,0.9851239669421488,0.9884868421052632,0.9851973684210527,0.9531914893617022,0.9843363561417972
0.9632721202003339,0.9454855195911414,0.9319552110249785,0.9208006962576153,0.9852700490998363,0.9802631578947368,0.9844644317252658,0.9623430962343096,0.954468802698145,0.9509306260575296,0.9819376026272578,0.9877551020408163,0.9852941176470589,0.9606035205364627,0.9877551020408163
0.959731543624161,0.9535864978902954,0.9328743545611016,0.925476603119584,0.9894050529747351,0.9819376026272578,0.9819672131147541,0.96843853820598,0.9606035205364627,0.954468802698145,0.9860997547015535,0.9877551020408163,0.9869494290375204,0.9658617818484596,0.9894222945484134
0.9507640067911715,0.9509306260575296,0.9363166953528399,0.9298701298701298,0.9827727645611156,0.9785123966942149,0.9835796387520526,0.9648829431438127,0.9569620253164557,0.9595959595959596,0.9835526315789473,0.9869281045751634,0.9860769860769861,0.9631490787269682,0.983633387888707
0.9527027027027027,0.9506802721088435,0.9187772925764193,0.9081272084805654,0.9835796387520526,0.9810699588477366,0.9828009828009828,0.9606035205364627,0.9525423728813559,0.9480851063829787,0.9835796387520526,0.9869067103109657,0.983633387888707,0.9518174133558749,0.9819376026272578
0.9571068124474348,0.960470984020185,0.9296264118158123,0.9228100607111882,0.9851973684210527,0.9834983498349835,0.983633387888707,0.9690893901420217,0.9580536912751678,0.9518987341772152,0.9843363561417972,0.9876948318293683,0.9852941176470589,0.9656328583403185,0.9860541427399507
0.9545454545454546,0.9543147208121827,0.9336778639104221,0.916083916083916,0.9819078947368421,0.9810699588477366,0.9760923330585326,0.9605373635600336,0.9509306260575296,0.9518174133558749,0.9835796387520526,0.9827444535743632,0.9819672131147541,0.9579124579124579,0.9852459016393442
0.9641367806505421,0.9546218487394958,0.9283865401207938,0.92573402417962,0.9869494290375204,0.983633387888707,0.9836601307189542,0.9659185369908562,0.9563758389261745,0.9546218487394958,0.9877750611246944,0.9852941176470589,0.9853181076672104,0.9667774086378738,0.9886178861788618
0.9579124579124579,0.9401709401709402,0.9121265377855887,0.900709219858156,0.9793899422918384,0.9760132340777502,0.9752475247524752,0.9518987341772152,0.9446808510638298,0.9392643284858854,0.9835796387520526,0.9852459016393442,0.9828009828009828,0.949238578680203,0.983633387888707
0.9534292972057579,0.9621530698065601,0.9222707423580786,0.9316017316017317,0.9810387469084914,0.9742310889443059,0.9818780889621087,0.9699499165275459,0.9604043807919124,0.9524617996604414,0.9835255354200988,0.9868852459016394,0.9852216748768473,0.9673640167364017,0.9877149877149877
0.9717138103161398,0.9437819420783645,0.9241499564080209,0.9066901408450704,0.9835255354200988,0.9810074318744839,0.9869494290375204,0.9640768588137009,0.9510135135135135,0.9438775510204082,0.9835255354200988,0.9910057236304171,0.9869494290375204,0.9632107023411371,0.9869281045751634
0.9631490787269682,0.956081081081081,0.9380378657487092,0.9306759098786829,0.9885807504078303,0.986863711001642,0.9793899422918384,0.9733777038269551,0.9673640167364017,0.9638958858102435,0.9851973684210527,0.9852700490998363,0.9877350776778414,0.9716666666666667,0.991869918699187
0.9614740368509213,0.9446808510638298,0.9244135534317984,0.92,0.9844134536505332,0.9734660033167496,0.9786535303776683,0.9606694560669456,0.953664700926706,0.9474576271186441,0.9777043765483072,0.9844134536505332,0.980327868852459,0.953664700926706,0.9819672131147541
0.9622166246851386,0.9540816326530612,0.924956369982548,0.9248251748251748,0.9827160493827161,0.9809760132340778,0.9843878389482333,0.9664429530201343,0.9576271186440678,0.9558573853989814,0.9868421052631579,0.9852216748768473,0.9852216748768473,0.9690376569037656,0.9827160493827161
0.9605373635600336,0.9707112970711297,0.9453924914675768,0.9351771823681936,0.9885433715220949,0.9827160493827161,0.9860997547015535,0.9743164871582436,0.9647058823529412,0.9638351555929352,0.9877149877149877,0.9893704006541292,0.9894050529747351,0.9717607973421927,0.9902120717781403
0.959731543624161,0.9541595925297114,0.9342560553633218,0.9178321678321678,0.986863711001642,0.9818181818181818,0.981101068200493,0.9655751469353484,0.95878889823381,0.9445865302642796,0.985172981878089,0.9885245901639345,0.9844389844389845,0.962089300758214,0.9860312243221035
0.9650582362728786,0.9480851063829787,0.9237435008665511,0.9092511013215859,0.9869494290375204,0.9769357495881383,0.9794913863822805,0.9624060150375939,0.9552742616033755,0.9472789115646258,0.9802955665024631,0.9828009828009828,0.9819967266775778,0.9580536912751678,0.983633387888707
0.9641367806505421,0.9568162574089755,0.9318377911993098,0.9242819843342036,0.9827444535743632,0.9785478547854786,0.9786184210526315,0.9640167364016736,0.956081081081081,0.9525423728813559,0.9810699588477366,0.9827444535743632,0.9819672131147541,0.9622799664710813,0.9844134536505332
0.9613445378151261,0.9596638655462185,0.9360967184801382,0.925476603119584,0.9826875515251443,0.9843363561417972,0.9827727645611156,0.972568578553616,0.9623430962343096,0.9562289562289562,0.9885057471264368,0.9876948318293683,0.9860997547015535,0.969140950792327,0.9860769860769861
0.9606035205364627,0.9446808510638298,0.9206625980819529,0.9170305676855895,0.9819376026272578,0.9793899422918384,0.9877750611246944,0.9571068124474348,0.9446808510638298,0.9446808510638298,0.9844134536505332,0.9877551020408163,0.9852941176470589,0.9535864978902954,0.9877750611246944
0.9630872483221476,0.9491525423728814,0.9241499564080209,0.9234782608695652,0.9910350448247759,0.9851973684210527,0.9869067103109657,0.9682804674457429,0.9614093959731543,0.9526226734348562,0.9910057236304171,0.9910350448247759,0.99185667752443,0.964824120603015,0.9869281045751634
0.9551986475063398,0.9587194608256108,0.9342560553633218,0.9280138768430182,0.9827160493827161,0.9876746096959738,0.9844389844389845,0.97,0.9682804674457429,0.9489795918367347,0.9860082304526749,0.9860541427399507,0.9869281045751634,0.97,0.9869281045751634
0.9595278246205734,0.9570345408593092,0.9387402933563417,0.9282627484874676,0.9901639344262295,0.9834710743801653,0.9844389844389845,0.9665551839464883,0.9640768588137009,0.954468802698145,0.9884868421052632,0.9918166939443536,0.9852700490998363,0.9674185463659147,0.988562091503268
0.9640167364016736,0.951735817104149,0.9253472222222222,0.9214659685863874,0.9819376026272578,0.9802306425041186,0.9827727645611156,0.9562289562289562,0.956081081081081,0.9426860564585116,0.9810699588477366,0.9844389844389845,0.9836065573770492,0.9588581024349286,0.9819672131147541
0.9588581024349286,0.9570345408593092,0.9347079037800687,0.9345955249569707,0.9894050529747351,0.9836065573770492,0.9844389844389845,0.9675270607826811,0.9631490787269682,0.9579124579124579,0.9860997547015535,0.9877551020408163,0.9877551020408163,0.9658048373644704,0.9885807504078303
0.9743164871582436,0.9500423370025403,0.9399656946826758,0.9121265377855887,0.9910496338486574,0.9893704006541292,0.9885807504078303,0.9657477025898078,0.9579124579124579,0.9543918918918919,0.9901960784313726,0.9910496338486574,0.990228013029316,0.9657477025898078,0.9894222945484134
0.9577702702702703,0.9479077711357814,0.9229422066549913,0.9097345132743363,0.9826875515251443,0.9800995024875622,0.9810074318744839,0.9646464646464646,0.9514893617021276,0.9488054607508533,0.9859851607584501,0.9818481848184818,0.9851973684210527,0.9646464646464646,0.986863711001642
0.9675270607826811,0.9500423370025403,0.9262792714657415,0.9187772925764193,0.9910641754670999,0.9869067103109657,0.9926888708367181,0.9631490787269682,0.9535080304311073,0.9481733220050977,0.9860769860769861,0.9927007299270073,0.9935064935064936,0.9605373635600336,0.9918831168831169
0.9571068124474348,0.9500423370025403,0.9244135534317984,0.916083916083916,0.9869281045751634,0.9785478547854786,0.9827727645611156,0.9596638655462185,0.9553496208930076,0.9328743545611016,0.9860769860769861,0.9869281045751634,0.9860997547015535,0.9561551433389545,0.981101068200493
0.9531116794543905,0.9576988155668359,0.9265734265734266,0.9237510955302366,0.978441127694859,0.9834437086092715,0.9859851607584501,0.9698492462311558,0.9645868465430016,0.9540034071550255,0.985962014863749,0.9885057471264368,0.9901477832512315,0.9741451209341118,0.9910057236304171
0.9675810473815462,0.9447748513169074,0.9293103448275862,0.9228100607111882,0.9852941176470589,0.9794576828266228,0.9836601307189542,0.9581239530988275,0.9527824620573356,0.9474576271186441,0.9802955665024631,0.9869494290375204,0.9869706840390879,0.9554995801847187,0.9828291087489779
0.9614740368509213,0.9518987341772152,0.9327586206896552,0.92573402417962,0.9877350776778414,0.9785478547854786,0.9819967266775778,0.9641367806505421,0.9581239530988275,0.9519797809604044,0.9777043765483072,0.9860769860769861,0.9819967266775778,0.9615384615384616,0.9861224489795918
0.9594594594594594,0.951735817104149,0.9275109170305676,0.9092511013215859,0.985172981878089,0.97751873438801,0.9810699588477366,0.9673640167364017,0.9579124579124579,0.9454855195911414,0.9884678747940692,0.9868421052631579,0.9827444535743632,0.9638958858102435,0.9835796387520526
0.9622799664710813,0.9472789115646258,0.9280138768430182,0.9195804195804196,0.9777411376751854,0.9801980198019802,0.9844134536505332,0.960470984020185,0.9516539440203562,0.9453924914675768,0.9793559042113955,0.9844389844389845,0.9844134536505332,0.9613445378151261,0.9869281045751634
0.9629629629629629,0.9533502968617472,0.9303135888501742,0.9334485738980121,0.9834983498349835,0.9876339653751031,0.9851973684210527,0.9732888146911519,0.9656328583403185,0.9604043807919124,0.9909613804437141,0.9885057471264368,0.9893529893529893,0.9732888146911519,0.9876948318293683
0.9614093959731543,0.9585097375105842,0.9398625429553265,0.9443969204448246,0.9918300653594772,0.9851973684210527,0.9852459016393442,0.9733777038269551,0.9673640167364017,0.9542372881355933,0.9893529893529893,0.9901800327332242,0.9860769860769861,0.9716666666666667,0.9901800327332242
0.9641367806505421,0.9554247266610597,0.9311531841652324,0.9337919174548581,0.9811629811629812,0.9819672131147541,0.9852941176470589,0.9675810473815462,0.9675270607826811,0.9562289562289562,0.9877750611246944,0.9836601307189542,0.9861224489795918,0.9718543046357616,0.9853181076672104
0.9767441860465116,0.9481733220050977,0.935064935064935,0.9213286713286714,0.9893704006541292,0.9893179950698439,0.9901960784313726,0.9656328583403185,0.9612794612794613,0.9533502968617472,0.9893179950698439,0.9901960784313726,0.9918433931484503,0.9621530698065601,0.990228013029316
0.9614093959731543,0.9310344827586207,0.9214659685863874,0.9132340052585451,0.9819078947368421,0.9768211920529801,0.9794238683127572,0.9561551433389545,0.9437819420783645,0.9419795221843004,0.9810387469084914,0.9844134536505332,0.9827727645611156,0.9499575911789653,0.9836065573770492
0.9614740368509213,0.947008547008547,0.9250871080139372,0.9119718309859155,0.9852216748768473,0.9835255354200988,0.9794238683127572,0.9568892645815723,0.9525423728813559,0.9462915601023018,0.9818481848184818,0.9852216748768473,0.9836065573770492,0.9551227773073666,0.9852216748768473
0.9640167364016736,0.9490662139219015,0.9233449477351916,0.9270833333333334,0.990228013029316,0.9852216748768473,0.9893877551020408,0.97,0.9613445378151261,0.956081081081081,0.9877149877149877,0.9894050529747351,0.9902120717781403,0.9665551839464883,0.9894050529747351
0.9667221297836939,0.9510135135135135,0.9265341400172861,0.9181184668989547,0.9861224489795918,0.9819672131147541,0.9844897959183674,0.9650582362728786,0.9571788413098237,0.9510135135135135,0.9844644317252658,0.9861224489795918,0.9869706840390879,0.9572506286672254,0.9894394800974817
0.9526226734348562,0.960470984020185,0.9317199654278306,0.921602787456446,0.9810387469084914,0.9776674937965261,0.9819078947368421,0.9630872483221476,0.9561551433389545,0.9463829787234043,0.9843878389482333,0.9818780889621087,0.9819078947368421,0.964824120603015,0.9835526315789473
0.9666666666666667,0.9437819420783645,0.9344827586206896,0.921875,0.9852459016393442,0.9801980198019802,0.9861224489795918,0.9605373635600336,0.9501267962806424,0.9456706281833617,0.9827160493827161,0.9852459016393442,0.9844644317252658,0.9570345408593092,0.9836065573770492
0.9639564124057,0.9527027027027027,0.9344827586206896,0.9252173913043479,0.9894050529747351,0.9852216748768473,0.9843878389482333,0.964824120603015,0.9613445378151261,0.956081081081081,0.9910204081632653,0.9852700490998363,0.9910204081632653,0.9630872483221476,0.9852700490998363
0.9640768588137009,0.9614093959731543,0.9410760034158838,0.9262792714657415,0.9794238683127572,0.9819376026272578,0.981101068200493,0.9675270607826811,0.9640167364016736,0.9596638655462185,0.9844389844389845,0.9860997547015535,0.9885807504078303,0.9675270607826811,0.990228013029316
0.9640768588137009,0.9526226734348562,0.937231298366294,0.9282627484874676,0.9869067103109657,0.9768211920529801,0.9819376026272578,0.9656903765690377,0.957983193277311,0.9527027027027027,0.9801980198019802,0.9860769860769861,0.9836065573770492,0.960470984020185,0.9819078947368421
0.960470984020185,0.9509306260575296,0.9224062772449869,0.9195804195804196,0.9860997547015535,0.9827160493827161,0.9827444535743632,0.9683333333333334,0.9587194608256108,0.9543147208121827,0.9885433715220949,0.9844389844389845,0.988562091503268,0.9648829431438127,0.9877750611246944
0.9595278246205734,0.9354005167958657,0.9304347826086956,0.9089301503094607,0.9818780889621087,0.9834710743801653,0.9793899422918384,0.9586497890295359,0.9551227773073666,0.947996589940324,0.9851485148514851,0.9801980198019802,0.9844134536505332,0.9612794612794613,0.9785831960461285
0.9623430962343096,0.950210970464135,0.9319552110249785,0.9209383145091226,0.9852941176470589,0.9802631578947368,0.9910641754670999,0.9675810473815462,0.9597989949748744,0.9563025210084034,0.9869281045751634,0.9902439024390244,0.9894222945484134,0.9632721202003339,0.9861450692746536
0.9527027027027027,0.9509306260575296,0.9264069264069265,0.9245446660884649,0.9860997547015535,0.9785831960461285,0.9844644317252658,0.9675810473815462,0.959731543624161,0.9473684210526315,0.9885807504078303,0.9860997547015535,0.9861224489795918,0.9667221297836939,0.9844644317252658
0.957983193277311,0.9456706281833617,0.9113257243195786,0.9151356080489939,0.9819672131147541,0.9819376026272578,0.983633387888707,0.9615384615384616,0.9518174133558749,0.9446808510638298,0.9827727645611156,0.9819672131147541,0.9844644317252658,0.9571788413098237,0.9836601307189542
0.96843853820598,0.9526226734348562,0.9327586206896552,0.9311531841652324,0.9852459016393442,0.9844134536505332,0.9836601307189542,0.9718076285240465,0.9615384615384616,0.9624060150375939,0.9844134536505332,0.988562091503268,0.9861450692746536,0.9683860232945092,0.9877551020408163
0.9648829431438127,0.9471890971039182,0.938950988822012,0.9272097053726169,0.9852216748768473,0.9843621399176955,0.9852700490998363,0.9613445378151261,0.9561551433389545,0.9526226734348562,0.9843621399176955,0.9893704006541292,0.9885807504078303,0.9622166246851386,0.988562091503268
0.9602032176121931,0.9460154241645244,0.9225352112676056,0.9173989455184535,0.9842584921292461,0.9757322175732217,0.9776304888152444,0.9602704987320372,0.9532710280373832,0.9479077711357814,0.980849292256453,0.9859387923904053,0.9793217535153019,0.9585097375105842,0.9809760132340778
0.9623430962343096,0.9534292972057579,0.9354005167958657,0.9168853893263342,0.9877350776778414,0.9852216748768473,0.9836065573770492,0.9656903765690377,0.9561551433389545,0.9454855195911414,0.9893704006541292,0.9902120717781403,0.9852700490998363,0.964824120603015,0.9869067103109657
0.9631490787269682,0.9527027027027027,0.9290657439446367,0.9187772925764193,0.9869281045751634,0.9793899422918384,0.983633387888707,0.9624060150375939,0.9561551433389545,0.9499575911789653,0.9827444535743632,0.9894050529747351,0.983633387888707,0.9597989949748744,0.9877949552481693
0.9701492537313433,0.9526226734348562,0.9280138768430182,0.9154315605928509,0.9868852459016394,0.9843878389482333,0.9869706840390879,0.9657477025898078,0.9546218487394958,0.9510961214165261,0.9885433715220949,0.9885433715220949,0.9877949552481693,0.9657477025898078,0.9860769860769861
0.973421926910299,0.947996589940324,0.924956369982548,0.9250871080139372,0.9877149877149877,0.9826589595375722,0.9835796387520526,0.9630252100840336,0.9542372881355933,0.9497872340425532,0.9826589595375722,0.9843878389482333,0.9827444535743632,0.9621530698065601,0.9819078947368421
0.9648829431438127,0.9446808510638298,0.9178321678321678,0.9245446660884649,0.9844134536505332,0.9777043765483072,0.9860997547015535,0.9588581024349286,0.9518174133558749,0.9410760034158838,0.9860769860769861,0.9844134536505332,0.9852700490998363,0.9562289562289562,0.9836065573770492
0.964824120603015,0.9508474576271186,0.9325259515570934,0.921602787456446,0.9827160493827161,0.9818481848184818,0.9810699588477366,0.9630872483221476,0.9552742616033755,0.9508474576271186,0.9860312243221035,0.9868852459016394,0.9860769860769861,0.9656903765690377,0.9877350776778414
0.9658048373644704,0.951735817104149,0.9178321678321678,0.921602787456446,0.981101068200493,0.9777043765483072,0.9819672131147541,0.9562289562289562,0.9526226734348562,0.9490662139219015,0.9810699588477366,0.9827727645611156,0.9852941176470589,0.9527027027027027,0.9844644317252658
0.9527824620573356,0.9527027027027027,0.9356223175965666,0.9246753246753247,0.991869918699187,0.9852700490998363,0.9844644317252658,0.9735099337748344,0.9580536912751678,0.9563025210084034,0.9852700490998363,0.9885807504078303,0.9894222945484134,0.9683860232945092,0.9910496338486574
0.9569620253164557,0.9437819420783645,0.9184925503943909,0.9149868536371604,0.9827444535743632,0.9860312243221035,0.9785831960461285,0.9543918918918919,0.9481733220050977,0.9445865302642796,0.9818481848184818,0.9810699588477366,0.981101068200493,0.9535080304311073,0.9844644317252658
0.9528619528619529,0.9473684210526315,0.9143356643356644,0.9246753246753247,0.9802955665024631,0.9777777777777777,0.9811629811629812,0.9632721202003339,0.9571788413098237,0.9510135135135135,0.9802955665024631,0.9794576828266228,0.9836601307189542,0.9624060150375939,0.9828009828009828
0.9699499165275459,0.9531914893617022,0.9351771823681936,0.9191564147627417,0.9876948318293683,0.9843363561417972,0.9851973684210527,0.9664429530201343,0.9585097375105842,0.9531914893617022,0.9868421052631579,0.9885245901639345,0.9876948318293683,0.9638351555929352,0.9876948318293683
0.9606035205364627,0.9606035205364627,0.9373390557939915,0.9291882556131261,0.9869281045751634,0.9802306425041186,0.9852941176470589,0.969243557772236,0.9649415692821369,0.9562289562289562,0.9860769860769861,0.9885807504078303,0.9861224489795918,0.9649415692821369,0.9877750611246944
0.9594594594594594,0.9427839453458582,0.9202453987730062,0.9238845144356955,0.981101068200493,0.978441127694859,0.9843363561417972,0.9629629629629629,0.9593908629441624,0.9522998296422487,0.9860082304526749,0.9836065573770492,0.9843363561417972,0.9629629629629629,0.9819376026272578
0.9675810473815462,0.9596638655462185,0.9365351629502573,0.9234782608695652,0.9852941176470589,0.9860997547015535,0.9811320754716981,0.9675270607826811,0.9666110183639399,0.9570345408593092,0.9836065573770492,0.9877750611246944,0.9861224489795918,0.9718076285240465,0.9877750611246944
0.9614740368509213,0.9579124579124579,0.9318377911993098,0.9337919174548581,0.988562091503268,0.9802306425041186,0.9802955665024631,0.9675270607826811,0.9606035205364627,0.9571068124474348,0.988562091503268,0.988562091503268,0.9852941176470589,0.9632107023411371,0.9860997547015535
0.9658048373644704,0.9419795221843004,0.9261511728931364,0.9245446660884649,0.9869281045751634,0.9835526315789473,0.9802631578947368,0.960470984020185,0.9527027027027027,0.9553496208930076,0.9860541427399507,0.9852700490998363,0.9860997547015535,0.9622166246851386,0.9836065573770492
0.9623430962343096,0.9535080304311073,0.9354005167958657,0.925476603119584,0.9893877551020408,0.9810387469084914,0.9852941176470589,0.9700499168053245,0.954468802698145,0.9562289562289562,0.9868852459016394,0.9893877551020408,0.9869494290375204,0.9648829431438127,0.9885807504078303
0.9675270607826811,0.9465648854961832,0.9245446660884649,0.9170305676855895,0.9819672131147541,0.9802631578947368,0.983633387888707,0.9615384615384616,0.9562289562289562,0.9518174133558749,0.9802631578947368,0.9852941176470589,0.9861224489795918,0.9606694560669456,0.9861450692746536
0.9657477025898078,0.9569620253164557,0.9417808219178082,0.9272097053726169,0.9910204081632653,0.9852216748768473,0.9877750611246944,0.9683860232945092,0.9648829431438127,0.9561551433389545,0.9901960784313726,0.9901960784313726,0.9894222945484134,0.9666666666666667,0.9894050529747351
0.9785478547854786,0.9552742616033755,0.9471890971039182,0.9319552110249785,0.9910204081632653,0.9852216748768473,0.9861450692746536,0.9701492537313433,0.9683860232945092,0.9562289562289562,0.9885433715220949,0.9918433931484503,0.9902597402597403,0.9675810473815462,0.9877750611246944
0.9615384615384616,0.9597989949748744,0.9366438356164384,0.92,0.9877750611246944,0.9794576828266228,0.9869706840390879,0.9624687239366139,0.9624060150375939,0.9474576271186441,0.9861224489795918,0.9861224489795918,0.9844897959183674,0.9650582362728786,0.9894394800974817
0.9648829431438127,0.951735817104149,0.9326424870466321,0.9383561643835616,0.9885433715220949,0.9877149877149877,0.9844644317252658,0.9683860232945092,0.9606035205364627,0.957983193277311,0.9910204081632653,0.9910204081632653,0.988599348534202,0.9658048373644704,0.9869281045751634
0.9587194608256108,0.9561551433389545,0.9408740359897172,0.9194395796847635,0.9836065573770492,0.9785123966942149,0.9810699588477366,0.9640167364016736,0.9604043807919124,0.9506802721088435,0.9827160493827161,0.9885807504078303,0.9852459016393442,0.9614093959731543,0.983633387888707
0.9707602339181286,0.951735817104149,0.9267015706806283,0.9194395796847635,0.9785123966942149,0.9800995024875622,0.9801652892561984,0.9612141652613828,0.9533502968617472,0.947996589940324,0.9876543209876543,0.9852216748768473,0.9843621399176955,0.9576988155668359,0.9802306425041186
0.9482612383375743,0.9426860564585116,0.9260226283724978,0.9141856392294221,0.9818780889621087,0.9759336099585062,0.9794576828266228,0.9551986475063398,0.9491525423728814,0.9401709401709402,0.9759336099585062,0.9818780889621087,0.9819672131147541,0.9578414839797639,0.9819078947368421
0.9614093959731543,0.9471890971039182,0.9157894736842105,0.9178321678321678,0.9801980198019802,0.972568578553616,0.9819672131147541,0.954468802698145,0.9508474576271186,0.9373390557939915,0.9843878389482333,0.9852216748768473,0.9844644317252658,0.9518174133558749,0.9827727645611156
0.9658048373644704,0.9475465313028765,0.9236111111111112,0.92,0.9861224489795918,0.9794238683127572,0.9844644317252658,0.9624060150375939,0.9589270746018441,0.9447748513169074,0.9836065573770492,0.9844644317252658,0.983633387888707,0.9624060150375939,0.9853181076672104
0.9632107023411371,0.9570345408593092,0.936426116838488,0.9290657439446367,0.9877551020408163,0.9844134536505332,0.9860997547015535,0.9726141078838174,0.9666110183639399,0.9640167364016736,0.9926769731489016,0.990228013029316,0.9869281045751634,0.9726141078838174,0.9894050529747351
0.9612141652613828,0.9568892645815723,0.9238845144356955,0.9238845144356955,0.9776674937965261,0.978405315614618,0.9768211920529801,0.9682274247491639,0.9681208053691275,0.9567430025445293,0.9817880794701986,0.9810387469084914,0.9810387469084914,0.9673640167364017,0.981101068200493
0.9588581024349286,0.9560067681895094,0.9335634167385677,0.9281385281385282,0.9835526315789473,0.9827160493827161,0.9794913863822805,0.9658048373644704,0.9570345408593092,0.9543918918918919,0.9860541427399507,0.9852216748768473,0.9853181076672104,0.9649415692821369,0.9836065573770492
0.9666666666666667,0.9527027027027027,0.9409751924721984,0.9273356401384083,0.990228013029316,0.9852459016393442,0.9827727645611156,0.9700499168053245,0.9649415692821369,0.9571068124474348,0.9844134536505332,0.9926888708367181,0.9894050529747351,0.9700499168053245,0.9943227899432279
0.9614093959731543,0.9507640067911715,0.9306759098786829,0.9299913569576491,0.9877149877149877,0.9843621399176955,0.9827444535743632,0.966499162479062,0.9552742616033755,0.9552742616033755,0.9851973684210527,0.9827160493827161,0.9852459016393442,0.9673640167364017,0.9860541427399507
0.9655751469353484,0.9664429530201343,0.9432013769363167,0.927763272410792,0.9893355209187858,0.9851239669421488,0.9843621399176955,0.9689857502095558,0.9647058823529412,0.9559322033898305,0.9901315789473685,0.9893355209187858,0.9885245901639345,0.9646464646464646,0.9860312243221035
0.9640768588137009,0.9589958158995816,0.9437819420783645,0.9310344827586207,0.9853181076672104,0.9819376026272578,0.9885807504078303,0.9760528488852188,0.969243557772236,0.9675270607826811,0.9910496338486574,0.9886178861788618,0.990228013029316,0.9718076285240465,0.9869706840390879
0.9631490787269682,0.9409751924721984,0.9197207678883071,0.9090909090909091,0.9860997547015535,0.9810699588477366,0.9877350776778414,0.95878889823381,0.9498725573491928,0.9344827586206896,0.9852459016393442,0.9885807504078303,0.9869067103109657,0.9579124579124579,0.9869281045751634
0.9622799664710813,0.9427839453458582,0.9040852575488455,0.916083916083916,0.9818780889621087,0.9759336099585062,0.9844644317252658,0.9614093959731543,0.9509306260575296,0.9365351629502573,0.9818481848184818,0.9843878389482333,0.9861224489795918,0.9579124579124579,0.9844389844389845
0.9578414839797639,0.9463829787234043,0.9194395796847635,0.9183494293239683,0.9786184210526315,0.9835255354200988,0.9810387469084914,0.9630252100840336,0.9550466497031382,0.9532710280373832,0.9860312243221035,0.983633387888707,0.9860541427399507,0.9621530698065601,0.983633387888707
0.9577702702702703,0.9480851063829787,0.9312445604873804,0.9141856392294221,0.9809444904722452,0.9826014913007457,0.9852700490998363,0.964765100671141,0.9553496208930076,0.9482612383375743,0.9867986798679867,0.9893179950698439,0.9844389844389845,0.9638958858102435,0.9868852459016394
0.9624060150375939,0.9552742616033755,0.9208006962576153,0.9225413402959095,0.988599348534202,0.9860997547015535,0.983633387888707,0.969243557772236,0.9622799664710813,0.9622799664710813,0.9885807504078303,0.9902439024390244,0.9894222945484134,0.9675270607826811,0.9910641754670999
0.9631490787269682,0.9543918918918919,0.9398625429553265,0.9281385281385282,0.9860769860769861,0.986863711001642,0.9860997547015535,0.9682804674457429,0.9552742616033755,0.9543918918918919,0.986863711001642,0.988562091503268,0.9894050529747351,0.9630872483221476,0.9885807504078303
0.9588581024349286,0.947996589940324,0.9272097053726169,0.9195804195804196,0.9869067103109657,0.9785478547854786,0.9819376026272578,0.9640167364016736,0.9569620253164557,0.9578414839797639,0.9827444535743632,0.9860769860769861,0.9844389844389845,0.9605373635600336,0.9852459016393442
0.9615384615384616,0.9537426408746846,0.9357326478149101,0.9256055363321799,0.9844897959183674,0.9802955665024631,0.9828009828009828,0.9658617818484596,0.9606694560669456,0.9563025210084034,0.9844644317252658,0.9836601307189542,0.9852941176470589,0.9632721202003339,0.9853181076672104
0.970906068162926,0.9491525423728814,0.9317199654278306,0.913081650570676,0.9844389844389845,0.9793559042113955,0.9819376026272578,0.9614093959731543,0.9570345408593092,0.9454855195911414,0.9835526315789473,0.9827727645611156,0.9869281045751634,0.9605373635600336,0.983633387888707
0.9667221297836939,0.9561551433389545,0.9281385281385282,0.934819897084048,0.9893877551020408,0.9844134536505332,0.9869494290375204,0.9700499168053245,0.9615384615384616,0.9563025210084034,0.9926769731489016,0.99185667752443,0.9894222945484134,0.9674728940783986,0.9902120717781403
0.9621530698065601,0.9554247266610597,0.9232111692844677,0.9245446660884649,0.9877149877149877,0.9818481848184818,0.9844389844389845,0.9666666666666667,0.9640768588137009,0.9509306260575296,0.9893529893529893,0.9910204081632653,0.9860997547015535,0.9649415692821369,0.9819672131147541
0.9612141652613828,0.9482612383375743,0.9132743362831859,0.9036251105216623,0.9792874896437448,0.978369384359401,0.976897689768977,0.9613445378151261,0.9553496208930076,0.9374464438731791,0.9834437086092715,0.9834983498349835,0.9802631578947368,0.9622166246851386,0.9802631578947368
0.9639564124057,0.9588581024349286,0.9417808219178082,0.9244135534317984,0.9869067103109657,0.9852216748768473,0.9902439024390244,0.96843853820598,0.9631490787269682,0.9561551433389545,0.9901960784313726,0.9902120717781403,0.9918831168831169,0.96843853820598,0.9877949552481693
0.9667774086378738,0.9527027027027027,0.9152838427947598,0.9066901408450704,0.9811320754716981,0.9802955665024631,0.9828291087489779,0.9632721202003339,0.9483488569009314,0.9438775510204082,0.9852941176470589,0.9852941176470589,0.9819967266775778,0.9571788413098237,0.9861224489795918
0.9615384615384616,0.9613445378151261,0.936426116838488,0.9273356401384083,0.988562091503268,0.9844134536505332,0.9853181076672104,0.970954356846473,0.9666666666666667,0.9571068124474348,0.9893877551020408,0.99185667752443,0.9902597402597403,0.969243557772236,0.9926888708367181
0.9681208053691275,0.9443969204448246,0.9237510955302366,0.9074733096085409,0.9852216748768473,0.9842845326716294,0.9809760132340778,0.9540816326530612,0.9477292202227935,0.944110060189166,0.985962014863749,0.9835526315789473,0.9885057471264368,0.9540816326530612,0.9819078947368421
0.9640167364016736,0.9562289562289562,0.9363166953528399,0.9245446660884649,0.9860769860769861,0.9877149877149877,0.9877551020408163,0.9666110183639399,0.9553496208930076,0.9535864978902954,0.9901960784313726,0.99185667752443,0.9894050529747351,0.9648829431438127,0.9885807504078303
0.9605373635600336,0.9527824620573356,0.9354005167958657,0.9293103448275862,0.9902120717781403,0.9860541427399507,0.9828009828009828,0.9658048373644704,0.9597989949748744,0.9580536912751678,0.9885433715220949,0.9877350776778414,0.9877750611246944,0.9666666666666667,0.9927007299270073
0.9616026711185309,0.9515717926932881,0.9319552110249785,0.911169744942832,0.9819376026272578,0.9760528488852188,0.9844897959183674,0.959731543624161,0.9508474576271186,0.9481733220050977,0.9819376026272578,0.9827727645611156,0.9819967266775778,0.9535864978902954,0.9827727645611156
0.9605373635600336,0.9480851063829787,0.9224062772449869,0.9129287598944591,0.9827444535743632,0.9852216748768473,0.9777411376751854,0.9543918918918919,0.9489795918367347,0.9417808219178082,0.9835526315789473,0.9827444535743632,0.9827727645611156,0.9570345408593092,0.981101068200493
0.9751243781094527,0.9553496208930076,0.9354005167958657,0.9262792714657415,0.9860769860769861,0.9868852459016394,0.9910350448247759,0.9683333333333334,0.9622799664710813,0.9552742616033755,0.9860541427399507,0.99185667752443,0.9910350448247759,0.9683333333333334,0.9910496338486574
0.9541595925297114,0.9427839453458582,0.9153439153439153,0.9165935030728709,0.9818780889621087,0.979253112033195,0.9768595041322314,0.960470984020185,0.9506802721088435,0.9371231696813093,0.979253112033195,0.9810387469084914,0.9802306425041186,0.9534292972057579,0.9802955665024631
0.9648829431438127,0.9411764705882353,0.9102112676056338,0.9171752397558849,0.9827444535743632,0.9777043765483072,0.9769357495881383,0.9527824620573356,0.9447748513169074,0.9429787234042554,0.9810699588477366,0.9810699588477366,0.9794576828266228,0.9447748513169074,0.9802955665024631
0.9656903765690377,0.9483488569009314,0.9167397020157756,0.9092511013215859,0.9844389844389845,0.9801980198019802,0.9869067103109657,0.9657477025898078,0.9543918918918919,0.9436860068259386,0.9843878389482333,0.9860997547015535,0.9860769860769861,0.9561551433389545,0.9811320754716981
0.9622799664710813,0.9518987341772152,0.9197207678883071,0.925476603119584,0.9844389844389845,0.9827444535743632,0.9836065573770492,0.9614740368509213,0.9553496208930076,0.9473684210526315,0.9835796387520526,0.9860997547015535,0.9852700490998363,0.9588581024349286,0.9844644317252658
0.9717607973421927,0.9509306260575296,0.9399656946826758,0.9318377911993098,0.9877551020408163,0.9868852459016394,0.9893877551020408,0.969140950792327,0.9631490787269682,0.9543918918918919,0.9893704006541292,0.9910496338486574,0.9910350448247759,0.969140950792327,0.9885807504078303
0.9656328583403185,0.9533502968617472,0.9341421143847487,0.9148375768217735,0.985172981878089,0.9800995024875622,0.9785831960461285,0.960470984020185,0.9543147208121827,0.9480851063829787,0.9834710743801653,0.9843363561417972,0.9819376026272578,0.9613445378151261,0.9819078947368421
0.9605373635600336,0.9560067681895094,0.9334485738980121,0.911169744942832,0.9885245901639345,0.9784768211920529,0.9760528488852188,0.9587194608256108,0.9535080304311073,0.936426116838488,0.9851973684210527,0.9851973684210527,0.9819376026272578,0.956081081081081,0.9818780889621087
0.9674185463659147,0.9541595925297114,0.9360967184801382,0.92894280762565,0.990990990990991,0.985172981878089,0.9869281045751634,0.9708576186511241,0.9630872483221476,0.9587194608256108,0.9893355209187858,0.9934640522875817,0.9877551020408163,0.9656903765690377,0.9885433715220949
0.9673640167364017,0.948892674616695,0.9248251748251748,0.9297484822202949,0.986863711001642,0.9893179950698439,0.9877149877149877,0.962089300758214,0.9595278246205734,0.9533502968617472,0.9918032786885246,0.9893529893529893,0.9926650366748166,0.9647058823529412,0.9918433931484503
0.9701492537313433,0.9561551433389545,0.9282627484874676,0.9244135534317984,0.988599348534202,0.9860997547015535,0.9861224489795918,0.9675270607826811,0.9605373635600336,0.9552742616033755,0.9877551020408163,0.9894222945484134,0.9910641754670999,0.9649415692821369,0.988599348534202
0.9623430962343096,0.946199829205807,0.9146877748460862,0.925476603119584,0.9835255354200988,0.9843621399176955,0.9827727645611156,0.9604043807919124,0.9535864978902954,0.9491525423728814,0.9876948318293683,0.986863711001642,0.9852700490998363,0.9638958858102435,0.9851973684210527
0.9666666666666667,0.9596638655462185,0.9310344827586207,0.9242819843342036,0.9869494290375204,0.9860997547015535,0.990228013029316,0.9675270607826811,0.964824120603015,0.9534292972057579,0.9869281045751634,0.9894222945484134,0.990228013029316,0.9658048373644704,0.988599348534202
0.9605373635600336,0.9570345408593092,0.9407725321888412,0.9206625980819529,0.988562091503268,0.9851973684210527,0.9869067103109657,0.9673640167364017,0.9605373635600336,0.9535080304311073,0.9860312243221035,0.9877350776778414,0.988562091503268,0.9638958858102435,0.9902120717781403
0.9605373635600336,0.9560067681895094,0.9285714285714286,0.9141856392294221,0.9834983498349835,0.9809444904722452,0.9794238683127572,0.9638351555929352,0.9491525423728814,0.9473684210526315,0.9876543209876543,0.9860082304526749,0.981101068200493,0.9638351555929352,0.9835255354200988
0.9632107023411371,0.9527027027027027,0.9326424870466321,0.925476603119584,0.9860997547015535,0.9785123966942149,0.9827727645611156,0.9656903765690377,0.9614740368509213,0.9553496208930076,0.9877149877149877,0.9852700490998363,0.9860997547015535,0.9674185463659147,0.9844389844389845
0.9571788413098237,0.9639564124057,0.9427839453458582,0.9273356401384083,0.988562091503268,0.9844134536505332,0.9844897959183674,0.970954356846473,0.9700996677740864,0.957983193277311,0.9877350776778414,0.988562091503268,0.9886178861788618,0.970954356846473,0.9877551020408163
0.969140950792327,0.9579124579124579,0.9443969204448246,0.9261511728931364,0.9869067103109657,0.9860312243221035,0.9893877551020408,0.9751243781094527,0.97,0.964824120603015,0.9885245901639345,0.9902120717781403,0.9934959349593496,0.972568578553616,0.9926888708367181
0.9561551433389545,0.9444918872758327,0.9119718309859155,0.91005291005291,0.9860769860769861,0.9835526315789473,0.9852459016393442,0.9613445378151261,0.9471890971039182,0.9426860564585116,0.9868852459016394,0.9902120717781403,0.9902120717781403,0.9551986475063398,0.99185667752443
0.9568892645815723,0.9508474576271186,0.9241499564080209,0.9214659685863874,0.9868852459016394,0.9742310889443059,0.9818780889621087,0.9613445378151261,0.9543147208121827,0.9417808219178082,0.9843621399176955,0.9877149877149877,0.9852216748768473,0.9534292972057579,0.9835796387520526
0.9648829431438127,0.9374464438731791,0.9261511728931364,0.9032830523513753,0.9811320754716981,0.9827160493827161,0.9844134536505332,0.9534292972057579,0.9453924914675768,0.9444918872758327,0.9827160493827161,0.9861224489795918,0.9893877551020408,0.9507640067911715,0.9902439024390244
0.965,0.9447748513169074,0.9329896907216495,0.9237435008665511,0.9844644317252658,0.9828009828009828,0.9828291087489779,0.960735171261487,0.953664700926706,0.9474576271186441,0.9877750611246944,0.9861224489795918,0.9861450692746536,0.9589958158995816,0.9861450692746536
0.9534292972057579,0.9452054794520548,0.9237510955302366,0.9102112676056338,0.9843104872006606,0.9766666666666667,0.9777411376751854,0.9550466497031382,0.9445865302642796,0.940068493150685,0.9834437086092715,0.9884868421052632,0.9827727645611156,0.9497016197783461,0.9851973684210527
0.9589270746018441,0.9561551433389545,0.9381443298969072,0.9311531841652324,0.9910350448247759,0.9852216748768473,0.9844644317252658,0.9682804674457429,0.9624060150375939,0.9518987341772152,0.9893704006541292,0.9902120717781403,0.9877750611246944,0.9674185463659147,0.9877350776778414
0.9475465313028765,0.9439728353140917,0.9192006950477846,0.9210754553339116,0.9761316872427983,0.971900826446281,0.9794913863822805,0.9616026711185309,0.9466553767993227,0.9493243243243243,0.9819967266775778,0.9794913863822805,0.9786535303776683,0.9589958158995816,0.980327868852459
0.9667221297836939,0.9516539440203562,0.9446808510638298,0.9253472222222222,0.9860997547015535,0.9836065573770492,0.9844644317252658,0.9666666666666667,0.9605373635600336,0.9579124579124579,0.9844389844389845,0.9894050529747351,0.9894222945484134,0.9640768588137009,0.9877551020408163
0.9675270607826811,0.9535864978902954,0.9337919174548581,0.92894280762565,0.9886178861788618,0.9869281045751634,0.9852700490998363,0.9649415692821369,0.9622166246851386,0.9507640067911715,0.9869281045751634,0.9861450692746536,0.9852700490998363,0.9649415692821369,0.9836601307189542
0.9735973597359736,0.957983193277311,0.9358426005132592,0.9310344827586207,0.9894394800974817,0.9861450692746536,0.9886178861788618,0.9633333333333334,0.957983193277311,0.9482612383375743,0.9902597402597403,0.9853181076672104,0.9902597402597403,0.9624687239366139,0.9836601307189542
0.9622166246851386,0.9554247266610597,0.9363166953528399,0.9253472222222222,0.9852700490998363,0.9810387469084914,0.9835796387520526,0.9657477025898078,0.95878889823381,0.9552742616033755,0.9868852459016394,0.9877551020408163,0.9852459016393442,0.9640167364016736,0.9877750611246944
0.9656328583403185,0.9452991452991453,0.928695652173913,0.9165935030728709,0.9801652892561984,0.9792874896437448,0.9768211920529801,0.9630252100840336,0.9542372881355933,0.9506802721088435,0.985172981878089,0.9860312243221035,0.9835526315789473,0.9630252100840336,0.9843878389482333
0.9588581024349286,0.9427839453458582,0.9168853893263342,0.9073256840247131,0.9785831960461285,0.9810699588477366,0.9794238683127572,0.9552742616033755,0.9481733220050977,0.9436860068259386,0.9802306425041186,0.9836065573770492,0.9802631578947368,0.9552742616033755,0.9827727645611156
0.9638351555929352,0.9454855195911414,0.9296264118158123,0.9307958477508651,0.9876948318293683,0.9826589595375722,0.9852459016393442,0.9640167364016736,0.9595959595959596,0.9578414839797639,0.9876746096959738,0.9901800327332242,0.988562091503268,0.9570345408593092,0.9885807504078303
0.9605373635600336,0.9613445378151261,0.92894280762565,0.9363166953528399,0.9844134536505332,0.9835526315789473,0.9836065573770492,0.970906068162926,0.9639564124057,0.9587194608256108,0.9877149877149877,0.9852459016393442,0.9860997547015535,0.9717607973421927,0.9836065573770492
0.9648829431438127,0.9375534644995723,0.9335634167385677,0.9095697980684812,0.9810699588477366,0.9810387469084914,0.9869494290375204,0.9614740368509213,0.9456706281833617,0.9456706281833617,0.9843878389482333,0.9852459016393442,0.9852941176470589,0.9571068124474348,0.9852941176470589
0.9692946058091286,0.9482612383375743,0.9143356643356644,0.9217391304347826,0.9869494290375204,0.9769357495881383,0.9869494290375204,0.9624060150375939,0.9553496208930076,0.9446808510638298,0.9852941176470589,0.9877750611246944,0.9894222945484134,0.9597989949748744,0.9852941176470589
0.9597989949748744,0.9656328583403185,0.9365351629502573,0.9317199654278306,0.9819376026272578,0.9794238683127572,0.9819967266775778,0.96843853820598,0.9665551839464883,0.9525423728813559,0.9844389844389845,0.9860997547015535,0.9828291087489779,0.9667221297836939,0.9794576828266228
0.964765100671141,0.9505962521294719,0.9219982471516214,0.9127753303964757,0.9826589595375722,0.9767054908485857,0.9785478547854786,0.9682274247491639,0.9577702702702703,0.9515717926932881,0.9809444904722452,0.9876746096959738,0.9852459016393442,0.9612794612794613,0.9877149877149877
0.966499162479062,0.9473684210526315,0.9250871080139372,0.9222707423580786,0.981101068200493,0.9776304888152444,0.9835796387520526,0.9614093959731543,0.9621530698065601,0.9542372881355933,0.9801652892561984,0.981101068200493,0.9844134536505332,0.9605373635600336,0.9819967266775778
0.9717138103161398,0.949238578680203,0.9241499564080209,0.9187772925764193,0.9827727645611156,0.9860312243221035,0.9877350776778414,0.964824120603015,0.9570345408593092,0.9499575911789653,0.9893529893529893,0.9885807504078303,0.988562091503268,0.9622166246851386,0.9869494290375204
0.9726594863297432,0.9606694560669456,0.9436860068259386,0.927461139896373,0.9894050529747351,0.9877350776778414,0.9894222945484134,0.970954356846473,0.9624060150375939,0.9554247266610597,0.988562091503268,0.9885807504078303,0.9902439024390244,0.9658048373644704,0.9877750611246944
0.964824120603015,0.9454855195911414,0.9305555555555556,0.9198606271777003,0.986863711001642,0.9801324503311258,0.9852700490998363,0.964824120603015,0.954468802698145,0.9509306260575296,0.9901639344262295,0.9910057236304171,0.9836065573770492,0.9622166246851386,0.9869067103109657
0.9640167364016736,0.9571068124474348,0.9363166953528399,0.9273356401384083,0.9877350776778414,0.9877149877149877,0.9844389844389845,0.9683333333333334,0.9588581024349286,0.9509306260575296,0.9860541427399507,0.9844134536505332,0.9877551020408163,0.9691923397169026,0.9836065573770492
0.960470984020185,0.9491525423728814,0.9280138768430182,0.9226759339704604,0.9868852459016394,0.9793559042113955,0.9860997547015535,0.9614740368509213,0.954468802698145,0.9428815004262575,0.9818780889621087,0.9910204081632653,0.9869281045751634,0.959731543624161,0.990228013029316
0.9621530698065601,0.9594594594594594,0.9451114922813036,0.9334485738980121,0.990990990990991,0.9876543209876543,0.9843878389482333,0.9716193656093489,0.9690893901420217,0.9604043807919124,0.9901477832512315,0.9918166939443536,0.9877149877149877,0.9733333333333334,0.9918300653594772
0.9632721202003339,0.9435897435897436,0.9225413402959095,0.9198606271777003,0.988562091503268,0.9835796387520526,0.988599348534202,0.9614093959731543,0.9527027027027027,0.9509306260575296,0.9869067103109657,0.9893877551020408,0.9861224489795918,0.9605373635600336,0.9852459016393442
0.9667774086378738,0.9553496208930076,0.9320722269991402,0.9256055363321799,0.9894222945484134,0.983633387888707,0.9877949552481693,0.9744013212221305,0.9632721202003339,0.9597989949748744,0.9877750611246944,0.9877750611246944,0.9894394800974817,0.9718543046357616,0.9902439024390244
0.9684908789386402,0.9606694560669456,0.9421768707482994,0.9293103448275862,0.9869706840390879,0.9886178861788618,0.9910786699107867,0.9710504549214226,0.9641367806505421,0.965,0.9894394800974817,0.9910786699107867,0.9910786699107867,0.9701986754966887,0.9902597402597403
0.965,0.9563025210084034,0.92,0.934819897084048,0.9861224489795918,0.9819672131147541,0.9853181076672104,0.9667774086378738,0.9527824620573356,0.9589270746018441,0.983633387888707,0.9861224489795918,0.9861450692746536,0.960735171261487,0.9853181076672104
0.9631490787269682,0.9409751924721984,0.9262792714657415,0.9344827586206896,0.9827727645611156,0.9785478547854786,0.9802631578947368,0.9614740368509213,0.9578414839797639,0.9569620253164557,0.9827444535743632,0.9819376026272578,0.9819376026272578,0.9571068124474348,0.9844644317252658
0.9551227773073666,0.9514893617021276,0.9210526315789473,0.9156414762741653,0.9843363561417972,0.9775561097256857,0.9785478547854786,0.9577702702702703,0.9515717926932881,0.9497872340425532,0.9826302729528535,0.9826589595375722,0.9819078947368421,0.9577702702702703,0.9843878389482333
0.9666110183639399,0.9508474576271186,0.9280138768430182,0.921602787456446,0.9860769860769861,0.9877149877149877,0.9836065573770492,0.9657477025898078,0.95878889823381,0.9535080304311073,0.9835526315789473,0.988562091503268,0.9852700490998363,0.9666110183639399,0.9852700490998363
0.9596638655462185,0.9471890971039182,0.9270833333333334,0.9176882661996497,0.9827444535743632,0.9801980198019802,0.9852459016393442,0.9543147208121827,0.9525423728813559,0.9426860564585116,0.9835526315789473,0.9852459016393442,0.9860769860769861,0.9595959595959596,0.9835796387520526
0.9622799664710813,0.9543918918918919,0.937231298366294,0.9205240174672489,0.9894050529747351,0.9852216748768473,0.9869067103109657,0.9717138103161398,0.9639564124057,0.9578414839797639,0.9901960784313726,0.9910496338486574,0.9910350448247759,0.969140950792327,0.9894050529747351
0.9615384615384616,0.949238578680203,0.9282627484874676,0.9302325581395349,0.983633387888707,0.9802631578947368,0.9844644317252658,0.9632107023411371,0.9554247266610597,0.9527824620573356,0.981101068200493,0.983633387888707,0.9852941176470589,0.957983193277311,0.9852941176470589
0.9632721202003339,0.9464740866610025,0.9264069264069265,0.9171752397558849,0.9860997547015535,0.9860997547015535,0.988599348534202,0.9562289562289562,0.9501267962806424,0.9393680614859095,0.9852700490998363,0.9885807504078303,0.9910641754670999,0.959731543624161,0.9910496338486574
0.959731543624161,0.9510135135135135,0.9226759339704604,0.9151356080489939,0.9828009828009828,0.9752066115702479,0.9802955665024631,0.9624060150375939,0.9553496208930076,0.9464740866610025,0.9785831960461285,0.983633387888707,0.9819672131147541,0.9615384615384616,0.9819967266775778
0.9616026711185309,0.9614740368509213,0.9403747870528109,0.9356223175965666,0.9869706840390879,0.980327868852459,0.9836601307189542,0.9735973597359736,0.9675270607826811,0.957983193277311,0.9836601307189542,0.9869706840390879,0.9861450692746536,0.9693454846727423,0.9861450692746536
0.957983193277311,0.9397590361445783,0.9211908931698775,0.9121265377855887,0.9851973684210527,0.978441127694859,0.9802631578947368,0.960337552742616,0.9490662139219015,0.9418803418803419,0.9801324503311258,0.9835255354200988,0.981101068200493,0.9550466497031382,0.9851973684210527
0.9640768588137009,0.950210970464135,0.9383561643835616,0.9294320137693631,0.9852700490998363,0.9819376026272578,0.9819967266775778,0.9650582362728786,0.959866220735786,0.9537426408746846,0.9844389844389845,0.9877551020408163,0.9853181076672104,0.9659185369908562,0.9877949552481693
0.9571068124474348,0.9509306260575296,0.9208006962576153,0.9206625980819529,0.9819672131147541,0.9777411376751854,0.9819672131147541,0.9624060150375939,0.9561551433389545,0.9490662139219015,0.9836065573770492,0.9828009828009828,0.983633387888707,0.9615384615384616,0.980327868852459
0.9562289562289562,0.9473684210526315,0.9298701298701298,0.92,0.9844134536505332,0.9810387469084914,0.9802955665024631,0.9622799664710813,0.9545454545454546,0.9501267962806424,0.9868852459016394,0.9869067103109657,0.9869494290375204,0.9596638655462185,0.9836065573770492
0.9664429530201343,0.9472789115646258,0.9322916666666666,0.9306759098786829,0.9860541427399507,0.9826302729528535,0.986863711001642,0.9664429530201343,0.9595278246205734,0.9551227773073666,0.9901477832512315,0.9852216748768473,0.9893529893529893,0.9655751469353484,0.9835796387520526
0.9648829431438127,0.9543918918918919,0.9205240174672489,0.925476603119584,0.9901960784313726,0.9868852459016394,0.991869918699187,0.9726141078838174,0.9606035205364627,0.9571068124474348,0.9901960784313726,0.9951219512195122,0.9935064935064936,0.9683333333333334,0.9943135662063363
0.9588581024349286,0.9462915601023018,0.9307958477508651,0.9309153713298791,0.9860769860769861,0.9827160493827161,0.9785831960461285,0.9622166246851386,0.9605373635600336,0.9543918918918919,0.9868852459016394,0.9877350776778414,0.9827727645611156,0.9622166246851386,0.9852459016393442
0.9648829431438127,0.9497872340425532,0.9343696027633851,0.9203849518810149,0.9902120717781403,0.9843621399176955,0.9844389844389845,0.9708576186511241,0.9656328583403185,0.9604043807919124,0.9885245901639345,0.9877350776778414,0.9860997547015535,0.9682804674457429,0.9885807504078303
0.9535864978902954,0.9543147208121827,0.9217391304347826,0.928695652173913,0.9786535303776683,0.9802631578947368,0.9785831960461285,0.9640768588137009,0.9585798816568047,0.9541595925297114,0.9844389844389845,0.9828291087489779,0.9827727645611156,0.9632107023411371,0.980327868852459
0.962089300758214,0.9426860564585116,0.927637314734089,0.9270833333333334,0.9860082304526749,0.9876543209876543,0.9835796387520526,0.960470984020185,0.960470984020185,0.9462915601023018,0.9901477832512315,0.9834983498349835,0.9877350776778414,0.960470984020185,0.9869067103109657
0.9615384615384616,0.9563758389261745,0.9293103448275862,0.9209383145091226,0.9886178861788618,0.9844644317252658,0.988599348534202,0.9760923330585326,0.9632721202003339,0.9615384615384616,0.9902439024390244,0.9910786699107867,0.9918831168831169,0.9744013212221305,0.9918962722852512
0.965,0.957983193277311,0.9402730375426621,0.9356223175965666,0.9828009828009828,0.9828009828009828,0.9794913863822805,0.9659185369908562,0.9588581024349286,0.9623430962343096,0.9819672131147541,0.9877750611246944,0.9853181076672104,0.9667774086378738,0.9877949552481693
0.9580536912751678,0.9605373635600336,0.9309153713298791,0.9319552110249785,0.9877551020408163,0.9869067103109657,0.9852941176470589,0.9734660033167496,0.9666666666666667,0.9527027027027027,0.988562091503268,0.9894050529747351,0.988599348534202,0.9683333333333334,0.9885807504078303
0.9630252100840336,0.9471890971039182,0.9305555555555556,0.9156414762741653,0.9860541427399507,0.9818181818181818,0.9802306425041186,0.9595959595959596,0.9560067681895094,0.9524617996604414,0.9834983498349835,0.9852216748768473,0.9852459016393442,0.9613445378151261,0.9852700490998363
0.9665551839464883,0.964824120603015,0.9363166953528399,0.9297484822202949,0.9835796387520526,0.9835526315789473,0.9852216748768473,0.973421926910299,0.9682274247491639,0.9621530698065601,0.9835526315789473,0.9869067103109657,0.9885433715220949,0.97,0.9852459016393442
0.9588581024349286,0.9464740866610025,0.9327586206896552,0.9217391304347826,0.9802631578947368,0.9734660033167496,0.9718543046357616,0.9614740368509213,0.9562289562289562,0.9491525423728814,0.9802306425041186,0.9819376026272578,0.9777777777777777,0.9623430962343096,0.9769357495881383
0.9623430962343096,0.9354005167958657,0.9306759098786829,0.9084507042253521,0.9793559042113955,0.9767827529021559,0.9802955665024631,0.9569620253164557,0.9455782312925171,0.9473684210526315,0.9851973684210527,0.9843878389482333,0.9828009828009828,0.9534292972057579,0.9777043765483072
0.9632721202003339,0.9640768588137009,0.9401709401709402,0.9319552110249785,0.9828009828009828,0.9819376026272578,0.9844644317252658,0.9735099337748344,0.9683860232945092,0.957983193277311,0.9852700490998363,0.9852941176470589,0.983633387888707,0.9683860232945092,0.9844644317252658
0.9623430962343096,0.9482612383375743,0.9301121656600517,0.9217391304347826,0.9910496338486574,0.9802631578947368,0.9852700490998363,0.9623430962343096,0.9535864978902954,0.9518174133558749,0.9885807504078303,0.990228013029316,0.9910496338486574,0.9606035205364627,0.9869281045751634
0.9622166246851386,0.9482612383375743,0.9202453987730062,0.9114811568799299,0.986863711001642,0.9801324503311258,0.9828009828009828,0.9648829431438127,0.9554247266610597,0.9447748513169074,0.9818181818181818,0.9885245901639345,0.9869494290375204,0.9605373635600336,0.9885807504078303
0.9683333333333334,0.9481733220050977,0.9261511728931364,0.9138840070298769,0.9877551020408163,0.9810387469084914,0.9869067103109657,0.9665551839464883,0.9578414839797639,0.9516539440203562,0.9827160493827161,0.9877551020408163,0.9877350776778414,0.9639564124057,0.9869281045751634
0.9561551433389545,0.9414802065404475,0.9154929577464789,0.9195804195804196,0.978441127694859,0.9750415973377704,0.970906068162926,0.9488054607508533,0.9408740359897172,0.937231298366294,0.974188176519567,0.9758935993349959,0.9743164871582436,0.9497016197783461,0.9767441860465116
0.9632721202003339,0.9571068124474348,0.9374464438731791,0.9264069264069265,0.9794576828266228,0.976897689768977,0.9786184210526315,0.9666666666666667,0.9658048373644704,0.957983193277311,0.9785831960461285,0.9828009828009828,0.983633387888707,0.9683860232945092,0.9828009828009828
0.9639564124057,0.9509306260575296,0.92894280762565,0.9244135534317984,0.99185667752443,0.9843878389482333,0.9836065573770492,0.9632107023411371,0.9552742616033755,0.951735817104149,0.9868852459016394,0.988562091503268,0.9885807504078303,0.9614740368509213,0.9894222945484134
0.9657477025898078,0.9493243243243243,0.9336778639104221,0.9144851657940664,0.9860769860769861,0.9793899422918384,0.9811629811629812,0.9641965029142381,0.9572506286672254,0.9439728353140917,0.9844134536505332,0.988562091503268,0.9853181076672104,0.9624687239366139,0.9853181076672104
0.9647058823529412,0.9588581024349286,0.9379310344827586,0.9380378657487092,0.9844134536505332,0.9792874896437448,0.9851973684210527,0.9759336099585062,0.9699499165275459,0.9638958858102435,0.9843363561417972,0.9869067103109657,0.9893529893529893,0.9690893901420217,0.9844389844389845
0.9666110183639399,0.9499575911789653,0.9288194444444444,0.9159369527145359,0.9869067103109657,0.9901800327332242,0.9852459016393442,0.9621530698065601,0.9526226734348562,0.9499575911789653,0.9885245901639345,0.99185667752443,0.9910350448247759,0.9604043807919124,0.99185667752443
0.9630872483221476,0.9473684210526315,0.9371231696813093,0.9226759339704604,0.9868852459016394,0.986863711001642,0.9852700490998363,0.9622799664710813,0.957983193277311,0.9509306260575296,0.986863711001642,0.9885433715220949,0.9885807504078303,0.9640167364016736,0.9894050529747351
0.9630872483221476,0.9464740866610025,0.9381443298969072,0.9244135534317984,0.9835796387520526,0.9785123966942149,0.9860769860769861,0.9657477025898078,0.9579124579124579,0.9535080304311073,0.9827160493827161,0.9893877551020408,0.9893877551020408,0.9614093959731543,0.9885807504078303
0.9605373635600336,0.9561551433389545,0.937231298366294,0.9273356401384083,0.9885433715220949,0.9843878389482333,0.9860997547015535,0.9700499168053245,0.959731543624161,0.9553496208930076,0.9843878389482333,0.9868852459016394,0.9869281045751634,0.9640167364016736,0.9877350776778414
0.9650582362728786,0.9491525423728814,0.9293103448275862,0.9143356643356644,0.9786184210526315,0.9777777777777777,0.9778142974527527,0.9571788413098237,0.9510135135135135,0.9465648854961832,0.9760923330585326,0.9777777777777777,0.9794913863822805,0.9571788413098237,0.9811320754716981
0.9561551433389545,0.9516539440203562,0.9214659685863874,0.9167397020157756,0.9810699588477366,0.9776674937965261,0.9794238683127572,0.9631490787269682,0.9578414839797639,0.9453924914675768,0.9818780889621087,0.9819078947368421,0.9819376026272578,0.9622799664710813,0.981101068200493
0.9666110183639399,0.9490662139219015,0.9252173913043479,0.9195804195804196,0.9852700490998363,0.9751243781094527,0.9819078947368421,0.9656903765690377,0.9534292972057579,0.9507640067911715,0.9827160493827161,0.9836065573770492,0.9869067103109657,0.9595959595959596,0.9836065573770492
0.954468802698145,0.9523809523809523,0.9343696027633851,0.9261511728931364,0.9860541427399507,0.9818481848184818,0.9785831960461285,0.9673640167364017,0.9595959595959596,0.9534292972057579,0.986863711001642,0.9852216748768473,0.9844389844389845,0.9682274247491639,0.9843878389482333
0.9673640167364017,0.9552742616033755,0.94067067927773,0.9326424870466321,0.9877149877149877,0.9818181818181818,0.9827444535743632,0.9674185463659147,0.960470984020185,0.9569620253164557,0.9868421052631579,0.9918433931484503,0.9844134536505332,0.9656903765690377,0.9894050529747351
0.9596638655462185,0.9562289562289562,0.9290657439446367,0.9264069264069265,0.988562091503268,0.9869067103109657,0.9852941176470589,0.9692946058091286,0.9606035205364627,0.9562289562289562,0.9877350776778414,0.9893877551020408,0.9869494290375204,0.9667221297836939,0.9852941176470589
0.9576988155668359,0.9522998296422487,0.9313640312771503,0.9339130434782609,0.9852216748768473,0.9851485148514851,0.9784768211920529,0.9673093042749371,0.9636517328825022,0.9574829931972789,0.9884868421052632,0.9827160493827161,0.9860312243221035,0.9612141652613828,0.9819078947368421
0.9630252100840336,0.9498725573491928,0.9164467897977133,0.9168853893263342,0.985172981878089,0.9809760132340778,0.9819376026272578,0.9614093959731543,0.9472789115646258,0.9373390557939915,0.985172981878089,0.9876746096959738,0.9827727645611156,0.9614093959731543,0.9844134536505332
0.9623430962343096,0.9513236549957301,0.9267015706806283,0.9178321678321678,0.9884868421052632,0.9809444904722452,0.9752883031301482,0.9638958858102435,0.9535080304311073,0.9445865302642796,0.9876543209876543,0.9851485148514851,0.9811629811629812,0.9595278246205734,0.9835255354200988
0.9551986475063398,0.9365351629502573,0.9184925503943909,0.905393457117595,0.9810699588477366,0.9793217535153019,0.9810699588477366,0.9569620253164557,0.9454855195911414,0.9391602399314481,0.9826875515251443,0.9860769860769861,0.9852459016393442,0.9569620253164557,0.9869281045751634
0.9734660033167496,0.9500423370025403,0.9288194444444444,0.9163763066202091,0.9885245901639345,0.9876948318293683,0.9877949552481693,0.9675270607826811,0.9581239530988275,0.9563758389261745,0.986863711001642,0.9901800327332242,0.9894394800974817,0.9649415692821369,0.9877551020408163
0.9553496208930076,0.9439728353140917,0.9310344827586207,0.9264069264069265,0.9861450692746536,0.9802631578947368,0.9869281045751634,0.9640768588137009,0.9571068124474348,0.954468802698145,0.9827727645611156,0.9869706840390879,0.9877551020408163,0.957983193277311,0.9902597402597403
0.9586497890295359,0.9435897435897436,0.9267015706806283,0.9159369527145359,0.9876746096959738,0.9876543209876543,0.988562091503268,0.966499162479062,0.9499575911789653,0.9499575911789653,0.9893179950698439,0.990990990990991,0.9902120717781403,0.9621530698065601,0.9918433931484503
0.9499575911789653,0.9619611158072696,0.9379310344827586,0.9260226283724978,0.9826589595375722,0.9818181818181818,0.9810699588477366,0.960337552742616,0.9577702702702703,0.947098976109215,0.9860082304526749,0.9876746096959738,0.9827444535743632,0.9612141652613828,0.9885057471264368
0.9597989949748744,0.9545454545454546,0.9237435008665511,0.9293103448275862,0.9828009828009828,0.9794576828266228,0.9861450692746536,0.9650582362728786,0.9571788413098237,0.9483488569009314,0.9819672131147541,0.9877750611246944,0.9861450692746536,0.9616026711185309,0.9836601307189542
0.9674185463659147,0.9543147208121827,0.937231298366294,0.9307958477508651,0.9793559042113955,0.9860541427399507,0.9869067103109657,0.9666110183639399,0.9665551839464883,0.9630872483221476,0.9860541427399507,0.9893704006541292,0.988562091503268,0.9691923397169026,0.9902120717781403
0.9638351555929352,0.9535080304311073,0.9359861591695502,0.9334485738980121,0.9852216748768473,0.9843104872006606,0.9868852459016394,0.9699499165275459,0.9630252100840336,0.9586497890295359,0.9884868421052632,0.9860541427399507,0.9868852459016394,0.9690893901420217,0.9852700490998363
0.975973487986744,0.9552742616033755,0.9381443298969072,0.92894280762565,0.9877350776778414,0.9868852459016394,0.9893704006541292,0.9682804674457429,0.9595959595959596,0.956081081081081,0.9885433715220949,0.9926769731489016,0.9901960784313726,0.9682804674457429,0.9910350448247759
0.9630872483221476,0.9497016197783461,0.9240174672489083,0.925893635571055,0.9843878389482333,0.9801324503311258,0.9785123966942149,0.960337552742616,0.9541595925297114,0.9532710280373832,0.9843363561417972,0.9835526315789473,0.9835526315789473,0.9541595925297114,0.9810387469084914
0.9622166246851386,0.9522998296422487,0.9305555555555556,0.9260226283724978,0.985172981878089,0.9809760132340778,0.9819078947368421,0.9682274247491639,0.9595278246205734,0.9533502968617472,0.9826589595375722,0.9876746096959738,0.9835796387520526,0.9673640167364017,0.9843621399176955
0.9640768588137009,0.9571788413098237,0.9245446660884649,0.9264069264069265,0.9869494290375204,0.9836065573770492,0.9861224489795918,0.965,0.9614740368509213,0.9571068124474348,0.9860997547015535,0.9877750611246944,0.9894222945484134,0.9658617818484596,0.9886178861788618
0.9500423370025403,0.9488054607508533,0.927637314734089,0.9234782608695652,0.9810074318744839,0.9775561097256857,0.9760528488852188,0.9629005059021922,0.9508474576271186,0.9454855195911414,0.9817880794701986,0.9801652892561984,0.9794238683127572,0.9620253164556962,0.9818481848184818
0.95878889823381,0.9447748513169074,0.9336778639104221,0.9228100607111882,0.9860769860769861,0.9777043765483072,0.9844897959183674,0.9650582362728786,0.9554247266610597,0.9518987341772152,0.9844134536505332,0.9902120717781403,0.9844897959183674,0.9554995801847187,0.9828291087489779
0.9682804674457429,0.9490662139219015,0.9381443298969072,0.9197207678883071,0.9877149877149877,0.9885433715220949,0.9852700490998363,0.9614740368509213,0.9552742616033755,0.951735817104149,0.9852216748768473,0.9910204081632653,0.9910496338486574,0.9606035205364627,0.991869918699187
0.9572506286672254,0.9409751924721984,0.9121265377855887,0.9106830122591943,0.9785478547854786,0.9751655629139073,0.980327868852459,0.9535080304311073,0.9421768707482994,0.9303525365434222,0.9810699588477366,0.9844134536505332,0.9819967266775778,0.9552742616033755,0.9852459016393442
0.9674185463659147,0.9551986475063398,0.9326424870466321,0.9233449477351916,0.9901960784313726,0.9827160493827161,0.9818780889621087,0.9622166246851386,0.9569620253164557,0.9462915601023018,0.9810387469084914,0.9901960784313726,0.9868852459016394,0.964824120603015,0.9901960784313726
0.9641367806505421,0.9516539440203562,0.9203849518810149,0.9152838427947598,0.9827160493827161,0.9742310889443059,0.9769357495881383,0.964765100671141,0.9563025210084034,0.9465648854961832,0.9835255354200988,0.9843878389482333,0.9802955665024631,0.9638958858102435,0.9852216748768473
0.9648829431438127,0.9463829787234043,0.92894280762565,0.9262792714657415,0.9893877551020408,0.9835526315789473,0.9836065573770492,0.9640167364016736,0.9561551433389545,0.9526226734348562,0.9860541427399507,0.9910350448247759,0.9877551020408163,0.9605373635600336,0.991869918699187
0.9691923397169026,0.9518174133558749,0.9391602399314481,0.9198606271777003,0.9893877551020408,0.9835796387520526,0.9869281045751634,0.9683860232945092,0.957983193277311,0.9535864978902954,0.9844134536505332,0.9902120717781403,0.9910496338486574,0.9666666666666667,0.9935064935064936
0.9588581024349286,0.9483488569009314,0.9234782608695652,0.9248055315471045,0.9819078947368421,0.9768595041322314,0.9794913863822805,0.9597989949748744,0.9528619528619529,0.9457627118644067,0.9835796387520526,0.9835796387520526,0.9836601307189542,0.9554247266610597,0.9852941176470589
0.9638958858102435,0.9483488569009314,0.9306759098786829,0.921875,0.9835255354200988,0.9801652892561984,0.9802955665024631,0.9632721202003339,0.9554247266610597,0.9501267962806424,0.9776304888152444,0.9835255354200988,0.9811320754716981,0.9624060150375939,0.9811320754716981
0.9657477025898078,0.9491525423728814,0.9444918872758327,0.921602787456446,0.9836065573770492,0.9827160493827161,0.9869067103109657,0.97,0.95878889823381,0.9543918918918919,0.9843878389482333,0.9869281045751634,0.9902120717781403,0.9682804674457429,0.9926888708367181
0.95878889823381,0.9427839453458582,0.92894280762565,0.911169744942832,0.9802306425041186,0.9801980198019802,0.9836065573770492,0.95878889823381,0.9543918918918919,0.9499575911789653,0.9827160493827161,0.9844134536505332,0.9860997547015535,0.95878889823381,0.9852700490998363
0.9676348547717842,0.9563758389261745,0.9321888412017167,0.9266609145815358,0.9853181076672104,0.9877949552481693,0.9910786699107867,0.9693454846727423,0.9659185369908562,0.960735171261487,0.9886178861788618,0.9910786699107867,0.9910786699107867,0.9710504549214226,0.9910786699107867
0.9616026711185309,0.9506802721088435,0.9345955249569707,0.9337919174548581,0.9860769860769861,0.9835796387520526,0.9894394800974817,0.9674728940783986,0.959731543624161,0.957983193277311,0.9860769860769861,0.99185667752443,0.9902597402597403,0.9657477025898078,0.9893877551020408
0.970906068162926,0.9586497890295359,0.9299913569576491,0.927763272410792,0.9852700490998363,0.9785478547854786,0.9827444535743632,0.9700499168053245,0.9612141652613828,0.960337552742616,0.9802306425041186,0.9844389844389845,0.9860769860769861,0.9666110183639399,0.9844389844389845
0.9605373635600336,0.9464740866610025,0.936426116838488,0.9262792714657415,0.9836065573770492,0.9793899422918384,0.9836065573770492,0.9606035205364627,0.951735817104149,0.9472789115646258,0.9785478547854786,0.9860997547015535,0.9860997547015535,0.957983193277311,0.9819672131147541
0.9409751924721984,0.9426860564585116,0.9203849518810149,0.8948306595365418,0.9810074318744839,0.9690893901420217,0.9735099337748344,0.9595959595959596,0.9437819420783645,0.9374464438731791,0.9793217535153019,0.9843621399176955,0.9777411376751854,0.9551986475063398,0.9843878389482333
0.9606035205364627,0.9510135135135135,0.9264069264069265,0.9217391304347826,0.9844644317252658,0.9785831960461285,0.9819672131147541,0.9667221297836939,0.9640768588137009,0.9491525423728814,0.9836065573770492,0.9877750611246944,0.9844644317252658,0.965,0.9861450692746536
0.962089300758214,0.9444918872758327,0.9210526315789473,0.9146877748460862,0.9843621399176955,0.9826302729528535,0.9819078947368421,0.9595959595959596,0.9560067681895094,0.9407725321888412,0.9843104872006606,0.9860312243221035,0.9844134536505332,0.9551986475063398,0.9836065573770492
0.95878889823381,0.9639564124057,0.9334485738980121,0.9318377911993098,0.9901960784313726,0.9851973684210527,0.9844389844389845,0.975973487986744,0.9717607973421927,0.9614093959731543,0.9901800327332242,0.9901960784313726,0.9894050529747351,0.972568578553616,0.9893877551020408
0.9690893901420217,0.9535080304311073,0.9230769230769231,0.9156414762741653,0.9852459016393442,0.9818181818181818,0.9860541427399507,0.9586497890295359,0.9560067681895094,0.9371231696813093,0.9868421052631579,0.9877350776778414,0.9893704006541292,0.9586497890295359,0.9885807504078303
0.9637742207245156,0.9518174133558749,0.9340277777777778,0.9203849518810149,0.9835526315789473,0.9834437086092715,0.9843621399176955,0.9647058823529412,0.9551227773073666,0.9497872340425532,0.985962014863749,0.9860541427399507,0.9851973684210527,0.9638351555929352,0.9836065573770492
0.9523809523809523,0.9436860068259386,0.9295039164490861,0.9141856392294221,0.9843104872006606,0.9767054908485857,0.9794238683127572,0.9561551433389545,0.9464740866610025,0.9410760034158838,0.9817880794701986,0.9851485148514851,0.9802631578947368,0.9570345408593092,0.9835796387520526
0.9632721202003339,0.9554247266610597,0.9291882556131261,0.9192006950477846,0.9877551020408163,0.9844389844389845,0.9828291087489779,0.9641367806505421,0.9581239530988275,0.9519797809604044,0.9836065573770492,0.9885807504078303,0.9877949552481693,0.9606694560669456,0.9927007299270073
0.9553496208930076,0.946199829205807,0.9173989455184535,0.9102112676056338,0.9877149877149877,0.9809760132340778,0.9802631578947368,0.960337552742616,0.9570345408593092,0.9427839453458582,0.9868421052631579,0.9877149877149877,0.9844389844389845,0.960337552742616,0.9843878389482333
0.9675270607826811,0.9615384615384616,0.9410760034158838,0.9310344827586207,0.9828009828009828,0.9877551020408163,0.9860997547015535,0.9658048373644704,0.9606035205364627,0.957983193277311,0.9844389844389845,0.9844644317252658,0.9877551020408163,0.9675270607826811,0.9861224489795918
0.9656328583403185,0.9475465313028765,0.9306759098786829,0.9208006962576153,0.9819078947368421,0.9801652892561984,0.9869281045751634,0.9614740368509213,0.9535864978902954,0.9473684210526315,0.9818481848184818,0.9869067103109657,0.9852700490998363,0.959731543624161,0.9853181076672104
0.962089300758214,0.9552742616033755,0.9369057908383751,0.9226759339704604,0.9859851607584501,0.9817880794701986,0.9786184210526315,0.9640768588137009,0.9588581024349286,0.9527027027027027,0.9851485148514851,0.9884868421052632,0.983633387888707,0.9649415692821369,0.9827727645611156
0.9717607973421927,0.9553496208930076,0.9436860068259386,0.9236111111111112,0.9902120717781403,0.9827444535743632,0.9894050529747351,0.9683860232945092,0.954468802698145,0.9553496208930076,0.988562091503268,0.988562091503268,0.9910496338486574,0.9649415692821369,0.9860997547015535
0.9518174133558749,0.9480851063829787,0.9327586206896552,0.9159369527145359,0.9777043765483072,0.9777043765483072,0.9786184210526315,0.9606035205364627,0.9490662139219015,0.9472789115646258,0.9827444535743632,0.9827444535743632,0.9811320754716981,0.9562289562289562,0.9852700490998363
0.9507640067911715,0.9491525423728814,0.9305555555555556,0.9273356401384083,0.9827160493827161,0.9860082304526749,0.9860997547015535,0.969140950792327,0.9606035205364627,0.957983193277311,0.9876746096959738,0.9843878389482333,0.9860997547015535,0.969140950792327,0.9844389844389845
0.9453924914675768,0.946199829205807,0.9222707423580786,0.911660777385159,0.9860769860769861,0.9793217535153019,0.9768211920529801,0.9586497890295359,0.9514893617021276,0.9461077844311377,0.9818481848184818,0.9835796387520526,0.9810387469084914,0.9524617996604414,0.9802306425041186
0.96843853820598,0.9527027027027027,0.9356223175965666,0.9256055363321799,0.9910496338486574,0.9869281045751634,0.988599348534202,0.969243557772236,0.9624060150375939,0.9606694560669456,0.9894050529747351,0.991869918699187,0.9894222945484134,0.9683860232945092,0.9885807504078303
0.9589270746018441,0.9518987341772152,0.9320722269991402,0.921875,0.9844644317252658,0.9811320754716981,0.9819967266775778,0.9684908789386402,0.9589270746018441,0.9563025210084034,0.9869494290375204,0.9877750611246944,0.9853181076672104,0.9667774086378738,0.9844897959183674
0.965,0.957983193277311,0.9392643284858854,0.934819897084048,0.990228013029316,0.9860997547015535,0.9902439024390244,0.9752066115702479,0.9632721202003339,0.953664700926706,0.990228013029316,0.991869918699187,0.9927007299270073,0.9718076285240465,0.9910496338486574
0.9569620253164557,0.9531914893617022,0.9232111692844677,0.925893635571055,0.986863711001642,0.9843621399176955,0.9844134536505332,0.964824120603015,0.960337552742616,0.9550466497031382,0.9885245901639345,0.9860312243221035,0.9869067103109657,0.9622166246851386,0.9852216748768473
0.9691923397169026,0.9606694560669456,0.9373390557939915,0.9301121656600517,0.9869281045751634,0.9802306425041186,0.9877551020408163,0.9760528488852188,0.9614740368509213,0.9571068124474348,0.9869067103109657,0.9869281045751634,0.9885807504078303,0.969243557772236,0.9861224489795918
0.9588581024349286,0.9622166246851386,0.9435897435897436,0.9291882556131261,0.9893704006541292,0.9852216748768473,0.9836065573770492,0.9776674937965261,0.9649415692821369,0.9649415692821369,0.9885433715220949,0.9918433931484503,0.9885807504078303,0.9742738589211618,0.993485342019544
0.9632721202003339,0.9586497890295359,0.9290657439446367,0.9299913569576491,0.9844134536505332,0.9860769860769861,0.9861224489795918,0.9631490787269682,0.9570345408593092,0.951735817104149,0.9852459016393442,0.9877350776778414,0.9861224489795918,0.9614093959731543,0.9844134536505332
0.9752475247524752,0.9623430962343096,0.9438775510204082,0.9328743545611016,0.988599348534202,0.9902439024390244,0.9927007299270073,0.9718543046357616,0.9683860232945092,0.9623430962343096,0.9869494290375204,0.9927007299270073,0.9927007299270073,0.9727047146401985,0.9902439024390244
0.9648829431438127,0.9563758389261745,0.9355116079105761,0.9328743545611016,0.9828009828009828,0.9893877551020408,0.9860997547015535,0.9718076285240465,0.9675270607826811,0.9588581024349286,0.9902120717781403,0.988599348534202,0.991869918699187,0.9735099337748344,0.9902597402597403
0.9518174133558749,0.9357326478149101,0.9198606271777003,0.9170305676855895,0.9852941176470589,0.9752066115702479,0.9802955665024631,0.9571788413098237,0.9464740866610025,0.9428815004262575,0.9802631578947368,0.9819672131147541,0.9828009828009828,0.9554247266610597,0.9786535303776683
0.970954356846473,0.9535864978902954,0.9427839453458582,0.9319552110249785,0.990228013029316,0.9852459016393442,0.9927007299270073,0.9666666666666667,0.9562289562289562,0.9518174133558749,0.988562091503268,0.9910496338486574,0.9918831168831169,0.9623430962343096,0.9918831168831169
0.97,0.9435897435897436,0.9343696027633851,0.9214659685863874,0.9860541427399507,0.9826875515251443,0.9860997547015535,0.9640167364016736,0.9534292972057579,0.9525423728813559,0.9843621399176955,0.9893704006541292,0.9894050529747351,0.9648829431438127,0.9885807504078303
0.9580536912751678,0.94843617920541,0.9265341400172861,0.9163763066202091,0.983633387888707,0.9777777777777777,0.9761316872427983,0.9572506286672254,0.9519797809604044,0.9466553767993227,0.9819672131147541,0.9819672131147541,0.9786535303776683,0.9563758389261745,0.9786535303776683
0.9552742616033755,0.9419795221843004,0.9121265377855887,0.9222707423580786,0.9794913863822805,0.9760132340777502,0.9810699588477366,0.9622799664710813,0.9533502968617472,0.9506802721088435,0.9793899422918384,0.980327868852459,0.9785478547854786,0.9570345408593092,0.9794913863822805
0.9674728940783986,0.9473684210526315,0.9281385281385282,0.9159369527145359,0.9877551020408163,0.9844134536505332,0.981101068200493,0.9623430962343096,0.9570345408593092,0.9561551433389545,0.9835796387520526,0.9860997547015535,0.9877551020408163,0.9649415692821369,0.9802955665024631
0.95878889823381,0.9501267962806424,0.9272097053726169,0.9084507042253521,0.9844389844389845,0.9810699588477366,0.9836065573770492,0.9606035205364627,0.9527027027027027,0.9455782312925171,0.9844134536505332,0.9869281045751634,0.9877551020408163,0.9571068124474348,0.9869494290375204
0.9463829787234043,0.9462915601023018,0.9195804195804196,0.9110132158590308,0.9819078947368421,0.973421926910299,0.9827444535743632,0.9656903765690377,0.9578414839797639,0.9444918872758327,0.9810387469084914,0.9852459016393442,0.9852459016393442,0.9630872483221476,0.988562091503268
0.9708090075062552,0.959731543624161,0.9343696027633851,0.9317199654278306,0.9827444535743632,0.9826875515251443,0.9835526315789473,0.9708576186511241,0.964824120603015,0.9569620253164557,0.9851973684210527,0.9852459016393442,0.9860541427399507,0.9674185463659147,0.9827727645611156
0.95878889823381,0.960337552742616,0.946199829205807,0.9390557939914163,0.9876948318293683,0.9801652892561984,0.9827444535743632,0.9742310889443059,0.9742738589211618,0.9622166246851386,0.9901800327332242,0.9893529893529893,0.9877350776778414,0.9759336099585062,0.9893529893529893
0.9639564124057,0.9514066496163683,0.9357638888888888,0.9234782608695652,0.9867986798679867,0.9842584921292461,0.9802955665024631,0.9655751469353484,0.95878889823381,0.9499575911789653,0.9867768595041322,0.9893004115226337,0.9828009828009828,0.9655751469353484,0.9885245901639345
0.9691923397169026,0.9624060150375939,0.9272097053726169,0.9437819420783645,0.990228013029316,0.9877350776778414,0.990228013029316,0.976897689768977,0.9726594863297432,0.9683860232945092,0.9902120717781403,0.9935064935064936,0.9943227899432279,0.9752066115702479,0.9927007299270073
0.9666666666666667,0.9499575911789653,0.9327586206896552,0.9282627484874676,0.9869067103109657,0.9860769860769861,0.9877750611246944,0.9658048373644704,0.9606035205364627,0.9509306260575296,0.988562091503268,0.9902120717781403,0.988599348534202,0.9658048373644704,0.9885807504078303
0.9656903765690377,0.9563758389261745,0.9354005167958657,0.9262792714657415,0.9819672131147541,0.9810387469084914,0.9844134536505332,0.9700499168053245,0.9640167364016736,0.9543918918918919,0.9835526315789473,0.9869494290375204,0.9852459016393442,0.9691923397169026,0.9844897959183674
0.9606035205364627,0.9436860068259386,0.9309153713298791,0.9224062772449869,0.9828009828009828,0.9802306425041186,0.9836065573770492,0.9622799664710813,0.9551986475063398,0.9498725573491928,0.9827444535743632,0.9844644317252658,0.9852700490998363,0.95878889823381,0.9861224489795918
0.9578414839797639,0.9525423728813559,0.925764192139738,0.9206625980819529,0.9860312243221035,0.978405315614618,0.9844134536505332,0.9673093042749371,0.9570345408593092,0.9561551433389545,0.9851485148514851,0.9893529893529893,0.9860769860769861,0.9638351555929352,0.9885433715220949
0.9632107023411371,0.9649415692821369,0.9454855195911414,0.9328743545611016,0.9852700490998363,0.9860769860769861,0.9852941176470589,0.9718076285240465,0.9649415692821369,0.9623430962343096,0.9877350776778414,0.9844389844389845,0.9869494290375204,0.9700996677740864,0.9869494290375204
0.9571068124474348,0.9498725573491928,0.92894280762565,0.9299913569576491,0.9819078947368421,0.9801980198019802,0.9819376026272578,0.9630872483221476,0.9561551433389545,0.9526226734348562,0.9852216748768473,0.9877350776778414,0.9852700490998363,0.9587194608256108,0.9852459016393442
0.9535864978902954,0.9326424870466321,0.9073256840247131,0.9186351706036745,0.9827727645611156,0.9785478547854786,0.9852700490998363,0.9552742616033755,0.9444918872758327,0.9335634167385677,0.9793899422918384,0.9869281045751634,0.9827727645611156,0.9526226734348562,0.9827727645611156
0.9398625429553265,0.9551986475063398,0.9238845144356955,0.9205240174672489,0.9818481848184818,0.9724310776942355,0.9777043765483072,0.9621530698065601,0.9516539440203562,0.9444918872758327,0.9859851607584501,0.9851973684210527,0.9827444535743632,0.9595278246205734,0.9827444535743632
0.966499162479062,0.9408740359897172,0.9304347826086956,0.9205240174672489,0.986863711001642,0.9826302729528535,0.9877350776778414,0.9733777038269551,0.9630872483221476,0.9551986475063398,0.9884868421052632,0.9926530612244898,0.9893877551020408,0.9673640167364017,0.99185667752443
0.9527824620573356,0.9499575911789653,0.9273356401384083,0.9149868536371604,0.9844644317252658,0.976897689768977,0.9794576828266228,0.959731543624161,0.9543918918918919,0.9454855195911414,0.9852700490998363,0.9819672131147541,0.9844644317252658,0.957983193277311,0.983633387888707
0.9752066115702479,0.9545454545454546,0.9391602399314481,0.921875,0.990228013029316,0.9893877551020408,0.9877750611246944,0.9700996677740864,0.9563025210084034,0.9580536912751678,0.9910350448247759,0.991869918699187,0.9910641754670999,0.9649415692821369,0.9910641754670999
0.9542372881355933,0.961082910321489,0.9244288224956063,0.9241499564080209,0.9842845326716294,0.9833887043189369,0.9810387469084914,0.9688814129520605,0.9568892645815723,0.948892674616695,0.9842323651452282,0.9826014913007457,0.9810387469084914,0.9636517328825022,0.9817880794701986
0.954468802698145,0.9527027027027027,0.9408740359897172,0.934819897084048,0.9902120717781403,0.9860541427399507,0.9918831168831169,0.9726141078838174,0.9632721202003339,0.9571788413098237,0.9926650366748166,0.9910350448247759,0.993517017828201,0.9726141078838174,0.9894050529747351
0.9641367806505421,0.953664700926706,0.9320722269991402,0.9190600522193212,0.9861224489795918,0.9869494290375204,0.9894394800974817,0.9641965029142381,0.9589270746018441,0.9501267962806424,0.9918831168831169,0.9910641754670999,0.9894394800974817,0.9624687239366139,0.9886178861788618
0.9667221297836939,0.951735817104149,0.9428815004262575,0.9282627484874676,0.9860997547015535,0.9860997547015535,0.9869494290375204,0.969243557772236,0.9640768588137009,0.9614740368509213,0.9869281045751634,0.990228013029316,0.9894222945484134,0.9666666666666667,0.9926888708367181
0.9563758389261745,0.9543918918918919,0.9339055793991416,0.9347079037800687,0.9828009828009828,0.9794576828266228,0.9811629811629812,0.9641367806505421,0.959731543624161,0.9473684210526315,0.9819672131147541,0.9844644317252658,0.9811629811629812,0.9606694560669456,0.9828009828009828
0.9452054794520548,0.9455782312925171,0.9285714285714286,0.91005291005291,0.9776674937965261,0.9681208053691275,0.9768211920529801,0.9638958858102435,0.9426860564585116,0.9444918872758327,0.979253112033195,0.9776674937965261,0.9810387469084914,0.9612794612794613,0.9802631578947368
0.9667221297836939,0.947008547008547,0.9241499564080209,0.9159369527145359,0.9852216748768473,0.9801652892561984,0.9802955665024631,0.9595278246205734,0.9535080304311073,0.9436860068259386,0.9801652892561984,0.9868852459016394,0.9852941176470589,0.9586497890295359,0.9868852459016394
0.9571068124474348,0.959731543624161,0.9345955249569707,0.9105263157894737,0.9869067103109657,0.9802306425041186,0.9794913863822805,0.9710024855012428,0.9597989949748744,0.9527824620573356,0.9827444535743632,0.9860769860769861,0.9861450692746536,0.96843853820598,0.9877750611246944
0.9622166246851386,0.9540816326530612,0.9210526315789473,0.9233449477351916,0.9884868421052632,0.9826302729528535,0.9827727645611156,0.9690893901420217,0.9587194608256108,0.9489795918367347,0.9817880794701986,0.9884868421052632,0.9844389844389845,0.9656328583403185,0.9876948318293683
0.9545454545454546,0.9489795918367347,0.9113257243195786,0.9168853893263342,0.9852700490998363,0.9760528488852188,0.9819672131147541,0.959731543624161,0.9535080304311073,0.940068493150685,0.9877551020408163,0.9877551020408163,0.9828009828009828,0.9588581024349286,0.9860997547015535
0.9632107023411371,0.9490662139219015,0.9179755671902269,0.9194395796847635,0.9811629811629812,0.976897689768977,0.9777411376751854,0.9588581024349286,0.9533502968617472,0.9434931506849316,0.9827727645611156,0.9794913863822805,0.9836065573770492,0.954468802698145,0.9836601307189542
0.9682804674457429,0.9527027027027027,0.9317199654278306,0.9063604240282686,0.988562091503268,0.9835526315789473,0.9869067103109657,0.9657477025898078,0.951735817104149,0.9535080304311073,0.9877149877149877,0.9860769860769861,0.988562091503268,0.9631490787269682,0.9860997547015535
0.9615384615384616,0.9526226734348562,0.9326424870466321,0.9237435008665511,0.9860769860769861,0.9843878389482333,0.9861224489795918,0.9708576186511241,0.9615384615384616,0.9545454545454546,0.9885433715220949,0.9934959349593496,0.988599348534202,0.9682804674457429,0.9934959349593496
0.9716666666666667,0.9567430025445293,0.9360967184801382,0.926829268292683,0.9860082304526749,0.9818181818181818,0.9852700490998363,0.9631490787269682,0.9647058823529412,0.9505962521294719,0.9868421052631579,0.9860082304526749,0.9827727645611156,0.9622799664710813,0.9844134536505332
0.9683860232945092,0.9507640067911715,0.9234782608695652,0.9290657439446367,0.9860769860769861,0.9751655629139073,0.9828291087489779,0.9692946058091286,0.9622799664710813,0.9535080304311073,0.9844134536505332,0.9844134536505332,0.9836601307189542,0.9615384615384616,0.9819672131147541
0.9595278246205734,0.9499575911789653,0.927637314734089,0.9178321678321678,0.9843621399176955,0.9868204283360791,0.9802306425041186,0.9604043807919124,0.9570345408593092,0.9436860068259386,0.9893179950698439,0.9910057236304171,0.9860769860769861,0.9604043807919124,0.9877350776778414
0.9570345408593092,0.9527824620573356,0.936426116838488,0.9244135534317984,0.9769357495881383,0.9751655629139073,0.9819376026272578,0.9675270607826811,0.9614093959731543,0.9508474576271186,0.9793899422918384,0.9852941176470589,0.9860997547015535,0.969243557772236,0.9861450692746536
0.9602704987320372,0.9524617996604414,0.9367965367965368,0.9304347826086956,0.9835255354200988,0.9792186201163757,0.986863711001642,0.9673093042749371,0.9593908629441624,0.9549702633814783,0.985962014863749,0.9851973684210527,0.9835255354200988,0.9707602339181286,0.9819078947368421
0.9622799664710813,0.9527027027027027,0.9281385281385282,0.9167397020157756,0.9794576828266228,0.9785478547854786,0.9860769860769861,0.9570345408593092,0.9516539440203562,0.9399656946826758,0.9810699588477366,0.9811320754716981,0.9877350776778414,0.9579124579124579,0.9828009828009828
0.9595278246205734,0.9472789115646258,0.9241499564080209,0.9290657439446367,0.9885245901639345,0.9810074318744839,0.9877350776778414,0.9700499168053245,0.9596638655462185,0.9543918918918919,0.986863711001642,0.9918300653594772,0.9893877551020408,0.9640167364016736,0.9869067103109657
0.9571788413098237,0.9558573853989814,0.9241499564080209,0.9225413402959095,0.9876948318293683,0.9826875515251443,0.9769357495881383,0.9656328583403185,0.9570345408593092,0.9499575911789653,0.9843621399176955,0.9860312243221035,0.9828009828009828,0.9621530698065601,0.9876948318293683
0.959731543624161,0.9473684210526315,0.9336778639104221,0.9245446660884649,0.9827727645611156,0.9802306425041186,0.9844389844389845,0.9674728940783986,0.9571068124474348,0.9588581024349286,0.9852459016393442,0.9869281045751634,0.9869281045751634,0.9691923397169026,0.9852700490998363
0.9622799664710813,0.9553496208930076,0.9281385281385282,0.9299913569576491,0.9819376026272578,0.9802306425041186,0.9827444535743632,0.9640167364016736,0.9570345408593092,0.951735817104149,0.9819078947368421,0.9836065573770492,0.9860769860769861,0.9605373635600336,0.9869281045751634
0.9624060150375939,0.9571068124474348,0.9339055793991416,0.9299913569576491,0.9853181076672104,0.9786184210526315,0.9852941176470589,0.9658617818484596,0.95878889823381,0.9535080304311073,0.9802955665024631,0.9869706840390879,0.9869494290375204,0.9632721202003339,0.9869706840390879
0.957983193277311,0.9543918918918919,0.921602787456446,0.9170305676855895,0.9877350776778414,0.9768595041322314,0.9811320754716981,0.9640768588137009,0.9562289562289562,0.9473684210526315,0.9810699588477366,0.9869067103109657,0.9844644317252658,0.9640768588137009,0.9885807504078303
0.9683333333333334,0.9535080304311073,0.9373390557939915,0.921602787456446,0.9860769860769861,0.9877350776778414,0.9836065573770492,0.9666666666666667,0.9631490787269682,0.9561551433389545,0.9902120717781403,0.9869067103109657,0.9885807504078303,0.9683860232945092,0.9877551020408163
0.9717607973421927,0.9641367806505421,0.9444918872758327,0.9410760034158838,0.9844389844389845,0.9860541427399507,0.9869281045751634,0.9700499168053245,0.9649415692821369,0.9623430962343096,0.9877149877149877,0.9894050529747351,0.9869281045751634,0.9717607973421927,0.9852941176470589
0.9596638655462185,0.9505962521294719,0.9191564147627417,0.9244135534317984,0.9826589595375722,0.9767054908485857,0.9777411376751854,0.9655751469353484,0.9570345408593092,0.9454855195911414,0.9817880794701986,0.9834983498349835,0.981101068200493,0.962089300758214,0.9851973684210527
0.9606694560669456,0.9562289562289562,0.9339055793991416,0.9281385281385282,0.9811629811629812,0.9811320754716981,0.988599348534202,0.9632721202003339,0.9596638655462185,0.9490662139219015,0.9869494290375204,0.9894394800974817,0.9844644317252658,0.9632721202003339,0.9861450692746536
0.9580536912751678,0.9483488569009314,0.925476603119584,0.9201388888888888,0.9910496338486574,0.981101068200493,0.9811629811629812,0.9589270746018441,0.9519797809604044,0.950210970464135,0.9877551020408163,0.9926888708367181,0.9886178861788618,0.9597989949748744,0.9918831168831169
0.9567430025445293,0.9479077711357814,0.9105403011514615,0.9151943462897526,0.9784768211920529,0.9800995024875622,0.9767441860465116,0.962089300758214,0.9566694987255735,0.9395509499136442,0.9826302729528535,0.9784768211920529,0.9834983498349835,0.962089300758214,0.9793559042113955
0.9622799664710813,0.9526226734348562,0.9244135534317984,0.9232111692844677,0.9852941176470589,0.9810699588477366,0.9877551020408163,0.9700996677740864,0.9621530698065601,0.9586497890295359,0.9852459016393442,0.983633387888707,0.9852700490998363,0.9683860232945092,0.9861450692746536
0.964824120603015,0.9543147208121827,0.9380378657487092,0.9318377911993098,0.9901800327332242,0.9851973684210527,0.9852700490998363,0.9648829431438127,0.9605373635600336,0.9445865302642796,0.986863711001642,0.9885245901639345,0.9877551020408163,0.9640167364016736,0.9869067103109657
0.9604043807919124,0.9481733220050977,0.9250871080139372,0.921602787456446,0.9835255354200988,0.9733777038269551,0.9827444535743632,0.95878889823381,0.951735817104149,0.9454855195911414,0.9801652892561984,0.9826875515251443,0.9844134536505332,0.9596638655462185,0.9844134536505332
0.9700996677740864,0.9554247266610597,0.9464740866610025,0.9293103448275862,0.9877551020408163,0.9869281045751634,0.9861450692746536,0.9659185369908562,0.9606694560669456,0.9597989949748744,0.9827727645611156,0.9894050529747351,0.9869706840390879,0.9659185369908562,0.9886178861788618
0.9624060150375939,0.9597989949748744,0.9339055793991416,0.9293103448275862,0.9877750611246944,0.9819672131147541,0.9852941176470589,0.9692946058091286,0.9624060150375939,0.9510135135135135,0.9869494290375204,0.988599348534202,0.9852941176470589,0.9675810473815462,0.9902439024390244
0.9606035205364627,0.9416809605488851,0.9184925503943909,0.9198606271777003,0.9826875515251443,0.9818481848184818,0.9777777777777777,0.9551986475063398,0.9518174133558749,0.9482612383375743,0.9826875515251443,0.9818481848184818,0.9819672131147541,0.956081081081081,0.9818780889621087
0.9673093042749371,0.9549702633814783,0.9460154241645244,0.9321739130434783,0.9885245901639345,0.9876543209876543,0.9901639344262295,0.9741451209341118,0.9663299663299664,0.9706621961441744,0.9868204283360791,0.9918300653594772,0.990990990990991,0.9715719063545151,0.9901800327332242
0.9542372881355933,0.9477292202227935,0.9313640312771503,0.925893635571055,0.9826302729528535,0.979253112033195,0.9827160493827161,0.9629629629629629,0.9514893617021276,0.9505962521294719,0.9851485148514851,0.9868204283360791,0.9843878389482333,0.962089300758214,0.985172981878089
0.9637742207245156,0.9463829787234043,0.935064935064935,0.9210526315789473,0.9802306425041186,0.9859851607584501,0.9817880794701986,0.9672544080604534,0.9593908629441624,0.9576271186440678,0.9851485148514851,0.9852459016393442,0.9868204283360791,0.9637742207245156,0.9852459016393442
0.9700499168053245,0.9499575911789653,0.9380378657487092,0.9236111111111112,0.9893704006541292,0.9818481848184818,0.9844389844389845,0.9682804674457429,0.9614740368509213,0.954468802698145,0.9843621399176955,0.9877149877149877,0.9836065573770492,0.9674185463659147,0.9877350776778414
0.9641367806505421,0.9543147208121827,0.9382504288164666,0.9291882556131261,0.9852459016393442,0.9844134536505332,0.9828291087489779,0.9632107023411371,0.957983193277311,0.9482612383375743,0.9877350776778414,0.9860769860769861,0.9844897959183674,0.9649415692821369,0.9836065573770492
0.9656903765690377,0.9447748513169074,0.9334485738980121,0.9217391304347826,0.9910350448247759,0.9860312243221035,0.9877551020408163,0.9648829431438127,0.9509306260575296,0.9500423370025403,0.9910057236304171,0.988562091503268,0.9910496338486574,0.9570345408593092,0.988599348534202
0.9640768588137009,0.9545454545454546,0.9282627484874676,0.9291882556131261,0.9894222945484134,0.9802631578947368,0.9861224489795918,0.96843853820598,0.959731543624161,0.9518174133558749,0.9860997547015535,0.9894222945484134,0.9877750611246944,0.9667221297836939,0.9886178861788618
0.9570345408593092,0.9490662139219015,0.9205240174672489,0.9034543844109831,0.9844134536505332,0.9793559042113955,0.9819376026272578,0.9631490787269682,0.9570345408593092,0.9472789115646258,0.9835526315789473,0.9852459016393442,0.9852700490998363,0.9596638655462185,0.9844389844389845
0.9622166246851386,0.9548167092924126,0.9433962264150944,0.9331016507384883,0.9801652892561984,0.9775933609958506,0.9785831960461285,0.9622166246851386,0.9548936170212766,0.9584393553859203,0.9826589595375722,0.9818481848184818,0.9819376026272578,0.9613445378151261,0.9810699588477366
0.9667221297836939,0.9535864978902954,0.9365351629502573,0.9283865401207938,0.9869281045751634,0.9844389844389845,0.9886178861788618,0.9667221297836939,0.9563025210084034,0.953664700926706,0.9885807504078303,0.990228013029316,0.9877949552481693,0.9632721202003339,0.9877750611246944
0.9595959595959596,0.9483488569009314,0.9307958477508651,0.92894280762565,0.9744013212221305,0.973421926910299,0.975973487986744,0.9656903765690377,0.9569620253164557,0.9543147208121827,0.9793559042113955,0.9802955665024631,0.9793559042113955,0.9639564124057,0.983633387888707
0.9596638655462185,0.9508474576271186,0.9362068965517242,0.9197207678883071,0.9844134536505332,0.9835255354200988,0.9819376026272578,0.9674185463659147,0.9596638655462185,0.9526226734348562,0.9860312243221035,0.9835796387520526,0.9869281045751634,0.9682804674457429,0.9827727645611156
0.9527027027027027,0.9586497890295359,0.9355116079105761,0.9242819843342036,0.9844134536505332,0.9777043765483072,0.9777777777777777,0.9640768588137009,0.9578414839797639,0.956081081081081,0.9785478547854786,0.9852459016393442,0.9811320754716981,0.9632107023411371,0.9860997547015535
0.9690376569037656,0.9497872340425532,0.925764192139738,0.9232111692844677,0.9876746096959738,0.9843104872006606,0.9869067103109657,0.9682804674457429,0.9568892645815723,0.9533502968617472,0.9884868421052632,0.9876746096959738,0.9869067103109657,0.9622166246851386,0.9860769860769861
0.9543918918918919,0.9394714407502132,0.905393457117595,0.9047619047619048,0.9844389844389845,0.9810699588477366,0.9802955665024631,0.9563025210084034,0.9438775510204082,0.9420783645655877,0.9860769860769861,0.9827727645611156,0.983633387888707,0.9510135135135135,0.9853181076672104
0.9554995801847187,0.9588581024349286,0.9226759339704604,0.9238754325259516,0.9794238683127572,0.9777411376751854,0.9778142974527527,0.9640768588137009,0.9563758389261745,0.9448685326547922,0.9802631578947368,0.9877551020408163,0.9836601307189542,0.9675270607826811,0.9860997547015535
0.9658048373644704,0.9640167364016736,0.9427839453458582,0.9328743545611016,0.99185667752443,0.9877350776778414,0.9852700490998363,0.9743164871582436,0.969243557772236,0.9649415692821369,0.9902120717781403,0.99185667752443,0.990228013029316,0.9751655629139073,0.9902120717781403
0.9553496208930076,0.9479077711357814,0.9213286713286714,0.921602787456446,0.9818481848184818,0.9733777038269551,0.976897689768977,0.9656328583403185,0.9570345408593092,0.951735817104149,0.9826875515251443,0.9851973684210527,0.981101068200493,0.9612794612794613,0.9843621399176955
0.969243557772236,0.9474576271186441,0.9310344827586207,0.9102112676056338,0.9869706840390879,0.9827727645611156,0.9844389844389845,0.9640768588137009,0.9535080304311073,0.951735817104149,0.9844389844389845,0.9853181076672104,0.9869281045751634,0.9562289562289562,0.9861450692746536
0.9640167364016736,0.951735817104149,0.9362068965517242,0.9328743545611016,0.9818780889621087,0.9810074318744839,0.9828009828009828,0.9674728940783986,0.9606035205364627,0.9562289562289562,0.9860312243221035,0.9852216748768473,0.9852941176470589,0.9683333333333334,0.9869281045751634
0.97,0.9666666666666667,0.9354005167958657,0.938950988822012,0.988599348534202,0.9860541427399507,0.9885433715220949,0.9793559042113955,0.9716666666666667,0.9612794612794613,0.9901960784313726,0.988599348534202,0.9910204081632653,0.975973487986744,0.9910641754670999
0.9552742616033755,0.9407725321888412,0.9097345132743363,0.8995555555555556,0.9767827529021559,0.9792874896437448,0.9751655629139073,0.9505962521294719,0.9463829787234043,0.9327586206896552,0.985172981878089,0.9784768211920529,0.9777043765483072,0.9568162574089755,0.9767827529021559
0.9570345408593092,0.9551986475063398,0.9186351706036745,0.9175438596491228,0.9852700490998363,0.9810387469084914,0.9844134536505332,0.9656903765690377,0.9612794612794613,0.9542372881355933,0.9835526315789473,0.9877551020408163,0.9869067103109657,0.9613445378151261,0.9860997547015535
0.9584393553859203,0.961082910321489,0.9385281385281385,0.9311246730601569,0.9851485148514851,0.9825726141078838,0.9801652892561984,0.9664429530201343,0.9627749576988156,0.9583687340696686,0.9867768595041322,0.9826302729528535,0.9826875515251443,0.9594594594594594,0.9801980198019802
0.9716666666666667,0.9505119453924915,0.9387402933563417,0.9342560553633218,0.9893355209187858,0.9843104872006606,0.9877149877149877,0.9629629629629629,0.9576988155668359,0.9550466497031382,0.9851485148514851,0.9926410466067048,0.9893704006541292,0.960337552742616,0.9910057236304171
0.956081081081081,0.9472789115646258,0.9298701298701298,0.9280138768430182,0.9785478547854786,0.9768211920529801,0.9744013212221305,0.9632721202003339,0.9587194608256108,0.9543147208121827,0.9801980198019802,0.9768595041322314,0.9786184210526315,0.9615384615384616,0.9752883031301482
0.9648829431438127,0.9497872340425532,0.9138840070298769,0.9146877748460862,0.9793899422918384,0.9776674937965261,0.9793899422918384,0.9622166246851386,0.9621530698065601,0.9515717926932881,0.9801980198019802,0.9844134536505332,0.9810699588477366,0.9656903765690377,0.9844134536505332
0.9563758389261745,0.9481733220050977,0.9198606271777003,0.9265341400172861,0.981101068200493,0.976897689768977,0.980327868852459,0.9606035205364627,0.9518987341772152,0.9456706281833617,0.9819376026272578,0.9836065573770492,0.9819967266775778,0.959731543624161,0.9860997547015535
0.95878889823381,0.9454855195911414,0.9165935030728709,0.921602787456446,0.9802306425041186,0.9784768211920529,0.9827727645611156,0.9551986475063398,0.9490662139219015,0.9427839453458582,0.9818481848184818,0.9852459016393442,0.9852700490998363,0.9578414839797639,0.9827727645611156
0.9655751469353484,0.9473684210526315,0.9267015706806283,0.9232111692844677,0.9827444535743632,0.978405315614618,0.9801652892561984,0.9612141652613828,0.9524617996604414,0.9497872340425532,0.979253112033195,0.9860769860769861,0.9851973684210527,0.9576988155668359,0.9844389844389845
0.966499162479062,0.9527027027027027,0.9425878320479862,0.9390557939914163,0.9869067103109657,0.986863711001642,0.9852216748768473,0.9682804674457429,0.964824120603015,0.9665551839464883,0.9910057236304171,0.9877350776778414,0.9885433715220949,0.964824120603015,0.9852700490998363
0.9519797809604044,0.9518174133558749,0.921875,0.9256055363321799,0.988599348534202,0.9802955665024631,0.9828291087489779,0.9624060150375939,0.9545454545454546,0.949238578680203,0.9894222945484134,0.9877750611246944,0.9886178861788618,0.9589270746018441,0.988599348534202
0.9586497890295359,0.9523809523809523,0.9351771823681936,0.9313640312771503,0.9852216748768473,0.9834983498349835,0.9826875515251443,0.9664429530201343,0.9646464646464646,0.9576271186440678,0.9868421052631579,0.9860541427399507,0.986863711001642,0.9673093042749371,0.9877149877149877
0.9563025210084034,0.9526226734348562,0.9383561643835616,0.9272097053726169,0.983633387888707,0.9836065573770492,0.983633387888707,0.9606035205364627,0.9570345408593092,0.9552742616033755,0.9877551020408163,0.9869494290375204,0.9869494290375204,0.9658048373644704,0.9852941176470589
0.9595959595959596,0.9553496208930076,0.9381443298969072,0.9299913569576491,0.9844134536505332,0.9818780889621087,0.9860997547015535,0.969243557772236,0.9614093959731543,0.9622799664710813,0.9860541427399507,0.9877350776778414,0.9844389844389845,0.9683860232945092,0.9819672131147541
0.9638958858102435,0.9605373635600336,0.9380378657487092,0.9297484822202949,0.9860769860769861,0.9818481848184818,0.9868852459016394,0.9708576186511241,0.9656328583403185,0.9604043807919124,0.9818481848184818,0.9893877551020408,0.9877149877149877,0.9674185463659147,0.9869281045751634
0.9596638655462185,0.9551227773073666,0.9233449477351916,0.9186351706036745,0.9852216748768473,0.9776674937965261,0.9794576828266228,0.9640768588137009,0.9630872483221476,0.9534292972057579,0.9835526315789473,0.9877149877149877,0.983633387888707,0.9666666666666667,0.9852700490998363
0.962089300758214,0.9473684210526315,0.9378238341968912,0.9176882661996497,0.9818780889621087,0.9843104872006606,0.9852216748768473,0.9630252100840336,0.9543147208121827,0.9498725573491928,0.9868204283360791,0.9827160493827161,0.9852216748768473,0.9621530698065601,0.981101068200493
0.9666666666666667,0.9491525423728814,0.9290657439446367,0.92,0.9877350776778414,0.9785478547854786,0.9828009828009828,0.959731543624161,0.9563025210084034,0.9474576271186441,0.9852459016393442,0.9852459016393442,0.9861224489795918,0.9588581024349286,0.9869281045751634
0.9691923397169026,0.9655751469353484,0.9388458225667528,0.9418803418803419,0.9934640522875817,0.9893355209187858,0.9885807504078303,0.9801652892561984,0.9751655629139073,0.9683333333333334,0.990990990990991,0.9926410466067048,0.9910496338486574,0.9750830564784053,0.9934747145187602
0.9606694560669456,0.9473684210526315,0.9225413402959095,0.9220103986135182,0.9869067103109657,0.9802306425041186,0.9861450692746536,0.9588581024349286,0.9519797809604044,0.9430756159728122,0.9844134536505332,0.9943135662063363,0.9869706840390879,0.9614740368509213,0.9910496338486574
0.9667221297836939,0.9550466497031382,0.9282627484874676,0.9297484822202949,0.9860997547015535,0.9819376026272578,0.9861224489795918,0.9649415692821369,0.9604043807919124,0.9542372881355933,0.9844389844389845,0.9894050529747351,0.9877750611246944,0.9614740368509213,0.9869281045751634
0.9597989949748744,0.9518174133558749,0.9226759339704604,0.9209383145091226,0.9860997547015535,0.9827727645611156,0.9811629811629812,0.965,0.953664700926706,0.9510135135135135,0.9852700490998363,0.9869281045751634,0.9836601307189542,0.9589270746018441,0.9869494290375204
0.9648829431438127,0.9585097375105842,0.9297484822202949,0.9269565217391305,0.9934747145187602,0.9918300653594772,0.988562091503268,0.9673640167364017,0.9577702702702703,0.9568892645815723,0.9910057236304171,0.995114006514658,0.9934959349593496,0.9638958858102435,0.9942950285248574
0.9534292972057579,0.9427839453458582,0.9175438596491228,0.9036251105216623,0.9835255354200988,0.9793217535153019,0.9802955665024631,0.9562289562289562,0.9464740866610025,0.9356223175965666,0.9835255354200988,0.9860312243221035,0.9811320754716981,0.9571068124474348,0.9819376026272578
0.959731543624161,0.9454855195911414,0.9297484822202949,0.921875,0.9852216748768473,0.9810074318744839,0.9794576828266228,0.9656903765690377,0.949238578680203,0.953664700926706,0.9801652892561984,0.9835526315789473,0.9802955665024631,0.969140950792327,0.9860769860769861
0.9506802721088435,0.9550466497031382,0.9275109170305676,0.9173989455184535,0.9750830564784053,0.9766666666666667,0.9682804674457429,0.9646464646464646,0.9541595925297114,0.9461077844311377,0.97751873438801,0.9767827529021559,0.9751243781094527,0.9576271186440678,0.9785123966942149
0.966499162479062,0.9551986475063398,0.9334485738980121,0.9214659685863874,0.9851973684210527,0.9784768211920529,0.9827444535743632,0.9640167364016736,0.9595959595959596,0.9543147208121827,0.9801652892561984,0.9851973684210527,0.9835796387520526,0.9631490787269682,0.9877350776778414
0.9579124579124579,0.9527027027027027,0.9206625980819529,0.9272097053726169,0.9836065573770492,0.9785478547854786,0.9852700490998363,0.9666666666666667,0.95878889823381,0.9552742616033755,0.9860769860769861,0.9869281045751634,0.9877551020408163,0.9675270607826811,0.9852941176470589
0.9641367806505421,0.95878889823381,0.9273356401384083,0.9291882556131261,0.9827727645611156,0.9827727645611156,0.9844897959183674,0.9632721202003339,0.9614740368509213,0.9509306260575296,0.9860997547015535,0.9869281045751634,0.9869706840390879,0.9641367806505421,0.9894222945484134
0.9587194608256108,0.9452054794520548,0.9252173913043479,0.927763272410792,0.9843878389482333,0.975973487986744,0.9810699588477366,0.9631490787269682,0.9612141652613828,0.9594594594594594,0.9810387469084914,0.9843878389482333,0.9835796387520526,0.9605373635600336,0.9852459016393442
0.956081081081081,0.9562289562289562,0.9186351706036745,0.9140350877192982,0.9835796387520526,0.9818780889621087,0.9860769860769861,0.9614093959731543,0.9543918918918919,0.9409751924721984,0.9868852459016394,0.988562091503268,0.988562091503268,0.95878889823381,0.9877551020408163
0.9657477025898078,0.9535080304311073,0.9262792714657415,0.92894280762565,0.981101068200493,0.9810699588477366,0.9844134536505332,0.9631490787269682,0.9630872483221476,0.9489795918367347,0.9827444535743632,0.9827727645611156,0.9860769860769861,0.9648829431438127,0.9869281045751634
0.969140950792327,0.9579124579124579,0.937231298366294,0.9306759098786829,0.9836065573770492,0.9818780889621087,0.9885433715220949,0.9656903765690377,0.9586497890295359,0.9533502968617472,0.9852216748768473,0.9877551020408163,0.9860541427399507,0.9639564124057,0.9877551020408163
0.9631490787269682,0.9545454545454546,0.9327586206896552,0.921875,0.9869067103109657,0.9835796387520526,0.9869494290375204,0.9675810473815462,0.9597989949748744,0.9563025210084034,0.9852459016393442,0.9877350776778414,0.9852941176470589,0.96843853820598,0.9828009828009828
0.9527027027027027,0.9522998296422487,0.9213286713286714,0.9129287598944591,0.9793217535153019,0.9742310889443059,0.9785831960461285,0.9612794612794613,0.9534292972057579,0.9471890971039182,0.9784768211920529,0.9801652892561984,0.976897689768977,0.9595278246205734,0.9801652892561984
0.9561551433389545,0.9570345408593092,0.9317199654278306,0.9281385281385282,0.9852459016393442,0.9827160493827161,0.9785831960461285,0.9734660033167496,0.9683333333333334,0.9605373635600336,0.9901960784313726,0.9852459016393442,0.9869281045751634,0.9751655629139073,0.9869281045751634
0.9613445378151261,0.9531116794543905,0.9293809938971229,0.9252173913043479,0.9901315789473685,0.9851239669421488,0.9844389844389845,0.9681742043551089,0.956081081081081,0.9507640067911715,0.9893004115226337,0.9909613804437141,0.9860997547015535,0.9647058823529412,0.9885057471264368
0.9640768588137009,0.9448685326547922,0.9236111111111112,0.9311531841652324,0.9861224489795918,0.9869281045751634,0.9852941176470589,0.9597989949748744,0.9571788413098237,0.9483488569009314,0.9869281045751634,0.9894222945484134,0.9861224489795918,0.9615384615384616,0.9886178861788618
0.9656328583403185,0.9454855195911414,0.9232111692844677,0.9250871080139372,0.9844134536505332,0.9776304888152444,0.9801980198019802,0.9595959595959596,0.9560067681895094,0.9452991452991453,0.9818481848184818,0.9860769860769861,0.9860541427399507,0.9551986475063398,0.9827727645611156
0.9633333333333334,0.9456706281833617,0.9293103448275862,0.9135371179039301,0.9877750611246944,0.9828009828009828,0.9853181076672104,0.9580536912751678,0.9537426408746846,0.9421768707482994,0.9869494290375204,0.9910641754670999,0.9886178861788618,0.9571788413098237,0.9902439024390244
0.9577702702702703,0.9613445378151261,0.9269565217391305,0.9358752166377816,0.983633387888707,0.9810074318744839,0.9810074318744839,0.9725228975853455,0.9671993271656855,0.9548936170212766,0.9893529893529893,0.9852941176470589,0.986863711001642,0.9682274247491639,0.9844644317252658
0.9683333333333334,0.9615384615384616,0.9309153713298791,0.9345955249569707,0.9902439024390244,0.9910350448247759,0.99185667752443,0.9726141078838174,0.9631490787269682,0.9570345408593092,0.9902120717781403,0.9910641754670999,0.9934959349593496,0.9683333333333334,0.988599348534202
0.9631490787269682,0.9499575911789653,0.9195804195804196,0.9141856392294221,0.9835526315789473,0.9751243781094527,0.9852700490998363,0.9657477025898078,0.9562289562289562,0.9464740866610025,0.9835526315789473,0.9843878389482333,0.9860997547015535,0.9640167364016736,0.9869067103109657
0.9595959595959596,0.9532710280373832,0.9432989690721649,0.9234782608695652,0.9859851607584501,0.9834710743801653,0.9844389844389845,0.9630252100840336,0.9561551433389545,0.9526226734348562,0.9876543209876543,0.9901477832512315,0.9860997547015535,0.9630252100840336,0.9851973684210527
0.9552742616033755,0.946917808219178,0.9238845144356955,0.9071618037135278,0.9818181818181818,0.975,0.9701492537313433,0.9560067681895094,0.9489795918367347,0.9390557939914163,0.9800995024875622,0.9826589595375722,0.9760923330585326,0.9533502968617472,0.9801980198019802
0.965,0.9554247266610597,0.927461139896373,0.9293103448275862,0.9894222945484134,0.9828009828009828,0.9836601307189542,0.9650582362728786,0.9624060150375939,0.9571788413098237,0.9844644317252658,0.983633387888707,0.9869706840390879,0.9667774086378738,0.9836601307189542
0.9622799664710813,0.9464740866610025,0.9326424870466321,0.9073256840247131,0.9794238683127572,0.9793559042113955,0.981101068200493,0.9596638655462185,0.9508474576271186,0.9499575911789653,0.9827160493827161,0.9785831960461285,0.9819376026272578,0.9543918918918919,0.9802955665024631
0.9691923397169026,0.9562289562289562,0.9427839453458582,0.9301121656600517,0.9910350448247759,0.988562091503268,0.9885807504078303,0.970954356846473,0.9666666666666667,0.9623430962343096,0.9893877551020408,0.9926769731489016,0.9910496338486574,0.9700996677740864,0.9910496338486574
0.9604043807919124,0.9445865302642796,0.9314830875975716,0.9214659685863874,0.9835526315789473,0.978441127694859,0.9827444535743632,0.9639564124057,0.9507640067911715,0.9453924914675768,0.9860082304526749,0.9818780889621087,0.9869067103109657,0.9587194608256108,0.9802631578947368
0.9700996677740864,0.9589958158995816,0.9365351629502573,0.9294320137693631,0.9910496338486574,0.9894050529747351,0.9894394800974817,0.9693454846727423,0.9676348547717842,0.9554995801847187,0.9926888708367181,0.9910496338486574,0.9910786699107867,0.9710504549214226,0.9894394800974817
0.9641367806505421,0.9527824620573356,0.9181184668989547,0.9190600522193212,0.9811320754716981,0.9869494290375204,0.9828009828009828,0.9632721202003339,0.9554247266610597,0.9483488569009314,0.983633387888707,0.9877750611246944,0.9902439024390244,0.9624060150375939,0.9902439024390244
0.965,0.9535864978902954,0.9328743545611016,0.9302325581395349,0.9869281045751634,0.9827727645611156,0.980327868852459,0.9624060150375939,0.9554247266610597,0.9518987341772152,0.9836065573770492,0.9819376026272578,0.9861450692746536,0.9624060150375939,0.9844644317252658
0.9632107023411371,0.949238578680203,0.9178321678321678,0.9047619047619048,0.9785831960461285,0.9810699588477366,0.9802955665024631,0.959731543624161,0.9465648854961832,0.9357326478149101,0.9802306425041186,0.9802631578947368,0.9811320754716981,0.9535864978902954,0.9811320754716981
0.9630252100840336,0.9516539440203562,0.925893635571055,0.9202453987730062,0.9777043765483072,0.9792874896437448,0.9826875515251443,0.9594594594594594,0.9505962521294719,0.9488054607508533,0.9834983498349835,0.9835796387520526,0.9843621399176955,0.9576988155668359,0.9835796387520526
0.9650582362728786,0.9527824620573356,0.9376601195559351,0.9283865401207938,0.9877949552481693,0.9853181076672104,0.9853181076672104,0.9659185369908562,0.9615384615384616,0.9554247266610597,0.9861450692746536,0.9918962722852512,0.9886178861788618,0.9624687239366139,0.9910786699107867
0.9508474576271186,0.9507640067911715,0.9205240174672489,0.9186351706036745,0.9835796387520526,0.9801980198019802,0.9819376026272578,0.9648829431438127,0.9587194608256108,0.956081081081081,0.9885433715220949,0.9869067103109657,0.9860997547015535,0.9614093959731543,0.9869281045751634
0.960337552742616,0.9497872340425532,0.9240174672489083,0.9313640312771503,0.9835526315789473,0.9809760132340778,0.9801980198019802,0.9639564124057,0.9593908629441624,0.9514066496163683,0.9876746096959738,0.9852216748768473,0.9835526315789473,0.9622166246851386,0.9844389844389845
0.9588581024349286,0.9553496208930076,0.9309153713298791,0.925476603119584,0.9852700490998363,0.9860769860769861,0.9827727645611156,0.9640167364016736,0.9588581024349286,0.9553496208930076,0.9860769860769861,0.9894050529747351,0.990228013029316,0.9614093959731543,0.990228013029316
0.9605373635600336,0.9508474576271186,0.9354005167958657,0.9234782608695652,0.988562091503268,0.9868852459016394,0.9877350776778414,0.964824120603015,0.9579124579124579,0.9472789115646258,0.9860541427399507,0.9902120717781403,0.9877350776778414,0.9665551839464883,0.988562091503268
0.960735171261487,0.9570345408593092,0.9375534644995723,0.9347079037800687,0.9902439024390244,0.9869494290375204,0.9853181076672104,0.9641367806505421,0.9606035205364627,0.9632107023411371,0.988599348534202,0.9869494290375204,0.9886178861788618,0.9658617818484596,0.988599348534202
0.9561551433389545,0.9438775510204082,0.9234782608695652,0.9140350877192982,0.9811320754716981,0.9835796387520526,0.9869067103109657,0.9640167364016736,0.9570345408593092,0.951735817104149,0.9877350776778414,0.988599348534202,0.9877350776778414,0.9596638655462185,0.983633387888707
0.9563025210084034,0.9571068124474348,0.9283865401207938,0.9244135534317984,0.9819967266775778,0.9802955665024631,0.988599348534202,0.9667221297836939,0.95878889823381,0.9579124579124579,0.983633387888707,0.9902597402597403,0.9910641754670999,0.96843853820598,0.9918962722852512
0.9640167364016736,0.9401709401709402,0.9244135534317984,0.913081650570676,0.9877551020408163,0.9835796387520526,0.9869067103109657,0.9596638655462185,0.9535080304311073,0.9463829787234043,0.9877350776778414,0.991869918699187,0.9893877551020408,0.9605373635600336,0.9885807504078303
0.9657477025898078,0.9526226734348562,0.9354005167958657,0.9383561643835616,0.9877149877149877,0.9877149877149877,0.9869494290375204,0.9666666666666667,0.9614740368509213,0.9606035205364627,0.9893704006541292,0.9926650366748166,0.988599348534202,0.9683860232945092,0.9885807504078303
0.9605373635600336,0.9418803418803419,0.9149868536371604,0.9073256840247131,0.9877350776778414,0.9810699588477366,0.9819078947368421,0.9526226734348562,0.9454855195911414,0.9409751924721984,0.9810699588477366,0.9860769860769861,0.9860769860769861,0.9481733220050977,0.9869067103109657
0.9631490787269682,0.9552742616033755,0.9281385281385282,0.9270833333333334,0.9827727645611156,0.9785478547854786,0.9852700490998363,0.9649415692821369,0.9587194608256108,0.9525423728813559,0.9802306425041186,0.9860997547015535,0.9860997547015535,0.9623430962343096,0.9828009828009828
0.9615384615384616,0.9562289562289562,0.927461139896373,0.9282627484874676,0.988599348534202,0.983633387888707,0.9852941176470589,0.96843853820598,0.9614740368509213,0.9491525423728814,0.9877750611246944,0.988599348534202,0.9861224489795918,0.9632721202003339,0.9861224489795918
0.960337552742616,0.968013468013468,0.9411764705882353,0.9275109170305676,0.9851485148514851,0.9859154929577465,0.9843878389482333,0.9766666666666667,0.9671993271656855,0.9619611158072696,0.9892650701899257,0.9876543209876543,0.9860541427399507,0.97581317764804,0.9851973684210527
0.9690376569037656,0.9602704987320372,0.9313640312771503,0.928695652173913,0.9809444904722452,0.9817880794701986,0.9826589595375722,0.9681208053691275,0.9612141652613828,0.9514893617021276,0.9826302729528535,0.9851485148514851,0.9809760132340778,0.9663865546218487,0.9800995024875622
0.9648829431438127,0.9545454545454546,0.9234782608695652,0.927461139896373,0.9827444535743632,0.9844134536505332,0.983633387888707,0.9641367806505421,0.9597989949748744,0.9518987341772152,0.9852459016393442,0.9877350776778414,0.9869494290375204,0.9632721202003339,0.9869494290375204
0.9632721202003339,0.9518174133558749,0.9339055793991416,0.9208006962576153,0.9894222945484134,0.9852941176470589,0.9852941176470589,0.9658617818484596,0.9632107023411371,0.9571068124474348,0.9852941176470589,0.988599348534202,0.9877750611246944,0.965,0.9902439024390244
0.9640768588137009,0.9570345408593092,0.9252173913043479,0.918918918918919,0.9844134536505332,0.9843878389482333,0.9777411376751854,0.9656903765690377,0.9588581024349286,0.9518174133558749,0.9827160493827161,0.9810699588477366,0.9852700490998363,0.9639564124057,0.988562091503268
0.97,0.9462915601023018,0.9194395796847635,0.9176882661996497,0.9818780889621087,0.9784768211920529,0.9819078947368421,0.9551986475063398,0.9462915601023018,0.9399656946826758,0.9818481848184818,0.9835526315789473,0.9827444535743632,0.9569620253164557,0.9785478547854786
0.9638958858102435,0.9472789115646258,0.9316017316017317,0.9241499564080209,0.9844134536505332,0.9810074318744839,0.9852459016393442,0.9614093959731543,0.9586497890295359,0.9506802721088435,0.9818481848184818,0.9877350776778414,0.9869067103109657,0.9605373635600336,0.9869494290375204
0.9700499168053245,0.9562289562289562,0.9391602399314481,0.9262792714657415,0.9951377633711507,0.9877350776778414,0.9926769731489016,0.9717607973421927,0.9614093959731543,0.9640167364016736,0.9902120717781403,0.9935064935064936,0.9943135662063363,0.9674728940783986,0.9926888708367181
0.9632721202003339,0.9436860068259386,0.9272097053726169,0.9151356080489939,0.9827727645611156,0.9802306425041186,0.9828009828009828,0.9622799664710813,0.9473684210526315,0.9455782312925171,0.9810699588477366,0.9836065573770492,0.9828009828009828,0.9579124579124579,0.9836065573770492
0.959866220735786,0.9475465313028765,0.9321888412017167,0.9220103986135182,0.9853181076672104,0.980327868852459,0.9828291087489779,0.9624687239366139,0.9581239530988275,0.9554995801847187,0.9828291087489779,0.9861450692746536,0.9869706840390879,0.9624687239366139,0.9869706840390879
0.9594594594594594,0.9515717926932881,0.928695652173913,0.9213286713286714,0.9775933609958506,0.974188176519567,0.9743164871582436,0.9526226734348562,0.9506802721088435,0.9434931506849316,0.9801324503311258,0.9801324503311258,0.9760132340777502,0.9535080304311073,0.9810699588477366
0.9641965029142381,0.9561551433389545,0.9311531841652324,0.9291882556131261,0.9794576828266228,0.9777777777777777,0.9869706840390879,0.9658617818484596,0.9632107023411371,0.9606035205364627,0.983633387888707,0.988599348534202,0.9886178861788618,0.9675810473815462,0.988599348534202
0.9568892645815723,0.947996589940324,0.9305555555555556,0.9221347331583553,0.9768211920529801,0.9809760132340778,0.975973487986744,0.9612794612794613,0.9568162574089755,0.9461077844311377,0.9801324503311258,0.9810387469084914,0.9810387469084914,0.9612794612794613,0.9793899422918384
0.9589270746018441,0.936426116838488,0.918918918918919,0.9198606271777003,0.9794238683127572,0.9785831960461285,0.980327868852459,0.949238578680203,0.9428815004262575,0.9392643284858854,0.9735099337748344,0.9827727645611156,0.9828291087489779,0.9474576271186441,0.9828009828009828
0.9571788413098237,0.9553496208930076,0.925476603119584,0.9181184668989547,0.991869918699187,0.9785831960461285,0.9869706840390879,0.9744013212221305,0.9658617818484596,0.9518987341772152,0.9860997547015535,0.9926888708367181,0.9886178861788618,0.9701492537313433,0.9918831168831169
0.9527027027027027,0.9341421143847487,0.9081272084805654,0.906832298136646,0.9785478547854786,0.9801980198019802,0.9760528488852188,0.9507640067911715,0.9424892703862661,0.9388458225667528,0.9810387469084914,0.9793899422918384,0.9819376026272578,0.9507640067911715,0.9835796387520526
0.9615384615384616,0.9367521367521368,0.927461139896373,0.9209383145091226,0.9819967266775778,0.9769357495881383,0.983633387888707,0.9554247266610597,0.9483488569009314,0.9420783645655877,0.983633387888707,0.9869706840390879,0.9852941176470589,0.9554247266610597,0.9819967266775778
0.9682804674457429,0.9570345408593092,0.9381443298969072,0.9363166953528399,0.988562091503268,0.9852216748768473,0.9910350448247759,0.9666110183639399,0.9613445378151261,0.9587194608256108,0.9885433715220949,0.9902120717781403,0.9893877551020408,0.9631490787269682,0.9852700490998363
0.9570345408593092,0.9526226734348562,0.9343696027633851,0.9121265377855887,0.9835796387520526,0.9893529893529893,0.9835796387520526,0.9656328583403185,0.95878889823381,0.9472789115646258,0.9860312243221035,0.988562091503268,0.9869067103109657,0.9708090075062552,0.99185667752443
0.9710024855012428,0.9527027027027027,0.9355116079105761,0.9238754325259516,0.9902120717781403,0.9877350776778414,0.9886178861788618,0.9640768588137009,0.9572506286672254,0.9528619528619529,0.9877350776778414,0.9926769731489016,0.9877949552481693,0.9649415692821369,0.9885807504078303
0.970906068162926,0.9552742616033755,0.9371231696813093,0.9336778639104221,0.9902120717781403,0.9885245901639345,0.9860769860769861,0.9699499165275459,0.9622799664710813,0.9552742616033755,0.9910057236304171,0.9893877551020408,0.9893877551020408,0.9690893901420217,0.9893877551020408
0.9587194608256108,0.9497872340425532,0.9321739130434783,0.9170305676855895,0.9876543209876543,0.9834437086092715,0.9786184210526315,0.9630252100840336,0.9553496208930076,0.9500423370025403,0.9842845326716294,0.9851485148514851,0.9802955665024631,0.9586497890295359,0.9852216748768473
0.9676348547717842,0.9571068124474348,0.9312714776632303,0.9301121656600517,0.9819967266775778,0.9828291087489779,0.9828291087489779,0.9676348547717842,0.9614740368509213,0.9614740368509213,0.9844897959183674,0.9844897959183674,0.9869706840390879,0.9684908789386402,0.9869706840390879
0.9526226734348562,0.9499575911789653,0.9280138768430182,0.9272097053726169,0.9852459016393442,0.9793559042113955,0.9844389844389845,0.9657477025898078,0.9622799664710813,0.9561551433389545,0.9835526315789473,0.9852459016393442,0.9860997547015535,0.9648829431438127,0.9869281045751634
0.9632107023411371,0.9581239530988275,0.9356223175965666,0.9238754325259516,0.9894050529747351,0.9844389844389845,0.9844897959183674,0.9650582362728786,0.960735171261487,0.9519797809604044,0.9860997547015535,0.9894050529747351,0.9877949552481693,0.9650582362728786,0.9894394800974817
0.9666110183639399,0.9500423370025403,0.9344827586206896,0.9261511728931364,0.9819672131147541,0.9818780889621087,0.9860769860769861,0.97,0.9613445378151261,0.9578414839797639,0.9835526315789473,0.9861224489795918,0.9860769860769861,0.9656903765690377,0.9861224489795918
0.9622166246851386,0.9472789115646258,0.925893635571055,0.9102112676056338,0.9835526315789473,0.9809760132340778,0.9793899422918384,0.9586497890295359,0.9535080304311073,0.9499575911789653,0.9826589595375722,0.9810387469084914,0.9819078947368421,0.9560067681895094,0.9810699588477366
0.9595959595959596,0.9500423370025403,0.9296264118158123,0.9068541300527241,0.985172981878089,0.9775933609958506,0.9727497935590421,0.959731543624161,0.9493243243243243,0.9466553767993227,0.9801324503311258,0.9834983498349835,0.9761316872427983,0.954468802698145,0.9819376026272578
0.9561551433389545,0.9487179487179487,0.9211908931698775,0.9240174672489083,0.9801980198019802,0.978441127694859,0.9810699588477366,0.9612141652613828,0.9576988155668359,0.947008547008547,0.985172981878089,0.9810387469084914,0.9827444535743632,0.9612141652613828,0.9801980198019802
0.9595959595959596,0.9444918872758327,0.9230769230769231,0.9187772925764193,0.9860312243221035,0.9801324503311258,0.9827727645611156,0.9595959595959596,0.9481733220050977,0.9454855195911414,0.9834983498349835,0.9851973684210527,0.9844389844389845,0.9525423728813559,0.9860769860769861
0.9717607973421927,0.9525423728813559,0.9352890422778257,0.9318377911993098,0.9885433715220949,0.9843621399176955,0.9869281045751634,0.964824120603015,0.9614093959731543,0.9481733220050977,0.9876948318293683,0.993485342019544,0.9894050529747351,0.964824120603015,0.9893877551020408
0.9640768588137009,0.9497872340425532,0.9327586206896552,0.9280138768430182,0.9802306425041186,0.9793899422918384,0.9827727645611156,0.9666110183639399,0.9622166246851386,0.9587194608256108,0.9819078947368421,0.9869067103109657,0.9844389844389845,0.9683333333333334,0.9893877551020408
0.9682274247491639,0.9524617996604414,0.9314830875975716,0.9157894736842105,0.9918166939443536,0.9826589595375722,0.9819078947368421,0.960470984020185,0.9534292972057579,0.9408740359897172,0.9860082304526749,0.9901639344262295,0.9877350776778414,0.9525423728813559,0.9885433715220949
0.9716666666666667,0.9553496208930076,0.9541595925297114,0.9347079037800687,0.9910057236304171,0.9860082304526749,0.9852700490998363,0.9768595041322314,0.9700996677740864,0.9683860232945092,0.990990990990991,0.9893529893529893,0.990228013029316,0.9726141078838174,0.9910496338486574
0.9559322033898305,0.9453924914675768,0.9172535211267606,0.910856134157105,0.9835255354200988,0.9834710743801653,0.9827444535743632,0.960470984020185,0.9506802721088435,0.948892674616695,0.9859851607584501,0.9860312243221035,0.9835796387520526,0.9595959595959596,0.9844389844389845
0.9622799664710813,0.9508474576271186,0.9280138768430182,0.9307958477508651,0.9819376026272578,0.9852216748768473,0.9860769860769861,0.964824120603015,0.9613445378151261,0.9543147208121827,0.9893704006541292,0.9869281045751634,0.9869067103109657,0.9674185463659147,0.9860997547015535
0.9588581024349286,0.9534292972057579,0.92894280762565,0.9253472222222222,0.9852459016393442,0.9793559042113955,0.9819376026272578,0.9630872483221476,0.9596638655462185,0.9535080304311073,0.9843878389482333,0.9819078947368421,0.9827727645611156,0.9639564124057,0.9869067103109657
0.9613445378151261,0.9606694560669456,0.9417808219178082,0.9328743545611016,0.9844134536505332,0.9818780889621087,0.9852941176470589,0.9744013212221305,0.969243557772236,0.9571068124474348,0.9860541427399507,0.9877350776778414,0.9852941176470589,0.9752475247524752,0.9819967266775778
0.9666666666666667,0.9535864978902954,0.9336778639104221,0.9337919174548581,0.9819376026272578,0.9785478547854786,0.9836065573770492,0.9691923397169026,0.957983193277311,0.9571068124474348,0.9844134536505332,0.9869281045751634,0.9869281045751634,0.9691923397169026,0.9844389844389845
0.9674185463659147,0.9624060150375939,0.9269565217391305,0.9326424870466321,0.9861224489795918,0.9876948318293683,0.9918433931484503,0.9784768211920529,0.97,0.9534292972057579,0.9934747145187602,0.9918831168831169,0.9910204081632653,0.9767827529021559,0.988599348534202
0.9630872483221476,0.9551986475063398,0.9305555555555556,0.9244135534317984,0.9876948318293683,0.9801324503311258,0.9827727645611156,0.9639564124057,0.9561551433389545,0.9481733220050977,0.9885057471264368,0.9885245901639345,0.9852700490998363,0.9587194608256108,0.9852459016393442
0.9606694560669456,0.9614093959731543,0.940068493150685,0.9311531841652324,0.9827444535743632,0.9827444535743632,0.9828291087489779,0.9640768588137009,0.9554247266610597,0.9554247266610597,0.9785478547854786,0.988562091503268,0.9844897959183674,0.9666666666666667,0.990228013029316
0.956081081081081,0.9474576271186441,0.9195804195804196,0.918918918918919,0.9835796387520526,0.972568578553616,0.9794238683127572,0.9571068124474348,0.9455782312925171,0.9410760034158838,0.9793559042113955,0.9819078947368421,0.9827727645611156,0.9518174133558749,0.9802955665024631
0.9630872483221476,0.9526226734348562,0.9224062772449869,0.9250871080139372,0.981101068200493,0.9793559042113955,0.9827444535743632,0.9648829431438127,0.964765100671141,0.9524617996604414,0.9835526315789473,0.9827727645611156,0.9869067103109657,0.9691923397169026,0.9877750611246944
0.959731543624161,0.9543147208121827,0.9381443298969072,0.9347079037800687,0.9885433715220949,0.9835526315789473,0.9877750611246944,0.9683333333333334,0.959731543624161,0.9527027027027027,0.9877149877149877,0.9910204081632653,0.988599348534202,0.9648829431438127,0.988562091503268
0.948892674616695,0.9463829787234043,0.9333333333333333,0.9184925503943909,0.9877350776778414,0.978441127694859,0.9801980198019802,0.966499162479062,0.9551227773073666,0.9506802721088435,0.985172981878089,0.9844134536505332,0.9868852459016394,0.9586497890295359,0.9836065573770492
0.9707602339181286,0.9516539440203562,0.9333333333333333,0.9230769230769231,0.9901960784313726,0.9885057471264368,0.9901960784313726,0.964824120603015,0.960337552742616,0.9541595925297114,0.9951060358890701,0.9910204081632653,0.9918433931484503,0.9656903765690377,0.9860997547015535
0.9675810473815462,0.9545454545454546,0.9302325581395349,0.9217391304347826,0.9853181076672104,0.9828009828009828,0.9844644317252658,0.9675810473815462,0.9623430962343096,0.954468802698145,0.988599348534202,0.9853181076672104,0.9877750611246944,0.9675810473815462,0.9844897959183674
0.964824120603015,0.957983193277311,0.9408740359897172,0.9408740359897172,0.9852700490998363,0.9835526315789473,0.9827727645611156,0.9658048373644704,0.964824120603015,0.9578414839797639,0.9852216748768473,0.9852700490998363,0.9860997547015535,0.9683860232945092,0.9844897959183674
0.9567430025445293,0.9514893617021276,0.9238845144356955,0.9132743362831859,0.9810074318744839,0.9800995024875622,0.9768211920529801,0.956081081081081,0.9566694987255735,0.9486301369863014,0.979253112033195,0.9826875515251443,0.9810387469084914,0.9525423728813559,0.9827727645611156
0.9577702702702703,0.9401709401709402,0.9194395796847635,0.9168853893263342,0.9827160493827161,0.9784768211920529,0.9802306425041186,0.9631490787269682,0.9535080304311073,0.9481733220050977,0.9851973684210527,0.9827160493827161,0.9819078947368421,0.95878889823381,0.9819376026272578
0.9571788413098237,0.9482612383375743,0.9198606271777003,0.8920606601248885,0.9836065573770492,0.981101068200493,0.9802955665024631,0.957983193277311,0.9483488569009314,0.9465648854961832,0.9836065573770492,0.9877551020408163,0.983633387888707,0.959731543624161,0.9877551020408163
0.9632107023411371,0.9427839453458582,0.9290657439446367,0.9208006962576153,0.9852459016393442,0.9802306425041186,0.9852941176470589,0.9588581024349286,0.9509306260575296,0.9464740866610025,0.9819078947368421,0.9877350776778414,0.9844644317252658,0.9553496208930076,0.9860997547015535
0.9665551839464883,0.9489795918367347,0.9297484822202949,0.9205240174672489,0.9885433715220949,0.9818481848184818,0.9843878389482333,0.9638958858102435,0.9587194608256108,0.9489795918367347,0.9826875515251443,0.9885433715220949,0.9860541427399507,0.9595278246205734,0.9893704006541292
0.9673640167364017,0.9567430025445293,0.9377162629757786,0.9213286713286714,0.9884868421052632,0.985962014863749,0.9852216748768473,0.9672544080604534,0.9551227773073666,0.9568892645815723,0.9851239669421488,0.9893179950698439,0.9877149877149877,0.9646464646464646,0.9901639344262295
0.965,0.9623430962343096,0.9264069264069265,0.9162303664921466,0.9827727645611156,0.9802631578947368,0.9836601307189542,0.9641367806505421,0.9624060150375939,0.9474576271186441,0.9836065573770492,0.990228013029316,0.9844897959183674,0.9615384615384616,0.9877750611246944
0.9606694560669456,0.9421768707482994,0.92,0.9210754553339116,0.9852941176470589,0.9819672131147541,0.9828291087489779,0.9641965029142381,0.9537426408746846,0.9554995801847187,0.9852941176470589,0.9852941176470589,0.9836601307189542,0.9624687239366139,0.9844897959183674
0.970906068162926,0.9327586206896552,0.9222707423580786,0.8958147818343722,0.9843878389482333,0.9750830564784053,0.983633387888707,0.9570345408593092,0.9419795221843004,0.9446808510638298,0.9818481848184818,0.9852216748768473,0.9828009828009828,0.9499575911789653,0.976897689768977
0.9481733220050977,0.9356223175965666,0.9168853893263342,0.911169744942832,0.9735099337748344,0.9760132340777502,0.9786184210526315,0.9571788413098237,0.9499575911789653,0.9481733220050977,0.9810699588477366,0.9802631578947368,0.9802955665024631,0.9589270746018441,0.9778142974527527
0.9613445378151261,0.9543147208121827,0.9433962264150944,0.9280138768430182,0.9868852459016394,0.9868421052631579,0.9844134536505332,0.9682274247491639,0.964824120603015,0.9595959595959596,0.9885057471264368,0.9852216748768473,0.9852459016393442,0.966499162479062,0.9827444535743632
0.9700996677740864,0.9623430962343096,0.9327586206896552,0.9226759339704604,0.9877551020408163,0.9844134536505332,0.9852941176470589,0.976897689768977,0.9658048373644704,0.954468802698145,0.9852459016393442,0.9894050529747351,0.988599348534202,0.9743589743589743,0.988599348534202
0.9640167364016736,0.9630872483221476,0.9417808219178082,0.9373390557939915,0.9877149877149877,0.9843878389482333,0.9852700490998363,0.970906068162926,0.9622799664710813,0.9552742616033755,0.9910204081632653,0.9885433715220949,0.9885807504078303,0.9743164871582436,0.9860769860769861
0.9632721202003339,0.9553496208930076,0.9283865401207938,0.9245446660884649,0.9828009828009828,0.9802955665024631,0.9819672131147541,0.9735537190082645,0.9666666666666667,0.9614740368509213,0.9852941176470589,0.9844644317252658,0.9844644317252658,0.9760923330585326,0.988599348534202
0.9622799664710813,0.9500423370025403,0.9309153713298791,0.9206625980819529,0.9836065573770492,0.9802306425041186,0.9836065573770492,0.9666666666666667,0.9552742616033755,0.9535080304311073,0.9793899422918384,0.9852700490998363,0.9852700490998363,0.9666666666666667,0.9852941176470589
0.9620253164556962,0.9417808219178082,0.9313640312771503,0.9211908931698775,0.9876948318293683,0.9775561097256857,0.9843621399176955,0.964765100671141,0.9559322033898305,0.9505962521294719,0.9884868421052632,0.9860312243221035,0.9860312243221035,0.9612794612794613,0.9844134536505332
0.9623430962343096,0.9535864978902954,0.9356223175965666,0.9310344827586207,0.9885807504078303,0.9785831960461285,0.9844644317252658,0.9692946058091286,0.9640768588137009,0.9562289562289562,0.9827727645611156,0.9869281045751634,0.9877750611246944,0.965,0.9869494290375204
0.9658048373644704,0.9455782312925171,0.9356223175965666,0.9132340052585451,0.990228013029316,0.9844389844389845,0.9885807504078303,0.9606035205364627,0.9527027027027027,0.9509306260575296,0.9869281045751634,0.9885807504078303,0.990228013029316,0.9588581024349286,0.9877551020408163
0.9658048373644704,0.9510135135135135,0.9291882556131261,0.9143356643356644,0.9877551020408163,0.9819376026272578,0.9861450692746536,0.9616026711185309,0.9545454545454546,0.9429787234042554,0.9827727645611156,0.9926888708367181,0.9902597402597403,0.9581239530988275,0.9877949552481693
0.9569620253164557,0.9461077844311377,0.9313640312771503,0.9184925503943909,0.9860312243221035,0.9851485148514851,0.9868852459016394,0.9707112970711297,0.9586497890295359,0.9586497890295359,0.9868204283360791,0.9901800327332242,0.9918433931484503,0.9698492462311558,0.9901800327332242
0.9641965029142381,0.9597989949748744,0.9312714776632303,0.9246753246753247,0.9861450692746536,0.9819967266775778,0.9836601307189542,0.9667774086378738,0.9571788413098237,0.9527824620573356,0.9861450692746536,0.9869706840390879,0.9869706840390879,0.9624687239366139,0.9861450692746536
0.9622166246851386,0.9543918918918919,0.9278887923544744,0.9236111111111112,0.9835255354200988,0.9826875515251443,0.983633387888707,0.9649415692821369,0.959731543624161,0.9437819420783645,0.9843621399176955,0.9860312243221035,0.9828009828009828,0.9640768588137009,0.9860997547015535
0.9506802721088435,0.9570345408593092,0.9407725321888412,0.9390557939914163,0.9868852459016394,0.9826875515251443,0.9835526315789473,0.9674185463659147,0.964824120603015,0.9622166246851386,0.9860312243221035,0.9877149877149877,0.9885433715220949,0.9656903765690377,0.9869067103109657
0.9606035205364627,0.9461077844311377,0.9407725321888412,0.9178321678321678,0.9835255354200988,0.9826875515251443,0.9819376026272578,0.9612794612794613,0.9472789115646258,0.951735817104149,0.9860312243221035,0.9843621399176955,0.9844389844389845,0.9604043807919124,0.9860312243221035
0.9656903765690377,0.9452991452991453,0.9221347331583553,0.9242819843342036,0.9826875515251443,0.9843363561417972,0.9852216748768473,0.9629629629629629,0.9516539440203562,0.9489795918367347,0.9843363561417972,0.9851973684210527,0.9852216748768473,0.9585798816568047,0.9843621399176955
0.9657477025898078,0.9455782312925171,0.9244135534317984,0.909410729991205,0.9852459016393442,0.9835796387520526,0.981101068200493,0.9632107023411371,0.9571068124474348,0.9473684210526315,0.9827444535743632,0.9852459016393442,0.9844389844389845,0.9623430962343096,0.9844389844389845
0.9554247266610597,0.9508474576271186,0.9291882556131261,0.9336778639104221,0.9811320754716981,0.9794238683127572,0.9802955665024631,0.9700996677740864,0.9543918918918919,0.9640167364016736,0.9860997547015535,0.983633387888707,0.9828009828009828,0.9640768588137009,0.9828009828009828
0.9656903765690377,0.9444918872758327,0.9314830875975716,0.9197207678883071,0.986863711001642,0.9818181818181818,0.9810699588477366,0.9595278246205734,0.9499575911789653,0.9499575911789653,0.9893355209187858,0.9860312243221035,0.9860769860769861,0.9551227773073666,0.9818780889621087
0.9632721202003339,0.9563025210084034,0.9393680614859095,0.9293103448275862,0.9861224489795918,0.9861224489795918,0.9869494290375204,0.9675810473815462,0.9615384615384616,0.9580536912751678,0.988599348534202,0.9918831168831169,0.9910641754670999,0.9701492537313433,0.9918831168831169
0.9554247266610597,0.9465648854961832,0.9152838427947598,0.9152838427947598,0.9869494290375204,0.9744013212221305,0.9861224489795918,0.9692946058091286,0.9563025210084034,0.9474576271186441,0.983633387888707,0.9894222945484134,0.9861224489795918,0.9632721202003339,0.9910641754670999
0.9639564124057,0.9533502968617472,0.9260226283724978,0.926829268292683,0.9827444535743632,0.9843621399176955,0.9860541427399507,0.9630252100840336,0.9576988155668359,0.9497016197783461,0.9851973684210527,0.9827444535743632,0.9868852459016394,0.9604043807919124,0.9835796387520526
0.970906068162926,0.9579124579124579,0.9250871080139372,0.9318377911993098,0.9877350776778414,0.9893529893529893,0.9836065573770492,0.9708576186511241,0.9640167364016736,0.9508474576271186,0.9901800327332242,0.988562091503268,0.9877551020408163,0.9717138103161398,0.9869281045751634
0.9585798816568047,0.9578414839797639,0.9421915444348576,0.9325259515570934,0.9843621399176955,0.9817275747508306,0.9810074318744839,0.9697986577181208,0.9621530698065601,0.9533502968617472,0.9876135425268373,0.9860312243221035,0.9835255354200988,0.9697986577181208,0.9860541427399507
0.9673093042749371,0.9410760034158838,0.9230769230769231,0.9149868536371604,0.9826875515251443,0.985172981878089,0.9819078947368421,0.9605373635600336,0.9552742616033755,0.9472789115646258,0.9860082304526749,0.9876948318293683,0.9860769860769861,0.9561551433389545,0.9860997547015535
0.95878889823381,0.9455782312925171,0.9354005167958657,0.9270833333333334,0.9811320754716981,0.9793559042113955,0.9827444535743632,0.9682804674457429,0.960470984020185,0.9551986475063398,0.9793559042113955,0.9828009828009828,0.9860769860769861,0.964824120603015,0.9828009828009828
0.970906068162926,0.9525423728813559,0.9309153713298791,0.9252173913043479,0.9819078947368421,0.9844134536505332,0.9836065573770492,0.9666666666666667,0.960470984020185,0.9569620253164557,0.9852459016393442,0.9860769860769861,0.9852700490998363,0.9649415692821369,0.9860997547015535
0.9623430962343096,0.9463829787234043,0.9234782608695652,0.9176882661996497,0.9844644317252658,0.9827444535743632,0.9844389844389845,0.9640167364016736,0.9587194608256108,0.9489795918367347,0.9852459016393442,0.9852941176470589,0.9877551020408163,0.9596638655462185,0.9869494290375204
0.9717607973421927,0.9500423370025403,0.9344827586206896,0.9181184668989547,0.9901960784313726,0.9868852459016394,0.9811629811629812,0.9606694560669456,0.9501267962806424,0.9501267962806424,0.9852216748768473,0.9885433715220949,0.9844897959183674,0.9580536912751678,0.983633387888707
0.9595278246205734,0.951735817104149,0.9296264118158123,0.9187772925764193,0.9843621399176955,0.9843363561417972,0.9810699588477366,0.9622166246851386,0.9508474576271186,0.9508474576271186,0.9885057471264368,0.9851973684210527,0.9835796387520526,0.9551986475063398,0.9852459016393442
0.9614093959731543,0.9562289562289562,0.9327586206896552,0.9140350877192982,0.9926888708367181,0.9852459016393442,0.988562091503268,0.970906068162926,0.9579124579124579,0.9535080304311073,0.988562091503268,0.9885807504078303,0.9926769731489016,0.9666110183639399,0.9894050529747351
0.9632107023411371,0.9493243243243243,0.9198606271777003,0.9105263157894737,0.9802955665024631,0.9785831960461285,0.9802955665024631,0.9667221297836939,0.9615384615384616,0.9474576271186441,0.9819376026272578,0.9828009828009828,0.9861224489795918,0.9615384615384616,0.9869706840390879
0.9675810473815462,0.9541595925297114,0.9269565217391305,0.9226759339704604,0.9835255354200988,0.9810074318744839,0.9836601307189542,0.964824120603015,0.9571068124474348,0.9500423370025403,0.9826875515251443,0.9885245901639345,0.9844897959183674,0.9622166246851386,0.9877149877149877
0.9708090075062552,0.9614093959731543,0.9351771823681936,0.9335634167385677,0.9910204081632653,0.9893355209187858,0.9918433931484503,0.9725228975853455,0.969140950792327,0.9639564124057,0.9901639344262295,0.993485342019544,0.9943043124491456,0.9742310889443059,0.9926769731489016
0.9666666666666667,0.9545454545454546,0.921602787456446,0.9256055363321799,0.9860997547015535,0.9869067103109657,0.9877750611246944,0.9649415692821369,0.9563025210084034,0.953664700926706,0.9852459016393442,0.9877551020408163,0.9894222945484134,0.9649415692821369,0.9902439024390244
0.9700499168053245,0.9563025210084034,0.9363166953528399,0.9294320137693631,0.9852216748768473,0.9835526315789473,0.9886178861788618,0.9658617818484596,0.9554995801847187,0.9537426408746846,0.9860541427399507,0.9877149877149877,0.9861450692746536,0.9632721202003339,0.9852941176470589
0.9543147208121827,0.9490662139219015,0.9306759098786829,0.9233449477351916,0.9852459016393442,0.9851973684210527,0.9869067103109657,0.9587194608256108,0.9534292972057579,0.9408740359897172,0.986863711001642,0.9852459016393442,0.9869067103109657,0.9578414839797639,0.9844389844389845
0.9658048373644704,0.9463829787234043,0.9373390557939915,0.9299913569576491,0.9860997547015535,0.9777043765483072,0.9861224489795918,0.9666666666666667,0.9596638655462185,0.9508474576271186,0.9819078947368421,0.9885807504078303,0.988599348534202,0.9588581024349286,0.9861224489795918
0.956081081081081,0.9571068124474348,0.9326424870466321,0.9175438596491228,0.9802955665024631,0.9776674937965261,0.9810387469084914,0.97,0.9604043807919124,0.9560067681895094,0.9827160493827161,0.983633387888707,0.9868852459016394,0.9639564124057,0.983633387888707
0.9595959595959596,0.9464740866610025,0.9298701298701298,0.918918918918919,0.9818780889621087,0.9793559042113955,0.9844644317252658,0.9597989949748744,0.9482612383375743,0.9527027027027027,0.9835526315789473,0.9860541427399507,0.9852941176470589,0.9563025210084034,0.9819672131147541
0.9543918918918919,0.9523809523809523,0.9098939929328622,0.910856134157105,0.9818780889621087,0.9793217535153019,0.9786184210526315,0.9622799664710813,0.9595278246205734,0.947098976109215,0.9810074318744839,0.9852216748768473,0.9794576828266228,0.9657477025898078,0.9827727645611156
0.9658048373644704,0.9392643284858854,0.9374464438731791,0.9073256840247131,0.9861224489795918,0.9827727645611156,0.9836065573770492,0.9562289562289562,0.9499575911789653,0.9508474576271186,0.9844389844389845,0.9894222945484134,0.9885807504078303,0.957983193277311,0.9877750611246944
0.9553496208930076,0.948892674616695,0.9205240174672489,0.9129287598944591,0.9844134536505332,0.9751243781094527,0.9786184210526315,0.9596638655462185,0.9489795918367347,0.9489795918367347,0.9860541427399507,0.9877350776778414,0.9852941176470589,0.9579124579124579,0.9836065573770492
0.9620253164556962,0.9427839453458582,0.9218612818261633,0.910856134157105,0.9826875515251443,0.9800664451827242,0.9835255354200988,0.960337552742616,0.9515717926932881,0.947098976109215,0.9842845326716294,0.986863711001642,0.9851973684210527,0.9585798816568047,0.9802306425041186
0.9612141652613828,0.9568892645815723,0.9240174672489083,0.9211908931698775,0.9843621399176955,0.978441127694859,0.9869067103109657,0.9666110183639399,0.9638351555929352,0.9497016197783461,0.9868421052631579,0.9893529893529893,0.9893877551020408,0.9631490787269682,0.9852700490998363
0.959731543624161,0.949238578680203,0.9236111111111112,0.925476603119584,0.988599348534202,0.9827727645611156,0.9844644317252658,0.9624060150375939,0.957983193277311,0.9473684210526315,0.9869281045751634,0.9894222945484134,0.9877750611246944,0.9632721202003339,0.9869706840390879
0.9597989949748744,0.9543918918918919,0.925476603119584,0.9273356401384083,0.9869281045751634,0.9777411376751854,0.9869494290375204,0.9718076285240465,0.9623430962343096,0.9527027027027027,0.9836065573770492,0.9910496338486574,0.988599348534202,0.9632107023411371,0.9885807504078303
0.9587194608256108,0.9510135135135135,0.92894280762565,0.9310344827586207,0.9852459016393442,0.9852216748768473,0.9885807504078303,0.9658048373644704,0.959731543624161,0.9518174133558749,0.9885433715220949,0.9860769860769861,0.9860997547015535,0.9614740368509213,0.9844644317252658
0.970906068162926,0.962089300758214,0.9355116079105761,0.9332176929748482,0.9827727645611156,0.9819078947368421,0.9869067103109657,0.9683333333333334,0.9672544080604534,0.9558573853989814,0.9869067103109657,0.9860997547015535,0.9869067103109657,0.9648829431438127,0.9852700490998363
0.959731543624161,0.9518987341772152,0.9208006962576153,0.9264069264069265,0.9861224489795918,0.9794238683127572,0.9885807504078303,0.9649415692821369,0.9562289562289562,0.9518174133558749,0.9860997547015535,0.988599348534202,0.990228013029316,0.9658048373644704,0.9869494290375204
0.959731543624161,0.9527027027027027,0.9347079037800687,0.9234782608695652,0.9852941176470589,0.9794238683127572,0.9802955665024631,0.9658617818484596,0.9614093959731543,0.9596638655462185,0.9802631578947368,0.9844644317252658,0.9852941176470589,0.965,0.9844897959183674
0.9734660033167496,0.9480851063829787,0.9213286713286714,0.9141856392294221,0.986863711001642,0.986863711001642,0.9869281045751634,0.9656903765690377,0.9518174133558749,0.9482612383375743,0.9885245901639345,0.9918300653594772,0.990228013029316,0.9639564124057,0.9918433931484503
0.9735099337748344,0.954468802698145,0.9345955249569707,0.9273356401384083,0.9894050529747351,0.9893877551020408,0.9927007299270073,0.9683860232945092,0.9623430962343096,0.9588581024349286,0.99185667752443,0.9951377633711507,0.9918831168831169,0.9683860232945092,0.9910641754670999
0.9649415692821369,0.9474576271186441,0.9208006962576153,0.918918918918919,0.9802955665024631,0.9827727645611156,0.9786184210526315,0.9571788413098237,0.9491525423728814,0.9410760034158838,0.981101068200493,0.9819672131147541,0.9844644317252658,0.9554247266610597,0.9844897959183674
0.9691923397169026,0.957983193277311,0.9391602399314481,0.921602787456446,0.9894050529747351,0.9852459016393442,0.9860997547015535,0.976897689768977,0.9683333333333334,0.9596638655462185,0.9902120717781403,0.990228013029316,0.991869918699187,0.9760528488852188,0.9902439024390244
0.9629629629629629,0.9456706281833617,0.9295039164490861,0.9236111111111112,0.9801652892561984,0.9800995024875622,0.9819376026272578,0.9543918918918919,0.9491525423728814,0.9401709401709402,0.9826302729528535,0.9860312243221035,0.9802631578947368,0.9579124579124579,0.9811320754716981
0.9676348547717842,0.9545454545454546,0.9275862068965517,0.9209383145091226,0.9869706840390879,0.9836601307189542,0.9853181076672104,0.9633333333333334,0.9580536912751678,0.9474576271186441,0.9861450692746536,0.9902597402597403,0.9886178861788618,0.9659185369908562,0.9886178861788618
0.973421926910299,0.9553496208930076,0.9363166953528399,0.9270833333333334,0.9852700490998363,0.9860541427399507,0.988562091503268,0.9743164871582436,0.9674185463659147,0.9613445378151261,0.9860541427399507,0.9894050529747351,0.9910350448247759,0.9760132340777502,0.9894222945484134
0.953664700926706,0.9563025210084034,0.9310344827586207,0.934931506849315,0.9827727645611156,0.9827727645611156,0.9769736842105263,0.96843853820598,0.9650582362728786,0.9589958158995816,0.9860997547015535,0.9819376026272578,0.9844897959183674,0.9675810473815462,0.9828009828009828
0.9535864978902954,0.9515717926932881,0.9168853893263342,0.9261511728931364,0.9835796387520526,0.9802306425041186,0.9777411376751854,0.9666110183639399,0.9639564124057,0.9534292972057579,0.9827444535743632,0.9877350776778414,0.9844389844389845,0.9631490787269682,0.988562091503268
0.9640768588137009,0.9491525423728814,0.9253472222222222,0.9113257243195786,0.9885807504078303,0.9802306425041186,0.983633387888707,0.9606035205364627,0.9455782312925171,0.9464740866610025,0.9827444535743632,0.9869281045751634,0.9877750611246944,0.9606035205364627,0.9894222945484134
0.965,0.9526226734348562,0.9228100607111882,0.9327586206896552,0.988599348534202,0.9877750611246944,0.9877949552481693,0.9641965029142381,0.9596638655462185,0.9535080304311073,0.9877750611246944,0.9902439024390244,0.9910786699107867,0.9616026711185309,0.9918962722852512
0.959866220735786,0.9641965029142381,0.9303525365434222,0.9331046312178388,0.9861450692746536,0.9819967266775778,0.9836601307189542,0.9735973597359736,0.9684908789386402,0.959866220735786,0.9877949552481693,0.9877949552481693,0.9894394800974817,0.9701986754966887,0.9918962722852512
0.9623430962343096,0.9508474576271186,0.9299913569576491,0.9198606271777003,0.9869067103109657,0.9802306425041186,0.9869281045751634,0.9657477025898078,0.9535864978902954,0.9518174133558749,0.9835796387520526,0.988562091503268,0.9885807504078303,0.9605373635600336,0.9910350448247759
0.9585097375105842,0.9501267962806424,0.9248251748251748,0.9090909090909091,0.9818780889621087,0.9758534554537885,0.9785478547854786,0.9614093959731543,0.9578414839797639,0.9453924914675768,0.9817880794701986,0.9818780889621087,0.9819078947368421,0.9648829431438127,0.9769736842105263
0.9561551433389545,0.9446808510638298,0.9261511728931364,0.9124343257443083,0.9893704006541292,0.9843878389482333,0.9828291087489779,0.9571788413098237,0.9527824620573356,0.9402730375426621,0.9893704006541292,0.9926650366748166,0.9877949552481693,0.9554247266610597,0.988599348534202
0.9632107023411371,0.9588581024349286,0.9309153713298791,0.9320722269991402,0.9860769860769861,0.9810699588477366,0.9861224489795918,0.9718076285240465,0.9641367806505421,0.9510135135135135,0.9860769860769861,0.9902120717781403,0.9877750611246944,0.9640768588137009,0.9877551020408163
0.9540816326530612,0.9533502968617472,0.9283216783216783,0.9241499564080209,0.9876543209876543,0.9791840133222315,0.9860312243221035,0.9655172413793104,0.9542372881355933,0.9497872340425532,0.989282769991756,0.9876543209876543,0.9860312243221035,0.9629005059021922,0.9860312243221035
0.9657477025898078,0.954468802698145,0.9345955249569707,0.9337919174548581,0.99185667752443,0.9877350776778414,0.9910496338486574,0.970954356846473,0.9606035205364627,0.9623430962343096,0.99185667752443,0.9893877551020408,0.9926888708367181,0.9658048373644704,0.991869918699187
0.9586497890295359,0.9428815004262575,0.9334485738980121,0.9205240174672489,0.9893877551020408,0.9759336099585062,0.9835526315789473,0.9639564124057,0.9587194608256108,0.9543147208121827,0.9810074318744839,0.9910350448247759,0.9885433715220949,0.9578414839797639,0.9926888708367181
0.9569620253164557,0.9622799664710813,0.9380378657487092,0.9365351629502573,0.9835255354200988,0.9793217535153019,0.9802631578947368,0.9691923397169026,0.9632107023411371,0.954468802698145,0.9835255354200988,0.9843621399176955,0.9836065573770492,0.9666110183639399,0.9852459016393442
0.9641367806505421,0.9480851063829787,0.9132340052585451,0.908289241622575,0.9819376026272578,0.976897689768977,0.9802955665024631,0.9527027027027027,0.9481733220050977,0.9382504288164666,0.9844389844389845,0.9827727645611156,0.9819672131147541,0.9509306260575296,0.9860997547015535
0.969140950792327,0.9560067681895094,0.9306759098786829,0.9233449477351916,0.9885245901639345,0.9810074318744839,0.9852216748768473,0.964765100671141,0.9543147208121827,0.9534292972057579,0.9843621399176955,0.9885245901639345,0.9885433715220949,0.9630252100840336,0.9876948318293683
0.9518987341772152,0.9613445378151261,0.9298701298701298,0.9256055363321799,0.9810387469084914,0.9810387469084914,0.9752883031301482,0.9648829431438127,0.9615384615384616,0.9501267962806424,0.9768211920529801,0.9818780889621087,0.9778142974527527,0.9648829431438127,0.9835796387520526
0.9595959595959596,0.9533502968617472,0.9303135888501742,0.9262792714657415,0.9826589595375722,0.9809128630705394,0.9802306425041186,0.9663865546218487,0.9561551433389545,0.951735817104149,0.9851239669421488,0.9860082304526749,0.9852459016393442,0.9629005059021922,0.986863711001642
0.9623430962343096,0.9429787234042554,0.9282627484874676,0.92,0.9802631578947368,0.9785831960461285,0.9802955665024631,0.9615384615384616,0.9571788413098237,0.9456706281833617,0.9785831960461285,0.9844389844389845,0.9811320754716981,0.9641367806505421,0.9819672131147541
0.9648829431438127,0.9456706281833617,0.9272097053726169,0.9237435008665511,0.9810699588477366,0.9835796387520526,0.9811320754716981,0.9571788413098237,0.9527824620573356,0.949238578680203,0.9860769860769861,0.9844134536505332,0.9852941176470589,0.9554247266610597,0.9811320754716981
0.9667221297836939,0.9589270746018441,0.9428815004262575,0.9283865401207938,0.9894222945484134,0.9827727645611156,0.9902439024390244,0.9735099337748344,0.9667221297836939,0.9563025210084034,0.9877551020408163,0.9902439024390244,0.9910641754670999,0.9675270607826811,0.9902439024390244
0.9658617818484596,0.9410760034158838,0.9141856392294221,0.9037952338923213,0.9869281045751634,0.9852700490998363,0.9869494290375204,0.9562289562289562,0.9474576271186441,0.9411764705882353,0.9836065573770492,0.9894050529747351,0.9869494290375204,0.9562289562289562,0.9877551020408163
0.9606035205364627,0.9535080304311073,0.9345955249569707,0.9262792714657415,0.9827727645611156,0.9793899422918384,0.9844389844389845,0.9734660033167496,0.9657477025898078,0.9561551433389545,0.9810699588477366,0.9860997547015535,0.9860997547015535,0.9700499168053245,0.9860997547015535
0.9683333333333334,0.9563025210084034,0.9290657439446367,0.925476603119584,0.9869281045751634,0.9852459016393442,0.9869281045751634,0.9632107023411371,0.957983193277311,0.9518174133558749,0.988562091503268,0.9894050529747351,0.9869281045751634,0.9649415692821369,0.9869494290375204
0.9571788413098237,0.9519797809604044,0.9311531841652324,0.9311531841652324,0.9819967266775778,0.9794576828266228,0.9852941176470589,0.9718543046357616,0.9597989949748744,0.9589270746018441,0.9844644317252658,0.9853181076672104,0.9861224489795918,0.9658617818484596,0.9869706840390879
0.9612794612794613,0.9507640067911715,0.9153439153439153,0.9024822695035462,0.9860082304526749,0.978405315614618,0.9760132340777502,0.9612794612794613,0.951735817104149,0.9382504288164666,0.9868204283360791,0.9876746096959738,0.9869067103109657,0.9595278246205734,0.9827160493827161
0.9622166246851386,0.9480851063829787,0.9344827586206896,0.9241499564080209,0.9869067103109657,0.9835526315789473,0.9835796387520526,0.9648829431438127,0.9612794612794613,0.9506802721088435,0.9835526315789473,0.9852459016393442,0.9852459016393442,0.9691923397169026,0.9836065573770492
0.9561551433389545,0.9472789115646258,0.9232111692844677,0.9159369527145359,0.9819078947368421,0.9784768211920529,0.976897689768977,0.9639564124057,0.951735817104149,0.9508474576271186,0.9801652892561984,0.9827444535743632,0.981101068200493,0.9622166246851386,0.9819376026272578
0.9571788413098237,0.9448685326547922,0.927461139896373,0.9143356643356644,0.980327868852459,0.9802955665024631,0.983633387888707,0.9580536912751678,0.9527824620573356,0.9456706281833617,0.983633387888707,0.9877949552481693,0.9869494290375204,0.9580536912751678,0.9877949552481693
0.9637742207245156,0.9533502968617472,0.9246935201401051,0.9167397020157756,0.9876339653751031,0.9867986798679867,0.9835796387520526,0.9639564124057,0.9595959595959596,0.956081081081081,0.9901315789473685,0.9909613804437141,0.9860769860769861,0.9622166246851386,0.9868852459016394
0.9631490787269682,0.9434931506849316,0.9205240174672489,0.9214659685863874,0.9827160493827161,0.9776674937965261,0.9827727645611156,0.9561551433389545,0.9462915601023018,0.9426860564585116,0.9827160493827161,0.9835526315789473,0.9844389844389845,0.9535080304311073,0.9810699588477366
0.9726594863297432,0.9606694560669456,0.9282627484874676,0.9328743545611016,0.9852941176470589,0.9819376026272578,0.9852700490998363,0.9658048373644704,0.9649415692821369,0.9491525423728814,0.9869281045751634,0.9869494290375204,0.9885807504078303,0.9675270607826811,0.9869494290375204
0.9554247266610597,0.9411764705882353,0.9190600522193212,0.92,0.9828009828009828,0.9786184210526315,0.9836601307189542,0.9572506286672254,0.9501267962806424,0.9393680614859095,0.9828009828009828,0.983633387888707,0.9836601307189542,0.9554995801847187,0.9811629811629812
0.9614740368509213,0.9537426408746846,0.9208006962576153,0.9228100607111882,0.9802955665024631,0.9836065573770492,0.983633387888707,0.9641367806505421,0.9580536912751678,0.9483488569009314,0.9852700490998363,0.9861224489795918,0.9877750611246944,0.9641367806505421,0.9877949552481693
0.9543147208121827,0.9525423728813559,0.9305555555555556,0.9244135534317984,0.9910057236304171,0.985172981878089,0.9844389844389845,0.9665551839464883,0.9605373635600336,0.9508474576271186,0.9893355209187858,0.9885245901639345,0.9885807504078303,0.960470984020185,0.9844134536505332
0.9681742043551089,0.9534292972057579,0.925764192139738,0.9242819843342036,0.9860082304526749,0.9868204283360791,0.9835796387520526,0.9665551839464883,0.9622166246851386,0.9534292972057579,0.9859851607584501,0.9876746096959738,0.9860769860769861,0.964824120603015,0.9877350776778414
0.9733777038269551,0.9535080304311073,0.9407725321888412,0.9194395796847635,0.9852459016393442,0.9801652892561984,0.9852216748768473,0.9630872483221476,0.9533502968617472,0.9524617996604414,0.9843621399176955,0.9860769860769861,0.9901960784313726,0.9587194608256108,0.9827727645611156
0.9623430962343096,0.9568892645815723,0.9398625429553265,0.9217391304347826,0.9885245901639345,0.9826875515251443,0.9819672131147541,0.9682804674457429,0.9606035205364627,0.9464740866610025,0.9843621399176955,0.986863711001642,0.983633387888707,0.964824120603015,0.9901960784313726
0.9683333333333334,0.9554247266610597,0.9391602399314481,0.927461139896373,0.9893877551020408,0.9810699588477366,0.9786184210526315,0.9641367806505421,0.9615384615384616,0.9563025210084034,0.9852459016393442,0.9893877551020408,0.9828009828009828,0.9641367806505421,0.9869494290375204
0.9526226734348562,0.9631490787269682,0.9371231696813093,0.9347079037800687,0.9860541427399507,0.9793217535153019,0.9860997547015535,0.972568578553616,0.9666666666666667,0.954468802698145,0.9910057236304171,0.9868852459016394,0.9885807504078303,0.9717138103161398,0.9844134536505332
0.95878889823381,0.9506802721088435,0.9326424870466321,0.9325259515570934,0.9793899422918384,0.9801980198019802,0.9810699588477366,0.969140950792327,0.9595278246205734,0.9560067681895094,0.9835526315789473,0.9835796387520526,0.9844134536505332,0.9674185463659147,0.9844134536505332
0.9649415692821369,0.9516539440203562,0.9260226283724978,0.9179755671902269,0.9868852459016394,0.9818481848184818,0.9885807504078303,0.9656328583403185,0.957983193277311,0.9482612383375743,0.9876948318293683,0.9885433715220949,0.990228013029316,0.9621530698065601,0.9901960784313726
0.9604043807919124,0.9527824620573356,0.925893635571055,0.9281385281385282,0.9768595041322314,0.978441127694859,0.9827444535743632,0.9622166246851386,0.9579124579124579,0.9508474576271186,0.9843363561417972,0.9835796387520526,0.9835796387520526,0.9639564124057,0.9802955665024631
0.9614093959731543,0.9452991452991453,0.9288194444444444,0.91005291005291,0.9852216748768473,0.9810074318744839,0.9819376026272578,0.9639564124057,0.9543147208121827,0.9417808219178082,0.9843621399176955,0.9868852459016394,0.9860997547015535,0.9622166246851386,0.9819078947368421
0.9579124579124579,0.9366438356164384,0.9272097053726169,0.9141856392294221,0.9836065573770492,0.9726141078838174,0.9794576828266228,0.9563025210084034,0.9473684210526315,0.9446808510638298,0.9768595041322314,0.9844389844389845,0.9811320754716981,0.9483488569009314,0.9836601307189542
0.9606035205364627,0.9454855195911414,0.9262792714657415,0.9244135534317984,0.9860997547015535,0.9785478547854786,0.9844389844389845,0.9605373635600336,0.9526226734348562,0.9490662139219015,0.9852459016393442,0.9827727645611156,0.9869281045751634,0.9570345408593092,0.9836065573770492
0.9640768588137009,0.95878889823381,0.9374464438731791,0.9336778639104221,0.9885807504078303,0.9827727645611156,0.9910496338486574,0.9700996677740864,0.9614093959731543,0.9543918918918919,0.9885807504078303,0.9894050529747351,0.9910496338486574,0.9666666666666667,0.9869281045751634
0.9579124579124579,0.947996589940324,0.9194395796847635,0.9261511728931364,0.9868852459016394,0.9784768211920529,0.9819078947368421,0.9638958858102435,0.9578414839797639,0.9471890971039182,0.9860312243221035,0.9860541427399507,0.9860769860769861,0.9604043807919124,0.9835526315789473
0.9639564124057,0.954468802698145,0.9288194444444444,0.9327586206896552,0.9902120717781403,0.9835255354200988,0.9852459016393442,0.9717138103161398,0.9631490787269682,0.9543918918918919,0.9876948318293683,0.9902120717781403,0.9902120717781403,0.9674185463659147,0.9877551020408163
0.9614093959731543,0.9444918872758327,0.9314830875975716,0.9245446660884649,0.9826875515251443,0.978441127694859,0.9769357495881383,0.960470984020185,0.9562289562289562,0.9500423370025403,0.9834983498349835,0.9835255354200988,0.9802955665024631,0.9578414839797639,0.9785478547854786
0.9666110183639399,0.9587194608256108,0.9221347331583553,0.9151356080489939,0.9885245901639345,0.9893355209187858,0.9894050529747351,0.9708090075062552,0.9614740368509213,0.9535864978902954,0.985172981878089,0.9893529893529893,0.990228013029316,0.9690893901420217,0.9918433931484503
0.9691923397169026,0.957983193277311,0.9344827586206896,0.925476603119584,0.988562091503268,0.9843878389482333,0.983633387888707,0.9683860232945092,0.9606035205364627,0.9553496208930076,0.9868852459016394,0.9902120717781403,0.9861224489795918,0.9666666666666667,0.988599348534202
0.95878889823381,0.9500423370025403,0.9399656946826758,0.9365351629502573,0.9893877551020408,0.9852216748768473,0.9860997547015535,0.9743164871582436,0.9666666666666667,0.9623430962343096,0.9910204081632653,0.988562091503268,0.9894050529747351,0.9726141078838174,0.9885807504078303
0.9615384615384616,0.9527824620573356,0.9237435008665511,0.92,0.9819672131147541,0.9811320754716981,0.9819967266775778,0.9563758389261745,0.9527824620573356,0.9483488569009314,0.9828009828009828,0.9844644317252658,0.9844897959183674,0.960735171261487,0.9836601307189542
0.9700996677740864,0.9589958158995816,0.9365351629502573,0.9328743545611016,0.9894394800974817,0.9877551020408163,0.9877551020408163,0.9718076285240465,0.969243557772236,0.9562289562289562,0.9877551020408163,0.9910786699107867,0.9910496338486574,0.969243557772236,0.9877949552481693
0.9700499168053245,0.9552742616033755,0.9362068965517242,0.9273356401384083,0.9852216748768473,0.9843621399176955,0.9860997547015535,0.969140950792327,0.957983193277311,0.9571068124474348,0.9893529893529893,0.9910204081632653,0.990228013029316,0.9656903765690377,0.9877350776778414
0.9588581024349286,0.9612794612794613,0.9355116079105761,0.9343696027633851,0.9836065573770492,0.9835796387520526,0.9844389844389845,0.9640167364016736,0.9551227773073666,0.9577702702702703,0.9852459016393442,0.9836065573770492,0.9877551020408163,0.9657477025898078,0.9877551020408163
0.9630872483221476,0.9543918918918919,0.9280138768430182,0.9079646017699115,0.9910496338486574,0.9860541427399507,0.9852216748768473,0.964824120603015,0.9568892645815723,0.9425878320479862,0.9860541427399507,0.9894050529747351,0.9885433715220949,0.9613445378151261,0.990228013029316
0.9527824620573356,0.9456706281833617,0.9245446660884649,0.9116360454943132,0.9827727645611156,0.9777411376751854,0.9752883031301482,0.9580536912751678,0.9493243243243243,0.9403747870528109,0.9794238683127572,0.9794238683127572,0.9794913863822805,0.9545454545454546,0.9819672131147541
0.960735171261487,0.9632721202003339,0.9320722269991402,0.934931506849315,0.9861224489795918,0.9844644317252658,0.9828291087489779,0.9769357495881383,0.9676348547717842,0.960735171261487,0.9877750611246944,0.9869494290375204,0.9869706840390879,0.9744013212221305,0.9902439024390244
0.9632721202003339,0.9586497890295359,0.9347079037800687,0.9270833333333334,0.9819376026272578,0.981101068200493,0.9811629811629812,0.9658617818484596,0.964824120603015,0.9578414839797639,0.9844389844389845,0.9877551020408163,0.9853181076672104,0.9675810473815462,0.9894222945484134
0.9571788413098237,0.9535080304311073,0.9311531841652324,0.9225413402959095,0.9819672131147541,0.9777777777777777,0.9811320754716981,0.9624060150375939,0.9570345408593092,0.9543918918918919,0.9786184210526315,0.9819672131147541,0.9819672131147541,0.9606694560669456,0.9861224489795918
0.960735171261487,0.9572506286672254,0.9403747870528109,0.9275862068965517,0.9886178861788618,0.9844897959183674,0.9861450692746536,0.971900826446281,0.9676348547717842,0.9581239530988275,0.9869706840390879,0.9886178861788618,0.9902597402597403,0.9684908789386402,0.9877949552481693
0.9606035205364627,0.9499575911789653,0.9272097053726169,0.9198606271777003,0.9844134536505332,0.9877350776778414,0.9811629811629812,0.9580536912751678,0.9535864978902954,0.9464740866610025,0.9860769860769861,0.988562091503268,0.9861450692746536,0.9589270746018441,0.9869494290375204
0.9657477025898078,0.9374464438731791,0.9309153713298791,0.9073256840247131,0.9852700490998363,0.9860769860769861,0.9877750611246944,0.9554247266610597,0.9490662139219015,0.9490662139219015,0.9819078947368421,0.9844389844389845,0.9869494290375204,0.9527824620573356,0.9844897959183674
0.9579124579124579,0.9463829787234043,0.9233449477351916,0.9102112676056338,0.9852459016393442,0.9827160493827161,0.9836065573770492,0.95878889823381,0.9508474576271186,0.9481733220050977,0.9835526315789473,0.9869067103109657,0.9852700490998363,0.9543918918918919,0.9852700490998363
0.9614740368509213,0.9566694987255735,0.9324090121317158,0.92894280762565,0.9860082304526749,0.9826589595375722,0.9827727645611156,0.9698996655518395,0.9578414839797639,0.9551986475063398,0.985172981878089,0.9876746096959738,0.9844389844389845,0.9647058823529412,0.9876746096959738
0.9633333333333334,0.9518987341772152,0.9209383145091226,0.9266609145815358,0.9844644317252658,0.9852941176470589,0.9853181076672104,0.9615384615384616,0.9572506286672254,0.94843617920541,0.988599348534202,0.988599348534202,0.9886178861788618,0.9597989949748744,0.9894222945484134
0.9580536912751678,0.9554247266610597,0.918918918918919,0.9311531841652324,0.9861224489795918,0.981101068200493,0.9844644317252658,0.9683860232945092,0.9597989949748744,0.949238578680203,0.9852700490998363,0.988599348534202,0.9894222945484134,0.9700996677740864,0.9877750611246944
0.964824120603015,0.951735817104149,0.9354005167958657,0.9195804195804196,0.9802306425041186,0.9793559042113955,0.9819376026272578,0.9632107023411371,0.9595959595959596,0.9578414839797639,0.9835526315789473,0.9844134536505332,0.9860997547015535,0.9623430962343096,0.9852941176470589
0.9629629629629629,0.9497016197783461,0.9275109170305676,0.9202453987730062,0.9826589595375722,0.9749582637729549,0.9801652892561984,0.9663865546218487,0.9559322033898305,0.9505962521294719,0.9792186201163757,0.9818181818181818,0.9810074318744839,0.9629005059021922,0.9851973684210527
0.9666666666666667,0.9605373635600336,0.9337919174548581,0.9281385281385282,0.9836065573770492,0.976897689768977,0.9861224489795918,0.96843853820598,0.9657477025898078,0.9579124579124579,0.9819376026272578,0.9894050529747351,0.983633387888707,0.96843853820598,0.9869494290375204
0.970954356846473,0.9615384615384616,0.9374464438731791,0.927461139896373,0.990228013029316,0.981101068200493,0.9910641754670999,0.9735537190082645,0.9658617818484596,0.9571788413098237,0.9877551020408163,0.9943227899432279,0.9877750611246944,0.9667221297836939,0.9861224489795918
0.9633333333333334,0.9509306260575296,0.9293103448275862,0.9237435008665511,0.9852941176470589,0.9811320754716981,0.980327868852459,0.9701492537313433,0.9589270746018441,0.9571788413098237,0.9844644317252658,0.9844644317252658,0.9861450692746536,0.965,0.9861224489795918
0.9562289562289562,0.9401709401709402,0.9226759339704604,0.9084507042253521,0.9860997547015535,0.9794238683127572,0.9819672131147541,0.9571788413098237,0.9437819420783645,0.9482612383375743,0.9785831960461285,0.9844389844389845,0.983633387888707,0.953664700926706,0.983633387888707
0.959731543624161,0.951735817104149,0.9309153713298791,0.9253472222222222,0.981101068200493,0.9777043765483072,0.9844644317252658,0.9649415692821369,0.9605373635600336,0.9499575911789653,0.9819078947368421,0.9852700490998363,0.983633387888707,0.9623430962343096,0.9869494290375204
0.9588581024349286,0.9480851063829787,0.9167397020157756,0.9119718309859155,0.9860997547015535,0.9843878389482333,0.981101068200493,0.9595959595959596,0.9489795918367347,0.9444918872758327,0.9827160493827161,0.9836065573770492,0.9836065573770492,0.960470984020185,0.9844389844389845
0.9640167364016736,0.9499575911789653,0.9307958477508651,0.9151356080489939,0.9893704006541292,0.9810387469084914,0.9819672131147541,0.9632107023411371,0.959731543624161,0.9464740866610025,0.9877149877149877,0.9893704006541292,0.9861224489795918,0.9632107023411371,0.9836065573770492
0.9674728940783986,0.954468802698145,0.9436860068259386,0.9327586206896552,0.9836065573770492,0.9819078947368421,0.9860769860769861,0.9691923397169026,0.9691923397169026,0.9561551433389545,0.9852459016393442,0.9885807504078303,0.9902120717781403,0.9691923397169026,0.9836065573770492
0.950210970464135,0.9527824620573356,0.9190600522193212,0.9125874125874126,0.9877750611246944,0.983633387888707,0.9794913863822805,0.9606694560669456,0.9554995801847187,0.9385665529010239,0.9819672131147541,0.9852941176470589,0.9853181076672104,0.9606694560669456,0.9852941176470589
0.9597989949748744,0.9501267962806424,0.9245446660884649,0.9182608695652174,0.9877551020408163,0.9836065573770492,0.9828291087489779,0.965,0.9537426408746846,0.9546218487394958,0.9869281045751634,0.9894050529747351,0.9877949552481693,0.9597989949748744,0.9910641754670999
0.9675270607826811,0.959731543624161,0.940068493150685,0.9410760034158838,0.9802631578947368,0.9844134536505332,0.9811320754716981,0.970954356846473,0.9632107023411371,0.9623430962343096,0.9844134536505332,0.9852700490998363,0.9819672131147541,0.9700996677740864,0.9844644317252658
0.960470984020185,0.9490662139219015,0.9322916666666666,0.9106830122591943,0.9826302729528535,0.9775561097256857,0.980327868852459,0.95878889823381,0.94843617920541,0.9448685326547922,0.9868204283360791,0.9843104872006606,0.9836601307189542,0.9570345408593092,0.9802306425041186
0.9501267962806424,0.9546218487394958,0.9329896907216495,0.9256055363321799,0.9828291087489779,0.9844644317252658,0.9861224489795918,0.9658617818484596,0.9615384615384616,0.949238578680203,0.988599348534202,0.9861450692746536,0.9894222945484134,0.9658617818484596,0.9902597402597403
0.9606035205364627,0.9437819420783645,0.9382504288164666,0.9076517150395779,0.9893877551020408,0.9717607973421927,0.9794576828266228,0.9606035205364627,0.9554247266610597,0.9474576271186441,0.9827444535743632,0.9893877551020408,0.9852941176470589,0.9553496208930076,0.9844389844389845
0.9614740368509213,0.9466553767993227,0.9208006962576153,0.9095697980684812,0.9877750611246944,0.9827727645611156,0.9828009828009828,0.9554247266610597,0.9501267962806424,0.9447748513169074,0.9836065573770492,0.9844644317252658,0.9852941176470589,0.9545454545454546,0.9853181076672104
0.9605373635600336,0.9514893617021276,0.9127753303964757,0.9145374449339208,0.9852459016393442,0.9776304888152444,0.9836065573770492,0.964824120603015,0.9559322033898305,0.947008547008547,0.9810074318744839,0.9852459016393442,0.9836065573770492,0.9639564124057,0.9836065573770492
0.9658048373644704,0.9509306260575296,0.9245446660884649,0.9225413402959095,0.9828009828009828,0.9802631578947368,0.9836065573770492,0.9683860232945092,0.9605373635600336,0.9552742616033755,0.9852700490998363,0.983633387888707,0.9894050529747351,0.9632107023411371,0.9877750611246944
0.9631490787269682,0.9581239530988275,0.9373390557939915,0.9319552110249785,0.9877750611246944,0.9860769860769861,0.9877551020408163,0.969243557772236,0.9640768588137009,0.959731543624161,0.9926769731489016,0.9910641754670999,0.9935064935064936,0.9666666666666667,0.9927125506072875
0.964765100671141,0.9461077844311377,0.935064935064935,0.9201053555750659,0.9852216748768473,0.9809444904722452,0.9835255354200988,0.9681208053691275,0.9567430025445293,0.9549702633814783,0.9817880794701986,0.9860541427399507,0.986863711001642,0.9663865546218487,0.9860541427399507
0.969243557772236,0.9508474576271186,0.936426116838488,0.9345955249569707,0.9844389844389845,0.9852459016393442,0.9852700490998363,0.9631490787269682,0.9579124579124579,0.9561551433389545,0.9869067103109657,0.9852700490998363,0.9869281045751634,0.9674728940783986,0.9877551020408163
0.9700996677740864,0.9675810473815462,0.9445865302642796,0.9374464438731791,0.9869494290375204,0.9910350448247759,0.9869281045751634,0.9768595041322314,0.970954356846473,0.9632107023411371,0.988562091503268,0.9877750611246944,0.9894050529747351,0.9768595041322314,0.9902439024390244
0.96843853820598,0.9562289562289562,0.934819897084048,0.9045936395759717,0.9869494290375204,0.9828009828009828,0.9819672131147541,0.9692946058091286,0.9606035205364627,0.957983193277311,0.9861224489795918,0.9861224489795918,0.9861224489795918,0.965,0.9861224489795918
0.9623430962343096,0.949238578680203,0.9208006962576153,0.9245446660884649,0.9844644317252658,0.9785831960461285,0.9836065573770492,0.9623430962343096,0.9500423370025403,0.9482612383375743,0.9844389844389845,0.9877750611246944,0.9877551020408163,0.957983193277311,0.9869494290375204
0.9613445378151261,0.9463829787234043,0.9260226283724978,0.9089301503094607,0.9785831960461285,0.9784768211920529,0.9793559042113955,0.9586497890295359,0.9497872340425532,0.9434931506849316,0.9818481848184818,0.9819376026272578,0.9868852459016394,0.9560067681895094,0.9794238683127572
0.9629005059021922,0.9490662139219015,0.9304347826086956,0.9240174672489083,0.9810387469084914,0.9843104872006606,0.9851973684210527,0.9630252100840336,0.9568162574089755,0.9497016197783461,0.9901477832512315,0.9827160493827161,0.986863711001642,0.9638958858102435,0.9819376026272578
0.9630872483221476,0.9392643284858854,0.9260226283724978,0.9090909090909091,0.9860997547015535,0.9759336099585062,0.9768595041322314,0.9569620253164557,0.9516539440203562,0.9435897435897436,0.9818481848184818,0.9836065573770492,0.9802306425041186,0.9543147208121827,0.9828009828009828
0.9526226734348562,0.9500423370025403,0.9317199654278306,0.9195804195804196,0.9777777777777777,0.9776674937965261,0.9785478547854786,0.9674185463659147,0.960470984020185,0.9516539440203562,0.9827160493827161,0.9819672131147541,0.9827444535743632,0.9656903765690377,0.9819672131147541
0.9623430962343096,0.9375534644995723,0.9206625980819529,0.9103690685413005,0.9828009828009828,0.9827444535743632,0.9827727645611156,0.9570345408593092,0.9410760034158838,0.9455782312925171,0.9793899422918384,0.983633387888707,0.9852700490998363,0.9561551433389545,0.9861224489795918
0.9560067681895094,0.9539249146757679,0.9311246730601569,0.9230769230769231,0.9909613804437141,0.9817275747508306,0.9793559042113955,0.9671993271656855,0.960337552742616,0.9523809523809523,0.9825726141078838,0.985962014863749,0.9860541427399507,0.9645868465430016,0.9851485148514851
0.9605373635600336,0.9553496208930076,0.9355116079105761,0.9244135534317984,0.9860997547015535,0.9835796387520526,0.9827727645611156,0.9666666666666667,0.9579124579124579,0.9570345408593092,0.9819078947368421,0.9836065573770492,0.9869281045751634,0.9649415692821369,0.9861224489795918
0.9682804674457429,0.953664700926706,0.9399656946826758,0.9356223175965666,0.9835796387520526,0.9810387469084914,0.9844389844389845,0.969243557772236,0.9666666666666667,0.9553496208930076,0.9885433715220949,0.988562091503268,0.9877551020408163,0.970954356846473,0.9828009828009828
0.969243557772236,0.9518987341772152,0.9301121656600517,0.9206625980819529,0.9836601307189542,0.9802631578947368,0.9852700490998363,0.969243557772236,0.9605373635600336,0.9490662139219015,0.9836065573770492,0.9869706840390879,0.9885807504078303,0.9700996677740864,0.9836601307189542
0.9658617818484596,0.9527027027027027,0.927461139896373,0.9206625980819529,0.9836601307189542,0.9769357495881383,0.9828009828009828,0.9615384615384616,0.95878889823381,0.9490662139219015,0.9828009828009828,0.9869706840390879,0.9869494290375204,0.9624060150375939,0.9877949552481693
0.957983193277311,0.9543147208121827,0.9344827586206896,0.9245446660884649,0.9810387469084914,0.9793559042113955,0.9836065573770492,0.9717138103161398,0.9571068124474348,0.9527027027027027,0.9843878389482333,0.9860541427399507,0.9844389844389845,0.97,0.9860541427399507
0.957983193277311,0.9550466497031382,0.9317199654278306,0.9222707423580786,0.9793899422918384,0.9751243781094527,0.9819376026272578,0.97,0.9621530698065601,0.9551227773073666,0.9818780889621087,0.9827444535743632,0.9819376026272578,0.9656903765690377,0.9827444535743632
0.9640768588137009,0.9585798816568047,0.9399656946826758,0.9325259515570934,0.9869067103109657,0.9827160493827161,0.9836065573770492,0.972568578553616,0.966499162479062,0.9656328583403185,0.9901960784313726,0.9877350776778414,0.9869281045751634,0.972568578553616,0.9860769860769861
0.9638958858102435,0.9409751924721984,0.927763272410792,0.9073256840247131,0.9818481848184818,0.978441127694859,0.9794238683127572,0.9614093959731543,0.951735817104149,0.9463829787234043,0.9834983498349835,0.9835255354200988,0.9827727645611156,0.9526226734348562,0.9819376026272578
0.9631490787269682,0.9622799664710813,0.9408740359897172,0.92894280762565,0.9836065573770492,0.9827160493827161,0.9852700490998363,0.9683333333333334,0.9630872483221476,0.9587194608256108,0.9852216748768473,0.9852700490998363,0.9860997547015535,0.9674728940783986,0.9844644317252658
0.9606035205364627,0.9453924914675768,0.9281385281385282,0.9149868536371604,0.9844134536505332,0.9819078947368421,0.9819376026272578,0.9614093959731543,0.9508474576271186,0.9508474576271186,0.9827444535743632,0.9835796387520526,0.9852700490998363,0.9570345408593092,0.988562091503268
0.9568892645815723,0.9595959595959596,0.9432989690721649,0.9234782608695652,0.9901639344262295,0.9826302729528535,0.9852459016393442,0.9725228975853455,0.9622799664710813,0.9526226734348562,0.9893179950698439,0.9926410466067048,0.9877350776778414,0.9699499165275459,0.9893704006541292
0.9595959595959596,0.9613445378151261,0.9380378657487092,0.9408740359897172,0.9877149877149877,0.9818481848184818,0.9877350776778414,0.972568578553616,0.9665551839464883,0.9587194608256108,0.9851973684210527,0.9852216748768473,0.988562091503268,0.9708576186511241,0.9869067103109657
0.9691923397169026,0.9542372881355933,0.9307958477508651,0.9269565217391305,0.9785478547854786,0.9801980198019802,0.9869067103109657,0.9595959595959596,0.9551227773073666,0.9452991452991453,0.9818780889621087,0.9869067103109657,0.9844134536505332,0.9639564124057,0.9827444535743632
0.9615384615384616,0.9518174133558749,0.9347079037800687,0.9226759339704604,0.983633387888707,0.981101068200493,0.983633387888707,0.9640768588137009,0.9518174133558749,0.9500423370025403,0.9802631578947368,0.9852941176470589,0.9852941176470589,0.957983193277311,0.9861224489795918
0.9665551839464883,0.9473684210526315,0.928695652173913,0.9143356643356644,0.9860312243221035,0.978441127694859,0.9794576828266228,0.9614093959731543,0.9510135135135135,0.9429787234042554,0.9792874896437448,0.9835255354200988,0.9811320754716981,0.9596638655462185,0.9885807504078303
0.9633333333333334,0.9500423370025403,0.9246753246753247,0.905726872246696,0.9819672131147541,0.9794576828266228,0.9836601307189542,0.9545454545454546,0.9518987341772152,0.9411764705882353,0.983633387888707,0.9844644317252658,0.9886178861788618,0.9545454545454546,0.988599348534202
0.9656328583403185,0.9449225473321858,0.9219982471516214,0.9150442477876106,0.9810074318744839,0.9851485148514851,0.9793217535153019,0.9593908629441624,0.9583687340696686,0.9431034482758621,0.9843104872006606,0.9835255354200988,0.9810074318744839,0.9602704987320372,0.9818481848184818
0.9552742616033755,0.9535864978902954,0.9309153713298791,0.9307958477508651,0.9828009828009828,0.9793899422918384,0.9836065573770492,0.9614740368509213,0.9595959595959596,0.9525423728813559,0.9802306425041186,0.9852941176470589,0.9827727645611156,0.9666666666666667,0.9828291087489779
0.9658048373644704,0.9596638655462185,0.9328743545611016,0.9355116079105761,0.9885807504078303,0.9844389844389845,0.9836065573770492,0.9718076285240465,0.9657477025898078,0.9605373635600336,0.9860997547015535,0.9869281045751634,0.9877551020408163,0.9683860232945092,0.9869281045751634
0.9622799664710813,0.9543147208121827,0.9244135534317984,0.9316017316017317,0.9852700490998363,0.9793899422918384,0.9893877551020408,0.9666110183639399,0.9604043807919124,0.9560067681895094,0.9819078947368421,0.9894050529747351,0.988562091503268,0.9631490787269682,0.9852700490998363
0.9613445378151261,0.9541595925297114,0.9304347826086956,0.9261511728931364,0.9885057471264368,0.9809444904722452,0.9810699588477366,0.9716193656093489,0.960470984020185,0.9551986475063398,0.9843104872006606,0.9860082304526749,0.9844134536505332,0.9673093042749371,0.9835255354200988
0.9631490787269682,0.954468802698145,0.9317199654278306,0.9282627484874676,0.988562091503268,0.9868852459016394,0.9860997547015535,0.9726141078838174,0.9640768588137009,0.9614740368509213,0.9868852459016394,0.9893877551020408,0.9910496338486574,0.9717607973421927,0.9894050529747351
0.9551986475063398,0.9488054607508533,0.9172535211267606,0.9148375768217735,0.9826589595375722,0.9715719063545151,0.9727047146401985,0.956081081081081,0.9507640067911715,0.9399656946826758,0.9826302729528535,0.9792874896437448,0.9752475247524752,0.9578414839797639,0.9777043765483072
0.9589270746018441,0.9473684210526315,0.9337919174548581,0.921875,0.9802631578947368,0.9802631578947368,0.9802955665024631,0.9658048373644704,0.9597989949748744,0.9545454545454546,0.9836065573770492,0.9819376026272578,0.9828009828009828,0.9632107023411371,0.9836065573770492
0.9589270746018441,0.9519797809604044,0.9283865401207938,0.9238754325259516,0.9877750611246944,0.9802955665024631,0.9811629811629812,0.9667774086378738,0.9581239530988275,0.9528619528619529,0.9869494290375204,0.9869494290375204,0.9869706840390879,0.9624687239366139,0.9877949552481693
0.9666666666666667,0.9507640067911715,0.9233449477351916,0.9132340052585451,0.9860541427399507,0.9793559042113955,0.9786184210526315,0.9631490787269682,0.9588581024349286,0.9446808510638298,0.9860541427399507,0.9893704006541292,0.9802955665024631,0.9614093959731543,0.988562091503268
0.9656903765690377,0.947098976109215,0.9232111692844677,0.9192982456140351,0.9844134536505332,0.9851973684210527,0.9835796387520526,0.956081081081081,0.9541595925297114,0.9523809523809523,0.9860312243221035,0.9844134536505332,0.9844134536505332,0.956081081081081,0.981101068200493
0.95878889823381,0.954468802698145,0.9309153713298791,0.9307958477508651,0.9828009828009828,0.9760132340777502,0.9819078947368421,0.9717607973421927,0.9587194608256108,0.9569620253164557,0.9810699588477366,0.9811320754716981,0.9819078947368421,0.9631490787269682,0.9819672131147541
0.9622799664710813,0.9455782312925171,0.9148375768217735,0.9181184668989547,0.9852216748768473,0.975973487986744,0.9836601307189542,0.9606694560669456,0.9510135135135135,0.9429787234042554,0.9843878389482333,0.9901960784313726,0.9869706840390879,0.9571788413098237,0.9861224489795918
0.9674728940783986,0.9471890971039182,0.937231298366294,0.9168853893263342,0.9860541427399507,0.9818780889621087,0.9852941176470589,0.9606035205364627,0.9543918918918919,0.9472789115646258,0.9835526315789473,0.9885433715220949,0.9844644317252658,0.957983193277311,0.9844389844389845
0.9631490787269682,0.9561551433389545,0.9205240174672489,0.9187772925764193,0.9852459016393442,0.9827160493827161,0.9836065573770492,0.9691923397169026,0.95878889823381,0.9490662139219015,0.9827160493827161,0.9860769860769861,0.9860997547015535,0.9683333333333334,0.9885807504078303
0.9624060150375939,0.9410760034158838,0.9256055363321799,0.9179755671902269,0.9877750611246944,0.9828009828009828,0.9861224489795918,0.9589270746018441,0.9491525423728814,0.9437819420783645,0.9811320754716981,0.9877750611246944,0.988599348534202,0.9580536912751678,0.9861224489795918
0.9589958158995816,0.9429787234042554,0.9248055315471045,0.921875,0.9902597402597403,0.9828291087489779,0.9869706840390879,0.959866220735786,0.9510135135135135,0.9474576271186441,0.9836601307189542,0.9886178861788618,0.9869706840390879,0.960735171261487,0.9869706840390879
0.9589270746018441,0.9490662139219015,0.9225413402959095,0.9133858267716536,0.9877350776778414,0.9760132340777502,0.9794913863822805,0.9614740368509213,0.9527824620573356,0.9474576271186441,0.9835796387520526,0.9844134536505332,0.9836601307189542,0.9588581024349286,0.9860997547015535
0.973421926910299,0.9446808510638298,0.92894280762565,0.9176882661996497,0.990228013029316,0.9852216748768473,0.988562091503268,0.9648829431438127,0.9587194608256108,0.9543147208121827,0.9868852459016394,0.990228013029316,0.9893877551020408,0.9631490787269682,0.9877750611246944
0.9595278246205734,0.9569620253164557,0.9415807560137457,0.9270833333333334,0.9843621399176955,0.9834983498349835,0.981101068200493,0.9640167364016736,0.9595959595959596,0.9578414839797639,0.9885057471264368,0.9876948318293683,0.9844389844389845,0.9640167364016736,0.9860997547015535
0.9597989949748744,0.9541595925297114,0.9138840070298769,0.9206625980819529,0.9860541427399507,0.9793559042113955,0.980327868852459,0.9666110183639399,0.9561551433389545,0.9535080304311073,0.9860541427399507,0.9877149877149877,0.9844897959183674,0.9648829431438127,0.988562091503268
0.9640768588137009,0.9579124579124579,0.921602787456446,0.9290657439446367,0.9827727645611156,0.9777043765483072,0.9819376026272578,0.9631490787269682,0.9552742616033755,0.9436860068259386,0.9827444535743632,0.9844389844389845,0.9827727645611156,0.95878889823381,0.9860997547015535
0.9588581024349286,0.9527824620573356,0.9301121656600517,0.921875,0.9894050529747351,0.9827727645611156,0.988599348534202,0.9710024855012428,0.9667221297836939,0.9624060150375939,0.9869281045751634,0.9910496338486574,0.9902439024390244,0.9692946058091286,0.9927007299270073
0.960735171261487,0.9570345408593092,0.9237435008665511,0.9226759339704604,0.9802955665024631,0.9744013212221305,0.9744435284418796,0.9641367806505421,0.9606035205364627,0.9491525423728814,0.9786184210526315,0.9828009828009828,0.9819967266775778,0.9615384615384616,0.9844644317252658
0.9710024855012428,0.9527027027027027,0.9282627484874676,0.92,0.9894050529747351,0.9869281045751634,0.9894394800974817,0.9667221297836939,0.9545454545454546,0.949238578680203,0.9877551020408163,0.9935064935064936,0.9894394800974817,0.9641367806505421,0.9894222945484134
0.9605373635600336,0.9510135135135135,0.9355116079105761,0.9209383145091226,0.9910350448247759,0.9802306425041186,0.9828009828009828,0.9624060150375939,0.9527824620573356,0.9510135135135135,0.9860769860769861,0.9827444535743632,0.9861224489795918,0.9589270746018441,0.9844644317252658
0.9640768588137009,0.9428815004262575,0.9272097053726169,0.9143356643356644,0.9852459016393442,0.9844134536505332,0.983633387888707,0.9640768588137009,0.953664700926706,0.9456706281833617,0.9852459016393442,0.9877350776778414,0.9877750611246944,0.9640768588137009,0.9844389844389845
0.9657477025898078,0.9579124579124579,0.9436860068259386,0.9354005167958657,0.9885807504078303,0.9844134536505332,0.988562091503268,0.9691923397169026,0.9682804674457429,0.9630872483221476,0.9893877551020408,0.9885807504078303,0.9877350776778414,0.970906068162926,0.990228013029316
0.9675810473815462,0.9489795918367347,0.9281385281385282,0.9179755671902269,0.9785478547854786,0.9777043765483072,0.9819672131147541,0.9631490787269682,0.9535864978902954,0.9527027027027027,0.9777043765483072,0.9827444535743632,0.9802955665024631,0.9622799664710813,0.9844134536505332
0.9491525423728814,0.9551227773073666,0.913081650570676,0.910856134157105,0.9802631578947368,0.970906068162926,0.9769357495881383,0.957983193277311,0.9533502968617472,0.9380378657487092,0.9810699588477366,0.9827727645611156,0.9794576828266228,0.9535864978902954,0.9802955665024631
0.9726141078838174,0.9465648854961832,0.9299913569576491,0.9206625980819529,0.9852941176470589,0.9852459016393442,0.9877350776778414,0.9622799664710813,0.9552742616033755,0.9499575911789653,0.9852459016393442,0.9869494290375204,0.9869067103109657,0.9614093959731543,0.9844644317252658
0.9683333333333334,0.9543918918918919,0.9316017316017317,0.9293103448275862,0.9893529893529893,0.9860312243221035,0.9861224489795918,0.9666110183639399,0.9589270746018441,0.9518987341772152,0.9910057236304171,0.9893529893529893,0.9902439024390244,0.9605373635600336,0.9877350776778414
0.9562289562289562,0.9640167364016736,0.9307958477508651,0.9328743545611016,0.9835796387520526,0.9810387469084914,0.9877750611246944,0.9734660033167496,0.9606035205364627,0.9571068124474348,0.9860541427399507,0.9860769860769861,0.988599348534202,0.9691923397169026,0.9894050529747351
0.953664700926706,0.9563758389261745,0.9283865401207938,0.9266609145815358,0.9861224489795918,0.9819672131147541,0.9819967266775778,0.9701986754966887,0.9624687239366139,0.9554995801847187,0.9844644317252658,0.9861224489795918,0.9836601307189542,0.9676348547717842,0.9869706840390879
0.965,0.9534292972057579,0.9245446660884649,0.9299913569576491,0.9894050529747351,0.981101068200493,0.9852941176470589,0.9606035205364627,0.9561551433389545,0.9526226734348562,0.9877551020408163,0.990228013029316,0.9861224489795918,0.954468802698145,0.9852700490998363
0.9587194608256108,0.9533502968617472,0.9270833333333334,0.9316017316017317,0.9852216748768473,0.9768211920529801,0.9860541427399507,0.9622166246851386,0.9524617996604414,0.9533502968617472,0.9868852459016394,0.9852216748768473,0.9885433715220949,0.956081081081081,0.9877149877149877
0.966499162479062,0.9526226734348562,0.926829268292683,0.9334485738980121,0.9852459016393442,0.9868421052631579,0.9826875515251443,0.9655751469353484,0.9568892645815723,0.9524617996604414,0.9901639344262295,0.9844134536505332,0.9885245901639345,0.9629629629629629,0.9827444535743632
0.9648829431438127,0.9479077711357814,0.9270833333333334,0.9194395796847635,0.9818780889621087,0.9801980198019802,0.9835796387520526,0.9595959595959596,0.9568892645815723,0.9542372881355933,0.9860541427399507,0.9868852459016394,0.9860769860769861,0.9578414839797639,0.9860541427399507
0.9622799664710813,0.9545454545454546,0.9299913569576491,0.921875,0.9869067103109657,0.9793899422918384,0.9811320754716981,0.96843853820598,0.9624060150375939,0.9545454545454546,0.9819078947368421,0.9893877551020408,0.9852941176470589,0.9658617818484596,0.9902439024390244
0.9699499165275459,0.9401709401709402,0.9194395796847635,0.9102112676056338,0.9835526315789473,0.9826875515251443,0.9835796387520526,0.9579124579124579,0.9526226734348562,0.9427839453458582,0.9826875515251443,0.9868852459016394,0.9869067103109657,0.9543918918918919,0.9852700490998363
0.9675270607826811,0.9606694560669456,0.9272097053726169,0.9209383145091226,0.9894050529747351,0.9869067103109657,0.9861224489795918,0.9718076285240465,0.965,0.9527824620573356,0.9910350448247759,0.9894050529747351,0.9918831168831169,0.970954356846473,0.9910641754670999
0.9580536912751678,0.9444918872758327,0.9090909090909091,0.9037952338923213,0.9860541427399507,0.9801980198019802,0.9752883031301482,0.9561551433389545,0.9483488569009314,0.9402730375426621,0.9843878389482333,0.9860541427399507,0.980327868852459,0.951735817104149,0.9860769860769861
0.9595278246205734,0.9472789115646258,0.9304347826086956,0.9242819843342036,0.9852216748768473,0.9834710743801653,0.9860541427399507,0.9655751469353484,0.9569620253164557,0.9507640067911715,0.9884868421052632,0.9877149877149877,0.9877149877149877,0.962089300758214,0.9852459016393442
0.9735537190082645,0.94843617920541,0.9402730375426621,0.934931506849315,0.9902439024390244,0.9927007299270073,0.9902597402597403,0.9693454846727423,0.9616026711185309,0.959866220735786,0.9910641754670999,0.9959579628132579,0.994341147938561,0.9684908789386402,0.9935275080906149
0.9613445378151261,0.949238578680203,0.9307958477508651,0.9178321678321678,0.9869281045751634,0.9860541427399507,0.9827444535743632,0.9657477025898078,0.9614093959731543,0.9535080304311073,0.9877149877149877,0.9844389844389845,0.9877350776778414,0.9614093959731543,0.9869494290375204
0.9629005059021922,0.9535864978902954,0.9304347826086956,0.9299913569576491,0.9885057471264368,0.9834710743801653,0.9835796387520526,0.9717607973421927,0.9605373635600336,0.9508474576271186,0.9876543209876543,0.9918166939443536,0.988562091503268,0.9648829431438127,0.990228013029316
0.9622166246851386,0.9437819420783645,0.9241499564080209,0.9141856392294221,0.9893704006541292,0.9843621399176955,0.9819672131147541,0.9588581024349286,0.9464740866610025,0.9491525423728814,0.9876948318293683,0.9885433715220949,0.9861224489795918,0.9553496208930076,0.9828009828009828
0.9631490787269682,0.9518174133558749,0.9318377911993098,0.9168853893263342,0.9844389844389845,0.9785478547854786,0.9869281045751634,0.9632107023411371,0.9535080304311073,0.9463829787234043,0.9819078947368421,0.9852700490998363,0.9860997547015535,0.9606035205364627,0.983633387888707
0.9589270746018441,0.9518987341772152,0.9236111111111112,0.9068541300527241,0.9894050529747351,0.981101068200493,0.9853181076672104,0.9658617818484596,0.959866220735786,0.9367521367521368,0.9844389844389845,0.991869918699187,0.9877949552481693,0.9641367806505421,0.9861224489795918
0.9615384615384616,0.9589270746018441,0.934819897084048,0.9392643284858854,0.9819967266775778,0.9819672131147541,0.9819672131147541,0.965,0.957983193277311,0.9562289562289562,0.983633387888707,0.9828291087489779,0.9861224489795918,0.9641367806505421,0.9861450692746536
0.9518174133558749,0.9434931506849316,0.9288194444444444,0.9206625980819529,0.9818780889621087,0.9776304888152444,0.9819376026272578,0.9551227773073666,0.9436860068259386,0.9409751924721984,0.9860312243221035,0.9868852459016394,0.9802631578947368,0.9533502968617472,0.9835526315789473
0.9657477025898078,0.9577702702702703,0.9325259515570934,0.9471890971039182,0.9852216748768473,0.9835255354200988,0.9877350776778414,0.9767827529021559,0.9656903765690377,0.9587194608256108,0.9885245901639345,0.9885433715220949,0.9910350448247759,0.9750830564784053,0.9901960784313726
0.9624060150375939,0.9446808510638298,0.9265341400172861,0.9208006962576153,0.9819672131147541,0.9811320754716981,0.9811629811629812,0.9493243243243243,0.9509306260575296,0.9482612383375743,0.983633387888707,0.9869494290375204,0.9853181076672104,0.9519797809604044,0.9836601307189542
0.9614740368509213,0.9394714407502132,0.9208006962576153,0.9135371179039301,0.9836065573770492,0.981101068200493,0.9861450692746536,0.9554995801847187,0.9475465313028765,0.9439728353140917,0.9844389844389845,0.9894050529747351,0.9869706840390879,0.9563758389261745,0.9869706840390879
0.9701492537313433,0.9518987341772152,0.9171752397558849,0.934819897084048,0.9861224489795918,0.9786184210526315,0.9861224489795918,0.9667221297836939,0.9597989949748744,0.9527824620573356,0.983633387888707,0.988599348534202,0.983633387888707,0.9658617818484596,0.9877750611246944
0.9570345408593092,0.9560067681895094,0.9336778639104221,0.9146877748460862,0.988562091503268,0.9835796387520526,0.9835796387520526,0.9666110183639399,0.9638958858102435,0.9568892645815723,0.9877350776778414,0.988562091503268,0.988562091503268,0.9666110183639399,0.9926769731489016
0.9551986475063398,0.9480851063829787,0.9230769230769231,0.9222707423580786,0.9793899422918384,0.9775933609958506,0.9810699588477366,0.9638958858102435,0.9542372881355933,0.9452991452991453,0.9818181818181818,0.9819078947368421,0.9810699588477366,0.9621530698065601,0.9827727645611156
0.9673093042749371,0.9454855195911414,0.9192982456140351,0.9297484822202949,0.9835526315789473,0.9792874896437448,0.9793559042113955,0.9595959595959596,0.9551227773073666,0.946199829205807,0.9860082304526749,0.9827160493827161,0.9843878389482333,0.9578414839797639,0.981101068200493
0.964824120603015,0.9391602399314481,0.9278887923544744,0.9234782608695652,0.9868852459016394,0.9835255354200988,0.9819078947368421,0.9551986475063398,0.9499575911789653,0.9472789115646258,0.9860312243221035,0.9868852459016394,0.9852459016393442,0.9534292972057579,0.9835796387520526
0.964765100671141,0.9473684210526315,0.9316017316017317,0.9252173913043479,0.9802306425041186,0.9801652892561984,0.9843878389482333,0.9622166246851386,0.9569620253164557,0.9489795918367347,0.9851973684210527,0.9860769860769861,0.9818780889621087,0.9622166246851386,0.9819376026272578
0.9631490787269682,0.957983193277311,0.9399656946826758,0.9209383145091226,0.9852216748768473,0.9827160493827161,0.9828009828009828,0.9683860232945092,0.9624060150375939,0.949238578680203,0.9877149877149877,0.9885433715220949,0.9852941176470589,0.9632107023411371,0.9877551020408163
0.9614740368509213,0.9501267962806424,0.9234782608695652,0.9181184668989547,0.9844389844389845,0.9777043765483072,0.9811320754716981,0.959731543624161,0.9545454545454546,0.9474576271186441,0.9793899422918384,0.9844389844389845,0.983633387888707,0.9606035205364627,0.988599348534202
0.951735817104149,0.9632107023411371,0.9318377911993098,0.9206625980819529,0.9844389844389845,0.9768595041322314,0.9785831960461285,0.9700996677740864,0.9605373635600336,0.9508474576271186,0.9835796387520526,0.9836065573770492,0.9819376026272578,0.9675270607826811,0.9852941176470589
0.9611486486486487,0.9578414839797639,0.9275109170305676,0.9081272084805654,0.9876543209876543,0.9851239669421488,0.9802306425041186,0.9674185463659147,0.956081081081081,0.9462915601023018,0.9876339653751031,0.9909762100082035,0.9860769860769861,0.9622166246851386,0.9893877551020408
0.954468802698145,0.9553496208930076,0.9178321678321678,0.9339055793991416,0.9827444535743632,0.9802306425041186,0.9844897959183674,0.9667221297836939,0.9571788413098237,0.9510135135135135,0.9844134536505332,0.9860769860769861,0.9836601307189542,0.9589270746018441,0.9861224489795918
0.9482612383375743,0.9498725573491928,0.9290657439446367,0.9253472222222222,0.9810699588477366,0.9734660033167496,0.9777777777777777,0.9614740368509213,0.9543918918918919,0.9463829787234043,0.9785478547854786,0.9819078947368421,0.9811320754716981,0.9562289562289562,0.9844389844389845
0.9580536912751678,0.9514893617021276,0.9291882556131261,0.9260226283724978,0.9836065573770492,0.9785831960461285,0.9769736842105263,0.9589270746018441,0.9568892645815723,0.9568892645815723,0.9785831960461285,0.9827727645611156,0.9828291087489779,0.9589270746018441,0.9844644317252658
0.9776674937965261,0.9552742616033755,0.9332176929748482,0.9261511728931364,0.9869067103109657,0.9859851607584501,0.9827160493827161,0.9681208053691275,0.960470984020185,0.9551986475063398,0.9859851607584501,0.9860769860769861,0.9868852459016394,0.9629005059021922,0.9860769860769861
0.9623430962343096,0.9489795918367347,0.92894280762565,0.9149868536371604,0.9869067103109657,0.9785123966942149,0.9844389844389845,0.9622166246851386,0.9543918918918919,0.9436860068259386,0.9852216748768473,0.99185667752443,0.9860997547015535,0.9595959595959596,0.9902120717781403
0.965,0.9551986475063398,0.9309153713298791,0.9356223175965666,0.9893877551020408,0.9852459016393442,0.988599348534202,0.9683333333333334,0.959731543624161,0.9553496208930076,0.9893877551020408,0.9902120717781403,0.9869494290375204,0.9648829431438127,0.9910350448247759
0.9552742616033755,0.9473684210526315,0.9354005167958657,0.9133858267716536,0.9835526315789473,0.9776674937965261,0.9869494290375204,0.9640768588137009,0.953664700926706,0.949238578680203,0.9793559042113955,0.9918433931484503,0.9877750611246944,0.9623430962343096,0.991869918699187
0.9614093959731543,0.9674185463659147,0.9408740359897172,0.9352890422778257,0.9852700490998363,0.9852216748768473,0.9869067103109657,0.9751243781094527,0.9716666666666667,0.9604043807919124,0.9918433931484503,0.9877551020408163,0.99185667752443,0.973421926910299,0.9869281045751634
0.9657477025898078,0.9426860564585116,0.9270833333333334,0.928695652173913,0.9794576828266228,0.975973487986744,0.9793899422918384,0.9595959595959596,0.9559322033898305,0.9514893617021276,0.9801980198019802,0.9760923330585326,0.9835796387520526,0.956081081081081,0.9828009828009828
0.9569620253164557,0.9595278246205734,0.9304347826086956,0.9253472222222222,0.9818181818181818,0.9800995024875622,0.9827727645611156,0.9673640167364017,0.9657477025898078,0.9499575911789653,0.9843104872006606,0.9843363561417972,0.9802631578947368,0.9708090075062552,0.9860541427399507
0.9606694560669456,0.95878889823381,0.9336778639104221,0.934819897084048,0.988562091503268,0.9802306425041186,0.9877750611246944,0.9734660033167496,0.9606694560669456,0.9597989949748744,0.9869067103109657,0.9902120717781403,0.988599348534202,0.9691923397169026,0.9902120717781403
0.9622799664710813,0.9571788413098237,0.9327586206896552,0.9280138768430182,0.9844897959183674,0.9852459016393442,0.9910350448247759,0.9666110183639399,0.9595959595959596,0.956081081081081,0.9877350776778414,0.9886178861788618,0.9910350448247759,0.9674728940783986,0.9869706840390879
0.9640768588137009,0.9579124579124579,0.9319552110249785,0.940068493150685,0.9860997547015535,0.9802631578947368,0.9869281045751634,0.9726594863297432,0.9657477025898078,0.95878889823381,0.9860997547015535,0.9910496338486574,0.990228013029316,0.9666666666666667,0.9894050529747351
0.9639564124057,0.9551227773073666,0.9388458225667528,0.9288194444444444,0.9868852459016394,0.985172981878089,0.9827160493827161,0.9724770642201835,0.9621530698065601,0.9577702702702703,0.9893355209187858,0.9885433715220949,0.9910204081632653,0.9707602339181286,0.9885433715220949
0.9605373635600336,0.9510135135135135,0.9262792714657415,0.927461139896373,0.9910350448247759,0.9835796387520526,0.9836601307189542,0.9667774086378738,0.9624060150375939,0.9510135135135135,0.9877350776778414,0.9893877551020408,0.9869706840390879,0.9650582362728786,0.9844897959183674
0.9588581024349286,0.9480851063829787,0.9355116079105761,0.9157894736842105,0.9860997547015535,0.9810699588477366,0.9827727645611156,0.9648829431438127,0.9569620253164557,0.9543147208121827,0.9852459016393442,0.9877551020408163,0.9877551020408163,0.9631490787269682,0.9844389844389845
0.9569620253164557,0.9446808510638298,0.9205240174672489,0.9205240174672489,0.981101068200493,0.9793559042113955,0.9819376026272578,0.9606035205364627,0.9534292972057579,0.9489795918367347,0.9843878389482333,0.9836065573770492,0.9860997547015535,0.9553496208930076,0.980327868852459
0.9665551839464883,0.9524617996604414,0.9285714285714286,0.9226759339704604,0.9868204283360791,0.9826302729528535,0.9777777777777777,0.9543147208121827,0.9553496208930076,0.9419795221843004,0.9834710743801653,0.9884868421052632,0.9811320754716981,0.9578414839797639,0.9852216748768473
0.9586497890295359,0.949238578680203,0.9260226283724978,0.92,0.9843621399176955,0.9759336099585062,0.9844644317252658,0.9624060150375939,0.9518987341772152,0.9447748513169074,0.9835255354200988,0.9876948318293683,0.983633387888707,0.9615384615384616,0.9869494290375204
0.9570345408593092,0.9535864978902954,0.9336778639104221,0.938950988822012,0.9844897959183674,0.9793899422918384,0.9860769860769861,0.9666110183639399,0.9621530698065601,0.9595278246205734,0.9844134536505332,0.980327868852459,0.9860769860769861,0.9631490787269682,0.9828291087489779
0.9656903765690377,0.953664700926706,0.92894280762565,0.9264069264069265,0.9893877551020408,0.9860541427399507,0.9885807504078303,0.9649415692821369,0.957983193277311,0.954468802698145,0.9893704006541292,0.9926769731489016,0.9910496338486574,0.9640768588137009,0.9894222945484134
0.949238578680203,0.9526226734348562,0.9344827586206896,0.9302325581395349,0.9793899422918384,0.9768211920529801,0.9786184210526315,0.9674185463659147,0.9571788413098237,0.9527824620573356,0.9818780889621087,0.9852459016393442,0.9852941176470589,0.972568578553616,0.9877350776778414
0.9553496208930076,0.9527027027027027,0.9179755671902269,0.9262792714657415,0.9802955665024631,0.9794238683127572,0.9811320754716981,0.9606694560669456,0.9543918918918919,0.9436860068259386,0.9819376026272578,0.9811320754716981,0.9828009828009828,0.9563025210084034,0.9819967266775778
0.9665551839464883,0.9480851063829787,0.9261511728931364,0.9233449477351916,0.9868852459016394,0.9843878389482333,0.9869067103109657,0.9622799664710813,0.9525423728813559,0.9489795918367347,0.9868852459016394,0.9877149877149877,0.9893877551020408,0.9622799664710813,0.9869067103109657
0.9656328583403185,0.9524617996604414,0.9386343993085566,0.9225413402959095,0.9859851607584501,0.9817578772802653,0.9852459016393442,0.9673093042749371,0.95878889823381,0.9535080304311073,0.9867986798679867,0.9909762100082035,0.988562091503268,0.9638351555929352,0.9885245901639345
0.9744013212221305,0.9681742043551089,0.9363166953528399,0.9345955249569707,0.9910204081632653,0.9918433931484503,0.988599348534202,0.97,0.9674728940783986,0.9579124579124579,0.993485342019544,0.9926650366748166,0.988599348534202,0.975973487986744,0.9918433931484503
0.9650582362728786,0.9633333333333334,0.9475465313028765,0.9403747870528109,0.9894394800974817,0.9828291087489779,0.9894394800974817,0.9761316872427983,0.9710504549214226,0.9667774086378738,0.9877949552481693,0.9861450692746536,0.9894394800974817,0.9744435284418796,0.9861450692746536
0.9515717926932881,0.9524617996604414,0.9343696027633851,0.925764192139738,0.9810699588477366,0.9742310889443059,0.9776674937965261,0.9674185463659147,0.9655172413793104,0.9558573853989814,0.9843621399176955,0.9844134536505332,0.9827160493827161,0.960470984020185,0.9827727645611156
0.969140950792327,0.9595959595959596,0.9390557939914163,0.9325259515570934,0.9860769860769861,0.9868852459016394,0.9843878389482333,0.9776674937965261,0.9690893901420217,0.9612794612794613,0.9877149877149877,0.9877350776778414,0.9893704006541292,0.9751243781094527,0.988562091503268
0.9568892645815723,0.9548936170212766,0.9322916666666666,0.9230769230769231,0.9809444904722452,0.9767054908485857,0.9785123966942149,0.9673093042749371,0.9532710280373832,0.9550466497031382,0.9800995024875622,0.9843104872006606,0.9835526315789473,0.9638351555929352,0.9818181818181818
0.972568578553616,0.9509306260575296,0.9335634167385677,0.9226759339704604,0.9877149877149877,0.9801980198019802,0.988599348534202,0.9658617818484596,0.9588581024349286,0.9527027027027027,0.9852216748768473,0.9918433931484503,0.9869494290375204,0.9641367806505421,0.9877750611246944
0.9631490787269682,0.9482612383375743,0.9318377911993098,0.9245446660884649,0.988562091503268,0.9844134536505332,0.990228013029316,0.9614740368509213,0.9562289562289562,0.9535864978902954,0.9893877551020408,0.9877350776778414,0.9894050529747351,0.9571068124474348,0.990228013029316
0.9612141652613828,0.9504273504273504,0.932868352223191,0.9145374449339208,0.9826014913007457,0.98,0.9835255354200988,0.9654008438818565,0.9559322033898305,0.947008547008547,0.9842323651452282,0.9884678747940692,0.9851973684210527,0.9601357082273113,0.9868204283360791
0.9501267962806424,0.9541595925297114,0.9262792714657415,0.9252173913043479,0.9869067103109657,0.9802306425041186,0.9760923330585326,0.9657477025898078,0.964824120603015,0.9516539440203562,0.9844134536505332,0.9819078947368421,0.9828009828009828,0.9631490787269682,0.9827444535743632
0.9638958858102435,0.9613445378151261,0.9285714285714286,0.9371231696813093,0.9860541427399507,0.9826302729528535,0.9860541427399507,0.9775933609958506,0.9690893901420217,0.9595278246205734,0.9884868421052632,0.9877149877149877,0.9868852459016394,0.974188176519567,0.988562091503268
0.964765100671141,0.9500423370025403,0.928695652173913,0.9281385281385282,0.9810387469084914,0.9758935993349959,0.9835796387520526,0.9665551839464883,0.9535080304311073,0.9490662139219015,0.9843363561417972,0.9877149877149877,0.9819078947368421,0.9622166246851386,0.981101068200493
0.9579124579124579,0.9490662139219015,0.9280138768430182,0.9242819843342036,0.9785831960461285,0.973421926910299,0.9802631578947368,0.9561551433389545,0.9543147208121827,0.9489795918367347,0.9843878389482333,0.981101068200493,0.9819376026272578,0.9579124579124579,0.9760923330585326
0.9622799664710813,0.9587194608256108,0.9380378657487092,0.9373390557939915,0.9868852459016394,0.9835255354200988,0.9836065573770492,0.9656903765690377,0.9605373635600336,0.9579124579124579,0.986863711001642,0.9868852459016394,0.9852700490998363,0.9665551839464883,0.9860769860769861
0.9663865546218487,0.946917808219178,0.9321739130434783,0.9182058047493403,0.9826302729528535,0.9834437086092715,0.9843363561417972,0.9576271186440678,0.9496157130657558,0.9432989690721649,0.9842845326716294,0.9876543209876543,0.9868421052631579,0.9558573853989814,0.9885057471264368
0.9657477025898078,0.9518174133558749,0.9327586206896552,0.9318377911993098,0.9860997547015535,0.9852459016393442,0.9861224489795918,0.9606694560669456,0.9614093959731543,0.951735817104149,0.9869067103109657,0.9877551020408163,0.9894222945484134,0.9667221297836939,0.9853181076672104
0.9674185463659147,0.9347079037800687,0.9175438596491228,0.9055604589585172,0.9818780889621087,0.9793217535153019,0.9777411376751854,0.9481733220050977,0.9446808510638298,0.9392643284858854,0.9801652892561984,0.9818780889621087,0.981101068200493,0.9454855195911414,0.9802631578947368
0.9614740368509213,0.95878889823381,0.9272097053726169,0.9178321678321678,0.9860997547015535,0.9802306425041186,0.9894050529747351,0.9666110183639399,0.95878889823381,0.9508474576271186,0.9819078947368421,0.9910496338486574,0.9894050529747351,0.9614093959731543,0.991869918699187
0.9580536912751678,0.9578414839797639,0.9428815004262575,0.9336778639104221,0.990228013029316,0.9827727645611156,0.9828009828009828,0.9683860232945092,0.9622799664710813,0.9579124579124579,0.9860997547015535,0.9869281045751634,0.9852941176470589,0.9666666666666667,0.9869281045751634
0.9569620253164557,0.9527824620573356,0.9326424870466321,0.9344827586206896,0.9844644317252658,0.9776674937965261,0.9835796387520526,0.9657477025898078,0.9630872483221476,0.9630872483221476,0.9885433715220949,0.9852941176470589,0.9893877551020408,0.9631490787269682,0.980327868852459
0.9606035205364627,0.9553496208930076,0.936426116838488,0.9318377911993098,0.9861224489795918,0.9835796387520526,0.9852700490998363,0.9683333333333334,0.9614093959731543,0.9561551433389545,0.9852459016393442,0.9877750611246944,0.9885807504078303,0.9674728940783986,0.988599348534202
0.95878889823381,0.9579124579124579,0.9297484822202949,0.9208006962576153,0.9893704006541292,0.9835255354200988,0.9836065573770492,0.964824120603015,0.957983193277311,0.9518174133558749,0.9851973684210527,0.9877149877149877,0.9827727645611156,0.9639564124057,0.988562091503268
0.9614093959731543,0.9526226734348562,0.92894280762565,0.9281385281385282,0.9910350448247759,0.9835526315789473,0.9852459016393442,0.9674185463659147,0.9579124579124579,0.95878889823381,0.9926650366748166,0.9910350448247759,0.988562091503268,0.9656903765690377,0.9877350776778414
0.9658048373644704,0.9580536912751678,0.9337919174548581,0.9262792714657415,0.9877949552481693,0.9827727645611156,0.9852700490998363,0.9666666666666667,0.9631490787269682,0.9526226734348562,0.9860997547015535,0.9886178861788618,0.9885807504078303,0.9640768588137009,0.9886178861788618
0.9671440606571188,0.9479077711357814,0.9252418645558487,0.9238845144356955,0.985962014863749,0.990916597853014,0.9834983498349835,0.9619611158072696,0.9585097375105842,0.9514066496163683,0.9884105960264901,0.9867986798679867,0.985172981878089,0.961082910321489,0.9835255354200988
0.9550466497031382,0.954468802698145,0.9452054794520548,0.9232111692844677,0.9852459016393442,0.9809760132340778,0.986863711001642,0.966499162479062,0.9621530698065601,0.9586497890295359,0.9826589595375722,0.9852459016393442,0.9860312243221035,0.9638958858102435,0.9819376026272578
0.9589958158995816,0.9509306260575296,0.934018851756641,0.9198606271777003,0.9853181076672104,0.9769736842105263,0.9853181076672104,0.9650582362728786,0.959731543624161,0.954468802698145,0.9828291087489779,0.9877949552481693,0.9869706840390879,0.9616026711185309,0.9886178861788618
0.9578414839797639,0.9499575911789653,0.9127753303964757,0.9236111111111112,0.986863711001642,0.9776304888152444,0.9836065573770492,0.9614093959731543,0.9535864978902954,0.9464740866610025,0.9893529893529893,0.9876948318293683,0.9860997547015535,0.9605373635600336,0.9860769860769861
0.9586497890295359,0.944206008583691,0.9331016507384883,0.9137323943661971,0.9809444904722452,0.9800664451827242,0.9777043765483072,0.962089300758214,0.948892674616695,0.9524617996604414,0.9851239669421488,0.9826302729528535,0.9793899422918384,0.9612141652613828,0.9793217535153019
0.9552742616033755,0.9551986475063398,0.9280138768430182,0.9280138768430182,0.9902120717781403,0.9793559042113955,0.9835796387520526,0.9665551839464883,0.964824120603015,0.9498725573491928,0.9827160493827161,0.9910350448247759,0.9869067103109657,0.9665551839464883,0.9910350448247759
0.9624687239366139,0.9526226734348562,0.9225413402959095,0.9163763066202091,0.9902120717781403,0.9751655629139073,0.9786535303776683,0.9631490787269682,0.9554995801847187,0.9430756159728122,0.9793899422918384,0.9860769860769861,0.9828291087489779,0.9614093959731543,0.9844134536505332
0.9543147208121827,0.9577702702702703,0.9230769230769231,0.9234782608695652,0.9860082304526749,0.9843363561417972,0.9836065573770492,0.972568578553616,0.9657477025898078,0.9596638655462185,0.9868421052631579,0.9893355209187858,0.9852700490998363,0.9717138103161398,0.9860541427399507
0.9543918918918919,0.9527027027027027,0.9318377911993098,0.9225413402959095,0.9794238683127572,0.9785478547854786,0.9802631578947368,0.9632107023411371,0.9570345408593092,0.951735817104149,0.9827444535743632,0.9836065573770492,0.981101068200493,0.9614740368509213,0.9811320754716981
0.9578414839797639,0.9500423370025403,0.9298701298701298,0.9178321678321678,0.9802306425041186,0.9717138103161398,0.9793899422918384,0.9640167364016736,0.9543918918918919,0.9427839453458582,0.9785123966942149,0.9835796387520526,0.9860769860769861,0.9596638655462185,0.9827727645611156
0.9691923397169026,0.950210970464135,0.9355116079105761,0.9226759339704604,0.9861224489795918,0.9827444535743632,0.9844389844389845,0.9606035205364627,0.9562289562289562,0.9527027027027027,0.9869067103109657,0.9877750611246944,0.9877551020408163,0.9571068124474348,0.9844897959183674
0.9595278246205734,0.947098976109215,0.9267015706806283,0.9052258635961028,0.9818181818181818,0.978405315614618,0.9777411376751854,0.9578414839797639,0.9489795918367347,0.9417808219178082,0.9817880794701986,0.978441127694859,0.976897689768977,0.9534292972057579,0.9760132340777502
0.9605373635600336,0.9403747870528109,0.9281385281385282,0.9152838427947598,0.9844389844389845,0.9768595041322314,0.983633387888707,0.9615384615384616,0.949238578680203,0.9483488569009314,0.9819078947368421,0.9869281045751634,0.9844644317252658,0.9580536912751678,0.9886178861788618
0.9615384615384616,0.9597989949748744,0.9411764705882353,0.9374464438731791,0.9935275080906149,0.9852941176470589,0.993517017828201,0.9735537190082645,0.9675270607826811,0.9606035205364627,0.9902439024390244,0.994341147938561,0.994331983805668,0.9710024855012428,0.9927125506072875
0.9578414839797639,0.951735817104149,0.9333333333333333,0.9382504288164666,0.9810387469084914,0.9775933609958506,0.9819078947368421,0.9699499165275459,0.9552742616033755,0.9570345408593092,0.9801324503311258,0.9852216748768473,0.9852459016393442,0.966499162479062,0.988562091503268
0.9623430962343096,0.9527027027027027,0.9454855195911414,0.9392643284858854,0.9869281045751634,0.9869067103109657,0.9869494290375204,0.9760528488852188,0.969243557772236,0.9675270607826811,0.988562091503268,0.991869918699187,0.9918831168831169,0.9752066115702479,0.9902439024390244
0.965,0.9571788413098237,0.9328743545611016,0.92,0.9869494290375204,0.9877551020408163,0.9877750611246944,0.9666666666666667,0.9606694560669456,0.953664700926706,0.9869281045751634,0.9902439024390244,0.9918831168831169,0.9675270607826811,0.9951456310679612
0.9699499165275459,0.951735817104149,0.9297484822202949,0.9379310344827586,0.9836065573770492,0.9810074318744839,0.9818780889621087,0.9674185463659147,0.962089300758214,0.9559322033898305,0.9843621399176955,0.9844389844389845,0.9860541427399507,0.9665551839464883,0.9828009828009828
0.9554995801847187,0.9499575911789653,0.9217391304347826,0.9152838427947598,0.9860997547015535,0.9827727645611156,0.9861450692746536,0.9562289562289562,0.9510135135135135,0.9384615384615385,0.9860997547015535,0.990228013029316,0.9869706840390879,0.9562289562289562,0.9869281045751634
0.9639564124057,0.9545454545454546,0.9335634167385677,0.9245446660884649,0.9852459016393442,0.975973487986744,0.9827727645611156,0.970954356846473,0.9640768588137009,0.9588581024349286,0.9827160493827161,0.9869067103109657,0.9877551020408163,0.9649415692821369,0.9869494290375204
0.9666110183639399,0.9534292972057579,0.9205240174672489,0.9110132158590308,0.9860769860769861,0.9801980198019802,0.9827444535743632,0.9622166246851386,0.9587194608256108,0.9453924914675768,0.9843878389482333,0.9852459016393442,0.9835796387520526,0.9587194608256108,0.9810699588477366
0.9657477025898078,0.9463829787234043,0.9269565217391305,0.9208006962576153,0.9843878389482333,0.9810074318744839,0.9827727645611156,0.9665551839464883,0.9588581024349286,0.9464740866610025,0.986863711001642,0.9893704006541292,0.9860997547015535,0.9682804674457429,0.9860769860769861
0.9571068124474348,0.9464740866610025,0.9178321678321678,0.9074889867841409,0.9844389844389845,0.9777043765483072,0.9802955665024631,0.9649415692821369,0.9553496208930076,0.9464740866610025,0.9768595041322314,0.9836065573770492,0.9819672131147541,0.9562289562289562,0.9811320754716981
0.949238578680203,0.9446808510638298,0.9217391304347826,0.9045936395759717,0.9769357495881383,0.9743589743589743,0.9752475247524752,0.957983193277311,0.9473684210526315,0.9437819420783645,0.9785831960461285,0.9794576828266228,0.9794576828266228,0.9562289562289562,0.9819672131147541
0.9585798816568047,0.9474576271186441,0.9173989455184535,0.9198606271777003,0.9784768211920529,0.9818181818181818,0.9802631578947368,0.9571068124474348,0.9527027027027027,0.9383561643835616,0.985172981878089,0.9810074318744839,0.981101068200493,0.9571068124474348,0.9786184210526315
0.9614093959731543,0.9525423728813559,0.9252173913043479,0.9298701298701298,0.9810699588477366,0.975973487986744,0.9835796387520526,0.9665551839464883,0.960470984020185,0.9516539440203562,0.9818780889621087,0.9860769860769861,0.9852459016393442,0.9674185463659147,0.9852459016393442
0.9595278246205734,0.9436860068259386,0.9203849518810149,0.9224062772449869,0.975973487986744,0.9742310889443059,0.9802306425041186,0.9579124579124579,0.9525423728813559,0.9453924914675768,0.9801652892561984,0.9843878389482333,0.9819078947368421,0.9552742616033755,0.9819376026272578
0.964824120603015,0.9491525423728814,0.9398625429553265,0.9198606271777003,0.9835526315789473,0.9801652892561984,0.9836065573770492,0.9640167364016736,0.957983193277311,0.9473684210526315,0.9876948318293683,0.9877149877149877,0.9860997547015535,0.9622799664710813,0.9852700490998363
0.9613445378151261,0.9443969204448246,0.9232111692844677,0.9167397020157756,0.9860312243221035,0.9826875515251443,0.9810699588477366,0.9622166246851386,0.9498725573491928,0.9489795918367347,0.9818481848184818,0.9876948318293683,0.9860769860769861,0.956081081081081,0.9868852459016394
0.960735171261487,0.9454855195911414,0.9290657439446367,0.9154315605928509,0.9877350776778414,0.9793899422918384,0.9828291087489779,0.9579124579124579,0.9510961214165261,0.9457627118644067,0.9819078947368421,0.9844134536505332,0.9853181076672104,0.951735817104149,0.9852459016393442
0.9543918918918919,0.9416809605488851,0.9281385281385282,0.9164467897977133,0.9836065573770492,0.9785478547854786,0.9860769860769861,0.9579124579124579,0.9523809523809523,0.9443016281062554,0.9819078947368421,0.9869281045751634,0.9835796387520526,0.9535080304311073,0.9827727645611156
0.9760528488852188,0.9475465313028765,0.9310344827586207,0.9236111111111112,0.9853181076672104,0.9802631578947368,0.9894050529747351,0.9666666666666667,0.9571068124474348,0.9535864978902954,0.9852700490998363,0.9902597402597403,0.9877551020408163,0.9588581024349286,0.9853181076672104
0.9623430962343096,0.9632721202003339,0.9419795221843004,0.9437819420783645,0.9852941176470589,0.9836065573770492,0.9894222945484134,0.9769357495881383,0.9743589743589743,0.9640768588137009,0.9885807504078303,0.988599348534202,0.988599348534202,0.9760923330585326,0.9910786699107867
0.9571788413098237,0.9499575911789653,0.9283865401207938,0.9186351706036745,0.9761316872427983,0.9769357495881383,0.9786184210526315,0.9580536912751678,0.9569620253164557,0.9507640067911715,0.9828009828009828,0.9836601307189542,0.983633387888707,0.9624060150375939,0.9811629811629812
0.9614740368509213,0.9463829787234043,0.9233449477351916,0.9262792714657415,0.9860997547015535,0.9768211920529801,0.9785831960461285,0.9630872483221476,0.9535080304311073,0.9499575911789653,0.9852216748768473,0.9844389844389845,0.9844389844389845,0.9595959595959596,0.9844389844389845
0.9605373635600336,0.9373390557939915,0.927763272410792,0.9037952338923213,0.9876948318293683,0.9834983498349835,0.9844644317252658,0.9665551839464883,0.9510135135135135,0.949238578680203,0.9876746096959738,0.9885245901639345,0.9861224489795918,0.9622166246851386,0.988562091503268
0.9718076285240465,0.9483488569009314,0.9374464438731791,0.9328743545611016,0.9877750611246944,0.9894050529747351,0.9877750611246944,0.965,0.9640768588137009,0.9535864978902954,0.9894050529747351,0.9902439024390244,0.9927007299270073,0.9675810473815462,0.9918962722852512
0.9570345408593092,0.9571068124474348,0.9260226283724978,0.9190600522193212,0.9793559042113955,0.9742310889443059,0.9752475247524752,0.9622799664710813,0.9580536912751678,0.9474576271186441,0.9793217535153019,0.9801980198019802,0.9760923330585326,0.9614093959731543,0.9785831960461285
0.956081081081081,0.9499575911789653,0.9157894736842105,0.9090909090909091,0.9810699588477366,0.973421926910299,0.9793899422918384,0.9561551433389545,0.9462915601023018,0.9399656946826758,0.9818780889621087,0.9810699588477366,0.9827444535743632,0.9552742616033755,0.9794238683127572
0.9562289562289562,0.9490662139219015,0.9316017316017317,0.9154315605928509,0.9835255354200988,0.9801652892561984,0.9778142974527527,0.9648829431438127,0.9554995801847187,0.9448685326547922,0.9876948318293683,0.9885245901639345,0.9819967266775778,0.9648829431438127,0.9844134536505332
0.9656903765690377,0.9543918918918919,0.927763272410792,0.9310344827586207,0.9876948318293683,0.985172981878089,0.9861224489795918,0.9666110183639399,0.957983193277311,0.9553496208930076,0.9876746096959738,0.9893529893529893,0.9852941176470589,0.9666110183639399,0.9860997547015535
0.9588581024349286,0.9527027027027027,0.9328743545611016,0.9291882556131261,0.9844389844389845,0.9852700490998363,0.9860997547015535,0.9675270607826811,0.957983193277311,0.954468802698145,0.9877551020408163,0.9894050529747351,0.990228013029316,0.9658048373644704,0.991869918699187
0.969140950792327,0.9432989690721649,0.9229422066549913,0.9202453987730062,0.9843621399176955,0.9817880794701986,0.9835526315789473,0.9637742207245156,0.9576988155668359,0.9532710280373832,0.9843104872006606,0.9901800327332242,0.9885433715220949,0.9629005059021922,0.9851973684210527
0.9543147208121827,0.9551986475063398,0.9324090121317158,0.9309153713298791,0.9860312243221035,0.9834983498349835,0.9819078947368421,0.964765100671141,0.9579124579124579,0.9535080304311073,0.9868421052631579,0.9893529893529893,0.9852459016393442,0.9656328583403185,0.9893704006541292
0.9615384615384616,0.959731543624161,0.9356223175965666,0.9420783645655877,0.9894050529747351,0.9860997547015535,0.9877949552481693,0.9718543046357616,0.9667221297836939,0.9580536912751678,0.9894050529747351,0.9935064935064936,0.9886178861788618,0.96843853820598,0.9910641754670999
0.9535864978902954,0.9524617996604414,0.9242819843342036,0.9225413402959095,0.9852216748768473,0.9818780889621087,0.9760923330585326,0.9648829431438127,0.9596638655462185,0.951735817104149,0.9860541427399507,0.9877149877149877,0.9811320754716981,0.9622799664710813,0.9877350776778414
0.9589270746018441,0.9553496208930076,0.9143356643356644,0.9291882556131261,0.9777777777777777,0.9752475247524752,0.9852941176470589,0.9667221297836939,0.954468802698145,0.9518174133558749,0.983633387888707,0.9852941176470589,0.983633387888707,0.9615384615384616,0.983633387888707
0.9606694560669456,0.9454855195911414,0.9337919174548581,0.925476603119584,0.9852700490998363,0.9819376026272578,0.9819967266775778,0.9632721202003339,0.9553496208930076,0.9500423370025403,0.9836065573770492,0.9860997547015535,0.9861450692746536,0.9580536912751678,0.9844644317252658
0.9622166246851386,0.95878889823381,0.9407725321888412,0.9409751924721984,0.9860541427399507,0.986863711001642,0.9877350776778414,0.9742738589211618,0.9666110183639399,0.9614093959731543,0.9885245901639345,0.9877149877149877,0.9893877551020408,0.9708576186511241,0.9893877551020408
0.973421926910299,0.9631490787269682,0.9408740359897172,0.9318377911993098,0.9918433931484503,0.9918433931484503,0.9885807504078303,0.9700996677740864,0.9691923397169026,0.9579124579124579,0.9893704006541292,0.9926650366748166,0.9910496338486574,0.9718076285240465,0.990228013029316
0.9550466497031382,0.9399656946826758,0.9219982471516214,0.9222707423580786,0.9810074318744839,0.978405315614618,0.9793899422918384,0.9595959595959596,0.9542372881355933,0.9497872340425532,0.9800995024875622,0.9793217535153019,0.9810699588477366,0.9587194608256108,0.981101068200493
0.9667774086378738,0.949238578680203,0.934819897084048,0.9106830122591943,0.9852941176470589,0.9844644317252658,0.9853181076672104,0.9692946058091286,0.960735171261487,0.9519797809604044,0.9861224489795918,0.9877750611246944,0.9877949552481693,0.9641367806505421,0.9877750611246944
0.9666666666666667,0.9527027027027027,0.9299913569576491,0.9226759339704604,0.9869281045751634,0.9827444535743632,0.9819672131147541,0.9718076285240465,0.9640768588137009,0.9606035205364627,0.9860769860769861,0.9860997547015535,0.9894222945484134,0.9666666666666667,0.983633387888707
0.9566694987255735,0.9499575911789653,0.9311246730601569,0.9233449477351916,0.9817880794701986,0.9783333333333334,0.9785478547854786,0.960470984020185,0.9516539440203562,0.9489795918367347,0.9825726141078838,0.9834710743801653,0.9793899422918384,0.960470984020185,0.981101068200493
0.9606035205364627,0.9537426408746846,0.9273356401384083,0.925476603119584,0.9828291087489779,0.9819376026272578,0.9869281045751634,0.9683860232945092,0.9571068124474348,0.9518174133558749,0.9869281045751634,0.9877949552481693,0.991869918699187,0.9640768588137009,0.9869706840390879
0.9647058823529412,0.9509306260575296,0.9240174672489083,0.9260226283724978,0.9819078947368421,0.9809760132340778,0.9810387469084914,0.9665551839464883,0.9568892645815723,0.9560067681895094,0.9868421052631579,0.9844134536505332,0.9843878389482333,0.9665551839464883,0.9811320754716981
0.9622799664710813,0.9497872340425532,0.9334485738980121,0.9159369527145359,0.9910057236304171,0.9835255354200988,0.981101068200493,0.9665551839464883,0.9570345408593092,0.9543918918918919,0.9885245901639345,0.9860312243221035,0.9877551020408163,0.9622166246851386,0.9835526315789473
0.9733777038269551,0.947008547008547,0.9250871080139372,0.9182058047493403,0.9868852459016394,0.9876948318293683,0.9893877551020408,0.9622799664710813,0.9585097375105842,0.9549702633814783,0.9885245901639345,0.9885433715220949,0.9902120717781403,0.9622799664710813,0.9877551020408163
0.9649415692821369,0.9667221297836939,0.9454855195911414,0.9448685326547922,0.9902120717781403,0.9877350776778414,0.9886178861788618,0.9794576828266228,0.9710504549214226,0.9676348547717842,0.99185667752443,0.9934959349593496,0.9910786699107867,0.9752475247524752,0.994331983805668
0.9630252100840336,0.942390369733448,0.9248251748251748,0.9180616740088106,0.9776674937965261,0.9817880794701986,0.9835526315789473,0.9541595925297114,0.9495295124037639,0.9459227467811159,0.9826302729528535,0.9801980198019802,0.9818780889621087,0.9541595925297114,0.9777043765483072
0.9596638655462185,0.9426860564585116,0.9288194444444444,0.9042553191489362,0.9835796387520526,0.9810074318744839,0.9819078947368421,0.9612794612794613,0.9480851063829787,0.9444918872758327,0.9826875515251443,0.9827444535743632,0.9835796387520526,0.9568892645815723,0.9835796387520526
0.964765100671141,0.9445865302642796,0.9230769230769231,0.9129287598944591,0.9852216748768473,0.9826589595375722,0.9827160493827161,0.9577702702702703,0.9480851063829787,0.9426860564585116,0.9818181818181818,0.9877149877149877,0.9852216748768473,0.9542372881355933,0.9860769860769861
0.9640167364016736,0.949238578680203,0.9225413402959095,0.918918918918919,0.9852700490998363,0.9785478547854786,0.9777777777777777,0.9571788413098237,0.9518174133558749,0.9401709401709402,0.9844134536505332,0.9877551020408163,0.983633387888707,0.9563025210084034,0.9853181076672104
0.9605373635600336,0.9507640067911715,0.9178321678321678,0.9154929577464789,0.9828009828009828,0.9777043765483072,0.9835796387520526,0.9631490787269682,0.960337552742616,0.9505962521294719,0.9768595041322314,0.9844644317252658,0.9835796387520526,0.9614093959731543,0.983633387888707
0.9595959595959596,0.9639564124057,0.9407725321888412,0.9327586206896552,0.9851973684210527,0.9860312243221035,0.9860997547015535,0.9691923397169026,0.9657477025898078,0.9579124579124579,0.986863711001642,0.9885245901639345,0.9877551020408163,0.9743164871582436,0.99185667752443
0.9595959595959596,0.9438775510204082,0.9298701298701298,0.9217391304347826,0.9902120717781403,0.9860541427399507,0.9869494290375204,0.9615384615384616,0.9553496208930076,0.9437819420783645,0.9918433931484503,0.9877350776778414,0.9894222945484134,0.9615384615384616,0.9877949552481693
0.9726141078838174,0.9571068124474348,0.9244135534317984,0.9282627484874676,0.988562091503268,0.9860769860769861,0.9860997547015535,0.9666666666666667,0.9632107023411371,0.9571068124474348,0.9877350776778414,0.988562091503268,0.9869281045751634,0.9675270607826811,0.9869281045751634
0.9621530698065601,0.9526226734348562,0.9202453987730062,0.913081650570676,0.9910057236304171,0.985172981878089,0.9860769860769861,0.9551986475063398,0.9526226734348562,0.940068493150685,0.9918166939443536,0.9910057236304171,0.9877350776778414,0.9587194608256108,0.988562091503268
0.9623430962343096,0.9525423728813559,0.9233449477351916,0.9319552110249785,0.9835526315789473,0.9793559042113955,0.9786184210526315,0.9648829431438127,0.957983193277311,0.9464740866610025,0.9843878389482333,0.9843878389482333,0.9819672131147541,0.9622799664710813,0.9802306425041186
0.9683333333333334,0.9588581024349286,0.9335634167385677,0.9299913569576491,0.9877551020408163,0.9843878389482333,0.9877350776778414,0.969140950792327,0.9640167364016736,0.9543918918918919,0.9885433715220949,0.990228013029316,0.9910350448247759,0.9665551839464883,0.9869281045751634
0.9606694560669456,0.9479077711357814,0.9195804195804196,0.9140350877192982,0.9877149877149877,0.9785123966942149,0.9811320754716981,0.9578414839797639,0.951735817104149,0.9382504288164666,0.9835526315789473,0.9901960784313726,0.9852941176470589,0.9569620253164557,0.9877149877149877
0.95878889823381,0.9527027027027027,0.940068493150685,0.9178321678321678,0.9844389844389845,0.9844134536505332,0.9802631578947368,0.9614740368509213,0.9552742616033755,0.9526226734348562,0.9844134536505332,0.9844389844389845,0.9852700490998363,0.9632107023411371,0.9852941176470589
0.959731543624161,0.9586497890295359,0.9186351706036745,0.9214659685863874,0.9852459016393442,0.9868852459016394,0.9844389844389845,0.9656903765690377,0.9630872483221476,0.9525423728813559,0.9868852459016394,0.988562091503268,0.9877551020408163,0.9674185463659147,0.99185667752443
0.9710024855012428,0.9501267962806424,0.9411764705882353,0.927461139896373,0.9894222945484134,0.9861224489795918,0.9869494290375204,0.9641367806505421,0.9615384615384616,0.9518987341772152,0.9844644317252658,0.9877750611246944,0.988599348534202,0.9597989949748744,0.9877750611246944
0.970906068162926,0.9667221297836939,0.9336778639104221,0.9436860068259386,0.9861224489795918,0.9835796387520526,0.9910496338486574,0.9785831960461285,0.9734660033167496,0.9596638655462185,0.988562091503268,0.9927007299270073,0.9935064935064936,0.9735099337748344,0.9902597402597403
0.9631490787269682,0.951735817104149,0.9344827586206896,0.9208006962576153,0.9810387469084914,0.9843878389482333,0.9860997547015535,0.9631490787269682,0.954468802698145,0.9527027027027027,0.9877149877149877,0.9893704006541292,0.9877551020408163,0.9648829431438127,0.988562091503268
0.969243557772236,0.9446808510638298,0.9234782608695652,0.9124343257443083,0.9844134536505332,0.9777043765483072,0.9844644317252658,0.9553496208930076,0.9465648854961832,0.9393680614859095,0.9760132340777502,0.9860769860769861,0.9869494290375204,0.9535864978902954,0.9885807504078303
0.9589270746018441,0.9465648854961832,0.9237435008665511,0.9190600522193212,0.9811320754716981,0.9769357495881383,0.980327868852459,0.9581239530988275,0.949238578680203,0.9420783645655877,0.9802955665024631,0.9819672131147541,0.980327868852459,0.9589958158995816,0.9828291087489779
0.9656903765690377,0.9355116079105761,0.9165935030728709,0.9149868536371604,0.9793559042113955,0.9793217535153019,0.9844389844389845,0.9543918918918919,0.9436860068259386,0.9391602399314481,0.9801652892561984,0.9835526315789473,0.9819376026272578,0.951735817104149,0.981101068200493
0.9614093959731543,0.954468802698145,0.9317199654278306,0.9236111111111112,0.9852459016393442,0.9818780889621087,0.9836065573770492,0.9657477025898078,0.957983193277311,0.9527027027027027,0.9818780889621087,0.9877350776778414,0.9869281045751634,0.9622799664710813,0.9885807504078303
0.9509306260575296,0.9606035205364627,0.9318377911993098,0.918918918918919,0.9869281045751634,0.9810699588477366,0.9860997547015535,0.9657477025898078,0.9588581024349286,0.9509306260575296,0.9844134536505332,0.990228013029316,0.9860997547015535,0.9691923397169026,0.9885807504078303
0.9585798816568047,0.948892674616695,0.9226713532513181,0.911660777385159,0.9810074318744839,0.9783333333333334,0.9767827529021559,0.9637130801687763,0.9523809523809523,0.9443016281062554,0.9834162520729685,0.9810074318744839,0.9784768211920529,0.9593220338983051,0.9785123966942149
0.9614740368509213,0.9420783645655877,0.9355116079105761,0.925476603119584,0.9819672131147541,0.9810699588477366,0.9836065573770492,0.9640167364016736,0.954468802698145,0.9473684210526315,0.9844134536505332,0.9852941176470589,0.9877551020408163,0.9579124579124579,0.9861224489795918
0.9569620253164557,0.9518174133558749,0.9453924914675768,0.9264069264069265,0.9860541427399507,0.9818780889621087,0.9802631578947368,0.9735099337748344,0.9623430962343096,0.9562289562289562,0.9868852459016394,0.9852216748768473,0.9827727645611156,0.969243557772236,0.9827727645611156
0.9624060150375939,0.9543918918918919,0.9347079037800687,0.9328743545611016,0.9852700490998363,0.9827727645611156,0.9853181076672104,0.9632721202003339,0.9571068124474348,0.954468802698145,0.9852700490998363,0.9885807504078303,0.9861450692746536,0.9632721202003339,0.9861224489795918
0.957983193277311,0.9356223175965666,0.925476603119584,0.9073256840247131,0.9786184210526315,0.9743589743589743,0.981101068200493,0.957983193277311,0.951735817104149,0.9409751924721984,0.9802631578947368,0.9861224489795918,0.9844389844389845,0.9535864978902954,0.9828009828009828
0.964765100671141,0.9562289562289562,0.9380378657487092,0.9270833333333334,0.988562091503268,0.9876948318293683,0.9877149877149877,0.9682804674457429,0.9630872483221476,0.9569620253164557,0.9885245901639345,0.9893877551020408,0.9893704006541292,0.9674185463659147,0.9869281045751634
0.9612141652613828,0.9545454545454546,0.928695652173913,0.9187772925764193,0.9877149877149877,0.9876746096959738,0.9860769860769861,0.9648829431438127,0.9561551433389545,0.9490662139219015,0.9868421052631579,0.9901960784313726,0.988562091503268,0.9631490787269682,0.988599348534202
0.9614740368509213,0.9393680614859095,0.9272097053726169,0.9245446660884649,0.9861224489795918,0.9810699588477366,0.981101068200493,0.9614093959731543,0.9553496208930076,0.9491525423728814,0.9852459016393442,0.9861224489795918,0.9844389844389845,0.9614093959731543,0.9811320754716981
0.9641367806505421,0.9481733220050977,0.927461139896373,0.9214659685863874,0.9761316872427983,0.9802955665024631,0.983633387888707,0.953664700926706,0.9525423728813559,0.9426860564585116,0.983633387888707,0.9819967266775778,0.9819672131147541,0.9571788413098237,0.9786535303776683
0.9524617996604414,0.9401561144839549,0.9172535211267606,0.9206349206349206,0.9758935993349959,0.9707112970711297,0.9777043765483072,0.9568892645815723,0.952054794520548,0.9502572898799314,0.9741451209341118,0.9809760132340778,0.9751655629139073,0.9515717926932881,0.9801980198019802
0.9640768588137009,0.9632107023411371,0.9328743545611016,0.9337919174548581,0.9852700490998363,0.9844389844389845,0.9885807504078303,0.9735099337748344,0.9623430962343096,0.9614740368509213,0.9869281045751634,0.9869281045751634,0.9894050529747351,0.9700996677740864,0.991869918699187
0.9655751469353484,0.9578414839797639,0.9405684754521964,0.9233449477351916,0.9893355209187858,0.9851485148514851,0.9860541427399507,0.9673640167364017,0.9630872483221476,0.9551986475063398,0.9884868421052632,0.990990990990991,0.9901960784313726,0.9656328583403185,0.9885433715220949
0.9638958858102435,0.9534292972057579,0.926829268292683,0.9148375768217735,0.9810074318744839,0.9826589595375722,0.9818780889621087,0.966499162479062,0.956081081081081,0.9534292972057579,0.9818181818181818,0.9835255354200988,0.9810387469084914,0.9656328583403185,0.9818780889621087
0.9665551839464883,0.9425878320479862,0.9307958477508651,0.9230769230769231,0.9869067103109657,0.9818780889621087,0.9827444535743632,0.9614093959731543,0.9532710280373832,0.9452054794520548,0.9852216748768473,0.9860769860769861,0.9869067103109657,0.9596638655462185,0.981101068200493
0.9632721202003339,0.9588581024349286,0.934819897084048,0.9319552110249785,0.9902439024390244,0.9844644317252658,0.9877750611246944,0.9727047146401985,0.9640768588137009,0.959731543624161,0.9910641754670999,0.9869494290375204,0.9910641754670999,0.96843853820598,0.9902439024390244
0.9640167364016736,0.9455782312925171,0.9225413402959095,0.9270833333333334,0.9844644317252658,0.9793899422918384,0.9852459016393442,0.9648829431438127,0.9587194608256108,0.9507640067911715,0.9844134536505332,0.9852941176470589,0.9877350776778414,0.9605373635600336,0.9852941176470589
0.9701492537313433,0.9632721202003339,0.9374464438731791,0.9302325581395349,0.9894222945484134,0.9844389844389845,0.9869494290375204,0.9735099337748344,0.965,0.9545454545454546,0.9877551020408163,0.9918831168831169,0.9902439024390244,0.970954356846473,0.9894222945484134
0.9553496208930076,0.9524617996604414,0.938950988822012,0.9273356401384083,0.9826875515251443,0.9793217535153019,0.9777777777777777,0.9656903765690377,0.9535864978902954,0.9518174133558749,0.9860312243221035,0.9876948318293683,0.9819672131147541,0.956081081081081,0.9860541427399507
0.969243557772236,0.9483488569009314,0.9290657439446367,0.9283865401207938,0.990228013029316,0.9827444535743632,0.9861224489795918,0.9666666666666667,0.9563025210084034,0.9483488569009314,0.9893877551020408,0.9894050529747351,0.9894222945484134,0.9623430962343096,0.9877750611246944
0.9675270607826811,0.9445865302642796,0.9299913569576491,0.9141856392294221,0.9844134536505332,0.9768595041322314,0.9844644317252658,0.9562289562289562,0.9500423370025403,0.9410760034158838,0.9819078947368421,0.9877350776778414,0.9852941176470589,0.9571068124474348,0.9827727645611156
0.9587194608256108,0.9535080304311073,0.9351771823681936,0.9299913569576491,0.9843878389482333,0.978441127694859,0.9819078947368421,0.9638958858102435,0.9622799664710813,0.9561551433389545,0.985172981878089,0.9843878389482333,0.9852459016393442,0.964765100671141,0.9852459016393442
0.9614740368509213,0.9535080304311073,0.9390557939914163,0.921875,0.9868852459016394,0.9877149877149877,0.9819672131147541,0.9700499168053245,0.9571788413098237,0.9580536912751678,0.9860541427399507,0.9926650366748166,0.9877750611246944,0.9683333333333334,0.9910350448247759
0.9552742616033755,0.9384615384615385,0.9206625980819529,0.911169744942832,0.9811320754716981,0.970906068162926,0.9810699588477366,0.9552742616033755,0.9543918918918919,0.9418803418803419,0.9793899422918384,0.9819672131147541,0.9844134536505332,0.9490662139219015,0.9828009828009828
0.9545454545454546,0.9527027027027027,0.9328743545611016,0.9339055793991416,0.9877551020408163,0.9844389844389845,0.9811320754716981,0.969243557772236,0.9624060150375939,0.9518987341772152,0.9877551020408163,0.9860997547015535,0.9852941176470589,0.970954356846473,0.9844389844389845
0.9605373635600336,0.9507640067911715,0.9278887923544744,0.925476603119584,0.9851973684210527,0.9801652892561984,0.9794576828266228,0.9691923397169026,0.9606035205364627,0.9535864978902954,0.9826875515251443,0.9885245901639345,0.9828009828009828,0.9674728940783986,0.9852459016393442
0.9580536912751678,0.9552742616033755,0.9365351629502573,0.9264069264069265,0.9877551020408163,0.9852700490998363,0.983633387888707,0.969243557772236,0.9675270607826811,0.9509306260575296,0.9885807504078303,0.9885807504078303,0.9877750611246944,0.9683860232945092,0.9877551020408163
0.9657477025898078,0.9570345408593092,0.9297484822202949,0.9236111111111112,0.9877149877149877,0.9826875515251443,0.9860997547015535,0.9682804674457429,0.9606035205364627,0.954468802698145,0.986863711001642,0.9901960784313726,0.9894050529747351,0.964824120603015,0.988562091503268
0.9533502968617472,0.9553496208930076,0.9305555555555556,0.916083916083916,0.9826875515251443,0.9826589595375722,0.981101068200493,0.9622799664710813,0.9571068124474348,0.9491525423728814,0.9843363561417972,0.9843621399176955,0.981101068200493,0.9614093959731543,0.9869281045751634
0.9597989949748744,0.9569620253164557,0.9252173913043479,0.92,0.9877149877149877,0.9860541427399507,0.9869706840390879,0.9666110183639399,0.9571788413098237,0.9527824620573356,0.9868852459016394,0.9901960784313726,0.9877949552481693,0.9640167364016736,0.9893877551020408
0.95878889823381,0.9543918918918919,0.9187772925764193,0.9224062772449869,0.9836065573770492,0.9760132340777502,0.9785831960461285,0.9649415692821369,0.9569620253164557,0.9471890971039182,0.9835796387520526,0.9844389844389845,0.9819376026272578,0.9588581024349286,0.983633387888707
0.960470984020185,0.9499575911789653,0.9167397020157756,0.9269565217391305,0.9885807504078303,0.9785123966942149,0.9868852459016394,0.9630872483221476,0.9577702702702703,0.9443969204448246,0.9868852459016394,0.9885807504078303,0.9910204081632653,0.9630872483221476,0.9860997547015535
0.9683860232945092,0.960470984020185,0.9391602399314481,0.9176882661996497,0.9860997547015535,0.9869067103109657,0.983633387888707,0.9632107023411371,0.960470984020185,0.9551986475063398,0.9844134536505332,0.9860997547015535,0.9861224489795918,0.9658048373644704,0.9869494290375204
0.9640167364016736,0.9402730375426621,0.9390557939914163,0.9210754553339116,0.9860541427399507,0.9818780889621087,0.9836601307189542,0.9589270746018441,0.9528619528619529,0.9466553767993227,0.9868852459016394,0.9893704006541292,0.9853181076672104,0.9589270746018441,0.9852941176470589
0.9667221297836939,0.9518987341772152,0.9237435008665511,0.9293103448275862,0.9802955665024631,0.9861224489795918,0.9828009828009828,0.9667221297836939,0.9615384615384616,0.953664700926706,0.9844644317252658,0.9811320754716981,0.9852941176470589,0.9692946058091286,0.9819672131147541
0.9562289562289562,0.9542372881355933,0.9399656946826758,0.9272097053726169,0.9877149877149877,0.9827160493827161,0.983633387888707,0.9683333333333334,0.9648829431438127,0.9596638655462185,0.9877149877149877,0.9885433715220949,0.9877750611246944,0.9700499168053245,0.9869067103109657
0.9692946058091286,0.959731543624161,0.9427839453458582,0.9303525365434222,0.99185667752443,0.9893877551020408,0.9861450692746536,0.9700996677740864,0.9633333333333334,0.9589958158995816,0.9910350448247759,0.9926769731489016,0.9902597402597403,0.9623430962343096,0.9885807504078303
0.9605373635600336,0.9535080304311073,0.9261511728931364,0.9244135534317984,0.9844134536505332,0.9818780889621087,0.9794238683127572,0.9605373635600336,0.9543918918918919,0.9526226734348562,0.9877149877149877,0.9844134536505332,0.9827727645611156,0.9605373635600336,0.9836065573770492
0.9624060150375939,0.9552742616033755,0.9365351629502573,0.9273356401384083,0.9860997547015535,0.9827727645611156,0.9869494290375204,0.9718076285240465,0.9658048373644704,0.9562289562289562,0.9860997547015535,0.9885807504078303,0.9894222945484134,0.9683860232945092,0.9885807504078303
0.9624687239366139,0.9586497890295359,0.9282627484874676,0.9272097053726169,0.9852700490998363,0.9794238683127572,0.9794913863822805,0.9683860232945092,0.9648829431438127,0.9543918918918919,0.9844389844389845,0.981101068200493,0.9836601307189542,0.9675270607826811,0.9827727645611156
0.9562289562289562,0.9614093959731543,0.9355116079105761,0.9264069264069265,0.9893877551020408,0.9844134536505332,0.9860997547015535,0.9674728940783986,0.9623430962343096,0.9500423370025403,0.988562091503268,0.9910350448247759,0.990228013029316,0.9648829431438127,0.9910350448247759
0.951735817104149,0.9561551433389545,0.9452991452991453,0.9252173913043479,0.9852700490998363,0.9776304888152444,0.9785478547854786,0.9690893901420217,0.9622166246851386,0.960470984020185,0.9767827529021559,0.9827727645611156,0.9810699588477366,0.9656328583403185,0.9836065573770492
0.9534292972057579,0.9424892703862661,0.9226713532513181,0.9237435008665511,0.9808811305070657,0.9817275747508306,0.9769357495881383,0.9576988155668359,0.9474576271186441,0.9375534644995723,0.9825726141078838,0.9867768595041322,0.9802955665024631,0.9585798816568047,0.9843363561417972
0.9641367806505421,0.9491525423728814,0.9429787234042554,0.9178321678321678,0.9877949552481693,0.983633387888707,0.9869494290375204,0.96843853820598,0.9622799664710813,0.95878889823381,0.983633387888707,0.9861450692746536,0.9877750611246944,0.9667221297836939,0.9869706840390879
0.9691923397169026,0.95878889823381,0.9409751924721984,0.9345955249569707,0.9893877551020408,0.9844134536505332,0.9869494290375204,0.96843853820598,0.9579124579124579,0.9570345408593092,0.9852459016393442,0.9893877551020408,0.9869494290375204,0.9632721202003339,0.9844644317252658
0.9606694560669456,0.9452991452991453,0.9253472222222222,0.9073256840247131,0.9877350776778414,0.9785478547854786,0.9786535303776683,0.9562289562289562,0.9543918918918919,0.9481733220050977,0.9819078947368421,0.9860769860769861,0.9836601307189542,0.9527027027027027,0.9877551020408163
0.9632107023411371,0.9508474576271186,0.9234782608695652,0.9291882556131261,0.9877350776778414,0.9810699588477366,0.9794576828266228,0.9640768588137009,0.957983193277311,0.9562289562289562,0.9877350776778414,0.9844134536505332,0.9869494290375204,0.9606035205364627,0.9885807504078303
0.9688289806234204,0.9624060150375939,0.9475494411006019,0.94229112833764,0.9819078947368421,0.9842323651452282,0.9901315789473685,0.9706621961441744,0.9637130801687763,0.9593220338983051,0.9867549668874173,0.9869067103109657,0.9917898193760263,0.9706621961441744,0.9869494290375204
0.9577702702702703,0.9525423728813559,0.9284467713787086,0.9184925503943909,0.9843878389482333,0.97751873438801,0.9818481848184818,0.9654591406908172,0.9551227773073666,0.947098976109215,0.9817578772802653,0.9835526315789473,0.9851973684210527,0.961082910321489,0.9868852459016394
0.9605373635600336,0.9455782312925171,0.9290657439446367,0.9233449477351916,0.9869494290375204,0.9760132340777502,0.9835796387520526,0.9640167364016736,0.9578414839797639,0.9525423728813559,0.9827444535743632,0.9861224489795918,0.9844134536505332,0.9631490787269682,0.9852941176470589
0.9639564124057,0.95878889823381,0.9444918872758327,0.9314830875975716,0.9869494290375204,0.9860541427399507,0.9843878389482333,0.973421926910299,0.9690376569037656,0.9638351555929352,0.9877149877149877,0.9844644317252658,0.9877149877149877,0.97,0.9877750611246944
0.9718076285240465,0.9630872483221476,0.940068493150685,0.9363166953528399,0.990228013029316,0.9869067103109657,0.9894050529747351,0.9717607973421927,0.969140950792327,0.9595959595959596,0.9910350448247759,0.990228013029316,0.9894050529747351,0.9760132340777502,0.9894050529747351
0.9622166246851386,0.9508474576271186,0.9296264118158123,0.9224062772449869,0.9835796387520526,0.9801324503311258,0.9835526315789473,0.9664429530201343,0.9587194608256108,0.9516539440203562,0.9868421052631579,0.9869067103109657,0.9877149877149877,0.9647058823529412,0.9827444535743632
0.969243557772236,0.9563025210084034,0.9337919174548581,0.9310344827586207,0.9852941176470589,0.9852700490998363,0.9910641754670999,0.9675810473815462,0.9623430962343096,0.9571068124474348,0.9885807504078303,0.9902439024390244,0.988599348534202,0.96843853820598,0.9877949552481693
0.9658617818484596,0.9500423370025403,0.9293103448275862,0.9132340052585451,0.9811320754716981,0.9819672131147541,0.9844897959183674,0.9589958158995816,0.9527027027027027,0.9482612383375743,0.9828009828009828,0.9877750611246944,0.9853181076672104,0.9581239530988275,0.9853181076672104
0.9666666666666667,0.9570345408593092,0.9356223175965666,0.9261511728931364,0.9869494290375204,0.9819376026272578,0.9869494290375204,0.9718543046357616,0.9656903765690377,0.9587194608256108,0.9860997547015535,0.9894222945484134,0.9877750611246944,0.9752475247524752,0.9886178861788618
0.9540816326530612,0.9481733220050977,0.9246935201401051,0.905393457117595,0.9843104872006606,0.9749582637729549,0.9810699588477366,0.9622166246851386,0.9472789115646258,0.9436860068259386,0.978369384359401,0.9843104872006606,0.9810699588477366,0.9569620253164557,0.9810699588477366
0.9605373635600336,0.9586497890295359,0.9297484822202949,0.9168853893263342,0.9835255354200988,0.9826875515251443,0.9819376026272578,0.964824120603015,0.95878889823381,0.9472789115646258,0.9826875515251443,0.9893529893529893,0.9844389844389845,0.9613445378151261,0.9893704006541292
0.9700499168053245,0.9454855195911414,0.9224062772449869,0.9092511013215859,0.9819078947368421,0.9801980198019802,0.9827444535743632,0.9595959595959596,0.951735817104149,0.9481733220050977,0.9827160493827161,0.9860769860769861,0.9852459016393442,0.9595959595959596,0.9835796387520526
0.9595959595959596,0.9535864978902954,0.9344827586206896,0.9327586206896552,0.9844134536505332,0.9793559042113955,0.9844389844389845,0.969243557772236,0.9605373635600336,0.9552742616033755,0.9818780889621087,0.9877350776778414,0.9860997547015535,0.9649415692821369,0.9877750611246944
0.9658048373644704,0.9588581024349286,0.9436860068259386,0.9410760034158838,0.9894050529747351,0.9869067103109657,0.9902439024390244,0.9752066115702479,0.9700996677740864,0.959731543624161,0.9926769731489016,0.9910496338486574,0.9910641754670999,0.9735099337748344,0.9902439024390244
0.960470984020185,0.9535080304311073,0.9269565217391305,0.9233449477351916,0.9860769860769861,0.9818481848184818,0.9885433715220949,0.9673640167364017,0.9630872483221476,0.9507640067911715,0.9876948318293683,0.988562091503268,0.9852216748768473,0.966499162479062,0.9852459016393442
0.969243557772236,0.9489795918367347,0.9206625980819529,0.9148375768217735,0.9869281045751634,0.9810699588477366,0.9860997547015535,0.9640167364016736,0.9543147208121827,0.9507640067911715,0.9844134536505332,0.9910496338486574,0.9885807504078303,0.9605373635600336,0.9885807504078303
0.9624687239366139,0.9466553767993227,0.9403747870528109,0.9294320137693631,0.9894394800974817,0.9869706840390879,0.9861450692746536,0.9684908789386402,0.9633333333333334,0.9616026711185309,0.9894394800974817,0.9894394800974817,0.9894394800974817,0.9693454846727423,0.9877949552481693
0.9658048373644704,0.9587194608256108,0.9290657439446367,0.9327586206896552,0.9893877551020408,0.9852459016393442,0.9877551020408163,0.9726141078838174,0.9622799664710813,0.9579124579124579,0.9893877551020408,0.9893877551020408,0.9910496338486574,0.9691923397169026,0.9902120717781403
0.964824120603015,0.9568892645815723,0.9230769230769231,0.9318377911993098,0.9876746096959738,0.9826589595375722,0.9844389844389845,0.9656903765690377,0.9614093959731543,0.9543918918918919,0.9860082304526749,0.9876746096959738,0.9844389844389845,0.9639564124057,0.9827160493827161
0.9602032176121931,0.9324090121317158,0.8963029756537421,0.8962432915921288,0.9867768595041322,0.9782971619365609,0.9726141078838174,0.947996589940324,0.9434931506849316,0.9297484822202949,0.9833887043189369,0.9842584921292461,0.9768595041322314,0.946199829205807,0.9810387469084914
0.9569620253164557,0.9501267962806424,0.9224062772449869,0.9217391304347826,0.9860769860769861,0.975973487986744,0.9794238683127572,0.9649415692821369,0.954468802698145,0.9491525423728814,0.9801980198019802,0.9819078947368421,0.9819376026272578,0.959731543624161,0.983633387888707
0.95878889823381,0.9481733220050977,0.921602787456446,0.9242819843342036,0.9844389844389845,0.9793899422918384,0.9811320754716981,0.9606694560669456,0.960470984020185,0.9516539440203562,0.9827444535743632,0.9852700490998363,0.9811320754716981,0.9624060150375939,0.9819967266775778
0.9464740866610025,0.947008547008547,0.9270833333333334,0.9137323943661971,0.9827444535743632,0.973421926910299,0.9819376026272578,0.960470984020185,0.9524617996604414,0.947996589940324,0.9785123966942149,0.9860769860769861,0.9827727645611156,0.9587194608256108,0.9835796387520526
0.9658617818484596,0.9551986475063398,0.937231298366294,0.9208006962576153,0.9835796387520526,0.9776674937965261,0.983633387888707,0.9622166246851386,0.954468802698145,0.9455782312925171,0.9843878389482333,0.9910350448247759,0.9828009828009828,0.9587194608256108,0.9860769860769861
0.957983193277311,0.9491525423728814,0.9261511728931364,0.92,0.9827444535743632,0.9793559042113955,0.9869494290375204,0.9683333333333334,0.9563025210084034,0.9474576271186441,0.9877149877149877,0.9877350776778414,0.9877750611246944,0.9596638655462185,0.9894050529747351
0.9551227773073666,0.947008547008547,0.9367965367965368,0.9260226283724978,0.9834983498349835,0.9800664451827242,0.9777043765483072,0.9638351555929352,0.9542372881355933,0.947996589940324,0.9851239669421488,0.9826589595375722,0.9819078947368421,0.9647058823529412,0.9835526315789473
0.9666110183639399,0.9471890971039182,0.9156414762741653,0.9197207678883071,0.9818780889621087,0.9818481848184818,0.9785831960461285,0.9674185463659147,0.95878889823381,0.9454855195911414,0.9784768211920529,0.9827160493827161,0.9827727645611156,0.9656903765690377,0.9819078947368421
0.9515717926932881,0.9365351629502573,0.9156414762741653,0.9069973427812223,0.9827727645611156,0.9776304888152444,0.9810387469084914,0.9578414839797639,0.9398625429553265,0.9443969204448246,0.9801652892561984,0.9836065573770492,0.9827160493827161,0.9543147208121827,0.9811320754716981
