PMID,title,whitematter_tracts,study_type,DTI_study,Human_study,Dementia_study,Disease_study
36931328,Abnormal white matter changes in Alzheimer's disease based on diffusion tensor imaging: A systematic review,,review,yes,yes,yes,Dementia;Prodromal Alzheimers Disease;Mild Cognitive Impairment;Alzheimers Disease
34454529,Attenuating vascular stenosis-induced astrogliosis preserves white matter integrity and cognitive function,,single study,yes,no,no,Vascular Cognitive Impairment and Dementia
39129270,"Association of cortical morphology, white matter hyperintensity, and glymphatic function in frontotemporal dementia variants",,single study,yes,yes,yes,Primary Progressive Aphasia;Behavioral Variant Frontotemporal Dementia;Semantic Variant Of Primary Progressive Aphasia
37174620,Basal Ganglia Compensatory White Matter Changes on DTI in Alzheimer's Disease,Internal Capsule;External Capsule,single study,yes,yes,yes,Mild Cognitive Impairment;Alzheimers Disease
38465597,Relationship of Perivascular Space Markers With Incident Dementia in Cerebral Small Vessel Disease,Global,single study,yes,yes,yes,Dementia;Cerebral Small Vessel Disease
28552181,White-matter integrity on DTI and the pathologic staging of Alzheimer's disease,Fornix;Precuneus White Matter;Ventral Cingulum;Corpus Callosum;Perforant Pathway;Entorhinal White Matter;Crus of the Fornix;Cingulum,single study,yes,yes,yes,Mild Cognitive Impairment;Dementia;Alzheimers Disease
38365045,Diffusion MRI marks progressive alterations in fiber integrity in the zQ175DN mouse model of Huntington's disease,,single study,yes,no,no,
31012815,"Obesity, Brain Volume, and White Matter Microstructure at MRI: A Cross-sectional UK Biobank Study",,,no,no,no,
18157658,Diffusion tensor imaging (DTI)-based white matter mapping in brain research: a review,,review,yes,no,no,
24510641,Profiles of white matter tract pathology in frontotemporal dementia,Fornix;Cingulum Bundle;Superior Longitudinal Fasciculus;Anterior Thalamic Radiation;Uncinate Fasciculus;Inferior Longitudinal Fasciculus;Corpus Callosum;Corticospinal Tract,single study,yes,yes,yes,Behavioral Variant Frontotemporal Dementia;Alzheimers Disease
28975068,Longitudinal white matter change in frontotemporal dementia subtypes and sporadic late onset Alzheimer's disease,Anterior Limb of the Internal Capsule;Fornix;Genu of the Corpus Callosum;Sagittal Stratum;Uncinate Fasciculus;Tapetum;Corpus Callosum,single study,yes,yes,yes,Semantic Variant Of Primary Progressive Aphasia;Alzheimers Disease;Frontotemporal Dementia;Dementia;Primary Progressive Aphasia;Behavioral Variant Frontotemporal Dementia
38378607,"The relationship between amyloid pathology, cerebral small vessel disease, glymphatic dysfunction, and cognition: a study based on Alzheimer's disease continuum participants",,single study,yes,yes,yes,Mild Cognitive Impairment;Cerebral Small Vessel Disease;Dementia;Alzheimers Disease
31585368,Association of white matter microstructural integrity with cognition and dementia,Posterior Corpus Callosum;Anterior Corpus Callosum,single study,yes,yes,yes,Dementia;Mild Cognitive Impairment
26515192,An advanced white matter tract analysis in frontotemporal dementia and early-onset Alzheimer's disease,Corpus Callosum - frontal segment;Corpus Callosum - parietal segment;Fornix;Uncinate Fasciculus (right);Parahippocampal Cingulum (left);Inferior Fronto-Occipital Fasciculus (right);Cingulum Bundle (dorsal/cingulate) (right);Corticospinal Tract (right);Corticospinal Tract (left);Corpus Callosum - occipital segment;Cingulum Bundle (dorsal/cingulate) (left);Inferior Longitudinal Fasciculus (right);Corpus Callosum - postcentral gyrus segment;Anterior Thalamic Radiation (left);Inferior Longitudinal Fasciculus (left);Inferior Fronto-Occipital Fasciculus (left);Corpus Callosum - precentral gyrus segment;Parahippocampal Cingulum (right);Anterior Thalamic Radiation (right);Uncinate Fasciculus (left);Superior Longitudinal Fasciculus (left);Corpus Callosum - temporal segment,single study,yes,yes,yes,Behavioral Variant Frontotemporal Dementia;Alzheimers Disease
19439421,White matter damage in frontotemporal dementia and Alzheimer's disease measured by diffusion MRI,Thalamic Radiation;Superior Longitudinal Fasciculus;Uncinate Fasciculus;Descending Cingulum;Corpus Callosum;Corticospinal Tract;Anterior Cingulum;Posterior Cingulum,single study,yes,yes,yes,Behavioral Variant Frontotemporal Dementia;Alzheimers Disease
38702626,Predicting Alzheimer's progression in MCI: a DTI-based white matter network model,,single study,yes,yes,yes,Mild Cognitive Impairment;Alzheimers Disease
33848693,White matter abnormalities of right hemisphere attention networks contribute to visual hallucinations in dementia with Lewy bodies,Inferior Longitudinal Fasciculus;Uncinate Fasciculus;Superior Longitudinal Fasciculus (SLF3);Inferior Fronto-Occipital Fasciculus,single study,yes,yes,yes,Dementia;Lewy Body Dementia
31881858,"Multimodal MRI of grey matter, white matter, and functional connectivity in cognitively healthy mutation carriers at risk for frontotemporal dementia and Alzheimer's disease",Forceps Minor;Anterior Thalamic Radiation;Uncinate Fasciculus;Forceps Major;Inferior Fronto-Occipital Fasciculus,single study,yes,yes,yes,Frontotemporal Dementia;Alzheimers Disease
24150110,Regional differences in white matter breakdown between frontotemporal dementia and early-onset Alzheimer's disease,Corpus Callosum (Genu);Frontal White Matter;Corpus Callosum (Splenium),single study,yes,yes,yes,Behavioral Variant Frontotemporal Dementia;Alzheimers Disease
38010204,"Associations between white matter integrity of the cingulum bundle, surrounding gray matter regions, and cognition across the dementia continuum",Corticospinal Tract;Cingulum Bundle (ventral);Cingulum Bundle (dorsal),single study,yes,yes,yes,Dementia;Mild Cognitive Impairment;Alzheimers Disease
22952843,Grey and white matter changes across the amyotrophic lateral sclerosis-frontotemporal dementia continuum,Forceps Minor;Anterior Inferior Longitudinal Fasciculus;Anterior Corpus Callosum;Inferior Longitudinal Fasciculus;Inter-hemispheric Commissure;Corpus Callosum;Corticospinal Tract,single study,yes,yes,yes,Dementia;Behavioral Variant Frontotemporal Dementia
33199431,Multi-shell Diffusion MRI Models for White Matter Characterization in Cerebral Small Vessel Disease,,,no,no,no,Cerebral Small Vessel Disease
27436017,Functional connectivity and microstructural white matter changes in phenocopy frontotemporal dementia,Forceps Minor;Genu of the Corpus Callosum;Superior Longitudinal Fasciculus;Uncinate Fasciculus;Corpus Callosum;Cingulum (hippocampal portion);Cingulum (cingulate portion);Inferior Fronto-Occipital Fasciculus,single study,yes,yes,yes,Frontotemporal Dementia;Behavioral Variant Frontotemporal Dementia
32032816,Correlation of microglial activation with white matter changes in dementia with Lewy bodies,Corpus Callosum (body);Posterior Thalamic Radiations;Cingulum Bundle;Sagittal Stratum;Superior Longitudinal Fasciculus;Corona Radiata;Corpus Callosum (splenium),single study,yes,yes,yes,Dementia;Mild Cognitive Impairment;Lewy Body Dementia
34230607,Neurobiology of loneliness: a systematic review,,review,yes,yes,no,Alzheimers Disease
25863527,White matter integrity in dementia with Lewy bodies: a voxel-based analysis of diffusion tensor imaging,Inferior Longitudinal Fasciculus;Cingulum Bundle,single study,yes,yes,yes,Dementia;Lewy Body Dementia;Alzheimers Disease
29901746,Brain MRI fiber-tracking reveals white matter alterations in hypertensive patients without damage at conventional neuroimaging,Superior Longitudinal Fasciculus;Anterior Thalamic Radiation;Forceps Minor,single study,yes,yes,no,
30538047,MR approaches in neurodegenerative disorders,,review,no,no,yes,Alzheimers Disease;Parkinson'S Disease Dementia;Dementia;Lewy Body Dementia;Parkinson Disease
25347157,White matter integrity determined with diffusion tensor imaging in older adults without dementia: influence of amyloid load and neurodegeneration,Fornix;Cingulum (Hippocampal);Corpus Callosum (Splenium);Corpus Callosum (Genu);Corpus Callosum (Body);Cingulum (Cingulate Gyrus),single study,yes,yes,no,Mild Cognitive Impairment;Alzheimers Disease
38091751,Neurite-based white matter alterations in MAPT mutation carriers: A multi-shell diffusion MRI study in the ALLFTD consortium,Fornix;Stria Terminalis;Cingulum Bundle;Anterior Limb of Internal Capsule;Sagittal Stratum;Superior Longitudinal Fasciculus;Uncinate Fasciculus;Lateral Fronto-Occipital Fasciculus;Corpus Callosum;Anterior Corona Radiata;Posterior Corona Radiata;Superior Cerebellar Peduncle;External Capsule;Posterior Limb of Internal Capsule;Inferior Fronto-Occipital Fasciculus;Superior Corona Radiata;Superior Fronto-Occipital Fasciculus,single study,yes,yes,yes,Dementia;Frontotemporal Dementia;Behavioral Variant Frontotemporal Dementia
28338052,Dissociable diffusion MRI patterns of white matter microstructure and connectivity in Alzheimer's disease spectrum,Fornix;Genu of the Corpus Callosum;Splenium of the Corpus Callosum;Superior Longitudinal Fasciculus;Uncinate Fasciculus;Corona Radiata;Internal Capsule;Body of the Corpus Callosum;Corpus Callosum;Posterior Thalamic Radiation;Corticospinal Tract;Optic Radiation,single study,yes,yes,yes,Mild Cognitive Impairment;Dementia;Alzheimers Disease
38481124,Widespread White Matter Abnormalities in Concussed Athletes Detected by 7T Diffusion Magnetic Resonance Imaging,Cingulum Bundle (left);Global,single study,yes,yes,no,
34864664,Association of Superficial White Matter Alterations with Cerebrospinal Fluid Biomarkers and Cognitive Decline in Neurodegenerative Dementia,Superficial White Matter,,no,no,yes,Dementia
23313563,Is there an association between peripheral immune markers and structural/functional neuroimaging findings?,,review,yes,yes,yes,Mild Cognitive Impairment;Cerebral Amyloid Angiopathy;Alzheimers Disease;Vascular Dementia;Dementia
36641369,Adult lifespan maturation and degeneration patterns in gray and white matter: A mean apparent propagator (MAP) MRI study,Fornix;Genu of the Corpus Callosum;Sagittal Stratum;Cingulate Gyrus;Body of the Corpus Callosum;Superior Longitudinal Fasciculus;Posterior Corona Radiata;Superior Cerebellar Peduncle;External Capsule;Superior Corona Radiata;Anterior Corona Radiata;Stria Terminalis;Full White Matter;Splenium of the Corpus Callosum;Tapetum;Anterior Limb of the Internal Capsule;Uncinate Fasciculus;Posterior Thalamic Radiation;Superior Fronto-Occipital Fasciculus,single study,yes,yes,no,
36692402,Peak Width of Skeletonized Mean Diffusivity: A Neuroimaging Marker for White Matter Injury,,,no,no,no,
30414086,Regional Amyloid-β Load and White Matter Abnormalities Contribute to Hypometabolism in Alzheimer's Dementia,Angular Bundle;Fornix,single study,yes,yes,yes,Mild Cognitive Impairment;Dementia;Alzheimers Disease
21219189,"Diffusion imaging, white matter, and psychopathology",,,no,no,no,
23404139,Relationship between cognitive impairment and white-matter alteration in Parkinson's disease with dementia: tract-based spatial statistics and tract-specific analysis,Anterior Limb of the Internal Capsule;Superior Longitudinal Fasciculus;Uncinate Fasciculus;Inferior Longitudinal Fasciculus;Posterior Limb of the Internal Capsule;Corpus Callosum (genu);Inferior Fronto-Occipital Fasciculus;(Anterior) Cingulum Bundle,single study,yes,yes,yes,Dementia;Parkinson'S Disease Dementia;Parkinson Disease
21092388,Pre-dementia memory impairment is associated with white matter tract affection,Entorhinal white matter;Posterior cingulate white matter;Retrosplenial white matter;Parahippocampal white matter;Inferior parietal white matter;Precuneus white matter;Hippocampal white matter;Supramarginal white matter;Middle temporal white matter,single study,yes,yes,no,Mild Cognitive Impairment;Alzheimers Disease
38757392,Alzheimer's Disease and Small Vessel Disease Differentially Affect White Matter Microstructure,Corona Radiata (posterior);Corpus Callosum (body);Fornix (column body);Corona Radiata (superior);Superior Longitudinal Fasciculus;Fornix (crus);Corpus Callosum (splenium);Internal Capsule (anterior limb);Internal Capsule (posterior limb);Inferior Longitudinal Fasciculus;Corpus Callosum (genu);Cingulum;Superior Fronto-Occipital Fasciculus;Corona Radiata (anterior),single study,yes,yes,no,Cerebral Small Vessel Disease;Alzheimers Disease
27104139,Linking white matter and deep gray matter alterations in premanifest Huntington disease,Posterior Thalamic Radiations;Corpus Callosum,single study,yes,yes,no,
30703627,The longitudinal decline of white matter microstructural integrity in behavioral variant frontotemporal dementia and its association with executive function,Forceps Minor;Genu of the Corpus Callosum;Uncinate Fasciculus;Internal Capsule;External Capsule;Body of the Corpus Callosum;Corpus Callosum;Anterior Corona Radiata;Anterior Cingulum,single study,yes,yes,yes,Behavioral Variant Frontotemporal Dementia
35227709,Bilingual experience affects white matter integrity across the lifespan,Superior Longitudinal Fasciculus;Inferior Fronto-Occipital Fasciculus;Global;Corpus Callosum,single study,yes,yes,no,
38744041,Limbic-predominant age-related TDP-43 encephalopathy neuropathological change (LATE-NC) is associated with abnormalities in white matter structural integrity and connectivity: An ex-vivo diffusion MRI and pathology investigation,,single study,yes,yes,yes,Dementia;Mild Cognitive Impairment;Alzheimers Disease
38290851,Temporal Alterations in White Matter in An App Knock-In Mouse Model of Alzheimer's Disease,,single study,yes,no,yes,Autosomal Dominant Alzheimer'S Disease;Alzheimers Disease
29629498,Multifocal alterations of white matter accompany the transition from normal cognition to dementia in Parkinson's disease patients,Forceps Minor;Inferior Fronto-Occipital Fasciculus;Cingulum (cingulate gyrus);Cingulum (hippocampus);Anterior Thalamic Radiation;Superior Longitudinal Fasciculus;Uncinate Fasciculus;Posterior Corona Radiata;Corticospinal Tract;Inferior Longitudinal Fasciculus;Forceps Major;Corpus Callosum;Superior Corona Radiata;Anterior Corona Radiata,single study,yes,yes,yes,Dementia;Parkinson'S Disease Dementia;Parkinson Disease
18379765,Cerebral white matter damage in frontotemporal dementia assessed by diffusion tensor tractography,Uncinate Fasciculus;Inferior Longitudinal Fasciculus;Corpus Callosum;Arcuate Fasciculus;Corticospinal Tract,single study,yes,yes,yes,Frontotemporal Dementia
38565289,Fixel-Based Analysis Reveals Tau-Related White Matter Changes in Early Stages of Alzheimer's Disease,Forceps Minor;Cingulum Bundle;Temporal segment of the Uncinate Fasciculus;Parahippocampal segment of the Cingulum Bundle;Anterior Thalamic Radiation;Uncinate Fasciculus,single study,yes,yes,yes,Mild Cognitive Impairment;Alzheimers Disease
25307581,Structural and microstructral imaging of the brain in alcohol use disorders,,review,yes,yes,yes,Dementia
18927145,Heterogeneity of white matter hyperintensities in Alzheimer's disease: post-mortem quantitative MRI and neuropathology,,single study,yes,yes,yes,Alzheimers Disease
34435188,White matter abnormalities in active elite adult rugby players,Genu of the Corpus Callosum;Sagittal Stratum;Left Corticospinal Tract;Posterior Corona Radiata;Corona Radiata;Retrolenticular Part of Internal Capsule;Posterior Limb of Internal Capsule;External Capsule;Corpus Callosum;Superior Cerebellar Peduncle;Posterior Thalamic Radiation;Corticospinal Tract;Right Corticospinal Tract;Left Posterior Corona Radiata,single study,yes,yes,no,
19233296,Characterization of white matter degeneration in elderly subjects by magnetic resonance diffusion and FLAIR imaging correlation,Corpus Callosum,single study,yes,yes,no,
29649488,Proteomics based identification of differential plasma proteins and changes in white matter integrity as markers in early detection of mild cognitive impaired subjects at high risk of Alzheimer's disease,Fornix;Forceps Major;Corpus Callosum,single study,yes,yes,yes,Mild Cognitive Impairment;Dementia
17444598,Diffusion tensor imaging of the brain in patients with Alzheimer's disease and cerebrovascular lesions,,single study,yes,yes,yes,Alzheimers Disease
33328963,Acupuncture Improves White Matter Perfusion and Integrity in Rat Model of Vascular Dementia: An MRI-Based Imaging Study,,single study,yes,no,yes,Vascular Dementia
25076831,The Power of Hybrid/Fusion Imaging Metrics in Future PACS Systems: A Case Study into the White Matter Hyperintensity Prenumbra using FLAIR and Diffusion MR,Global,single study,yes,yes,no,
19441023,Executive dysfunction and periventricular diffusion tensor changes in amnesic mild cognitive impairment and early Alzheimer's disease,Superior Longitudinal Fasciculus;Corpus Callosum,single study,yes,yes,yes,Mild Cognitive Impairment;Alzheimers Disease
25518577,[Diffusion tensor imaging (DTI) in the differential diagnosis of normal pressure hydrocephalus and brain atrophy],,,no,no,no,
21624226,[Functional MRI and cognition assessment in subcortical ischemic vascular disease],,single study,no,yes,no,
16434215,76-space analysis of grey matter diffusivity: methods and applications,,single study,yes,yes,yes,Dementia
29175203,Effects of bilingualism on white matter integrity in older adults,Inferior Fronto-Occipital Fasciculus;Splenium of the Corpus Callosum;Superior Posterior Corona Radiata;Superior Longitudinal Fasciculus;Internal Capsule;Corona Radiata;Anterior Corpus Callosum;Inferior Longitudinal Fasciculus;External Capsule;Corpus Callosum;Midbody of the Corpus Callosum,single study,yes,yes,no,
30101061,Functional and structural connectivity of the amygdala underpins locus of control in mild cognitive impairment,Medial Prefrontal Cortex - Amygdala tract,single study,yes,yes,yes,Mild Cognitive Impairment
39004653,White matter microstructural integrity as a key to effective propagation of gamma entrainment in humans,Right Uncinate Fasciculus;Right Inferior Fronto-Occipital Fasciculus;Left Uncinate Fasciculus;Left Middle Longitudinal Fasciculus;Left Vertical Occipital Fasciculus;Right Vertical Occipital Fasciculus;Right Middle Longitudinal Fasciculus;Left Inferior Fronto-Occipital Fasciculus,single study,yes,yes,no,
34950511,Diffusion tension imaging is a good tool for assessing patients with dementia and behavioral problems and discriminating them from other dementia patients,,single study,yes,yes,yes,Dementia;Alzheimers Disease
38669532,Impaired Glymphatic Flow on Diffusion Tensor MRI as a Marker of Neurodegeneration in Alzheimer's Disease: Correlation with Gray Matter Volume Loss and Cognitive Decline Independent of Cerebral Amyloid Deposition,,single study,yes,yes,yes,Alzheimers Disease
27783100,Micro-structural white matter abnormalities in type 2 diabetic patients: a DTI study using TBSS analysis,Fornix;Cingulum Bundle;Superior Longitudinal Fasciculus;Anterior Thalamic Radiation;Uncinate Fasciculus;Inferior Longitudinal Fasciculus;Corpus Callosum;Posterior Thalamic Radiation,single study,yes,yes,no,
19938682,[Magnetic resonance imaging in patients of amyotrophic lateral sclerosis with and without dementia],,,no,no,no,
26252210,Microstructural White Matter Properties Mediate the Association between APOE and Perceptual Speed in Very Old Persons without Dementia,Forceps Minor;Superior Longitudinal Fasciculus;Cingulum (hippocampal part);Forceps Major;Cingulum (cingulate gyrus part);Inferior Fronto-Occipital Fasciculus;Corticospinal Tract,single study,yes,yes,no,
19547805,Binswanger's disease and quantitative fractional anisotropy,Global,single study,yes,yes,yes,Binswanger'S Disease
35579236,Global changes in diffusion tensor imaging during acute ischemic stroke and post-stroke cognitive performance,,single study,yes,yes,no,
33263494,The role of diffusion tensor imaging in idiopathic normal pressure hydrocephalus: A literature review,,review,yes,yes,yes,Dementia;Alzheimers Disease;Parkinson Disease;Idiopathic Normal Pressure Hydrocephalus
38463962,Lifespan reference curves for harmonizing multi-site regional brain white matter metrics from diffusion MRI,Fornix;Genu of the Corpus Callosum;Splenium of the Corpus Callosum;Hippocampal Cingulum;Sagittal Stratum;Tapetum;Posterior Corona Radiata;Uncinate Fasciculus;Fornix/Stria Terminalis;Retrolenticular Part of the Internal Capsule;Body of the Corpus Callosum;Corpus Callosum;Posterior Thalamic Radiation;Corticospinal Tract;Global,single study,yes,yes,no,
38433018,SPAK inhibitor ZT-1a attenuates reactive astrogliosis and oligodendrocyte degeneration in a mouse model of vascular dementia,,single study,no,no,yes,Vascular Dementia
22669012,Brain structural and functional connectivity and the progression of neuropathology in Alzheimer's disease,,,no,no,no,
28045213,Longitudinal diffusion changes in prodromal and early HD: Evidence of white-matter tract deterioration,Right Primary Sensory-Putamen;Right Primary Motor-Putamen;Left Primary Motor-Caudate;Left Premotor-Caudate;Left Primary Sensory-Putamen;Left Primary Sensory-Caudate;Right Primary Motor-Caudate;Right Premotor-Caudate;Left Premotor-Putamen;Right Premotor-Putamen;Right Primary Sensory-Caudate;Left Primary Motor-Putamen,single study,yes,yes,no,
19730350,Frontostriatal fiber bundle compromise in HIV infection without dementia,Fornix;Inferior Cingulate Bundle;Occipital Forceps;Superior Longitudinal Fasciculus;Internal Capsule;Superior Cingulate Bundle;Inferior Longitudinal Fasciculus;Cerebellar Hemispheres;External Capsule;Pontocerebellar Tract;Corpus Callosum;Frontal Forceps,single study,yes,yes,no,
38108353,Interaction Between a High-Fat Diet and Tau Pathology in Mice: Implications for Alzheimer's Disease,,single study,yes,no,yes,Alzheimers Disease
24706734,The Corticospinal Tract in Huntington's Disease,Corticospinal Tract,single study,yes,yes,no,
28336929,Developmental Whole Brain White Matter Alterations in Transgenic Huntington's Disease Monkey,,single study,yes,no,no,
32383552,Genetic risk for Alzheimer disease in children: Evidence from early-life IQ and brain white-matter microstructure,Forceps Minor;Cingulum Bundle;Superior Longitudinal Fasciculus;Uncinate Fasciculus;Inferior Longitudinal Fasciculus;Forceps Major;Corticospinal Tract,single study,yes,yes,yes,Alzheimers Disease
24109737,Correlation between diffusion tensor tractography and proton MR spectroscopy in normal controls,Fornix;Uncinate Fasciculus,single study,yes,yes,no,
26756590,Longitudinal Diffusion Tensor Imaging Shows Progressive Changes in White Matter in Huntington's Disease,Corpus Callosum (body);Anterior Limb of Internal Capsule (right);Sagittal Stratum;Corpus Callosum (splenium);Anterior Corona Radiata (left);External Capsule (left);Corpus Callosum (genu);Superior Corona Radiata (right),single study,yes,yes,no,
28266655,Intact sensory-motor network structure and function in far from onset premanifest Huntington's disease,Thalamocortical Pathway;Internal Capsule;External Capsule;Corpus Callosum;Corticospinal Tract,single study,yes,yes,no,
19332141,In vivo evidence for the selective subcortical degeneration in Huntington's disease,"Thalamus–Striatum (thalamostriatal projections);Cortical afferents to putamen (sensorimotor, premotor, prefrontal projections);Cortex–Striatum (corticostriatal projections);Corona Radiata;Striatum–Substantia Nigra (striatonigral projections);Pallidum–Subthalamic nucleus (pallido-subthalamic projections);Putamen–Pallidum (putamino-pallidal / striatopallidal projections);Pallidum–Thalamus (pallidothalamic projections)",single study,yes,yes,no,
19850138,"Altered white matter microstructure in the corpus callosum in Huntington's disease: implications for cortical ""disconnection""",Corpus Callosum,single study,yes,yes,no,
19320010,Longitudinal diffusion tensor imaging in Huntington's Disease,,single study,yes,no,no,
18056161,White matter connections reflect changes in voluntary-guided saccades in pre-symptomatic Huntington's disease,Fronto-striatal (cortico-striatal) tracts;Fronto-caudate (frontal cortex to caudate body) tracts;Fronto-putaminal (frontal cortex to putamen) tracts;Corpus Callosum,single study,yes,yes,no,
21264990,Early changes in white matter pathways of the sensorimotor cortex in premanifest Huntington's disease,Corpus Callosum;Superior Prefrontal Cortex;Sensorimotor Cortex;Thalamus;Caudate Nucleus,single study,yes,yes,no,
24019913,Tractography of the corpus callosum in Huntington's disease,Superior Frontal callosal fibers;Superior Parietal callosal fibers;Occipital callosal fibers;Anterior Frontal callosal fibers;Orbital Frontal callosal fibers;Posterior Parietal callosal fibers;Corpus Callosum;Temporal callosal fibers,single study,yes,yes,no,
20488902,Regional distribution and clinical correlates of white matter structural damage in Huntington disease: a tract-based spatial statistics study,Arciform Fibers;Cerebral Peduncle;Corona Radiata;Internal Capsule;External Capsule;Extreme Capsule;Corpus Callosum;Corticospinal Tract,single study,yes,yes,no,
16755582,Diffusion tensor imaging in presymptomatic and early Huntington's disease: Selective white matter pathology and its relationship to clinical measures,"Cerebral Peduncles;Internal Capsule (anterior limb, posterior limb, genu);Corpus Callosum (genu, body, splenium);External Capsule;Extreme Capsule;Corticospinal Tract",single study,yes,yes,no,
15589514,Detection of age-dependent brain injury in a mouse model of brain amyloidosis associated with Alzheimer's disease using magnetic resonance diffusion tensor imaging,,single study,yes,no,yes,Alzheimers Disease
30771034,Detection of axonal degeneration in a mouse model of Huntington's disease: comparison between diffusion tensor imaging and anomalous diffusion metrics,,single study,yes,no,no,
33765430,Evaluation of early microstructural changes in the R6/1 mouse model of Huntington's disease by ultra-high field diffusion MR imaging,,single study,yes,no,no,
15056472,Diffusion tensor imaging detects age-dependent white matter changes in a transgenic mouse model with amyloid deposition,,single study,yes,no,yes,Alzheimers Disease
29545212,"T(1), diffusion tensor, and quantitative magnetization transfer imaging of the hippocampus in an Alzheimer's disease mouse model",,single study,yes,no,yes,Alzheimers Disease
23877934,Voxel-based diffusion tensor imaging of an APP/PS1 mouse model of Alzheimer's disease,,single study,yes,no,yes,Alzheimers Disease
31472250,Neurite orientation dispersion and density imaging reveals white matter and hippocampal microstructure changes produced by Interleukin-6 in the TgCRND8 mouse model of amyloidosis,,single study,yes,no,yes,Alzheimers Disease
30077647,"Multifaceted assessment of the APP/PS1 mouse model for Alzheimer's disease: Applying MRS, DTI, and ASL",,single study,yes,no,yes,Alzheimers Disease
33975312,Diffusion Tensor Imaging Reveals Whole-Brain Microstructural Changes in the P301L Mouse Model of Tauopathy,,single study,yes,no,no,
34455171,"Grip training improves handgrip strength, cognition, and brain white matter in minor acute ischemic stroke patients",Global,single study,yes,yes,no,
31705427,Predictors of Lesion Cavitation After Recent Small Subcortical Stroke,,single study,yes,yes,no,Cerebral Small Vessel Disease
37808483,Diffusion tensor free water MRI predicts progression of FLAIR white matter hyperintensities after ischemic stroke,,single study,yes,yes,no,Cerebral Small Vessel Disease
39170078,Longitudinal assessment of glymphatic changes following mild traumatic brain injury: Insights from perivascular space burden and DTI-ALPS imaging,Global,single study,yes,yes,no,
37533476,"Association between intracranial vessel calcifications, structural brain damage, and cognitive impairment after minor strokes: a prospective study",Global,single study,yes,yes,no,Mild Cognitive Impairment;Cerebral Small Vessel Disease;Dementia
37654137,Changes in Plasma Amyloid-β Level and Their Relationship With White Matter Microstructure in Patients With Mild Cognitive Impairment,,,no,no,no,
32147939,Age-dependent amyloid deposition is associated with white matter alterations in cognitively normal adults during the adult life span,Forceps Minor;Superior Longitudinal Fasciculus;Anterior Thalamic Radiation;Forceps Major;Inferior Fronto-Occipital Fasciculus,single study,yes,yes,no,
26650629,Correlating quantitative tractography at 3T MRI and cognitive tests in healthy older adults,Thalamic projection fibers;Inferior cerebellar peduncle;Corpus Callosum;Long association fibers;Cingulum;Superior cerebellar peduncle;Middle cerebellar peduncle;Corticospinal/bulbar tracts,single study,yes,yes,no,
28934374,The effect of white matter hyperintensities on statistical analysis of diffusion tensor imaging in cognitively healthy elderly and prodromal Alzheimer's disease,Superior Longitudinal Fasciculus;Dorsal Cingulum;Corticospinal Tract;Ventral Cingulum,single study,yes,yes,yes,Mild Cognitive Impairment;Prodromal Alzheimers Disease
27662320,Quantitative Magnetic Resonance Abnormalities in Creutzfeldt-Jakob Disease and Fatal Insomnia,Inferior Cerebellar Peduncle;Fornix;Retrolenticular part of Internal Capsule;Splenium of Corpus Callosum;Middle Cerebellar Peduncle;Cerebral Peduncle;Corona Radiata;Internal Capsule;Superior Longitudinal Fasciculus;Anterior Corpus Callosum;Body of Corpus Callosum;Superior Cerebellar Peduncle;External Capsule;Corpus Callosum;Anterior Corona Radiata,single study,yes,yes,yes,
34241815,Rates of cognitive impairment in a South African cohort of people with HIV: variation by definitional criteria and lack of association with neuroimaging biomarkers,Cingulum Bundle;Anterior Thalamic Radiation;Uncinate Fasciculus;Corpus Callosum;Global,single study,yes,yes,no,
22701578,CSF T-Tau/Aβ42 predicts white matter microstructure in healthy adults at risk for Alzheimer's disease,Superior Longitudinal Fasciculus;Cingulum;Corpus Callosum,single study,yes,yes,yes,Alzheimers Disease
28970540,Microstructural network alterations of olfactory dysfunction in newly diagnosed Parkinson's disease,,single study,yes,yes,no,Parkinson Disease
23062795,Correlation between cognitive function and the association fibers in patients with Alzheimer's disease using diffusion tensor imaging,Superior Longitudinal Fasciculus;Inferior Fronto-Occipital Fasciculus,single study,yes,yes,yes,Alzheimers Disease
38635499,Impact of APOE-ε alleles on brain structure and cognitive function in healthy older adults: A VBM and DTI replication study,Global,single study,yes,yes,no,
32521475,Cross-sectional and longitudinal differences in peak skeletonized white matter mean diffusivity in cerebral amyloid angiopathy,Global,single study,yes,yes,yes,Mild Cognitive Impairment;Dementia;Alzheimers Disease;Cerebral Amyloid Angiopathy
34784526,Postural and gait symptoms in de novo Parkinson's disease patients correlate with cholinergic white matter pathology,Proximal Nucleus Basalis of Meynert white matter tract;Nucleus Basalis of Meynert white matter tract (NBM-WM);Medial Nucleus Basalis of Meynert pathway;Lateral Nucleus Basalis of Meynert pathway;Total white matter (global);Distal Nucleus Basalis of Meynert white matter tract,single study,yes,yes,no,Parkinson Disease
22416261,The value of diffusion tensor imaging in the differential diagnosis of subcortical ischemic vascular dementia and Alzheimer's disease in patients with only mild white matter alterations on T2-weighted images,Cingulum Bundle;Superior Longitudinal Fasciculus;Splenium of Corpus Callosum;Genu of Corpus Callosum;Inferior Fronto-Occipital Fasciculus,single study,yes,yes,yes,Vascular Dementia;Alzheimers Disease
32035186,Cholinergic white matter pathways make a stronger contribution to attention and memory in normal aging than cerebrovascular health and nucleus basalis of Meynert,Anterior Commissure;Uncinate Fasciculus;Internal Capsule;External Capsule;Posterior Thalamic Radiation;(Anterior) Cingulum Bundle,single study,yes,yes,no,Cerebral Small Vessel Disease
24895252,MRI measures of corpus callosum iron and myelin in early Huntington's disease,Corpus Callosum,single study,yes,yes,no,
37582732,Plasma neurofilament light admission levels and development of axonal pathology in mild traumatic brain injury,Global,single study,yes,yes,no,
16394146,Age-related changes in prefrontal white matter measured by diffusion tensor imaging,,,yes,no,no,
26815786,Alterations in white matter volume and integrity in obesity and type 2 diabetes,Superior Longitudinal Fasciculus;Corticospinal Tract;Inferior Fronto-Occipital Tract;Forceps Major,single study,yes,yes,no,
21767653,Genotype specific age related changes in a transgenic rat model of Huntington's disease,,single study,yes,no,no,
27001211,Anterior cingulum white matter is altered in tobacco smokers,Posterior Cingulum Bundle;Anterior Cingulum Bundle,single study,yes,yes,no,
30531675,Use of Multimodal Magnetic Resonance Imaging Techniques to Explore Cognitive Impairment in Leukoaraiosis,,,no,no,no,
28657159,Mapping the order and pattern of brain structural MRI changes using change-point analysis in premanifest Huntington's disease,Occipital White Matter;Inferior White Matter;Deep White Matter;Corpus Callosum;Anterior White Matter;Limbic White Matter;Posterior White Matter,single study,yes,yes,no,
26881100,Multilevel Deficiency of White Matter Connectivity Networks in Alzheimer's Disease: A Diffusion MRI Study with DTI and HARDI Models,Corticospinal Tract;Cingulum Bundle;Corpus Callosum,single study,yes,yes,yes,Alzheimers Disease
31549530,Diffusion tensor imaging of white matter degeneration in early stage of Alzheimer's disease: a review,,review,yes,yes,yes,Mild Cognitive Impairment;Posterior Cortical Atrophy;Alzheimers Disease;Dementia;Primary Progressive Aphasia
34509999,Prediction of dementia using diffusion tensor MRI measures: the OPTIMAL collaboration,,,yes,no,yes,Dementia;Cerebral Small Vessel Disease
38442778,Altered structural and functional connectivity in Posterior Cortical Atrophy and Dementia with Lewy bodies,Fornix;Sagittal Stratum;Splenium of Corpus Callosum;Superior Longitudinal Fasciculus;Uncinate Fasciculus;Retrolenticular Part of Internal Capsule;Inferior Fronto-Occipital Fasciculus;Cingulum;Posterior Thalamic Radiation;Superior Fronto-Occipital Fasciculus,single study,yes,yes,yes,Lewy Body Dementia;Posterior Cortical Atrophy
34958911,Alterations in white matter fiber in Parkinson disease across different cognitive stages,Corticospinal Tract;Cingulum Bundle;Corpus Callosum,single study,no,yes,yes,Parkinson'S Disease Dementia;Parkinson Disease
20083207,Dementia induces correlated reductions in white matter integrity and cortical thickness: a multivariate neuroimaging study with sparse canonical correlation analysis,Genu of the Corpus Callosum;Inferior Fronto-Occipital Fasciculus;Splenium of the Corpus Callosum;Cingulum Bundle;Superior Longitudinal Fasciculus;Uncinate Fasciculus;Anterior Corona Radiata;Corpus Callosum;Arcuate Fasciculus;Corticospinal Tract;Mid-body of the Corpus Callosum,single study,yes,yes,yes,Dementia;Frontotemporal Dementia;Alzheimers Disease
38461504,White Matter Microstructure Analysis in Subjective Memory Complaints and Cognitive Impairment: Insights from Diffusion Kurtosis Imaging and Free-Water DTI,,single study,yes,yes,no,
37028608,Assessment of complementary white matter microstructural changes and grey matter atrophy in a preclinical model of Alzheimer's disease,,single study,yes,no,yes,Alzheimers Disease
15028645,Differential vulnerability of anterior white matter in nondemented aging with minimal acceleration in dementia of the Alzheimer type: evidence from diffusion tensor imaging,Rostrum of the Corpus Callosum;Genu of the Corpus Callosum;Splenium of the Corpus Callosum;Corpus Callosum,single study,yes,yes,yes,Dementia;Alzheimers Disease
35147158,Longitudinal multimodal MRI characterization of a knock-in mouse model of Huntington's disease reveals early gray and white matter alterations,,single study,yes,no,no,
39185685,"A ""glympse"" into neurodegeneration: Diffusion MRI and cerebrospinal fluid aquaporin-4 for the assessment of glymphatic system in Alzheimer's disease and other dementias",,single study,yes,yes,yes,Mild Cognitive Impairment;Dementia;Primary Progressive Aphasia;Alzheimers Disease
38427191,Diffusion Tensor Imaging in Alzheimer's Studies,,,yes,no,yes,Alzheimers Disease
22538073,"The contributions of MRI-based measures of gray matter, white matter hyperintensity, and white matter integrity to late-life cognition",Fornix;Cingulum Bundle;Superior Longitudinal Fasciculus;Uncinate Fasciculus;Corpus Callosum,single study,yes,yes,yes,Mild Cognitive Impairment;Alzheimers Disease;Vascular Dementia;Dementia;Lewy Body Dementia
27487766,Astroglial NF-kB contributes to white matter damage and cognitive impairment in a mouse model of vascular dementia,,single study,yes,no,yes,Vascular Dementia
37940789,Lateralized brunt of sleep deprivation on white matter injury in a rat model of Alzheimer's disease,,single study,yes,no,yes,Alzheimers Disease
34902714,White matter microstructure associations to amyloid burden in adults with Down syndrome,Fornix;Superior Longitudinal Fasciculus;Corona Radiata;Inferior Longitudinal Fasciculus;Corpus Callosum,single study,yes,yes,no,Mild Cognitive Impairment;Dementia
26792028,White matter hyperintensity microstructure in amyloid dysmetabolism,Cingulum,single study,yes,yes,no,Mild Cognitive Impairment
10582990,Clinical severity in CADASIL related to ultrastructural damage in white matter: in vivo study with diffusion tensor MRI,,single study,yes,yes,yes,Dementia
33998562,White matter connectivity for early prediction of Alzheimer's disease,,,no,no,yes,Alzheimers Disease
28596117,Disrupted white matter structural networks in healthy older adult APOE ε4 carriers - An international multicenter DTI study,Corpus Callosum (body);Cingulum (anterior);Right Posterior Thalamic Radiation;Right Superior Longitudinal Fasciculus;Corpus Callosum (splenium);Internal Capsule;Cingulum (posterior);Right Corona Radiata;Inferior Longitudinal Fasciculus;External Capsule;Corpus Callosum (genu);Inferior Fronto-Occipital Fasciculus,single study,yes,yes,no,Alzheimers Disease
26801955,The superficial white matter in Alzheimer's disease,Superficial White Matter;Corpus Callosum,single study,yes,yes,yes,Alzheimers Disease
29992469,White matter correlates of temporal discounting in older adults,Frontostriatal tracts;Temporal-parietal tracts,single study,yes,yes,no,
33317422,White Matter Integrity Predicts Electrical Stimulation (tDCS) and Language Therapy Effects in Primary Progressive Aphasia,Superior Longitudinal Fasciculus;Extreme Capsule Fasciculus;Uncinate Fasciculus;Inferior Fronto-Occipital Fasciculus;Arcuate Fasciculus,single study,yes,yes,yes,Primary Progressive Aphasia
23741425,Robust automated detection of microstructural white matter degeneration in Alzheimer's disease using machine learning classification of multicenter DTI data,Fornix;Corpus Callosum,single study,yes,yes,yes,Alzheimers Disease
34526957,Brain Network Integrity Changes in Subjective Cognitive Decline: A Possible Physiological Biomarker of Dementia,Fornix;Corona Radiata;Cingulum;Corpus Callosum;Fronto-Occipital Fasciculus,single study,yes,yes,yes,Mild Cognitive Impairment;Dementia
39703304,Exploring Tractography: An Analysis of Brain Connectivity Patterns in Men,Forceps Minor;Superior Longitudinal Fasciculus;Corticospinal Tract;Anterior Thalamic Radiation;Uncinate Fasciculus;Inferior Longitudinal Fasciculus;Forceps Major;Inferior Fronto-Occipital Fasciculus;Cingulum;Superior Fronto-Occipital Fasciculus,single study,yes,yes,no,
33867969,White Matter Structural Network Analysis to Differentiate Alzheimer's Disease and Subcortical Ischemic Vascular Dementia,Cingulum;Inferior Fronto-Occipital Fasciculus,single study,yes,yes,yes,Mild Cognitive Impairment;Vascular Dementia;Cerebral Small Vessel Disease;Alzheimers Disease
33192454,"Inflammation, Cognition, and White Matter in Older Adults: An Examination by Race",Global,single study,yes,yes,no,
27047376,Hippocampal Pathway Plasticity Is Associated with the Ability to Form novel Memories in Older Adults,Fornix;Parahippocampal Cingulum;Uncinate Fasciculus,single study,yes,yes,no,
30837858,Diffusion MRI Indices and Their Relation to Cognitive Impairment in Brain Aging: The Updated Multi-protocol Approach in ADNI3,Inferior Fronto-Occipital Fasciculus (IFO);Anterior Limb of Internal Capsule (ALIC);Fornix (crus);Corticospinal Tract (CST);Stria Terminalis (Fx/ST);Corpus Callosum (full);Sagittal Stratum (SS);Genu of Corpus Callosum (GCC);Hippocampal Cingulum (CGH);Splenium of Corpus Callosum (SCC);Uncinate Fasciculus (UNC);Posterior Thalamic Radiation (PTR);Global;External Capsule (EC),single study,yes,yes,yes,Mild Cognitive Impairment;Dementia;Alzheimers Disease
37457665,The association of diffusion tensor MRI measures of normal appearing white matter and cognition,,single study,yes,yes,no,Cerebral Small Vessel Disease
21760989,"Joint assessment of structural, perfusion, and diffusion MRI in Alzheimer's disease and frontotemporal dementia",Posterior Corpus Callosum;Anterior Corpus Callosum;Posterior Cingulum Bundle;Anterior Cingulum Bundle,single study,yes,yes,yes,Frontotemporal Dementia;Alzheimers Disease
34408645,White Matter Integrity Underlies the Physical-Cognitive Correlations in Subjective Cognitive Decline,Inferior Cerebellar Peduncle;Anterior Limb of Internal Capsule;Corticospinal Tract;Posterior Corona Radiata;Superior Corona Radiata;Superior Fronto-Occipital Fasciculus,single study,yes,yes,no,
39479180,Large-scale normative Modeling of Brain Microstructure,Tapetum of the Corpus Callosum;Fornix;Sagittal Stratum;Cingulum of the Cingulate Gyrus;Superior Longitudinal Fasciculus;Splenium of Corpus Callosum;Posterior Corona Radiata;External Capsule;Superior Corona Radiata;Anterior Corona Radiata;Cingulum of the Hippocampus;Anterior Limb of Internal Capsule;Body of Corpus Callosum;Crus of the Fornix/Stria Terminalis;Uncinate Fasciculus;Genu of Corpus Callosum;Retrolenticular Part of Internal Capsule;Posterior Limb of Internal Capsule;Posterior Thalamic Radiation;Superior Fronto-Occipital Fasciculus,single study,yes,yes,yes,Mild Cognitive Impairment;Parkinson Disease;Alzheimers Disease
32425831,Age-Related Changes of Peak Width Skeletonized Mean Diffusivity (PSMD) Across the Adult Lifespan: A Multi-Cohort Study,Global,single study,yes,yes,no,
24367331,Structural hippocampal network alterations during healthy aging: a multi-modal MRI study,Fornix;Corticospinal Tract;Cingulum Bundle;Arcuate Fasciculus,single study,yes,yes,no,
36479018,Associations between diffusion MRI microstructure and cerebrospinal fluid markers of Alzheimer's disease pathology and neurodegeneration along the Alzheimer's disease continuum,Superior Longitudinal Fasciculus;Cingulum Bundle;Corpus Callosum,single study,yes,yes,yes,Alzheimers Disease
25431558,Fractional anisotropy of the fornix and hippocampal atrophy in Alzheimer's disease,Fornix,,yes,no,yes,Alzheimers Disease
26413203,AUTOMATED MULTI-ATLAS LABELING OF THE FORNIX AND ITS INTEGRITY IN ALZHEIMER'S DISEASE,Fornix,single study,yes,yes,yes,Mild Cognitive Impairment;Alzheimers Disease
38712293,Microstructural Mapping of Neural Pathways in Alzheimer's Disease using Macrostructure-Informed normative Tractometry,FPT;Inferior Fronto-Occipital Fasciculus (IFOF);Fornix;Cingulum Bundle;OPT;Middle Longitudinal Fasciculus (MdLF);EMC;V;CC_ForcepsMajor;Inferior Longitudinal Fasciculus (ILF);Uncinate Fasciculus (UF);Forceps Major;ML_R;Corpus Callosum;CCMid;Optic Radiation (OR);Arcuate Fasciculus (AF),single study,yes,yes,yes,Mild Cognitive Impairment;Dementia;Alzheimers Disease
22545143,Assessing corpus callosum changes in Alzheimer's disease: comparison between tract-based spatial statistics and atlas-based tractography,Corpus Callosum (posterior parietal);Corpus Callosum (anterior frontal);Corpus Callosum (orbital frontal);Corpus Callosum (occipital);Corpus Callosum (left temporal);Corpus Callosum (superior parietal);Corpus Callosum (superior frontal);Corpus Callosum;Corpus Callosum (right temporal),single study,yes,yes,yes,Mild Cognitive Impairment;Alzheimers Disease
18593276,Brain magnetic resonance imaging structural changes in a pedigree of asymptomatic progranulin mutation carriers,Arcuate Fasciculus;Uncinate Fasciculus;Corpus Callosum;Inferior Fronto-Occipital Fasciculus,single study,yes,yes,yes,Dementia;Primary Progressive Aphasia;Frontotemporal Dementia
18246334,Diffusion abnormalities of the uncinate fasciculus in Alzheimer's disease: diffusion tensor tract-specific analysis using a new method to measure the core of the tract,Uncinate Fasciculus,single study,yes,yes,yes,Alzheimers Disease
26836182,Cerebrospinal Fluid Markers of Alzheimer's Disease Pathology and Microglial Activation are Associated with Altered White Matter Microstructure in Asymptomatic Adults at Risk for Alzheimer's Disease,Cingulum Bundle;External Capsule;Corona Radiata;Internal Capsule,single study,yes,yes,yes,Alzheimers Disease
23347602,Correlations between microstructural alterations and severity of cognitive deficiency in Alzheimer's disease and mild cognitive impairment: a diffusional kurtosis imaging study,,single study,yes,yes,yes,Mild Cognitive Impairment;Alzheimers Disease
25491469,The Uncinate Fasciculus as a Predictor of Conversion from Amnestic Mild Cognitive Impairment to Alzheimer Disease,Uncinate Fasciculus,single study,yes,yes,yes,Mild Cognitive Impairment;Alzheimers Disease
22685067,Relationship between apathy and diffusion tensor imaging metrics of the brain in Alzheimer's disease,,single study,yes,yes,yes,Alzheimers Disease
20164559,Diagnostic utility of novel MRI-based biomarkers for Alzheimer's disease: diffusion tensor imaging and deformation-based morphometry,Superior Longitudinal Fasciculus;(Anterior) Cingulum Bundle;Inferior Fronto-Occipital Fasciculus;Corpus Callosum,single study,yes,yes,yes,Alzheimers Disease
23586325,Motor and extramotor neurodegeneration in amyotrophic lateral sclerosis: a 3T high angular resolution diffusion imaging (HARDI) study,Corpus Callosum (body);Fornix;Superior Longitudinal Fasciculus;Anterior Thalamic Radiation;Corpus Callosum (splenium);Uncinate Fasciculus;Corpus Callosum (genu);Inferior Fronto-Occipital Fasciculus;Corticospinal Tract,single study,yes,yes,yes,Mild Cognitive Impairment;Alzheimers Disease
31747967,"Testing the therapeutic effects of transcranial direct current stimulation (tDCS) in semantic dementia: a double blind, sham controlled, randomized clinical trial",Inferior Fronto-Occipital Fasciculus;Superior Longitudinal Fasciculus;Uncinate Fasciculus;Inferior Longitudinal Fasciculus;Corpus Callosum,single study,yes,yes,yes,Dementia;Frontotemporal Dementia;Semantic Variant Of Primary Progressive Aphasia
21816921,Altered microstructure in corticospinal tract in idiopathic normal pressure hydrocephalus: comparison with Alzheimer disease and Parkinson disease with dementia,Corticospinal Tract,single study,yes,yes,yes,Parkinson'S Disease Dementia;Alzheimers Disease;Idiopathic Normal Pressure Hydrocephalus
24657781,Multi-site study of additive genetic effects on fractional anisotropy of cerebral white matter: Comparing meta and megaanalytical approaches for data pooling,Fornix;Sagittal Stratum;Corticospinal Tract;Corpus Callosum (Splenium);Corpus Callosum (Body);External Capsule;Inferior Fronto-Occipital Fasciculus;Superior Fronto-Occipital Fasciculus;Global,single study,yes,yes,no,
22768288,Sexual dimorphism in healthy aging and mild cognitive impairment: a DTI study,Forceps Minor;Parahippocampal Tract;Splenium of the Corpus Callosum;Superior Longitudinal Fasciculus;Anterior Thalamic Radiation;Uncinate Fasciculus;Inferior Longitudinal Fasciculus;Forceps Major;Corpus Callosum,single study,yes,yes,no,Mild Cognitive Impairment
31092880,"Food knowledge depends upon the integrity of both sensory and functional properties: a VBM, TBSS and DTI tractography study",Corpus Callosum (anterior);Inferior Frontal Longitudinal Fasciculus;Corpus Callosum (splenium);Corpus Callosum;Arcuate Fasciculus (posterior segment);Cingulum (temporal region);Cingulum (anterior portion);Inferior Longitudinal Fasciculus;Inferior Fronto-Occipital Fasciculus;Cingulum;Arcuate Fasciculus;Corticospinal Tract,single study,yes,yes,yes,Primary Progressive Aphasia;Behavioral Variant Frontotemporal Dementia;Alzheimers Disease
17633702,Incorporating DTI data as a constraint in deformation tensor morphometry between T1 MR images,,single study,yes,yes,yes,Alzheimers Disease
22594996,Modeling the interactions of Alzheimer-related genes from the whole brain microarray data and diffusion tensor images of human brain,Hippocampus - Putamen;Hippocampus - Amygdala;Hippocampus - Thalamus;Hippocampus - Caudate Nucleus;Hippocampus - Nucleus Accumbens;Hippocampus - Globus Pallidus,single study,yes,yes,yes,Alzheimers Disease
24136984,"Relationship between cerebrospinal fluid flow, ventricles morphology, and DTI properties in internal capsules: differences between Alzheimer's disease and normal-pressure hydrocephalus",Internal Capsule,single study,yes,yes,yes,Idiopathic Normal Pressure Hydrocephalus;Alzheimers Disease
18975047,Diffusion abnormality in posterior cingulate fiber tracts in Alzheimer's disease: tract-specific analysis,(Posterior) Cingulum Bundle,single study,yes,yes,yes,Alzheimers Disease
30440340,Alzheimer'S Disease Classification Using Bag-Of-Words Based On Visual Pattern Of Diffusion Anisotropy For DTI Imaging,,single study,no,yes,no,
20979788,[Multi-modality magnetic resonance imaging features of cognitive function in mild cognitive impairment],,single study,no,yes,no,Mild Cognitive Impairment
27714552,"Mapping temporo-parietal and temporo-occipital cortico-cortical connections of the human middle longitudinal fascicle in subject-specific, probabilistic, and stereotaxic Talairach spaces",STG(MdLF)LOCC;STG(MdLF)CN;Middle Longitudinal Fascicle (MdLF);STG(MdLF)SPL;STG(MdLF)PCN;STG(MdLF)SMG;STG(MdLF)AG,single study,yes,yes,no,
22027780,[Diffusion characteristics of subcortical structures in patients with subcortical ischemic vascular disease and its correlation to cognitive function],,,no,no,no,
36440281,"Peak width of skeletonized mean diffusivity in cerebral amyloid angiopathy: Spatial signature, cognitive, and neuroimaging associations",Global,single study,yes,yes,no,Cerebral Small Vessel Disease;Cerebral Amyloid Angiopathy
38854000,Longitudinal Assessment of Glymphatic Changes Following Mild Traumatic Brain Injury: Insights from PVS burden and DTI-ALPS Imaging,Global,single study,yes,yes,no,
32671621,The relationship of parental longevity with the aging brain-results from UK Biobank,Uncinate fasciculus;Inferior longitudinal fasciculus;Posterior thalamic radiation;Superior thalamic radiation;Superior longitudinal fasciculus;Cingulum (parahippocampal part);Cingulum (cingulate part);Anterior thalamic radiation;Inferior frontooccipital fasciculus,single study,yes,yes,no,
28293162,Ensemble Classification of Alzheimer's Disease and Mild Cognitive Impairment Based on Complex Graph Measures from Diffusion Tensor Images,,single study,yes,yes,yes,Mild Cognitive Impairment;Alzheimers Disease
31507085,(11) C-PK11195 PET imaging and white matter changes in Parkinson's disease dementia,,single study,yes,yes,yes,Parkinson'S Disease Dementia
29283048,Compensatory Shift of Subcallosal Area and Paraterminal Gyrus White Matter Parameters on DTI in Patients with Alzheimer Disease,,single study,yes,yes,yes,Alzheimers Disease
19847044,Diffusion tensor imaging in Alzheimer's disease and mild cognitive impairment,,review,yes,yes,yes,Mild Cognitive Impairment;Alzheimers Disease
26536311,White Matter Degeneration with Aging: Longitudinal Diffusion MR Imaging Analysis,Fornix;Corona Radiata;Internal Capsule;Sensorimotor Pathway;Global,single study,yes,yes,no,
24583036,Diffusion tensor imaging of white matter degeneration in Alzheimer's disease and mild cognitive impairment,,,yes,no,yes,Mild Cognitive Impairment;Alzheimers Disease
27938433,Deep microbleeds and periventricular white matter disintegrity are independent predictors of attention/executive dysfunction in non-dementia patients with small vessel disease,Periventricular white matter;Subcortical white matter;Centrum semiovale,single study,yes,yes,no,Mild Cognitive Impairment;Vascular Cognitive Impairment and Dementia;Cerebral Small Vessel Disease
28066707,Longitudinal changes in microstructural white matter metrics in Alzheimer's disease,Hippocampal Cingulum,single study,yes,yes,yes,Alzheimers Disease
28234631,DTI measurements for Alzheimer's classification,Fornix;Forceps Minor;Cingulum Bundle;Anterior Limb of Internal Capsule;Superior Longitudinal Fasciculus;Corticospinal Tract;Anterior Thalamic Radiation;Uncinate Fasciculus;Corpus Callosum;Splenium of Corpus Callosum;Body of Corpus Callosum;Inferior Longitudinal Fasciculus;Forceps Major;External Capsule;Inferior Fronto-Occipital Fasciculus;Superior Corona Radiata;Posterior Thalamic Radiation;Anterior Corona Radiata,single study,yes,yes,yes,Mild Cognitive Impairment;Alzheimers Disease
39088212,ω-3 PUFA for Secondary Prevention of White Matter Lesions and Neuronal Integrity Breakdown in Older Adults: A Randomized Clinical Trial,Global,single study,yes,yes,no,Mild Cognitive Impairment;Cerebral Small Vessel Disease
12975695,Diffusion MRI studies in vascular cognitive impairment and dementia,,,yes,yes,yes,Dementia;Vascular Cognitive Impairment and Dementia
34891164,Hippocampus- and thalamus-related fiber-specific white matter reductions in mild cognitive impairment,HIP-T1;supero-lateral medial forebrain bundle (slMFB) (left);Superior Corona Radiata (left);HIP-T2P;Anterior Thalamic Radiation (left);HIP-T2;Inferior Longitudinal Fasciculus (left);Fornix (left);HIP-PHIP;Anterior limb of the internal capsule (ALIC) (left),single study,yes,yes,no,Mild Cognitive Impairment
23179680,Patterns of white matter injury in HIV infection after partial immune reconstitution: a DTI tract-based spatial statistics study,Sagittal Stratum;Anterior Thalamic Radiation;Inferior Fronto-Occipital Fasciculus;Cingulum;Splenium of Corpus Callosum;Superior Longitudinal Fasciculus;Posterior Corona Radiata;Inferior Longitudinal Fasciculus;Forceps Major;External Capsule;Superior Corona Radiata;Anterior Corona Radiata;Anterior Limb of Internal Capsule;Body of Corpus Callosum;Corticospinal Tract;Forceps Minor;Uncinate Fasciculus;Genu of Corpus Callosum;Posterior Limb of Internal Capsule;Posterior Thalamic Radiation;Superior Fronto-Occipital Fasciculus,single study,yes,yes,no,
37582307,Mixed longitudinal and cross-sectional analyses of deep gray matter and white matter using diffusion weighted images in premanifest and manifest Huntington's disease,Anterior Limb of Internal Capsule;Inferior Fronto-Occipital Fasciculus;Sagittal Stratum;Middle Cerebellar Peduncle;Superior Longitudinal Fasciculus;Cerebral Peduncle;Uncinate Fasciculus;Posterior Corona Radiata;Retrolenticular Internal Capsule;Posterior Limb of Internal Capsule;Corpus Callosum;Superior Corona Radiata;Posterior Thalamic Radiation;Anterior Corona Radiata,single study,yes,yes,no,
35612774,Association of cerebral microvascular dysfunction and white matter injury in Alzheimer's disease,,single study,yes,yes,yes,Dementia;Alzheimers Disease
35908307,Determining the OPTIMAL DTI analysis method for application in cerebral small vessel disease,,single study,yes,yes,yes,Mild Cognitive Impairment;Cerebral Small Vessel Disease;Alzheimers Disease;Vascular Dementia;Dementia;Lewy Body Dementia
26236629,White matter tract signatures of impaired social cognition in frontotemporal lobar degeneration,Fornix;Cingulum Bundle;Sagittal Stratum;Superior Longitudinal Fasciculus;Anterior Thalamic Radiation;Uncinate Fasciculus;Inferior Longitudinal Fasciculus;Corpus Callosum;Fronto-Occipital Fasciculus,single study,yes,yes,yes,Behavioral Variant Frontotemporal Dementia;Semantic Variant Of Primary Progressive Aphasia
29084064,New insights into cerebral small vessel disease and vascular cognitive impairment from MRI,,review,no,no,no,Vascular Cognitive Impairment and Dementia;Cerebral Small Vessel Disease
33935073,Structural Gray and White Matter Correlates of Awareness in Alzheimer's Disease,Forceps Minor;Superior Longitudinal Fasciculus;Anterior Thalamic Radiation;Inferior Fronto-Occipital Fasciculus;Anterior Cingulum Bundle,single study,yes,yes,yes,Alzheimers Disease
23161191,Diffusion tensor imaging in Alzheimer disease and mild cognitive impairment,,review,yes,yes,yes,Mild Cognitive Impairment;Dementia;Alzheimers Disease
36854050,Local white matter abnormalities in Parkinson's disease with mild cognitive impairment: Assessed with neurite orientation dispersion and density imaging,Corpus Callosum (body);Superior Longitudinal Fasciculus (SLF-II);Cingulum Bundle;Anterior Limb of Internal Capsule;Superior Longitudinal Fasciculus;Superior Fronto-Occipital Fasciculus;Corpus Callosum (splenium);Uncinate Fasciculus;Superior Longitudinal Fasciculus (SLF-I);Posterior Corona Radiata;Thalamo-frontal;Posterior Limb of Internal Capsule;Corpus Callosum (genu);Corpus Callosum;Superior Corona Radiata;Retrolenticular Part of Internal Capsule;External Capsule;Anterior Corona Radiata,single study,yes,yes,no,Mild Cognitive Impairment;Parkinson Disease
31306117,Relationships Between Diffusion Tensor Imaging and Cerebrospinal Fluid Metrics in Early Stages of the Alzheimer's Disease Continuum,,,yes,no,yes,Alzheimers Disease
25367029,White matter involvement in sporadic Creutzfeldt-Jakob disease,Fornix;Anterior Limb of Internal Capsule;Superior Longitudinal Fasciculus;Uncinate Fasciculus;Anterior Thalamic Radiations;Corpus Callosum (Genu);Posterior Limb of Internal Capsule;External Capsule;Inferior Fronto-Occipital Fasciculus;Extreme Capsule;Corticospinal Tract,single study,yes,yes,yes,
28222523,Anomalous White Matter Structure and the Effect of Age in Down Syndrome Patients,Left Arcuate Fasciculus;Right External Capsule,single study,yes,yes,no,
28978655,Change in multimodal MRI markers predicts dementia risk in cerebral small vessel disease,,single study,yes,yes,yes,Dementia;Vascular Dementia;Cerebral Small Vessel Disease
21971468,DTI analyses and clinical applications in Alzheimer's disease,,review,yes,yes,yes,Dementia;Frontotemporal Dementia;Lewy Body Dementia;Alzheimers Disease
25340651,Deep white matter in Huntington's disease,Cingulum Bundle;Superior Longitudinal Fasciculus;Anterior Thalamic Radiation;Uncinate Fasciculus;Inferior Longitudinal Fasciculus;Inferior Fronto-Occipital Fasciculus;Arcuate Fasciculus,single study,yes,yes,no,
38365046,Cognitively healthy APOE4/4 carriers show white matter impairment associated with serum NfL and amyloid-PET,Cingulum Bundle (cingulate gyrus);Splenium of Corpus Callosum;Superior Longitudinal Fasciculus;Uncinate Fasciculus;Internal Capsule;Posterior Corona Radiata;Body of Corpus Callosum;Genu of Corpus Callosum;Cingulum Bundle (hippocampal);Posterior Thalamic Radiation,single study,yes,yes,no,Alzheimers Disease
26691551,White matter structure alterations in HIV-1-infected men with sustained suppression of viraemia on treatment,Forceps Minor;Cingulum Bundle;Superior Longitudinal Fasciculus;Anterior Thalamic Radiation;Uncinate Fasciculus;Inferior Longitudinal Fasciculus;Forceps Major;Inferior Fronto-Occipital Fasciculus;Corticospinal Tract;Global,single study,yes,yes,no,
33032831,Cerebral microinfarcts disruption of remote cortical thickness,,single study,yes,yes,no,Vascular Dementia;Vascular Cognitive Impairment and Dementia;Cerebral Amyloid Angiopathy;Cerebral Small Vessel Disease
30502079,Cerebrospinal fluid biomarkers of neurofibrillary tangles and synaptic dysfunction are associated with longitudinal decline in white matter connectivity: A multi-resolution graph analysis,,single study,yes,yes,yes,Alzheimers Disease
32925045,White Matter Changes on Diffusion Tensor Imaging in the FINGER Randomized Controlled Trial,Cingulum Bundle (posterior);Corpus Callosum (splenium);Internal Capsule;External Capsule;Corpus Callosum (genu);Optic Radiation,single study,yes,yes,no,
33551234,Association of White Matter Integrity With Executive Function and Antidepressant Treatment Outcome in Patients With Late-Life Depression,Superior Longitudinal Fasciculus;Anterior Thalamic Radiation;Uncinate Fasciculus;Inferior Longitudinal Fasciculus;Forceps Major;Inferior Fronto-Occipital Fasciculus;Superior Longitudinal Fasciculus (temporal part);Corticospinal Tract,single study,yes,yes,no,
33454416,Proximity to dementia onset and multi-modal neuroimaging changes: The prevent-dementia study,Forceps Minor;Genu of the Corpus Callosum;Cingulum Bundle;Inferior Fronto-Occipital Fasciculus;Superior Longitudinal Fasciculus;Anterior Thalamic Radiation;Uncinate Fasciculus;Inferior Longitudinal Fasciculus;Corpus Callosum,single study,yes,yes,yes,Dementia;Alzheimers Disease
30659829,"White matter lesions, cerebral inflammation and cognitive function in a mouse model of cerebral hypoperfusion",,single study,yes,no,yes,Vascular Dementia;Vascular Cognitive Impairment and Dementia;Cerebral Small Vessel Disease
19828477,A comparative analysis of cognitive profiles and white-matter alterations using voxel-based diffusion tensor imaging between patients with Parkinson's disease dementia and dementia with Lewy bodies,Cingulum Bundle,single study,yes,yes,yes,Parkinson'S Disease Dementia;Lewy Body Dementia
27624391,Diffusion imaging studies of Huntington's disease: A meta-analysis,,review,yes,yes,no,
21843379,Other magnetic resonance imaging techniques,,,no,no,no,
23919775,Application of multimodal MR imaging on studying Alzheimer's disease: a survey,,,no,no,no,
19419776,Alzheimer's disease (AD) and executive dysfunction. A case-control study on the significance of frontal white matter changes detected by diffusion tensor imaging (DTI),,single study,yes,yes,yes,Alzheimers Disease
32924608,Degeneration of gray and white matter differs between hypometabolic and hypermetabolic brain regions in a patient with ALS-FTD: a longitudinal MRI - PET multimodal study,,single study,no,yes,yes,Primary Progressive Aphasia;Frontotemporal Dementia
30063250,In vivo characterization of white matter pathology in premanifest huntington's disease,Anterior Limb of Internal Capsule;Splenium of Corpus Callosum;Superior Longitudinal Fasciculus;Middle Cerebellar Peduncle;Corona Radiata;Uncinate Fasciculus;Cingulum Bundle (posterior);Body of Corpus Callosum;Genu of Corpus Callosum;Retrolenticular Part of Internal Capsule;Posterior Limb of Internal Capsule;External Capsule;Corpus Callosum;Posterior Thalamic Radiation,single study,yes,yes,no,
39934085,Neuroimaging Findings in nondemented Frail Individuals: A Systematic Review,,review,yes,yes,no,
29159043,Neuroimaging and other modalities to assess Alzheimer's disease in Down syndrome,,review,no,no,yes,Dementia;Alzheimers Disease
31030675,White Matter Damage in the Semantic Variant of Primary Progressive Aphasia,Superior Longitudinal Fasciculus;Uncinate Fasciculus;Inferior Longitudinal Fasciculus;Posterior Cingulum Bundle;External Capsule,single study,yes,yes,yes,Primary Progressive Aphasia
33879062,White matter microstructure associations with episodic memory in adults with Down syndrome: a tract-based spatial statistics study,Superior Longitudinal Fasciculus;Inferior Longitudinal Fasciculus,single study,yes,yes,yes,Mild Cognitive Impairment;Dementia;Alzheimers Disease
34332220,Age affects white matter microstructure and episodic memory across the older adult lifespan,Corpus Callosum (body);superior longitudinal fasciculus;fronto-occipital fasciculus;fornix body;inferior sagittal stratum;fornix cres;uncinate fasciculus;Corpus Callosum (splenium);superior cingulum;external capsule;Corpus Callosum (genu);posterior thalamic radiations;internal capsule;corona radiata;hippocampal cingulum,single study,yes,yes,no,
35568345,Free water diffusion MRI and executive function with a speed component in healthy aging,Superior Longitudinal Fasciculus I;Fornix;Anterior Thalamic Radiation;Corpus Callosum (splenium);Superior Longitudinal Fasciculus II;Cingulum Bundle (dorsal);Extreme Capsule;Corpus Callosum (genu);Corpus Callosum (body prefrontal);Corpus Callosum (body temporal);Corpus Callosum (rostrum);Cingulum Bundle (ventral);Frontal Aslant Tract;Inferior Longitudinal Fasciculus;Arcuate Fasciculus;Acoustic Radiation;Corticospinal Tract;Optic Radiation;Corpus Callosum (body central);Anterior Commissure;Uncinate Fasciculus;Corpus Callosum (body premotor);Corpus Callosum (body parietal);Middle Longitudinal Fasciculus;Superior Longitudinal Fasciculus III,single study,yes,yes,no,
30094168,Single-subject classification of presymptomatic frontotemporal dementia mutation carriers using multimodal MRI,,single study,yes,yes,yes,Frontotemporal Dementia;Behavioral Variant Frontotemporal Dementia
32062565,Systems modeling of white matter microstructural abnormalities in Alzheimer's disease,Sagittal Stratum;Corticospinal Tract;Cingulum Bundle;Inferior Fronto-Occipital Fasciculus,single study,yes,yes,yes,Mild Cognitive Impairment;Dementia;Alzheimers Disease
29353280,Microstructure of Strategic White Matter Tracts and Cognition in Memory Clinic Patients with Vascular Brain Injury,Right Uncinate Fasciculus;Right Inferior Fronto-Occipital Fasciculus;Left Uncinate Fasciculus;Left Superior Longitudinal Fasciculus;Forceps major;Right Superior Longitudinal Fasciculus;Left Cingulum (cingulate gyrus);Forceps minor;Left Corticospinal Tract;Right Inferior Longitudinal Fasciculus;Left Cingulum (hippocampal);Right Anterior Thalamic Radiation;Right Cingulum (cingulate gyrus);Right Cingulum (hippocampal);Left Anterior Thalamic Radiation;Right Corticospinal Tract;Left Inferior Longitudinal Fasciculus;Left Inferior Fronto-Occipital Fasciculus,single study,yes,yes,yes,Mild Cognitive Impairment;Alzheimers Disease;Vascular Dementia;Dementia;Vascular Cognitive Impairment and Dementia
38715429,Diabetes-related clinical and microstructural white matter changes in patients with Alzheimer's disease,Fornix;Inferior Fronto-Occipital Fasciculus;Splenium of Corpus Callosum;Superior Longitudinal Fasciculus;Uncinate Fasciculus;Genu of Corpus Callosum;External Capsule;Corpus Callosum,single study,yes,yes,yes,Alzheimers Disease
29054917,Longitudinal diffusion imaging across the C9orf72 clinical spectrum,Corpus Callosum - Splenium;Cingulum Bundle;Anterior Limb of Internal Capsule;Superior Longitudinal Fasciculus;Corpus Callosum - Pre-motor;Corpus Callosum - Motor;Uncinate Fasciculus;Corpus Callosum - Genu;Anterior Thalamic Radiation;External Capsule;Corticospinal Tract,single study,yes,yes,yes,Dementia;Frontotemporal Dementia;Behavioral Variant Frontotemporal Dementia
26116521,Simultaneous changes in gray matter volume and white matter fractional anisotropy in Alzheimer's disease revealed by multimodal CCA and joint ICA,Corpus Callosum (body);Cingulum (cingulate gyrus);Cingulum (hippocampus);Superior Longitudinal Fasciculus;Corpus Callosum (splenium);Corona Radiata;External Capsule;Corpus Callosum (genu),single study,yes,yes,yes,Alzheimers Disease
32524428,Reproducible Evaluation of Diffusion MRI Features for Automatic Classification of Patients with Alzheimer's Disease,Forceps major;Forceps minor;Inferior fronto-occipital fasciculus,single study,yes,yes,yes,Mild Cognitive Impairment;Alzheimers Disease
34271425,Diffusion along perivascular spaces reveals evidence supportive of glymphatic function impairment in Parkinson disease,,single study,yes,yes,no,Mild Cognitive Impairment;Parkinson Disease
30036759,Neurofilament relates to white matter microstructure in older adults,Superior Corona Radiata;Posterior Thalamic Radiation;Anterior Corona Radiata;Inferior Fronto-Occipital Fasciculus,single study,yes,yes,yes,Mild Cognitive Impairment;Alzheimers Disease;Prodromal Alzheimers Disease
39160467,White matter structure and derived network properties are used to predict the progression from mild cognitive impairment of older adults to Alzheimer's disease,Fornix;Middle Cerebellar Peduncle;Uncinate Fasciculus;Internal Capsule;Inferior Longitudinal Fasciculus;Hippocampal Cingulum Bundle;Corpus Callosum,single study,yes,yes,yes,Mild Cognitive Impairment;Alzheimers Disease
26239997,Cardiorespiratory fitness and white matter integrity in Alzheimer's disease,Uncinate Fasciculus;Superior Longitudinal Fasciculus;Cingulum Bundle;Inferior Fronto-Occipital Fasciculus,single study,yes,yes,yes,Mild Cognitive Impairment;Alzheimers Disease
35696810,Causal structure discovery identifies risk factors and early brain markers related to evolution of white matter hyperintensities,Anterior Limb of the Internal Capsule;Genu of the Corpus Callosum;Splenium of the Corpus Callosum;Superior Longitudinal Fasciculus;Parahippocampal Cingulum;Inferior Temporal White Matter;Uncinate Fasciculus;Posterior Limb of the Internal Capsule;Body of the Corpus Callosum;Inferior Fronto-Occipital Fasciculus;Cingulum;Corticospinal Tract,single study,yes,yes,yes,Mild Cognitive Impairment;Dementia
30264168,White matter involvement in young non-demented Down's syndrome subjects: a tract-based spatial statistic analysis,Forceps Minor;Superior Longitudinal Fasciculus;Anterior Thalamic Radiation;Uncinate Fasciculus;Corpus Callosum;Inferior Longitudinal Fasciculus;Forceps Major;Inferior Fronto-Occipital Fasciculus;Cingulum;Corticospinal Tract,single study,yes,yes,no,
37957768,Divergent brain regional atrophy and associated fiber disruption in amnestic and non-amnestic MCI,Superior Longitudinal Fasciculus;Anterior Thalamic Radiation;Inferior Fronto-Occipital Fasciculus,single study,yes,yes,no,Mild Cognitive Impairment
27079832,"Longitudinal assessment of subcortical gray matter volume, cortical thickness, and white matter integrity in HIV-positive patients",,single study,yes,yes,no,
38100518,Free Water MR Imaging of White Matter Microstructural Changes is a Sensitive Marker of Amyloid Positivity in Alzheimer's Disease,,single study,yes,yes,yes,Alzheimers Disease
30355607,Neurite density is reduced in the presymptomatic phase of C9orf72 disease,Right Uncinate Fasciculus;Corticospinal Tract;Left Inferior Fronto-Occipital Fasciculus,single study,yes,yes,yes,Frontotemporal Dementia
22576896,Cerebral white matter disruption in Creutzfeldt-Jakob disease,Cerebral Peduncles;Internal Capsule;External Capsule;Corpus Callosum;Cerebellar Peduncles;Corticospinal Tract,single study,yes,yes,yes,
26899784,Financial literacy is associated with white matter integrity in old age,,single study,yes,yes,no,
21512742,White matter involvement in idiopathic normal pressure hydrocephalus: a voxel-based diffusion tensor imaging study,Anterior Limb of the Internal Capsule;Genu of the Corpus Callosum;Temporal Stem;Splenium of the Corpus Callosum;Sagittal Stratum;Superior Longitudinal Fasciculus;Internal Capsule;Corona Radiata;Superior Occipitofrontal Fasciculus;Pyramidal Tract;Corpus Callosum,single study,yes,yes,yes,Alzheimers Disease;Parkinson Disease;Idiopathic Normal Pressure Hydrocephalus
32791876,Diffuse white matter loss in a transgenic rat model of cerebral amyloid angiopathy,,single study,yes,no,no,Cerebral Amyloid Angiopathy
28291839,Microstructural white matter alterations in preclinical Alzheimer's disease detected using free water elimination diffusion tensor imaging,"Fornix;Cingulum Bundle;Corpus Callosum (CC-IV: Primary Sensory);Corpus Callosum (CC-II: Premotor and Supplementary Motor);Corpus Callosum (CC-III: Primary Motor);Corpus Callosum (CC-I: Prefrontal);Corpus Callosum (CC-V: Parietal, Temporal, and Visual)",single study,yes,yes,yes,Alzheimers Disease
21152911,White matter hyperintensities and changes in white matter integrity in patients with Alzheimer's disease,Posterior Internal Capsule;Anterior Internal Capsule,single study,yes,yes,yes,Alzheimers Disease
30429273,White matter abnormalities in the corpus callosum with cognitive impairment in Parkinson disease,Corpus Callosum,single study,yes,yes,yes,Mild Cognitive Impairment;Parkinson'S Disease Dementia;Parkinson Disease
36048971,White matter integrity and key structures affected in Alzheimer's disease characterized by diffusion tensor imaging,Fornix;Sagittal Stratum;Inferior Fronto-Occipital Fasciculus;Corona Radiata (posterior);Corona Radiata (superior);Cingulum (cingulate gyrus);Splenium of Corpus Callosum;Superior Longitudinal Fasciculus;Internal Capsule (posterior limb);Inferior Longitudinal Fasciculus;Superior Cerebellar Peduncle;External Capsule;Corpus Callosum;Cingulum (hippocampal);Inferior Cerebellar Peduncle;Tapetum;Body of Corpus Callosum;Fornix-Stria Terminalis;Medial Lemniscus;Posterior Thalamic Radiation (including optic radiation);Corticospinal Tract;Corona Radiata (anterior);Internal Capsule (retrolenticular part);Cerebral Peduncle;Uncinate Fasciculus;Internal Capsule (anterior limb);Genu of Corpus Callosum;Superior Fronto-Occipital Fasciculus,single study,yes,yes,yes,Alzheimers Disease
23432714,Diffusion tensor imaging to determine effects of antidementive treatment on cerebral structural connectivity in Alzheimer's disease,,review,yes,yes,yes,Alzheimers Disease
36063346,Multi-modality MRI for Alzheimer's disease detection using deep learning,,single study,yes,yes,yes,Mild Cognitive Impairment;Alzheimers Disease
21182970,DTI measures in crossing-fibre areas: increased diffusion anisotropy reveals early white matter alteration in MCI and mild Alzheimer's disease,Cingulum Bundle;Anterior Commissure;Superior Longitudinal Fasciculus;Anterior Thalamic Radiation;Uncinate Fasciculus;Superior Thalamic Radiation;Corpus Callosum;Corticopontine Tract;Corticospinal Tract,single study,yes,yes,yes,Mild Cognitive Impairment;Alzheimers Disease
31279793,Effect of aerobic exercise on white matter microstructure in the aging brain,Superior Longitudinal Fasciculus;Anterior Thalamic Radiation;Uncinate Fasciculus;Inferior Longitudinal Fasciculus;Forceps Major;Inferior Fronto-Occipital Fasciculus;Anterior Corona Radiata;Global,single study,yes,yes,no,
28108320,Modulation on brain gray matter activity and white matter integrity by APOE ε4 risk gene in cognitively intact elderly: A multimodal neuroimaging study,Superior Corona Radiata;Genu of Corpus Callosum,single study,yes,yes,no,Alzheimers Disease
34581847,(18)F-florbetapir PET as a marker of myelin integrity across the Alzheimer's disease spectrum,Global,single study,yes,yes,yes,Mild Cognitive Impairment;Dementia;Prodromal Alzheimers Disease;Alzheimers Disease
26923015,White Matter Abnormalities Track Disease Progression in PSEN1 Autosomal Dominant Alzheimer's Disease,Forceps Minor;Fornix;Cingulum Bundle;Inferior Fronto-Occipital Fasciculus;Inferior Fronto-Temporal Fasciculus;Stria Terminalis;Superior Longitudinal Fasciculus;Anterior Thalamic Radiation;Uncinate Fasciculus;Posterior Corona Radiata;Inferior Longitudinal Fasciculus;Retrolenticular Part of Internal Capsule;Forceps Major;Corpus Callosum;Posterior Thalamic Radiation;Anterior Corona Radiata,single study,yes,yes,yes,Autosomal Dominant Alzheimer'S Disease;Alzheimers Disease
34961443,White Matter Microstructure is Associated with Serum Clusterin and Everyday Functioning in a Sample of nondemented Older Adults,,single study,no,yes,no,
27384985,Quantitative T2 mapping of white matter: applications for ageing and cognitive decline,Forceps minor (FMi);Superior longitudinal fasciculus (SLoF);Inferior fronto-occipital fasciculus (IFOF);Inferior longitudinal fasciculus (ILoF);Corticospinal tracts (CST);Anterior thalamic radius (ATR);Temporal part of superior longitudinal fasciculus (TSLoF),single study,yes,yes,yes,Mild Cognitive Impairment;Alzheimers Disease
39294052,"Integrative MR Imaging Interpretation in Cognitive Impairment with Alzheimer's Disease, Small Vessel Disease, and Glymphatic Function-Related MR Parameters",,single study,yes,yes,yes,Dementia;Cerebral Small Vessel Disease;Mild Cognitive Impairment;Alzheimers Disease
34775867,White matter damage due to pulsatile versus steady blood pressure differs by vascular territory: A cross-sectional analysis of the UK Biobank cohort study,Inferior Cerebellar Peduncle;Splenium of the Corpus Callosum;Pontine Crossing Tract;Middle Cerebellar Peduncle;Cerebral Peduncle;Corona Radiata;Hippocampal part of the Cingulum;Medial Lemniscus;Superior Cerebellar Peduncle;Corticospinal Tract,single study,yes,yes,no,
22700749,FLAIR and diffusion MRI signals are independent predictors of white matter hyperintensities,Global,single study,yes,yes,yes,Mild Cognitive Impairment;Alzheimers Disease
24448846,White matter integrity and cognition in Parkinson's disease: a cross-sectional study,Corticospinal Tract;Posterior Cingulum Bundle;Corpus Callosum,single study,yes,yes,yes,Mild Cognitive Impairment;Alzheimers Disease;Parkinson Disease
39214853,Temporal dynamics of white and gray matter plasticity during motor skill acquisition: a comparative diffusion tensor imaging and multiparametric mapping analysis,Crus Cerebri;Cerebral Peduncle;Corona Radiata;Internal Capsule;Corpus Callosum;Corticospinal Tract,single study,yes,yes,no,
25610761,Increased cortical curvature reflects white matter atrophy in individual patients with early multiple sclerosis,Global;Corpus Callosum,single study,yes,yes,no,Alzheimers Disease
26443926,Neuropsychiatry and White Matter Microstructure in Huntington's Disease,Corpus Callosum (body);Fornix;Retrolenticular part of Internal Capsule;Superior Longitudinal Fasciculus;Corpus Callosum (splenium);Posterior Corona Radiata;Internal Capsule;Uncinate Fasciculus;Inferior Longitudinal Fasciculus;Posterior limb of Internal Capsule;External Capsule;Corpus Callosum (genu);Inferior Fronto-Occipital Fasciculus;Superior Corona Radiata;Posterior Thalamic Radiation;Anterior Corona Radiata,single study,yes,yes,no,
29158187,White matter structural integrity and transcranial Doppler blood flow pulsatility in normal aging,,single study,yes,yes,no,
19376246,White matter abnormalities revealed by diffusion tensor imaging in non-demented and demented HIV+ patients,Corona Radiata;Internal Capsule;External Capsule;Corpus Callosum;Optic Radiation,single study,yes,yes,yes,Dementia
24330534,The role of diffusion tensor imaging in detecting microstructural changes in prodromal Alzheimer's disease,,review,yes,yes,yes,Mild Cognitive Impairment;Prodromal Alzheimers Disease;Dementia;Alzheimers Disease
29226864,Cardiorespiratory Fitness and White Matter Neuronal Fiber Integrity in Mild Cognitive Impairment,Superior Longitudinal Fasciculus;(Anterior) Cingulum Bundle;Uncinate Fasciculus;Corpus Callosum,single study,yes,yes,yes,Mild Cognitive Impairment
26484929,Divergent Longitudinal Propagation of White Matter Degradation in Logopenic and Semantic Variants of Primary Progressive Aphasia,Superior Longitudinal Fasciculus;Anterior Thalamic Radiation;Uncinate Fasciculus;Inferior Longitudinal Fasciculus;Corpus Callosum,single study,yes,yes,yes,Dementia;Primary Progressive Aphasia
34888964,Microstructural changes in prodromal dementia with Lewy bodies compared to normal ageing: Multiparametric quantitative MRI evidences,Cingulum-cingulate gyrus bundle;Inferior Longitudinal Fasciculus;Posterior Forceps;Inferior Fronto-Occipital Fasciculus,single study,yes,yes,yes,Lewy Body Dementia
39793681,A systematic review of diffusion tensor imaging and tractography in dementia with Lewy bodies and Parkinson's disease dementia,,review,no,no,yes,Mild Cognitive Impairment;Posterior Cortical Atrophy;Alzheimers Disease;Idiopathic Normal Pressure Hydrocephalus;Parkinson'S Disease Dementia;Dementia;Lewy Body Dementia;Parkinson Disease
35942744,Coupling analysis between functional and structural brain networks in Alzheimer's disease,,single study,yes,yes,yes,Mild Cognitive Impairment;Alzheimers Disease
35850650,Application of Diffusion Tensor Imaging Based on Automatic Fiber Quantification in Alzheimer's Disease,,,yes,no,yes,Alzheimers Disease
31585367,Tracking white matter degeneration in asymptomatic and symptomatic MAPT mutation carriers,Fornix;Cuneus White Matter;Sagittal Stratum;Inferior Fronto-Occipital Fasciculus;Gyrus Rectus White Matter;Precuneus White Matter;Inferior Temporal White Matter;Entorhinal White Matter;Middle Frontal White Matter;Corpus Callosum;Superior Corona Radiata;Anterior Corona Radiata;Superior Frontal White Matter;Anterior Limb of Internal Capsule;Middle Temporal White Matter;Corticospinal Tract;Medial Fronto-Orbital White Matter;Lateral Fronto-Orbital White Matter;Uncinate Fasciculus;Cingulum (Cingulum Bundle);Superior Temporal White Matter,single study,yes,yes,yes,Mild Cognitive Impairment;Frontotemporal Dementia;Behavioral Variant Frontotemporal Dementia;Dementia
37670319,Neurodegeneration or dysfunction in Phelan-McDermid syndrome? A multimodal approach with CSF and computational MRI,Superior Longitudinal Fasciculus;Corticospinal Tract;Cingulum Bundle;Corpus Callosum,single study,yes,yes,no,
39132759,Leptin bioavailability and markers of brain atrophy and vascular injury in the middle age,Global,single study,yes,yes,no,
24282593,Associations between white matter microstructure and cognitive performance in old and very old age,Cingulum (hippocampal);Forceps Minor;Cingulum (cingulate gyrus);Superior Longitudinal Fasciculus;Forceps Major;Inferior Fronto-Occipital Fasciculus;Corticospinal Tract,single study,yes,yes,no,
24838230,Cognitive impairments associated with periventricular white matter hyperintensities are mediated by cortical atrophy,Genu of the Corpus Callosum;Splenium of the Corpus Callosum,single study,yes,yes,no,
38796858,Loss of white matter integrity mediates the association between cortical cerebral microinfarcts and cognitive dysfunction: A longitudinal study,,single study,yes,yes,no,Cerebral Small Vessel Disease
32814228,"Diffusion imaging in dementia with Lewy bodies: Associations with amyloid burden, atrophy, vascular factors and clinical features",Inferior Occipitofrontal Fasciculus;Fornix;Stria Terminalis;Sagittal Stratum;Superior Longitudinal Fasciculus;Corona Radiata;Posterior Corona Radiata;Internal Capsule;Uncinate Fasciculus;Posterior Limb of Internal Capsule;External Capsule;Corpus Callosum;Superior Corona Radiata;Anterior Corona Radiata,single study,yes,yes,yes,Lewy Body Dementia;Alzheimers Disease
29276677,Cross-sectional variations of white and grey matter in older hypertensive patients with subjective memory complaints,Global,single study,yes,yes,no,
23839862,In vivo parahippocampal white matter pathology as a biomarker of disease progression to Alzheimer's disease,Parahippocampal White Matter;Angular Bundle;Corticospinal Tract;Perforant Pathway,single study,yes,yes,yes,Mild Cognitive Impairment;Dementia;Alzheimers Disease
32310161,Structural Brain Changes in Pre-Clinical FTD MAPT Mutation Carriers,Cingulum Bundle (hippocampus);Cingulum Bundle (cingulate gyrus),single study,yes,yes,yes,Frontotemporal Dementia
37284868,Presumed periventricular venous infarction on magnetic resonance imaging and its association with increased white matter edema in CADASIL,,single study,yes,yes,no,Cerebral Small Vessel Disease
32170607,White matter changes from mild cognitive impairment to Alzheimer's disease: a meta-analysis,,review,yes,yes,yes,Alzheimers Disease
29236820,Integrity of white matter structure is related to episodic memory performance in the low-educated elderly,Superior Longitudinal Fasciculus;Uncinate Fasciculus;(Hippocampal) Cingulum Bundle,single study,yes,yes,no,
38538220,Association of Retinal Nerve Fiber Layer Thickness with Brain Microstructural Changes in Participants with White Matter Hyperintensities,Superior Longitudinal Fasciculus;Splenium of Corpus Callosum,single study,yes,yes,no,
33067382,"normalization of Cerebral Blood Flow, Neurochemicals, and White Matter Integrity after Kidney Transplantation",,single study,yes,yes,no,
35226303,Plasma neurofilament light levels correlate with white matter damage prior to Alzheimer's disease: results from ADNI,Fornix;Thalamic Radiation;Sagittal Stratum;Hippocampal Cingulum;Corona Radiata;Internal Capsule;Uncinate Fasciculus;Cingulum;Corpus Callosum;Fronto-Occipital Fasciculus,single study,yes,yes,no,Mild Cognitive Impairment
32898610,Diffusion Tensor Imaging-Based Analysis of Baseline Neurocognitive Function and Posttreatment White Matter Changes in Pediatric Patients With Craniopharyngioma Treated With Surgery and Proton Therapy,Inferior Cerebellar Peduncle;Cingulum Bundle;Cerebral Peduncle;Internal Capsule;Corona Radiata;Medial Lemniscus;Superior Cerebellar Peduncle;External Capsule;Corpus Callosum;Corticospinal Tract,single study,yes,yes,no,
25497085,Longitudinal change in white matter microstructure in Huntington's disease: The IMAGE-HD study,Cingulum Bundle;Middle Cingulum;Splenium of Corpus Callosum;Internal Capsule;Body of Corpus Callosum;Genu of Corpus Callosum;Corpus Callosum,single study,yes,yes,no,
25374100,Effects of amyloid and small vessel disease on white matter network disruption,Global,single study,yes,yes,yes,Mild Cognitive Impairment;Cerebral Small Vessel Disease;Alzheimers Disease;Vascular Dementia;Vascular Cognitive Impairment and Dementia
26335798,Robust MR-based approaches to quantifying white matter structure and structure/function alterations in Huntington's disease,Corpus Callosum,single study,yes,yes,no,
37656372,White matter alterations in mild cognitive impairment revealed by meta-analysis of diffusion tensor imaging using tract-based spatial statistics,,review,yes,yes,yes,Mild Cognitive Impairment
21700790,Differential diagnosis of idiopathic normal pressure hydrocephalus from other dementias using diffusion tensor imaging,Anterior Limb of the Internal Capsule;Genu of the Corpus Callosum;Splenium of the Corpus Callosum;Posterior Periventricular White Matter;Superior Longitudinal Fasciculus;Posterior Limb of the Internal Capsule;Inferior Longitudinal Fasciculus;Anterior Periventricular White Matter,single study,yes,yes,yes,Dementia;Vascular Dementia;Alzheimers Disease;Idiopathic Normal Pressure Hydrocephalus
30549156,"Regional multimodal relationships between tau, hypometabolism, atrophy, and fractional anisotropy in atypical Alzheimer's disease",Sagittal Stratum;Internal Capsule;External Capsule;Corpus Callosum;Cingulum;Posterior Thalamic Radiation,single study,yes,yes,yes,Primary Progressive Aphasia;Posterior Cortical Atrophy;Alzheimers Disease
34019710,"The relationship between white matter microstructure, cardiovascular fitness, gross motor skills, and neurocognitive functioning in children",Splenium of Corpus Callosum;Posterior Corona Radiata;Body of Corpus Callosum;Forceps Major;Corpus Callosum,single study,yes,yes,no,
31214916,Clinical and neuroimaging correlates of cognition in HIV,Posterior Thalamic Radiation;Corona Radiata;Internal Capsule;Corpus Callosum,single study,yes,yes,no,
32065792,Cerebellar White Matter Disruption in Alzheimer's Disease Patients: A Diffusion Tensor Imaging Study,,single study,yes,yes,yes,Alzheimers Disease
24319654,White matter tract integrity metrics reflect the vulnerability of late-myelinating tracts in Alzheimer's disease,Superior Longitudinal Fasciculus;Inferior Longitudinal Fasciculus;Cerebral Peduncle;Posterior limb of the internal capsule,single study,yes,yes,yes,Mild Cognitive Impairment;Dementia;Alzheimers Disease
33635906,Retrospective study of late radiation-induced damages after focal radiotherapy for childhood brain tumors,(Anterior) Cingulum Bundle,single study,yes,yes,no,
35073256,Impact of long- and short-range fibre depletion on the cognitive deficits of fronto-temporal dementia,Cingulum Bundle;Inferior Fronto-Occipital Fasciculus;Superior Longitudinal Fasciculus;Uncinate Fasciculus;Inferior Longitudinal Fasciculus;Frontal Aslant Tract;Corpus Callosum;Superior Corona Radiata,single study,no,yes,yes,Dementia;Primary Progressive Aphasia;Behavioral Variant Frontotemporal Dementia;Semantic Variant Of Primary Progressive Aphasia
26539011,Gray and White Matter Degenerations in Subjective Memory Impairment: Comparisons with normal Controls and Mild Cognitive Impairment,Posterior Corpus Callosum;Anterior Corpus Callosum;Posterior Cingulum Bundle;Anterior Cingulum Bundle,single study,yes,yes,no,Mild Cognitive Impairment;Alzheimers Disease
22952880,Improved sensitivity to cerebral white matter abnormalities in Alzheimer's disease with spherical deconvolution based tractography,Superior Longitudinal Fasciculus;Superior Longitudinal Fasciculus II;Corpus Callosum;Superior Longitudinal Fasciculus III;Arcuate Fasciculus,single study,yes,yes,yes,Mild Cognitive Impairment;Alzheimers Disease
31282416,Interplay Between Macular Retinal Changes and White Matter Integrity in Early Alzheimer's Disease,Splenium of the Corpus Callosum;Corona Radiata;Tapetum;Retrolenticular Part of the Internal Capsule;Body of the Corpus Callosum;Posterior Thalamic Radiation;Optic Radiation,single study,yes,yes,yes,Alzheimers Disease
34272684,Inflammatory markers and tract-based structural connectomics in older adults with a preliminary exploration of associations by race,,single study,yes,yes,no,
22895591,Characterizing dementia with Lewy bodies by means of diffusion tensor imaging,Hippocampal Cingulum;Inferior Longitudinal Fasciculus;Corpus Callosum,single study,yes,yes,yes,Lewy Body Dementia;Alzheimers Disease
32289706,Altered speech-related cortical network in frontotemporal dementia,Superior Longitudinal Fasciculus (temporal part);Inferior Longitudinal Fasciculus;Uncinate Fasciculus,single study,yes,yes,yes,Frontotemporal Dementia
37718813,Acculturation in Context and Brain Health in Older Latino Adults: A Diffusion Tensor Imaging Study,,single study,yes,yes,no,
24405816,White matter integrity in premanifest and early Huntington's disease is related to caudate loss and disease progression,Fornix;Short Perforating Fibres;Superior Longitudinal Fasciculus;Internal Capsule;Inferior Longitudinal Fasciculus;Short Communicating Fibres;External Capsule;Corpus Callosum;Cingulum,single study,yes,yes,no,
27555109,A Multimodal Structural and Functional Neuroimaging Study of Amnestic Mild Cognitive Impairment,,single study,yes,yes,yes,Mild Cognitive Impairment
28644998,Olfactory identification deficit predicts white matter tract impairment in Alzheimer's disease,Olfactory Tract;Global,single study,yes,yes,yes,Mild Cognitive Impairment;Alzheimers Disease
20592582,Microstructural white matter abnormalities independent of white matter lesion burden in amnestic mild cognitive impairment and early Alzheimer disease among Han Chinese elderly,Occipital White Matter;Temporal White Matter;Optic Radiations;Parahippocampal Fibers;Splenium of Corpus Callosum;Anterior Cingulate Fibers;Frontal White Matter;Parietal White Matter;Genu of Corpus Callosum;Posterior Cingulate Fibers,single study,yes,yes,yes,Mild Cognitive Impairment;Alzheimers Disease
30251380,"Association of Hospitalization, Critical Illness, and Infection with Brain Structure in Older Adults",Global,single study,yes,yes,yes,Dementia;Alzheimers Disease
18618077,Evaluation of white matter damage in patients with Alzheimer's disease and in patients with mild cognitive impairment by using diffusion tensor imaging,Corpus Callosum (splenium);Corpus Callosum (genu),single study,yes,yes,yes,Mild Cognitive Impairment;Alzheimers Disease
22976075,MRI signatures of brain macrostructural atrophy and microstructural degradation in frontotemporal lobar degeneration subtypes,,single study,no,yes,yes,Behavioral Variant Frontotemporal Dementia
20595067,White matter integrity in mild cognitive impairment: a tract-based spatial statistics study,Fornix;Cingulum Bundle;Sagittal Stratum;Superior Longitudinal Fasciculus;Cerebral Peduncle;Corona Radiata;Corpus Callosum;Internal Capsule;External Capsule;Inferior Fronto-Occipital Fasciculus;Posterior Thalamic Radiation,single study,yes,yes,no,Mild Cognitive Impairment
25031413,Frontal white matter tracts sustaining speech production in primary progressive aphasia,Superior Longitudinal Fasciculus (SLF II/III);BA44-SMAc (pre-SMA–BA44; anterior aslant component);BA44-Insula;BA6vPMC-Caudate;SMAc-Putamen;Inferior Fronto-Occipital Fasciculus (IFOF);BA44-Putamen;BA44-Caudate;Inferior Longitudinal Fasciculus (ILF; anterior portion);Frontal Aslant Tract;Frontostriatal tracts;Arcuate Fasciculus;SMAc-Caudate;Fronto-insular tracts;BA6vPMC-Insula;Intrafrontal tracts (fronto-insular intrafrontal pathways);SMAc-Insula;BA44-SMAc;Uncinate Fasciculus;BA6vPMC-Putamen;BA6vPMC-SMAc;BA6vPMC-SMAc (posterior component / SMA proper–BA6vPMC),single study,yes,yes,yes,Primary Progressive Aphasia
16005548,White matter changes in mild cognitive impairment and AD: A diffusion tensor imaging study,Cingulum Bundle;Posterior Thalamic Peduncle;Superior Longitudinal Fasciculus;Superior Thalamic Peduncle;Internal Capsule;Arcuate Fasciculus,single study,yes,yes,yes,Mild Cognitive Impairment;Alzheimers Disease
30240840,Cognition-related white matter integrity dysfunction in Alzheimer's disease with diffusion tensor image,Uncinate Fasciculus;Superior Longitudinal Fasciculus;Inferior Longitudinal Fasciculus;Cingulum Bundle,single study,yes,yes,yes,Alzheimers Disease
32125614,"Default mode network integrity changes contribute to cognitive deficits in subcortical vascular cognitive impairment, no dementia",PCC-right supF;mPFC-left HIP;left TP-left supF;right TP-mPFC;left TP-left HIP;left TP-mPFC;PCC-right TP;PCC-mPFC;left TP-right TP,single study,yes,yes,no,Vascular Cognitive Impairment and Dementia
34842185,Sex Differences in Alzheimer's Disease Revealed by Free-Water Diffusion Tensor Imaging and Voxel-Based Morphometry,Inferior Cerebellar Peduncle;Anterior Limb of Internal Capsule;Cingulum Bundle;Inferior Fronto-Occipital Fasciculus;Pontine Crossing Tract;Sagittal Stratum;Superior Longitudinal Fasciculus;Anterior Thalamic Radiation;Cerebral Peduncle;Corticospinal Tract;Forceps minor;ForNix;Uncinate Fasciculus;Superior Cerebellar Peduncle;External Capsule;Posterior Limb of Internal Capsule;Corpus Callosum;Anterior Corona Radiata,single study,yes,yes,yes,Alzheimers Disease
29027841,Diffusion tensor tractography in cerebral small vessel disease: correlation with cognitive function,Inferior Cerebellar Peduncle;Fornix;Cingulum Bundle;Inferior Fronto-Occipital Fasciculus;Superior Longitudinal Fasciculus;Middle Cerebellar Peduncle;Anterior Thalamic Radiation;Uncinate Fasciculus;Superior Thalamic Radiation;Inferior Longitudinal Fasciculus;Superior Cerebellar Peduncle;Corpus Callosum;Posterior Thalamic Radiation;Corticospinal Tract,single study,yes,yes,no,Cerebral Small Vessel Disease
26444762,Diffusion Kurtosis Imaging: A Possible MRI Biomarker for AD Diagnosis?,Corpus Callosum (body);Cingulum Bundle;Superior Longitudinal Fasciculus;Corpus Callosum (splenium);Corona Radiata;Uncinate Fasciculus;Inferior Longitudinal Fasciculus;Forceps Major;Corpus Callosum (genu);Cerebellar Peduncles;Corticospinal Tract,single study,yes,yes,yes,Mild Cognitive Impairment;Dementia;Alzheimers Disease
38905054,White Matter Microstructure Changes Revealed by Diffusion Kurtosis and Diffusion Tensor Imaging in Mutant Huntingtin Gene Carriers,Genu of the Corpus Callosum;Left Superior Longitudinal Fasciculus;Right Posterior Thalamic Radiation;Body of the Corpus Callosum;Right Posterior Corona Radiata;Right Superior Corona Radiata,single study,yes,yes,no,
31613387,Brain structure changes in nondemented seniors after six-month dance-exercise intervention,Superior Longitudinal Fasciculus;Fornix;Corticospinal Tract;Corpus Callosum,single study,yes,yes,no,Mild Cognitive Impairment
30192691,Diffusion tensor imaging based white matter changes and antioxidant enzymes status for early identification of mild cognitive impairment,Fornix;Forceps Major;Corpus Callosum,single study,yes,yes,no,Mild Cognitive Impairment
23142262,Contribution of neuroimaging to the diagnosis of Alzheimer's disease and vascular dementia,,review,yes,yes,yes,Mild Cognitive Impairment;Vascular Dementia;Cerebral Small Vessel Disease;Alzheimers Disease
22592372,White matter imaging contributes to the multimodal diagnosis of frontotemporal lobar degeneration,Corpus Callosum,single study,yes,yes,yes,Frontotemporal Dementia;Alzheimers Disease
26228096,Short-term white matter alterations in Alzheimer's disease characterized by diffusion tensor imaging,Genu of the Corpus Callosum;Splenium of the Corpus Callosum;Superior Longitudinal Fasciculus;Body of the Corpus Callosum;Cingulum;Global,single study,yes,yes,yes,Alzheimers Disease
36300327,Retinal capillary microvessel morphology changes are associated with vascular damage and dysfunction in cerebral small vessel disease,,single study,yes,yes,no,Cerebral Small Vessel Disease
25230999,"Depression in small-vessel disease relates to white matter ultrastructural damage, not disability",,,no,no,no,Cerebral Small Vessel Disease
36530082,Diffusion Changes in Hippocampal Cingulum in Early Biologically Defined Alzheimer's Disease,Fornix;Genu of the Corpus Callosum;Splenium of the Corpus Callosum;Superior Longitudinal Fasciculus;Uncinate Fasciculus;Cingulum (hippocampal part);Cingulum (cingulate gyrus part);Body of the Corpus Callosum,single study,yes,yes,yes,Mild Cognitive Impairment;Dementia;Alzheimers Disease
22992380,Anatomical MRI and DTI in the diagnosis of Alzheimer's disease: a European multicenter study,Inferior Fronto-Occipital Fasciculus;Fornix;Inferior Longitudinal Fasciculus;Corpus Callosum,single study,yes,yes,yes,Alzheimers Disease
20615058,Diagnostic utility of cerebral white matter integrity in early Alzheimer's disease,Superior Longitudinal Fasciculus;Genu of Corpus Callosum;Splenium of Corpus Callosum;Posterior limb of the internal capsule,single study,yes,yes,yes,Alzheimers Disease
28818116,Distinct white matter microstructural abnormalities and extracellular water increases relate to cognitive impairment in Alzheimer's disease with and without cerebrovascular disease,Corpus Callosum,single study,yes,yes,yes,Vascular Dementia;Alzheimers Disease
38825988,Multimodal cross-examination of progressive apraxia of speech by diffusion tensor imaging-based tractography and Tau-PET scans,SMA commissural fibers;right IFOF;MLF;FAT;right Arcuatus Fasciculus;ILF;left Arcuatus Fasciculus;left FAT;left IFOF,single study,yes,yes,no,
28600739,"Association of longitudinal white matter degeneration and cerebrospinal fluid biomarkers of neurodegeneration, inflammation and Alzheimer's disease in late-middle-aged adults","Right cingulum-CC (Cingulum Bundle, cingulate portion);Left cingulum-HC (Cingulum Bundle, hippocampal portion);Right cingulum-HC (Cingulum Bundle, hippocampal portion);Global white matter;Left cingulum-CC (Cingulum Bundle, cingulate portion)",single study,yes,yes,no,Alzheimers Disease
16614789,White matter damage of patients with Alzheimer's disease correlated with the decreased cognitive function,Temporal lobe white matter;Frontal lobe white matter;Splenium of Corpus Callosum;Occipital lobe white matter;Genu of Corpus Callosum;Posterior limb of Internal Capsule;Parietal lobe white matter;Anterior limb of Internal Capsule,single study,yes,yes,yes,Alzheimers Disease
34841903,Olfactory Function and Diffusion Tensor Imaging as Markers of Mild Cognitive Impairment in Early Stages of Parkinson's Disease,Olfactory Tract,single study,yes,yes,no,Mild Cognitive Impairment;Parkinson Disease
28695358,Retained executive abilities in mild cognitive impairment are associated with increased white matter network connectivity,Superior Longitudinal Fasciculus;Uncinate Fasciculus;Inferior Longitudinal Fasciculus;Forceps Major;Corpus Callosum;Corticospinal Tract,single study,yes,yes,yes,Mild Cognitive Impairment
25151438,White matter integrity and depressive symptoms in cerebral small vessel disease: The RUN DMC study,Superior Longitudinal Fasciculus;Uncinate Fasciculus;Corona Radiata;Corpus Callosum;Internal Capsule;Inferior Longitudinal Fasciculus;External Capsule;Inferior Fronto-Occipital Fasciculus;Anterior Cingulum Bundle,single study,yes,yes,no,Cerebral Small Vessel Disease
25318544,Atlas-based diffusion tensor imaging correlates of executive function,Angular gyrus white matter;Superior frontal gyrus white matter;Lateral fronto-orbital gyrus white matter;Cingulate gyrus white matter;Superior parietal gyrus white matter;Gyrus rectus white matter;Inferior frontal gyrus white matter;Middle frontal gyrus white matter,single study,yes,yes,yes,Mild Cognitive Impairment;Alzheimers Disease
14966162,Diffusion tensor MRI correlates with executive dysfunction in patients with ischaemic leukoaraiosis,,single study,yes,yes,no,Small Vessel Ischemic Disease;Cerebral Small Vessel Disease
36710670,Fully Connected Multi-Kernel Convolutional Neural Network Based on Alzheimer's Disease Diagnosis,Uncinate Fasciculus;Cingulum Bundle;Global;Corpus Callosum,single study,yes,yes,yes,Mild Cognitive Impairment;Alzheimers Disease
34891857,Altered Connection and Diagnosis Utility of White Matter in Alzheimer's Disease: A Multi-site Automated Fiber Quantification Study,Forceps Minor;Cingulum Bundle;Thalamic Radiation;Superior Longitudinal Fasciculus;Uncinate Fasciculus;Inferior Longitudinal Fasciculus;Forceps Major;Inferior Fronto-Occipital Fasciculus;Arcuate Fasciculus;Corticospinal Tract,single study,yes,yes,yes,Mild Cognitive Impairment;Alzheimers Disease
34062262,MRI characterization of rat brain aging at structural and functional level: Clues for translational applications,,single study,yes,no,no,
23876903,Initial study of magnetic resonance diffusion tensor imaging in brain white matter of early AIDS patients,,single study,yes,yes,no,
29959265,Loss of white matter integrity reflects tau accumulation in Alzheimer disease defined regions,,single study,yes,yes,yes,Alzheimers Disease
24947353,White matter integrity disruptions associated with cognitive impairments in type 2 diabetic patients,Fornix;Stria Terminalis;Anterior Limb of Internal Capsule;Cingulum (cingulate gyrus);Cingulum (hippocampus);Superior Longitudinal Fasciculus;Cerebral Peduncle;Corona Radiata;Internal Capsule;Uncinate Fasciculus;Tapetum;Sagittal Stratum;Inferior Longitudinal Fasciculus;External Capsule;Corpus Callosum;Posterior Thalamic Radiation;Superior Fronto-Occipital Fasciculus,single study,yes,yes,no,
26288751,Altered whole-brain white matter networks in preclinical Alzheimer's disease,,single study,yes,yes,yes,Alzheimers Disease
26028932,"Comparison of regional gray matter atrophy, white matter alteration, and glucose metabolism as a predictor of the conversion to Alzheimer's disease in mild cognitive impairment",,single study,yes,yes,yes,Mild Cognitive Impairment;Alzheimers Disease
33772083,Free-water diffusion tensor imaging improves the accuracy and sensitivity of white matter analysis in Alzheimer's disease,Fornix;Sagittal Stratum;Anterior Thalamic Radiation;Cingulum (hippocampal part);Inferior Fronto-Occipital Fasciculus;Limb of Internal Capsule;Inferior Longitudinal Fasciculus;Forceps Major;Cingulum (cingulate gyrus part);Corpus Callosum;Superior Corona Radiata;External Capsule;Anterior Corona Radiata;Anterior Limb of Internal Capsule;Corticospinal Tract;Forceps Minor;Uncinate Fasciculus;Retrolenticular Part of Internal Capsule;Posterior Limb of Internal Capsule;Superior Fronto-Occipital Fasciculus,single study,yes,yes,yes,Alzheimers Disease
34334777,Changes in the connection network of whole-brain fiber tracts in patients with Alzheimer's disease have a tendency of lateralization,Global,single study,no,yes,yes,Alzheimers Disease
28180075,Independent value added by diffusion MRI for prediction of cognitive function in older adults,"Fornix;Sagittal Stratum;Cingulum (hippocampal part);Inferior Fronto-Occipital Fasciculus;Superior Longitudinal Fasciculus;Posterior Corona Radiata;Internal Capsule (posterior limb);Superior Cerebellar Peduncle;External Capsule;Superior Corona Radiata;Anterior Corona Radiata;Inferior Cerebellar Peduncle;Medial Lemniscus;Corpus Callosum (genu, body, splenium);Corticospinal Tract;Internal Capsule (retrolenticular part);Uncinate Fasciculus;Internal Capsule (anterior limb);Fornix/Stria Terminalis;Cingulum (body);Posterior Thalamic Radiation",single study,yes,yes,yes,Mild Cognitive Impairment;Dementia;Alzheimers Disease
23583480,Longitudinal white matter changes in Alzheimer's disease: a tractography-based analysis study,Inferior Occipitofrontal Fasciculus;Inferior Longitudinal Fasciculus;Uncinate Fasciculus,single study,yes,yes,yes,Alzheimers Disease
21356112,Causes and consequences of cerebral small vessel disease. The RUN DMC study: a prospective cohort study. Study rationale and protocol,,single study,yes,yes,yes,Dementia;Small Vessel Ischemic Disease
32730718,Brain microstructural changes and cognitive function in non-demented essential tremor patients: a diffusion tensor imaging study,Fornix;Stria Terminalis;Superior Longitudinal Fasciculus;Anterior Thalamic Radiation;Corticospinal Tract;Middle Cerebellar Peduncle;Corpus Callosum;Inferior Longitudinal Fasciculus;Superior Cerebellar Peduncle;Inferior Fronto-Occipital Fasciculus;Superior Fronto-Occipital Fasciculus,single study,yes,yes,no,
15087585,Ultrastructural hippocampal and white matter alterations in mild cognitive impairment: a diffusion tensor imaging study,Corpus Callosum - Splenium;Temporal white matter;Centrum semiovale;Corpus Callosum - Genu;Parietal white matter;Occipital white matter;Frontal white matter,single study,yes,yes,yes,Mild Cognitive Impairment;Alzheimers Disease
21872362,Distinctive disruption patterns of white matter tracts in Alzheimer's disease with full diffusion tensor characterization,Cingulum Bundle (hippocampus);Anterior Limb of Internal Capsule;Cingulum Bundle (cingulate gyrus);Splenium of Corpus Callosum;Superior Longitudinal Fasciculus;Uncinate Fasciculus;Anterior Corona Radiata;Posterior Corona Radiata;Body of Corpus Callosum;Fornix-Stria Terminalis;Genu of Corpus Callosum;Body of Fornix;External Capsule;Inferior Fronto-Occipital Fasciculus;Superior Corona Radiata;Posterior Limb of Internal Capsule;Superior Fronto-Occipital Fasciculus,single study,yes,yes,yes,Mild Cognitive Impairment;Alzheimers Disease
25444606,Connectivity network measures predict volumetric atrophy in mild cognitive impairment,Superior Corona Radiata;Anterior Corona Radiata;Internal Capsule;Posterior Corona Radiata,single study,yes,yes,yes,Mild Cognitive Impairment
39740225,MRI free water mediates the association between diffusion tensor image analysis along the perivascular space and executive function in four independent middle to aged cohorts,Global,single study,yes,yes,no,Mild Cognitive Impairment;Vascular Cognitive Impairment and Dementia;Cerebral Small Vessel Disease
34921119,The heritability of amyloid burden in older adults: the Older Australian Twins Study,,single study,no,yes,no,
32574842,Characterizing white matter connectivity in Alzheimer's disease and mild cognitive impairment: An automated fiber quantification analysis with two independent datasets,Forceps Minor;Superior Longitudinal Fasciculus;Uncinate Fasciculus;Inferior Longitudinal Fasciculus;Inferior Fronto-Occipital Fasciculus;Arcuate Fasciculus;Cingulum (cingulate),single study,yes,yes,yes,Mild Cognitive Impairment;Alzheimers Disease
19342541,White matter involvement in idiopathic Parkinson disease: a diffusion tensor imaging study,Superior Longitudinal Fasciculus;Corpus Callosum (splenium);Corpus Callosum (genu);Cingulum;Corticospinal Tract,single study,yes,yes,no,Parkinson Disease
35358703,CSF Tau phosphorylation at Thr205 is associated with loss of white matter integrity in autosomal dominant Alzheimer disease,Posterior Corpus Callosum;Cingulum Bundle;Forceps Major;Anterior Corpus Callosum,single study,yes,yes,yes,Autosomal Dominant Alzheimer'S Disease
33681461,Systematic Assessment of the Impact of DTI Methodology on Fractional Anisotropy Measures in Alzheimer's Disease,Fornix;Anterior Thalamic Radiation;Superior Longitudinal Fasciculus;Posterior Corona Radiata;Forceps Major;Corpus Callosum;Superior Corona Radiata;Anterior Corona Radiata;Inferior Cerebellar Peduncle;Anterior Limb of Internal Capsule;Tapetum;Medial Lemniscus;Corticospinal Tract;Forceps Minor;Cingulum Bundle;Cerebral Peduncle;Retrolenticular Part of Internal Capsule;Posterior Limb of Internal Capsule;Posterior Thalamic Radiation,single study,yes,yes,yes,Mild Cognitive Impairment;Alzheimers Disease
27357066,Diffusion Tensor Imaging to Map Brain Microstructural Changes in CADASIL,Inferior Cerebellar Peduncle;Forceps Minor;Cingulum Bundle;Superior Longitudinal Fasciculus;Middle Cerebellar Peduncle;Dentatorubrothalamic Tract;Internal Capsule;Uncinate Fasciculus;Corpus Callosum;Corona Radiata;Thalamic Radiations;Inferior Longitudinal Fasciculus;Superior Cerebellar Peduncle;External Capsule;Forceps Major;Inferior Fronto-Occipital Fasciculus;Corticospinal Tract,single study,yes,yes,no,Cerebral Small Vessel Disease
30685818,Alterations of White Matter Integrity in Subcortical Ischemic Vascular Disease with and Without Cognitive Impairment: a TBSS Study,Splenium of Corpus Callosum;Anterior Thalamic Radiation;Superior Longitudinal Fasciculus;Genu of Corpus Callosum;Inferior Longitudinal Fasciculus;Inferior Fronto-Occipital Fasciculus;Corticospinal Tract,single study,yes,yes,no,Cerebral Small Vessel Disease
24936411,Associations between white matter microstructure and amyloid burden in preclinical Alzheimer's disease: A multimodal imaging investigation,Fornix (Lateral Fornix);Superior Longitudinal Fasciculus;Cingulum Bundle (cingulum-CC);Posterior Corona Radiata;Inferior Longitudinal Fasciculus;Cingulum Bundle (cingulum-HC);External Capsule;Corpus Callosum;Superior Corona Radiata,single study,yes,yes,yes,Alzheimers Disease
17522104,Diffusion tensor imaging in preclinical and presymptomatic carriers of familial Alzheimer's disease mutations,Fornix;Genu of the Corpus Callosum;Cingulum Bundle;Splenium of the Corpus Callosum;Perforant Pathway;Corticospinal Tract,single study,yes,yes,yes,Autosomal Dominant Alzheimer'S Disease
33778998,Neural correlates of the impulse dyscontrol domain of mild behavioral impairment,Fornix;Uncinate fasciculus;Inferior fronto-occipital fasciculus;Cingulum (hippocampus);Cingulum;Superior fronto-occipital fasciculus,single study,yes,yes,yes,Mild Cognitive Impairment;Dementia;Prodromal Alzheimers Disease;Alzheimers Disease
25700953,In vivo imaging of tau pathology using multi-parametric quantitative MRI,,single study,yes,no,yes,Alzheimers Disease
33612351,Comparative Evaluation of Diffusion Kurtosis Imaging and Diffusion Tensor Imaging in Detecting Cerebral Microstructural Changes in Alzheimer Disease,Fornix;Sagittal Stratum;Superior Longitudinal Fasciculus;Corona Radiata;Internal Capsule;Uncinate Fasciculus;Corpus Callosum;Mammillothalamic Tract;External Capsule;Inferior Fronto-Occipital Fasciculus,single study,yes,yes,yes,Alzheimers Disease
32471036,White Matter Brain Network Research in Alzheimer's Disease Using Persistent Features,Global,single study,yes,yes,yes,Mild Cognitive Impairment;Alzheimers Disease
31484188,Diffuse Tract Damage in CADASIL Is Correlated with Global Cognitive Impairment,Middle Cerebellar Peduncle;Internal Capsule;Inferior Fronto-Occipital Fasciculus;Pontine Crossing Tract;Cingulum (cingulate gyrus);Superior Longitudinal Fasciculus;Splenium of Corpus Callosum;Fornix (cres)/Stria Terminalis;Inferior Longitudinal Fasciculus;Superior Cerebellar Peduncle;External Capsule;Corpus Callosum;Superior Corona Radiata;Anterior Corona Radiata;Right Corticospinal Tract;Inferior Cerebellar Peduncle;Anterior Limb of Internal Capsule;Thalamic Radiation;Corona Radiata;Tapetum;Left Corticospinal Tract;Body of Corpus Callosum;Medial Lemniscus;Corticospinal Tract;Uncinate Fasciculus;Genu of Corpus Callosum;Posterior Limb of Internal Capsule;Posterior Thalamic Radiation,single study,yes,yes,no,
33416206,Discriminating subcortical ischemic vascular disease and Alzheimer's disease by diffusion kurtosis imaging in segregated thalamic regions,,single study,yes,yes,yes,Dementia;Cerebral Small Vessel Disease;Alzheimers Disease
21905080,White matter lesions defined by diffusion tensor imaging in older adults,,single study,yes,yes,yes,Dementia;Cerebral Small Vessel Disease;Alzheimers Disease
28729016,Learning-based structurally-guided construction of resting-state functional correlation tensors,Optic Radiations;Internal Capsule;Corpus Callosum;Inferior Longitudinal Fasciculus;Inferior Fronto-Occipital Fasciculus;Arcuate Fasciculus;Corticospinal Tract,single study,yes,yes,yes,Mild Cognitive Impairment
19385016,Atlas-based whole brain white matter analysis using large deformation diffeomorphic metric mapping: application to normal elderly and Alzheimer's disease participants,Fornix;Thalamic Radiations;Medial Lemniscus;Posterior Thalamic Radiation;Corticopontine Tract;(Anterior) Cingulum Bundle;Corticospinal Tract;Posterior limb of the internal capsule,single study,yes,yes,yes,Alzheimers Disease
24866404,White matter integrity is associated with cerebrospinal fluid markers of Alzheimer's disease in normal adults,Fornix;Cingulum Bundle;Inferior Fronto-Occipital Fasciculus;Superior Longitudinal Fasciculus;Inferior Longitudinal Fasciculus;Corpus Callosum,single study,yes,yes,yes,Alzheimers Disease
25499674,White Matter Microstructural Integrity Is Associated with Executive Function and Processing Speed in Older Adults with Coronary Artery Disease,Right Inferior Fronto-Occipital Fasciculus;Right Uncinate Fasciculus;Forceps Major;Right Corticospinal Tract;Left Inferior Fronto-Occipital Fasciculus;Left Superior Longitudinal Fasciculus;Right Superior Longitudinal Fasciculus;Left Cingulum (gyrus);Left Corticospinal Tract;Right Inferior Longitudinal Fasciculus;Right Parahippocampal Cingulum;Left Inferior Longitudinal Fasciculus;Left Uncinate Fasciculus;Forceps Minor;Right Cingulum (gyrus);Left Parahippocampal Cingulum;Left Superior Longitudinal Fasciculus (temporal);Right Anterior Thalamic Radiation;Right Superior Longitudinal Fasciculus (temporal);Left Anterior Thalamic Radiation,single study,yes,yes,no,
18050329,Gray and white matter changes in Alzheimer's disease: a diffusion tensor imaging study,Thalamocortical Radiations;Corticothalamic Radiations;Posterior Limb of Internal Capsule,single study,yes,yes,yes,Alzheimers Disease
37541841,Association of Olfaction and Microstructural Integrity of Brain Tissue in Community-Dwelling Adults: Atherosclerosis Risk in Communities Neurocognitive Study,Fornix;Stria Terminalis;Cingulum Bundle;Splenium of the Corpus Callosum;Inferior Fronto-Occipital Fasciculus;Hippocampal Cingulum;Superior Longitudinal Fasciculus;Uncinate Fasciculus;Internal Capsule;Corpus Callosum;Fronto-Occipital Fasciculus;Anterior Corona Radiata,single study,yes,yes,no,Mild Cognitive Impairment;Dementia
29980072,Prosodic and phonetic subtypes of primary progressive apraxia of speech,Cingulum Bundle;Superior Cerebellar Peduncle;Corpus Callosum,single study,yes,yes,no,
32522711,Serum neurofilament light chain levels are associated with white matter integrity in autosomal dominant Alzheimer's disease,Forceps Minor;Cingulum Bundle;Superior Longitudinal Fasciculus;Uncinate Fasciculus;Perforant Pathway;Anterior Corpus Callosum;Posterior Corpus Callosum;Frontal Aslant Tract;Inferior Longitudinal Fasciculus;Forceps Major;Fronto-Occipital Fasciculus;Corticospinal Tract,single study,yes,yes,yes,Autosomal Dominant Alzheimer'S Disease
24936424,White matter microstructure in late middle-age: Effects of apolipoprotein E4 and parental family history of Alzheimer's disease,Superior Longitudinal Fasciculus;Corpus Callosum (splenium);Uncinate Fasciculus;Fornix (body and column);Cingulum Bundle (projections to hippocampus);Corpus Callosum (genu);Cingulum Bundle (adjacent to cingulate cortex),single study,yes,yes,no,Alzheimers Disease
28826185,White Matter Degradation is Associated with Reduced Financial Capacity in Mild Cognitive Impairment and Alzheimer's Disease,Genu of the Corpus Callosum;Cingulum Bundle;Splenium of the Corpus Callosum;Inferior Fronto-Occipital Fasciculus;Superior Longitudinal Fasciculus;Uncinate Fasciculus;Corona Radiata;Internal Capsule;Anterior Thalamic Radiations;Inferior Longitudinal Fasciculus;External Capsule;Body of the Corpus Callosum;Corpus Callosum;Posterior cingulum (hippocampal projection);Corticospinal Tract;Anterior Cingulum;Posterior Cingulum,single study,yes,yes,yes,Mild Cognitive Impairment;Alzheimers Disease
19012862,White matter integrity linked to functional impairments in aging and early Alzheimer's disease,Cingulum Bundle;Superior Longitudinal Fasciculus;Corpus Callosum (splenium);Corpus Callosum (mid-body);Corpus Callosum (genu),single study,yes,yes,yes,Alzheimers Disease
20619504,A meta-analysis of diffusion tensor imaging in mild cognitive impairment and Alzheimer's disease,,review,yes,yes,yes,Mild Cognitive Impairment;Dementia;Alzheimers Disease
39420261,Investigating the association between the GAP-43 concentration with diffusion tensor imaging indices in Alzheimer's dementia continuum,Fornix (cres)/Stria terminalis;Cerebral peduncle;Genu of the corpus callosum;Posterior corona radiata;Inferior fronto-occipital fasciculus;Cingulum (hippocampus);Cingulum cortex;Sagittal stratum;Anterior corona radiata;Retrolenticular part of the internal capsule;Posterior thalamic radiation;Cerebellar peduncle;Superior corona radiata;Medial lemniscus;Superior fronto-occipital fasciculus;Posterior limb of the internal capsule,single study,yes,yes,yes,Mild Cognitive Impairment;Dementia;Alzheimers Disease
29689722,Quantitative Magnetization Transfer of White Matter Tracts Correlates with Diffusion Tensor Imaging Indices in Predicting the Conversion from Mild Cognitive Impairment to Alzheimer's Disease,Superior Cingulum Bundle;Uncinate Fasciculus;Inferior Longitudinal Fasciculus;Inferior Cingulum Bundle,single study,yes,yes,yes,Mild Cognitive Impairment;Alzheimers Disease
31271489,The joint effect of aging and HIV infection on microstructure of white matter bundles,Fornix;Cingulum Bundle;Anterior Thalamic Radiation;Corpus Callosum;Inferior Longitudinal Fasciculus;Inferior Fronto-Occipital Fasciculus;Arcuate Fasciculus;Corticospinal Tract,single study,yes,yes,no,
16483571,Evaluation of white matter integrity in ex vivo brains of amyloid plaque-bearing APPsw transgenic mice using magnetic resonance diffusion tensor imaging,,single study,yes,no,no,Alzheimers Disease
15007117,Diffusion tensor imaging of thalamus correlates with cognition in CADASIL without dementia,,single study,yes,yes,no,
28604016,Triglycerides are negatively correlated with cognitive function in nondemented aging adults,Fornix;Cingulum Bundle;Inferior Fronto-Occipital Fasciculus;Parahippocampal White Matter;Superior Longitudinal Fasciculus;Corona Radiata;Internal Capsule;Uncinate Fasciculus;Sagittal Striatum;External Capsule;Corpus Callosum;Posterior Thalamic Radiation;Superior Fronto-Occipital Fasciculus,single study,yes,yes,no,Mild Cognitive Impairment
33638111,"Decreased myelin content of the fornix predicts poorer memory performance beyond vascular risk, hippocampal volume, and fractional anisotropy in nondemented older adults",Fornix,single study,yes,yes,no,Mild Cognitive Impairment
37926082,Prediction of Mild Cognitive Impairment Progression to Alzheimer's Disease Based on Diffusion Tensor Imaging-Derived Diffusion Parameters: Construction and Validation of a nomogram,Uncinate Fasciculus;Superior Longitudinal Fasciculus;Cingulum Bundle;Inferior Cerebellar Peduncle,single study,yes,yes,yes,Mild Cognitive Impairment;Alzheimers Disease
33648793,Apolipoprotein E homozygous ε4 allele status: Effects on cortical structure and white matter integrity in a young to mid-age sample,Fornix;Corona Radiata;Internal Capsule;External Capsule;Corpus Callosum,single study,yes,yes,no,
31421507,White matter integrity is associated with gait impairment and falls in mild cognitive impairment. Results from the gait and brain study,Forceps Minor;Inferior Fronto-Occipital Fasciculus;Superior Longitudinal Fasciculus;Anterior Thalamic Radiation;Uncinate Fasciculus;Inferior Longitudinal Fasciculus;Forceps Major;Corpus Callosum;Corticospinal Tract,single study,yes,yes,no,Mild Cognitive Impairment
20429751,Diffusion tensor imaging (DTI) in dementia patients with frontal lobe symptoms,Corpus Callosum,single study,yes,yes,yes,Alzheimers Disease;Vascular Dementia;Frontotemporal Dementia;Dementia;Lewy Body Dementia
23475817,White matter imaging helps dissociate tau from TDP-43 in frontotemporal lobar degeneration,Superior Longitudinal Fasciculus;Uncinate Fasciculus,single study,yes,yes,yes,Frontotemporal Dementia
26646649,Difference in white matter microstructure in differential diagnosis of normal pressure hydrocephalus and Alzheimer's disease,Internal Capsule;Cortico-fugal tracts;Optic Radiation;Corpus Callosum,single study,yes,yes,yes,Idiopathic Normal Pressure Hydrocephalus;Alzheimers Disease
25363208,Longitudinal diffusion tensor imaging in frontotemporal dementia,Fornix;Genu of the Corpus Callosum;Splenium of the Corpus Callosum;Paracallosal (dorsal) Cingulum Bundle;Corticospinal Tract;Uncinate Fasciculus;Superior Cerebellar Peduncle;Body of the Corpus Callosum;Parahippocampal (ventral) Cingulum Bundle,single study,yes,yes,yes,Behavioral Variant Frontotemporal Dementia
16301485,Damage within a network of white matter regions underlies executive dysfunction in CADASIL,,,no,no,no,
28448817,Automated detection of pathologic white matter alterations in Alzheimer's disease using combined diffusivity and kurtosis method,Corpus Callosum (body);Cingulum Bundle (posterior);Corpus Callosum (splenium);Cingulum Bundle (central);Internal Capsule (posterior limb);Cingulum Bundle (anterior);Corpus Callosum (genu),single study,yes,yes,yes,Alzheimers Disease
22850313,Cognitive function in small vessel disease: the additional value of diffusion tensor imaging to conventional magnetic resonance imaging: the RUN DMC study,Global,single study,yes,yes,no,Cerebral Small Vessel Disease
30798166,Characterization of white matter changes along fibers by automated fiber quantification in the early stages of Alzheimer's disease,Right Inferior Fronto-Occipital Fasciculus;Genu of the Corpus Callosum;Right Uncinate Fasciculus;Left Anterior Thalamic Radiation;Right Cingulum Hippocampus;Right Corticospinal Tract;Left Inferior Fronto-Occipital Fasciculus;Right Arcuate Fasciculus;Left Cingulum Cingulate;Right Cingulum Cingulate;Left Superior Longitudinal Fasciculus;Splenium of the Corpus Callosum;Right Superior Longitudinal Fasciculus;Left Corticospinal Tract;Right Inferior Longitudinal Fasciculus;Left Inferior Longitudinal Fasciculus;Left Uncinate Fasciculus;Left Cingulum Hippocampus;Right Anterior Thalamic Radiation;Left Arcuate Fasciculus,single study,yes,yes,yes,Dementia;Cerebral Small Vessel Disease
19398016,Multi-contrast large deformation diffeomorphic metric mapping for diffusion tensor imaging,Corpus Callosum,single study,yes,yes,yes,Alzheimers Disease
39316311,Cognitive impairment mediates the white matter injury load and gait disorders in subcortical ischemic vascular disease,Splenium of Corpus Callosum;Superior Longitudinal Fasciculus;Body of Corpus Callosum;Genu of Corpus Callosum;External Capsule;Corpus Callosum;Superior Corona Radiata;Anterior Corona Radiata,single study,yes,yes,no,Cerebral Small Vessel Disease
28266059,Fractional anisotropy derived from the diffusion tensor distribution function boosts power to detect Alzheimer's disease deficits,Corona Radiata;Corpus Callosum,single study,yes,yes,yes,Mild Cognitive Impairment;Alzheimers Disease
27062691,Neuroanatomical correlates of verbal fluency in early Alzheimer's disease and normal aging,Forceps Minor;Right Thalamic Radiation;Inferior Fronto-Occipital Fasciculus;Anterior Limb of Internal Capsule;Fornix;Superior Longitudinal Fasciculus;Anterior Thalamic Radiation;Cerebral Peduncle;Internal Capsule;Uncinate Fasciculus;Genu of Corpus Callosum;Inferior Longitudinal Fasciculus;Forceps Major;External Capsule;Corpus Callosum,single study,yes,yes,yes,Alzheimers Disease
31865024,Middle longitudinal fascicle is associated with semantic processing deficits in primary progressive aphasia,Middle Longitudinal Fasciculus,single study,yes,yes,yes,Mild Cognitive Impairment;Dementia;Alzheimers Disease
37519167,Diffusion tensor imaging (DTI) Analysis Based on Tract-based spatial statistics (TBSS) and Classification Using Multi-Metric in Alzheimer's Disease,Anterior Limb of Internal Capsule;Sagittal Stratum;Superior Longitudinal Fasciculus;Splenium of Corpus Callosum;Cerebral Peduncle;Superior Fronto-Occipital Fasciculus;Posterior Corona Radiata;Corpus Callosum;Cingulum (Cingulum Bundle);Body of Corpus Callosum;Genu of Corpus Callosum;Retrolenticular Part of Internal Capsule;Posterior Limb of Internal Capsule;Inferior Fronto-Occipital Fasciculus;Superior Corona Radiata;Posterior Thalamic Radiation;Anterior Corona Radiata;Optic Radiation,single study,yes,yes,yes,Alzheimers Disease
24997672,Serum cholesterol and variant in cholesterol-related gene CETP predict white matter microstructure,Fornix;Genu of the Corpus Callosum;Inferior Fronto-Occipital Fasciculus;Splenium of the Corpus Callosum;Internal Capsule;Uncinate Fasciculus;Corona Radiata;Inferior Longitudinal Fasciculus;Forceps Major;Corpus Callosum;Arcuate Fasciculus,single study,yes,yes,yes,Mild Cognitive Impairment;Alzheimers Disease
31981370,Prospective Associations Between Diffusion Tensor Imaging Parameters and Frailty in Older Adults,Anterior Limb of the Internal Capsule;Thalamic Radiation;Longitudinal Fasciculus;Superior Longitudinal Fasciculus;Corona Radiata;Internal Capsule;Posterior Corona Radiata;External Capsule;Occipital Fasciculus;Corpus Callosum;Superior Corona Radiata;Posterior Thalamic Radiation;Superior Frontal Occipital Fasciculus,single study,yes,yes,no,
25664619,Multimodal analysis of functional and structural disconnection in Alzheimer's disease using multiple kernel SVM,Fornix;Cingulum Bundle (ventral);Corpus Callosum,single study,yes,yes,yes,Alzheimers Disease
31706220,Longitudinal changes in rich club organization and cognition in cerebral small vessel disease,,single study,yes,yes,yes,Primary Progressive Aphasia
19835655,White matter diffusivity predicts memory in patients with subjective and mild cognitive impairment and normal CSF total tau levels,Fornix;Forceps major;Splenium of Corpus Callosum;Forceps minor;Genu of Corpus Callosum;Posterior Cingulum Bundle,single study,yes,yes,no,Mild Cognitive Impairment
20950559,[Neuroimaging in Alzheimer's disease: a synthesis and a contribution to the understanding of physiopathological mechanisms],,review,no,no,yes,Alzheimers Disease
16520023,Diffusion tensor imaging in early Alzheimer's disease,Genu of the Corpus Callosum;Cingulum Bundle;Splenium of the Corpus Callosum;Optic Radiations;Internal Capsule (posterior limb);Corpus Callosum,single study,yes,yes,yes,Alzheimers Disease
31175374,Microstructural White Matter Alterations in Mild Cognitive Impairment and Alzheimer's Disease : Study Based on Neurite Orientation Dispersion and Density Imaging (noDDI),Cingulum Bundle;Superior Longitudinal Fasciculus;Cerebral Peduncle;Uncinate Fasciculus;Corpus Callosum (splenium);Internal Capsule (posterior limb);Corticospinal Tract,single study,yes,yes,yes,Mild Cognitive Impairment;Alzheimers Disease
31901155,Microstructural disruption of the right inferior fronto-occipital and inferior longitudinal fasciculus contributes to WMH-related cognitive impairment,Forceps Minor;Superior Longitudinal Fasciculus;Anterior Thalamic Radiation;Uncinate Fasciculus;Inferior Longitudinal Fasciculus;Forceps Major;Inferior Fronto-Occipital Fasciculus;Corticospinal Tract;Cingulum Cingulate,single study,yes,yes,no,Mild Cognitive Impairment;Cerebral Small Vessel Disease
18412132,White matter tract integrity in aging and Alzheimer's disease,Uncinate Fasciculus;Internal Capsule;Body of Corpus Callosum;Genu of Corpus Callosum;Corpus Callosum,single study,yes,yes,yes,Mild Cognitive Impairment;Alzheimers Disease
31954961,Diffusion tensor imaging evidence of corticospinal pathway involvement in frontotemporal lobar degeneration,Forceps Minor;Fornix;Anterior Limb of Internal Capsule;Cingulum Bundle;Inferior Fronto-Occipital Fasciculus;Cerebral Peduncles;Superior Longitudinal Fasciculus;Corticospinal Tract;Corona Radiata;Internal Capsule;Uncinate Fasciculus;Anterior Thalamic Radiations;Inferior Longitudinal Fasciculus;Forceps Major;Corpus Callosum;Anterior Corona Radiata,single study,yes,yes,yes,Dementia;Primary Progressive Aphasia;Frontotemporal Dementia;Behavioral Variant Frontotemporal Dementia
23706516,The ε4 genotype of apolipoprotein E and white matter integrity in Alzheimer's disease,Corpus Callosum,single study,yes,yes,yes,Alzheimers Disease
32008281,[Study on the white matter neuronal integrity in amnestic mild cognitive impairment based on automating fiber-tract quantification],,single study,no,no,no,Mild Cognitive Impairment
25859933,Microstructural White Matter Abnormalities and Cognitive Dysfunction in Subcortical Ischemic Vascular Disease: an Atlas-Based Diffusion Tensor Analysis Study,Association fibers;Projection fibers;Commissural fibers;Inferior Longitudinal Fasciculus;Corpus Callosum,single study,yes,yes,no,Vascular Cognitive Impairment and Dementia;Cerebral Small Vessel Disease
28067183,Hippocampal and entorhinal structures in subjective memory impairment: a combined MRI volumetric and DTI study,,single study,yes,yes,no,
19442496,Diffusion tensor changes in patients with amnesic mild cognitive impairment and various dementias,Lateral cholinergic pathway;Genu of the Corpus Callosum;Splenium of the Corpus Callosum,single study,yes,yes,yes,Mild Cognitive Impairment;Small Vessel Ischemic Disease;Alzheimers Disease;Vascular Dementia;Frontotemporal Dementia;Dementia
22825739,Relationship between apolipoprotein E4 genotype and white matter integrity in HIV-positive young adults in South Africa,Corpus Callosum,single study,yes,yes,no,
19584447,Impact of APOE on the healthy aging brain: a voxel-based MRI and DTI study,Parahippocampal white matter,single study,yes,yes,no,Alzheimers Disease
37673749,Assessment of Gray Matter Microstructure and Synaptic Density in Alzheimer's Disease: A Multimodal Imaging Study With DTI and SV2A PET,,single study,yes,yes,yes,Mild Cognitive Impairment;Dementia;Alzheimers Disease
40016624,Association Between Single Nucleotide Polymorphisms in the Aquaporin-4 Gene and Longitudinal Changes in White Matter Free Water and Cognitive Function in non-Demented Older Adults,Global,single study,yes,yes,no,Mild Cognitive Impairment;Alzheimers Disease
29126669,What can DTI tell about early cognitive impairment? - Differentiation between MCI subtypes and healthy controls by diffusion tensor imaging,Corpus Callosum (body);Cingulum (hippocampal subdivision);Stria Terminalis;Fornix (crus);Fornix (body and column);External Capsule;Posterior Thalamic Radiation;Superior Fronto-Occipital Fasciculus,single study,yes,yes,no,Mild Cognitive Impairment
28315741,Individual classification of Alzheimer's disease with diffusion magnetic resonance imaging,Global,single study,yes,yes,yes,Alzheimers Disease
39737627,Microstructural mapping of neural pathways in Alzheimer's disease using macrostructure-informed normative tractometry,Inferior Fronto-Occipital Fasciculus (IFOF);Forceps Minor;STT;EMC;OPT;MLF;Uncinate Fasciculus;V;Inferior Longitudinal Fasciculus;Forceps Major;Corpus Callosum;FPT;Arcuate Fasciculus;Optic Radiation (OR);MdLF,single study,yes,yes,yes,Mild Cognitive Impairment;Dementia;Alzheimers Disease
26567744,Eigenanatomy on Fractional Anisotropy Imaging Provides White Matter Anatomical Features Discriminating Between Alzheimer's Disease and Late Onset Bipolar Disorder,Superior Longitudinal Fasciculus;Middle Cerebellar Peduncle;Retrolenticular Part of Internal Capsule;Posterior Limb of Internal Capsule;Corpus Callosum;Superior Corona Radiata,single study,yes,yes,yes,Alzheimers Disease
24970026,Discriminative analysis of multivariate features from structural MRI and diffusion tensor images,cingulum of cingulate gyrus left (CGC_L);cingulum of hippocampus right (CGH_R);fronto-occipital fasciculus right (IFO_R);corpus callosum to pre-central gyrus (CC_PrCG);corpus callosum to middle frontal gyrus (CC_MFG);corpus callosum to superior frontal gyrus (CC_SFG);corpus callosum to cingulate gyrus (CC_CingG);corpus callosum to lingual gyrus (CC_LG);superior longitudinal fasciculus-frontal lobe to temporal lobe right (SLF_FT_R);uncinate fasciculus left (UNC_L);corpus callosum to gyrus rectus (CC_RG);uncinate fasciculus right (UNC_R);inferior frontooccipital fasciculus left (IFO_L);superior longitudinal fasciculus-frontal lobe to parietal lobe right (SLF_FP_R);corpus callosum to middle occipital gyrus (CC_MOG),single study,yes,yes,yes,Alzheimers Disease
25693199,Microstructural white matter tissue characteristics are modulated by homocysteine: a diffusion tensor imaging study,Forceps Minor;Genu of the Corpus Callosum;Pyramidal Tracts;Middle Cerebellar Peduncle;Inferior Longitudinal Fasciculus;Ponto-Cerebellar Tracts,single study,yes,yes,no,
31741143,Cerebellar cognitive-affective syndrome preceding ataxia associated with complex extrapyramidal features in a Turkish SCA48 family,Superior Longitudinal Fasciculus;Middle Cerebellar Peduncle;Subcortical U-fibers;Superior Cerebellar Peduncle;Cerebello-frontal tracts,single study,yes,yes,no,
28948070,Predicting neurocognitive function with hippocampal volumes and DTI metrics in patients with Alzheimer's dementia and mild cognitive impairment,Anterior Limb of Internal Capsule;Sagittal Stratum;Splenium of Corpus Callosum;Superior Fronto-Occipital Fasciculus;Fornix (cres)/Stria Terminalis;Posterior Corona Radiata;Cerebral Peduncle;Body of Corpus Callosum;Genu of Corpus Callosum;Retrolenticular Part of Internal Capsule;Posterior Limb of Internal Capsule;Cingulum;Anterior Corona Radiata;Global,single study,yes,yes,yes,Mild Cognitive Impairment;Alzheimers Disease
37158918,Detection of mild cognitive impairment in Parkinson's disease using gradient boosting decision tree models based on multilevel DTI indices,Left Fornix (cres)/Stria Terminalis;Right Medial Lemniscus (ML);Pontine Crossing Tract (PCT);Right Cingulum (hippocampus),single study,yes,yes,no,Mild Cognitive Impairment;Parkinson Disease
30684740,Generalised coherent point drift for group-wise multi-dimensional analysis of diffusion brain MRI data,Cingulum;Corpus Callosum,single study,yes,yes,yes,Mild Cognitive Impairment;Dementia;Alzheimers Disease
33022474,Reduced fractional anisotropy of the genu of the corpus callosum as a cerebrovascular disease marker and predictor of longitudinal cognition in MCI,Cingulum Bundle (hippocampal);Corpus Callosum (genu),single study,yes,yes,yes,Mild Cognitive Impairment
17905894,Diffusion tensor imaging of normal-appearing white matter in mild cognitive impairment and early Alzheimer disease: preliminary evidence of axonal degeneration in the temporal lobe,,single study,yes,yes,yes,Mild Cognitive Impairment;Alzheimers Disease
27103138,Multivariate statistical analysis of diffusion imaging parameters using partial least squares: Application to white matter variations in Alzheimer's disease,Internal Capsule;Parahippocampal white matter,single study,yes,yes,yes,Mild Cognitive Impairment;Alzheimers Disease
27761397,Interhemispheric connectivity in amyotrophic lateral sclerosis: A near-infrared spectroscopy and diffusion tensor imaging study,Forceps Minor;Superior Longitudinal Fasciculus;Inferior Longitudinal Fasciculus;Forceps Major;Corpus Callosum;Corticospinal Tract,single study,yes,yes,no,
20371138,"Multiple DTI index analysis in normal aging, amnestic MCI and AD. Relationship with neuropsychological performance",Fornix;Cingulum Bundle;Superior Longitudinal Fasciculus;Uncinate Fasciculus;Corpus Callosum;Inferior Longitudinal Fasciculus;Inferior Fronto-Occipital Fasciculus,single study,yes,yes,yes,Mild Cognitive Impairment;Dementia;Alzheimers Disease
25963506,Changes in anatomical and functional connectivity of Parkinson's disease patients according to cognitive status,Cingulum Bundle;Superior Longitudinal Fasciculus;Uncinate Fasciculus;Inferior Longitudinal Fasciculus;Corpus Callosum;Superior Fronto-Occipital Fasciculus,single study,yes,yes,yes,Parkinson'S Disease Dementia;Parkinson Disease
25644739,Predicting Prodromal Alzheimer's Disease in Subjects with Mild Cognitive Impairment Using Machine Learning Classification of Multimodal Multicenter Diffusion-Tensor and Magnetic Resonance Imaging Data,(Anterior) Cingulum Bundle;Corpus Callosum,single study,yes,yes,yes,Mild Cognitive Impairment;Prodromal Alzheimers Disease;Dementia;Alzheimers Disease
20977535,Voxel-based analysis of diffusion tensor imaging in patients with subcortical vascular cognitive impairment: correlates with cognitive and motor deficits,Corticobulbar Tract;Corona Radiata;Corpus Callosum;Internal Capsule;Inferior Longitudinal Fasciculus;Forceps Major;Inferior Fronto-Occipital Fasciculus;Corticospinal Tract,single study,yes,yes,yes,Mild Cognitive Impairment;Vascular Dementia;Vascular Cognitive Impairment and Dementia
32244028,Network topology and machine learning analyses reveal microstructural white matter changes underlying Chinese medicine Dengzhan Shengmai treatment on patients with vascular cognitive impairment,Corpus Callosum,single study,yes,yes,no,Vascular Cognitive Impairment and Dementia;Cerebral Small Vessel Disease
31958093,Reduced Hippocampal Glutamate and Posterior Cingulate N-Acetyl Aspartate in Mild Cognitive Impairment and Alzheimer's Disease Is Associated with Episodic Memory Performance and White Matter Integrity in the Cingulum: A Pilot Study,Left Cingulum (hippocampal portion);Left Cingulum (cingulate gyrus portion),single study,yes,yes,yes,Mild Cognitive Impairment;Alzheimers Disease
27903333,Diffusion Tensor Imaging Predictors of Episodic Memory Decline in Healthy Elders at Genetic Risk for Alzheimer's Disease,Cingulate-Hippocampal Tract;Fornix/Stria Terminalis;Uncinate Fasciculus,single study,yes,yes,yes,Mild Cognitive Impairment;Alzheimers Disease
25775003,Independent component analysis-based identification of covariance patterns of microstructural white matter damage in Alzheimer's disease,Genu of the Corpus Callosum;Anterior Body of the Corpus Callosum;Superior Longitudinal Fasciculus;Hippocampal Commissure;Retrolenticular Part of the Internal Capsule;Superior Corona Radiata;Cingulum;Posterior Thalamic Radiation;Anterior Corona Radiata,single study,yes,yes,yes,Alzheimers Disease
25938561,Interhemispheric Functional and Structural Disconnection in Alzheimer's Disease: A Combined Resting-State fMRI and DTI Study,Genu of the Corpus Callosum;Corpus Callosum,single study,yes,yes,yes,Mild Cognitive Impairment;Dementia;Alzheimers Disease
23109096,Microstructural changes in the hippocampus and posterior cingulate in mild cognitive impairment and Alzheimer's disease: a diffusion tensor imaging study,,single study,yes,yes,yes,Mild Cognitive Impairment;Alzheimers Disease
15917103,Color-coded diffusion-tensor-imaging of posterior cingulate fiber tracts in mild cognitive impairment,(Posterior) Cingulum Bundle,single study,yes,yes,yes,Mild Cognitive Impairment;Dementia;Alzheimers Disease
27873148,Local texture descriptors for the assessment of differences in diffusion magnetic resonance imaging of the brain,Global,single study,yes,yes,yes,Mild Cognitive Impairment;Dementia;Alzheimers Disease
23874403,Diffusion tensor tractography versus volumetric imaging in the diagnosis of behavioral variant frontotemporal dementia,Cingulum Bundle,single study,yes,yes,yes,Behavioral Variant Frontotemporal Dementia
31133818,Longitudinal Changes in Diffusion Tensor Imaging Following Mild Traumatic Brain Injury and Correlation With Outcome,Left Posterior Thalamic Radiation;Right Inferior Fronto-Occipital Fasciculus;Splenium of Corpus Callosum;Body of Corpus Callosum;Forceps Major;Left Anterior Limb of Internal Capsule;Right Anterior Corona Radiata,single study,yes,yes,no,
33651272,An elaborative NMR based plasma metabolomics study revealed metabolic derangements in patients with mild cognitive impairment: a study on north Indian population,Fornix;Forceps Major;Corpus Callosum,single study,yes,yes,no,Mild Cognitive Impairment
33855944,PET/MRI Delivers Multimodal Brain Signature in Alzheimer's Disease with De novo PSEN1 Mutation,,,no,no,no,
31594223,Multicenter Tract-Based Analysis of Microstructural Lesions within the Alzheimer's Disease Spectrum: Association with Amyloid Pathology and Diagnostic Usefulness,Fornix;Cingulum Bundle;Retrolenticular part of Internal Capsule;Anterior Thalamic Radiation;Internal Capsule;Uncinate Fasciculus;External Capsule;Corpus Callosum,single study,yes,yes,yes,Mild Cognitive Impairment;Dementia;Alzheimers Disease
24111239,Identification of brain white matter regions for diagnosis of Alzheimer using Diffusion Tensor Imaging,Fornix;Cingulum Bundle;Cerebral Peduncle;Body of Corpus Callosum;Genu of Corpus Callosum;Anterior Corona Radiata,,no,no,no,
24986110,Analysis of sub-anatomic diffusion tensor imaging indices in white matter regions of Alzheimer with MMSE score,Splenium of Corpus Callosum;Fornix;Genu of Corpus Callosum,single study,yes,yes,yes,Alzheimers Disease
40098158,Perivascular space and white matter hyperintensities in Alzheimer's disease: associations with disease progression and cognitive function,,single study,yes,yes,yes,Mild Cognitive Impairment;Alzheimers Disease
17413027,Diffusion tensor imaging of normal appearing white matter and its correlation with cognitive functioning in mild cognitive impairment and Alzheimer's disease,,single study,yes,yes,yes,Mild Cognitive Impairment;Alzheimers Disease
31778276,Microstructural abnormalities of substantia nigra in Parkinson's disease: A neuromelanin sensitive MRI atlas based study,,single study,yes,yes,no,Parkinson Disease
31227891,"Structural integrity in subjective cognitive decline, mild cognitive impairment and Alzheimer's disease based on multicenter diffusion tensor imaging",Corpus Callosum (body);Cingulum Bundle;Sagittal Stratum;Superior Longitudinal Fasciculus;Anterior Thalamic Radiation;Corpus Callosum (splenium);Corpus Callosum (genu);Inferior Fronto-Occipital Fasciculus;Superior Corona Radiata;Posterior Thalamic Radiation;Anterior Corona Radiata,single study,yes,yes,yes,Mild Cognitive Impairment;Dementia;Alzheimers Disease
32808747,Small vessel disease more than Alzheimer's disease determines diffusion MRI alterations in memory clinic patients,,single study,yes,yes,yes,Mild Cognitive Impairment;Cerebral Small Vessel Disease;Alzheimers Disease;Cerebral Amyloid Angiopathy;Autosomal Dominant Alzheimer'S Disease;Dementia
19100839,Decreased white matter integrity in late-myelinating fiber pathways in Alzheimer's disease supports retrogenesis,Fornix;Stria Terminalis;Cerebral Peduncles;Superior Longitudinal Fasciculus;Uncinate Fasciculus;Corpus Callosum (splenium);Corona Radiata;Internal Capsule (posterior limb);Inferior Longitudinal Fasciculus;Forceps Major;Cingulum,single study,yes,yes,yes,Alzheimers Disease
23876242,"Relationship between excitability, plasticity and thickness of the motor cortex in older adults",Pyramidal Tract (left);Pyramidal Tract (right),single study,yes,yes,no,
29923666,Regional structural hypo- and hyperconnectivity of frontal-striatal and frontal-thalamic pathways in behavioral variant frontotemporal dementia,Muratoff bundle;External capsule;Frontal-striatal pathways;Anterior thalamic radiation;Frontal-thalamic pathways,single study,yes,yes,yes,Behavioral Variant Frontotemporal Dementia
22384251,Using support vector machines with multiple indices of diffusion for automated classification of mild cognitive impairment,Fronto-occipital fasciculus;Forceps Major;Splenium;Global,single study,yes,yes,yes,Mild Cognitive Impairment
17200485,Diffusion tensor imaging of cingulum fibers in mild cognitive impairment and Alzheimer disease,Cingulum Bundle (parahippocampal portion);Cingulum Bundle (posterior cingulate portion);Corpus Callosum (splenium);Posterior Limb of Internal Capsule;Corpus Callosum (genu),single study,yes,yes,yes,Mild Cognitive Impairment;Alzheimers Disease
23613774,Mechanisms of cognitive impairment in cerebral small vessel disease: multimodal MRI results from the St George's cognition and neuroimaging in stroke (SCANS) study,,single study,yes,yes,no,Cerebral Small Vessel Disease
21841260,"Multimodal imaging in diagnosis of Alzheimer's disease and amnestic mild cognitive impairment: value of magnetic resonance spectroscopy, perfusion, and diffusion tensor imaging of the posterior cingulate region",Posterior Cingulum Bundle,single study,yes,yes,yes,Mild Cognitive Impairment;Dementia;Alzheimers Disease
21168157,Comparison of diffusion tensor imaging and voxel-based morphometry to detect white matter damage in Alzheimer's disease,(Posterior) Cingulum Bundle;Corpus Callosum,single study,yes,yes,yes,Alzheimers Disease
24121958,"Relationship among diffusion tensor imaging, EEG activity, and cognitive status in mild cognitive impairment and Alzheimer's disease patients",Right Occipital White Matter;Left Temporal White Matter;Corpus Callosum (anterior/genu);Corpus Callosum (posterior/splenium);Right Frontal White Matter;Left Occipital White Matter;Left Frontal White Matter;Corpus Callosum (body/trunk);Right Temporal White Matter,single study,yes,yes,yes,Mild Cognitive Impairment;Alzheimers Disease
33661150,Diffuse Tract Damage Correlates With Global Cognitive Impairment in Cerebral Autosomal Dominant Arteriopathy With Subcortical Infarcts and Leukoencephalopathy: A Tract-Based Spatial Statistics Study,,single study,yes,yes,yes,Alzheimers Disease
15178944,MRI with diffusion tensor imaging post-mortem at 3.0 T in a patient with frontotemporal dementia,U-fibres,single study,yes,yes,yes,Frontotemporal Dementia
23787190,"Diffusion tensor imaging measures of normal appearing white matter in patients who are aging, or have amnestic mild cognitive impairment, or Alzheimer's disease",Anterior Limb of the Internal Capsule;Posterior Limb of the Internal Capsule;Splenium of the Corpus Callosum,single study,yes,yes,yes,Mild Cognitive Impairment;Alzheimers Disease
26988810,A Diffusion Tensor Imaging Study on White Matter Abnormalities in Patients with Type 2 Diabetes Using Tract-Based Spatial Statistics,Anterior Limb of the Internal Capsule;Cingulum (hippocampus);Corticospinal Tract;Cerebral Peduncle;Internal Capsule;Sagittal Striatum;Retrolenticular Part of the Internal Capsule;External Capsule;Superior Corona Radiata;Posterior Thalamic Radiation;Anterior Corona Radiata,single study,yes,yes,no,Mild Cognitive Impairment
28764771,Sensitivity of restriction spectrum imaging to memory and neuropathology in Alzheimer's disease,Fornix;Parahippocampal Cingulum;Uncinate Fasciculus;Inferior Longitudinal Fasciculus;Inferior Fronto-Occipital Fasciculus;Arcuate Fasciculus,single study,yes,yes,yes,Mild Cognitive Impairment;Dementia;Alzheimers Disease
28754095,Comparison of neuropsychiatric symptoms and diffusion tensor imaging correlates among patients with subcortical ischemic vascular disease and Alzheimer's disease,Forceps Minor;Splenium of Corpus Callosum;Superior Longitudinal Fasciculus;Anterior Thalamic Radiation;Uncinate Fasciculus;Body of Corpus Callosum;Genu of Corpus Callosum;Inferior Longitudinal Fasciculus;Forceps Major;Corpus Callosum,single study,yes,yes,yes,Cerebral Small Vessel Disease;Alzheimers Disease
33393804,Neural correlates of daily function: A pilot study of the white matter retrogenesis hypothesis and three separate performance-based functional assessments,Inferior Cerebellar Peduncle;Corpus Callosum - Splenium;Fornix;Anterior Limb of Internal Capsule;Uncinate Fasciculus;Corpus Callosum - Genu;Retrolenticular Part of Internal Capsule;Superior Cerebellar Peduncle;Corpus Callosum - Body;Superior Fronto-Occipital Fasciculus,single study,yes,yes,no,Mild Cognitive Impairment
33314416,Altered Regional Brain Homogeneity of BOLD Signal in CADASIL: A Resting State fMRI Study,Global,single study,yes,yes,no,Cerebral Small Vessel Disease
30461106,Diffusion Tensor Imaging of the Superior Thalamic Radiation and Cerebrospinal Fluid Distribution in Idiopathic normal Pressure Hydrocephalus,Dentato-rubro-thalamic Tract;Corticospinal Tract;Superior Thalamic Radiation,single study,yes,yes,yes,Idiopathic Normal Pressure Hydrocephalus;Alzheimers Disease
24990445,A study of structural and functional connectivity in early Alzheimer's disease using rest fMRI and diffusion tensor imaging,,single study,yes,yes,yes,Alzheimers Disease
19913331,Diffusion tensor imaging and tract-based spatial statistics in Alzheimer's disease and mild cognitive impairment,Fornix;Parahippocampal Tract;Superior Longitudinal Fasciculus;Uncinate Fasciculus;Inferior Longitudinal Fasciculus;Corpus Callosum;Cingulum,single study,yes,yes,yes,Mild Cognitive Impairment;Alzheimers Disease
24251793,Use of diffusion tensor imaging for evaluating changes in the microstructural integrity of white matter over 3 years in patients with amnesic-type mild cognitive impairment converting to Alzheimer's disease,Cingulum Bundle;Splenium of Corpus Callosum;Genu of Corpus Callosum;Superior Longitudinal Fasciculus II;Inferior Fronto-Occipital Fasciculus,single study,yes,yes,yes,Mild Cognitive Impairment;Dementia;Alzheimers Disease
27861154,Presence of lacunar infarctions is associated with the spatial navigation impairment in patients with mild cognitive impairment: a DTI study,Anterior Thalamic Radiation;Uncinate Fasciculus;Internal Capsule;Retrolenticular Part of Internal Capsule;Posterior Limb of Internal Capsule;Inferior Fronto-Occipital Fasciculus;Corticospinal Tract,single study,yes,yes,no,Mild Cognitive Impairment
25444597,Diffusion weighted imaging-based maximum density path analysis and classification of Alzheimer's disease,Uncinate Fasciculus;Inferior Longitudinal Fasciculus;Cingulum Bundle;Corpus Callosum,single study,yes,yes,yes,Mild Cognitive Impairment;Alzheimers Disease
23063453,APOE e4 polymorphism in young adults is associated with improved attention and indexed by distinct neural signatures,Global,single study,yes,yes,no,
29758374,Age and Alzheimer's pathology disrupt default mode network functioning via alterations in white matter microstructure but not hyperintensities,Fornix;Cingulum Bundle;Superior Longitudinal Fasciculus;Corpus Callosum (Splenium);Corpus Callosum (Genu);Inferior Longitudinal Fasciculus;Inferior Fronto-Occipital Fasciculus,single study,yes,yes,no,Alzheimers Disease
39265269,Comparing the imaging characteristics of middle-aged patients with multiple sclerosis and CADASIL: A retrospective cross-sectional study,Corpus Callosum (body);Corpus Callosum (splenium);External Capsule;Corpus Callosum (genu),single study,yes,yes,no,Cerebral Small Vessel Disease
30507747,Classification of amyloid PET images using novel features for early diagnosis of Alzheimer's disease and mild cognitive impairment conversion,Global,single study,no,yes,yes,Mild Cognitive Impairment;Alzheimers Disease
20881397,Diffusion tensor imaging changes correlate with cognition better than conventional MRI findings in patients with subcortical ischemic vascular disease,Global,single study,yes,yes,yes,Vascular Dementia;Small Vessel Ischemic Disease;Vascular Cognitive Impairment and Dementia;Cerebral Small Vessel Disease
16754694,Diffusion indices on magnetic resonance imaging and neuropsychological performance in amnestic mild cognitive impairment,Parahippocampal subgyral white matter;Pyramidal tracts;Parahippocampal white matter,single study,yes,yes,no,Mild Cognitive Impairment
23245561,"Longitudinal, region-specific course of diffusion tensor imaging measures in mild cognitive impairment and Alzheimer's disease",Fornix;Cingulum Bundle;Cerebral Peduncles;Corpus Callosum (Splenium),single study,yes,yes,yes,Mild Cognitive Impairment;Alzheimers Disease
24577476,Fractional anisotropy changes in Alzheimer's disease depend on the underlying fiber tract architecture: a multiparametric DTI study using joint independent component analysis,Cingulum Bundle;Inferior Fronto-Occipital Fasciculus;Superior Longitudinal Fasciculus;Anterior Thalamic Radiation;Internal Capsule;Inferior Longitudinal Fasciculus;Corpus Callosum;Corticospinal Tract,single study,yes,yes,yes,Mild Cognitive Impairment;Alzheimers Disease
24445093,Quantitative measurement to evaluate morphological changes of the corpus callosum in patients with subcortical ischemic vascular dementia,Corpus Callosum,single study,yes,yes,yes,Vascular Dementia;Small Vessel Ischemic Disease
38297073,Joint diffusional kurtosis magnetic resonance imaging analysis of white matter and the thalamus to identify subcortical ischemic vascular disease,Corpus Callosum (body);Superior Longitudinal Fasciculus;Anterior corona radiata;Superior corona radiata;External capsule;Corpus Callosum (genu);Cingulum (cingulate gyrus part);Anterior limb of the internal capsule,single study,yes,yes,yes,Alzheimers Disease
39107406,Microstructural brain assessment in late-life depression and apathy using diffusion MRI multi-compartments models and tractometry,Superior Longitudinal Fasciculus I;Cingulum Bundle;Anterior Thalamic Radiation;Uncinate Fasciculus;Striato-premotor fasciculus;Corpus Callosum;Superior Longitudinal Fasciculus III;Corticospinal Tract;Arcuate Fasciculus,single study,no,yes,no,
12955221,[Assessment of axonal degeneration on Alzheimer's disease with diffusion tensor MRI],Genu of Corpus Callosum;Corpus Callosum,single study,yes,yes,yes,Cerebral Small Vessel Disease;Alzheimers Disease
26505297,Application of neurite orientation dispersion and density imaging (noDDI) to a tau pathology model of Alzheimer's disease,,single study,yes,no,yes,Alzheimers Disease
23224456,Diffusion tensor imaging of neuropsychiatric symptoms in mild cognitive impairment and Alzheimer's dementia,(Anterior) Cingulum Bundle;Fornix,single study,yes,yes,yes,Mild Cognitive Impairment;Alzheimers Disease
24237038,The association between biomarkers in cerebrospinal fluid and structural changes in the brain in patients with Alzheimer's disease,,single study,yes,yes,yes,Mild Cognitive Impairment;Alzheimers Disease
36087430,Why can spontaneous intracranial hypotension cause behavioral changes? A case report and multimodality neuroimaging comparison with frontotemporal dementia,Corpus Callosum (body);Inferior Fronto-Occipital Fasciculus;Uncinate Fasciculus;Superior Longitudinal Fasciculus,single study,yes,yes,yes,Behavioral Variant Frontotemporal Dementia
21340578,"DTI studies in patients with Alzheimer's disease, mild cognitive impairment, or normal cognition with evaluation of the intrinsic background gradients",,single study,yes,yes,yes,Mild Cognitive Impairment;Dementia;Alzheimers Disease
25354135,Structural Connectivity Changes Underlying Altered Working Memory Networks in Mild Cognitive Impairment: A Three-Way Image Fusion Analysis,Forceps Minor;Inferior Fronto-Occipital Fasciculus;Superior Longitudinal Fasciculus;Anterior Thalamic Radiation;Uncinate Fasciculus;Inferior Longitudinal Fasciculus;Forceps Major;Corpus Callosum;Cingulum;Corticospinal Tract,single study,yes,yes,yes,Mild Cognitive Impairment;Dementia;Alzheimers Disease
15171548,[Relationship between the data from MR-diffusion tensor imaging and the clinical cognitive evaluation in Alzheimer's disease],,single study,yes,yes,yes,Alzheimers Disease
31352218,Dopamine D2/D3 receptor abnormalities after traumatic brain injury and their relationship to post-traumatic depression,Anterior thalamic projection;Nigro-caudate;Uncinate Fasciculus;Nigro-accumbens;Nigrostriatal tract;Cingulum;Nigro-putamen,single study,yes,yes,no,
25076830,Mapping of ApoE4 Related White Matter Damage using Diffusion MRI,Fornix;Corpus Callosum,single study,yes,yes,yes,Alzheimers Disease
20404309,Gray and white matter water diffusion in the syndromic variants of frontotemporal dementia,Cingulum Bundle;Superior Longitudinal Fasciculus;Uncinate Fasciculus;Inferior Longitudinal Fasciculus;Corpus Callosum;Corticospinal Tract,single study,yes,yes,yes,Semantic Variant Of Primary Progressive Aphasia;Frontotemporal Dementia;Dementia;Primary Progressive Aphasia;Behavioral Variant Frontotemporal Dementia
24636489,Lack of association of the rs1344706 ZNF804A variant with cognitive functions and DTI indices of white matter microstructure in two independent healthy populations,,single study,yes,yes,no,
34636637,Diffusion Tensor MRI Structural Connectivity and PET Amyloid Burden in Preclinical Autosomal Dominant Alzheimer Disease: The DIAN Cohort,,single study,yes,yes,yes,Autosomal Dominant Alzheimer'S Disease
33530016,Comparison of regional brain deficit patterns in common psychiatric and neurological disorders as revealed by big data,,single study,yes,yes,yes,Dementia;Parkinson Disease;Alzheimers Disease
33108404,Plasma neurofilament light protein correlates with diffusion tensor imaging metrics in frontotemporal dementia,Inferior (Hippocampal) Cingulum Bundle;Superior Longitudinal Fasciculus;Anterior Thalamic Radiation;Cerebral Peduncle;Uncinate Fasciculus;Dorsal Cingulum Bundle;Corpus Callosum;Inferior Fronto-Occipital Fasciculus;Fronto-Occipital Fasciculus;Corticospinal Tract,single study,yes,yes,yes,Behavioral Variant Frontotemporal Dementia
22430530,Multiple diffusivities define white matter degeneration in amnestic mild cognitive impairment and Alzheimer's disease,Corpus Callosum (anterior midbody);Superior Longitudinal Fasciculus;Anterior Thalamic Radiation;Uncinate Fasciculus;Forceps minor;Corpus Callosum;Corpus Callosum (splenium);Inferior Longitudinal Fasciculus;Posterior Cingulum Bundle;Corpus Callosum (genu);Inferior Fronto-Occipital Fasciculus;Superior Fronto-Occipital Fasciculus;Anterior Cingulum Bundle,single study,yes,yes,yes,Mild Cognitive Impairment;Dementia;Alzheimers Disease
23701948,APOE-related biomarker profiles in non-pathological aging and early phases of Alzheimer's disease,,review,no,no,no,Mild Cognitive Impairment;Cerebral Amyloid Angiopathy;Dementia;Alzheimers Disease
21803153,White matter integrity and vulnerability to Alzheimer's disease: preliminary findings and future directions,,review,yes,yes,yes,Mild Cognitive Impairment;Dementia;Alzheimers Disease
22617636,Discovering Alzheimer's disease and bipolar disorder white matter effects building computer aided diagnostic systems on brain diffusion tensor imaging features,Cingulum - Hippocampus Gyrus;Forceps Minor;Superior Longitudinal Fasciculus;Anterior Thalamic Radiation;Corticospinal Tract;Uncinate Fasciculus;Inferior Longitudinal Fasciculus;Forceps Major;Corpus Callosum;Cingulum - Cingulate Gyrus,single study,yes,yes,yes,Alzheimers Disease
20339558,Surface-based analysis on shape and fractional anisotropy of white matter tracts in Alzheimer's disease,Fornix;Cingulum Bundle;Inferior Fronto-Occipital Fasciculus;Sagittal Stratum;Superior Longitudinal Fasciculus;Inferior Longitudinal Fasciculus;External Capsule;Corpus Callosum;Posterior Thalamic Radiation;Anterior Corona Radiata,single study,yes,yes,yes,Alzheimers Disease
23149037,Structural and functional cortical disconnection in Alzheimer's disease: a combined study using diffusion tensor imaging and transcranial magnetic stimulation,Fornix;Cingulum Bundle;Superior Longitudinal Fasciculus;Anterior Thalamic Radiation;Corpus Callosum;Inferior Fronto-Occipital Fasciculus;Corticospinal Tract,single study,yes,yes,yes,Alzheimers Disease
23644540,In vivo quantitative whole-brain diffusion tensor imaging analysis of APP/PS1 transgenic mice using voxel-based and atlas-based methods,,single study,yes,no,yes,Alzheimers Disease
28487471,Using DTI to assess white matter microstructure in cerebral small vessel disease (SVD) in multicentre studies,Global,single study,yes,yes,no,Small Vessel Ischemic Disease;Cerebral Small Vessel Disease
21674695,Disruption of limbic white matter pathways in mild cognitive impairment and Alzheimer's disease: a DTI/FDG-PET study,Fornix;Parietal Projection Fibers (Cingulum Bundle);Descending Cingulum (Cingulum Bundle);Superior Cingulum (Cingulum Bundle);Posterior Limb of the Internal Capsule,single study,yes,yes,yes,Mild Cognitive Impairment;Alzheimers Disease
23370057,An unbiased longitudinal analysis framework for tracking white matter changes using diffusion tensor imaging with application to Alzheimer's disease,Corpus Callosum (body);Fornix;Corpus Callosum (splenium);Cingulum Bundle (right);Corpus Callosum (genu);Cingulum Bundle (left),single study,yes,yes,yes,Alzheimers Disease
20724035,A complementary diffusion tensor imaging (DTI)-histological study in a model of Huntington's disease,,single study,yes,no,no,
25537012,Diffusion tensor imaging reveals visual pathway damage in patients with mild cognitive impairment and Alzheimer's disease,Optic Nerve;Optic Tract;Splenium of the Corpus Callosum,single study,yes,yes,yes,Mild Cognitive Impairment;Alzheimers Disease
25016128,Structural and microstructural brain changes predict impairment in daily functioning,,single study,yes,yes,no,
24480090,White matter connectivity reflects clinical and cognitive status in Huntington's disease,Fronto-Parietal tract;Putamen-Primary Motor tract;Caudate-Paracentral tract;Putamen-Prefrontal tract;Corpus Callosum,single study,yes,yes,no,
22569999,A diffusion tensor imaging and neuropsychological study of prospective memory impairment in South African HIV positive individuals,Genu of the Corpus Callosum;Sagittal Stratum;Superior Longitudinal Fasciculus;Corpus Callosum;Superior Corona Radiata;Cingulum,single study,yes,yes,no,
16552012,Diffusion alterations in corpus callosum of patients with HIV,Corpus Callosum (splenium);Corpus Callosum (genu),single study,yes,yes,yes,Dementia
24080382,In vivo quantification of white matter microstructure for use in aging: a focus on two emerging techniques,,review,no,no,no,Dementia
22078796,Multicenter stability of diffusion tensor imaging measures: a European clinical and physical phantom study,Sagittal Stratum (right);Corpus Callosum (body);Fornix;Posterior Thalamic Radiation (right);Superior Longitudinal Fasciculus (right);Uncinate Fasciculus (right);Corpus Callosum (splenium);Cingulum Bundle (right);Uncinate Fasciculus (left);Sagittal Stratum (left);Corpus Callosum (genu);Superior Longitudinal Fasciculus (left);Cingulum Bundle (left);Posterior Thalamic Radiation (left),single study,yes,yes,yes,Alzheimers Disease
36601694,Whole-brain DTI parameters associated with tau protein and hippocampal volume in Alzheimer's disease,Fornix;Cingulum Bundle;Inferior Fronto-Occipital Fasciculus;Thalamic Radiation;Hippocampal Cingulum;Sagittal Stratum;Superior Longitudinal Fasciculus;Corona Radiata;Corpus Callosum;Posterior Thalamic Radiation;Superior Fronto-Occipital Fasciculus,single study,yes,yes,yes,Mild Cognitive Impairment;Alzheimers Disease
20808130,Specific anatomic associations between white matter integrity and cognitive reserve in normal and cognitively impaired elders,Genu of the Corpus Callosum;Cingulum Bundle;Splenium of the Corpus Callosum;Superior Longitudinal Fasciculus;Uncinate Fasciculus;Internal Capsule;Inferior Longitudinal Fasciculus;Body of the Corpus Callosum;Inferior Fronto-Occipital Fasciculus,single study,yes,yes,yes,Mild Cognitive Impairment;Dementia;Alzheimers Disease
22256149,Comparison between skeleton-based and atlas-based approach in the assessment of corpus callosum damages in Mild Cognitive Impairment and Alzheimer Disease,Corpus Callosum,single study,yes,yes,yes,Mild Cognitive Impairment;Alzheimers Disease
22383234,White matter alterations in cognitively normal apoE ε2 carriers: insight into Alzheimer resistance?,Anterior Limb of the Internal Capsule;Parahippocampal White Matter;Anterior Thalamic Radiation;Superior Longitudinal Fasciculus;Posterior Cingulum Bundle;Corpus Callosum;Corticopontine Tract;Anterior Cingulum Bundle,single study,yes,yes,yes,Alzheimers Disease
32671535,Accelerated epigenetic aging in adolescents from low-income households is associated with altered development of brain structures,Fornix;Longitudinal Fasciculus;Internal Capsule;Fronto-Occipital Fasciculus;Superior Fronto-Occipital Fasciculus,single study,yes,yes,no,
28017479,Diffusion characteristics of the fornix in patients with Alzheimer's disease,Fornix,single study,yes,yes,yes,Mild Cognitive Impairment;Alzheimers Disease
19546655,Diffusion tensor imaging of the posterior cingulate is a useful biomarker of mild cognitive impairment,Superior Longitudinal Fasciculus;Splenium of Corpus Callosum;Posterior Cingulate White Matter;Internal Capsule;Genu of Corpus Callosum;Parahippocampal Subgyrus White Matter;Anterior Cingulate White Matter,single study,yes,yes,yes,Mild Cognitive Impairment
20947245,A primary study of diffusion tensor imaging-based histogram analysis in vascular cognitive impairment with no dementia,Global;Corpus Callosum,single study,yes,yes,no,Small Vessel Ischemic Disease;Vascular Cognitive Impairment and Dementia;Cerebral Small Vessel Disease
24067771,White matter characteristics of idiopathic normal pressure hydrocephalus: a diffusion tensor tract-based spatial statistic study,Posterior Limb of the Internal Capsule;Cerebral Peduncle;Corpus Callosum,single study,yes,yes,no,Idiopathic Normal Pressure Hydrocephalus
23344962,Full diffusion characterization implicates regionally disparate neuropathology in mild cognitive impairment,Fornix;Temporal Stem;Middle Cerebellar Peduncle;Crus Cerebri;Posterior Limb of Internal Capsule;Corpus Callosum (splenium / posterior corpus callosum),single study,yes,yes,no,Mild Cognitive Impairment
25756991,The semantic variant of primary progressive aphasia: clinical and neuroimaging evidence in single subjects,Inferior Longitudinal Fasciculus;Uncinate Fasciculus,single study,yes,yes,yes,Semantic Variant Of Primary Progressive Aphasia
25346330,Neurobiological correlates of depressive symptoms in people with subjective and mild cognitive impairment,,single study,yes,yes,no,Mild Cognitive Impairment;Prodromal Alzheimers Disease
23300797,Different patterns of white matter degeneration using multiple diffusion indices and volumetric data in mild cognitive impairment and Alzheimer patients,Forceps Minor;Anterior Limb of Internal Capsule;Inferior Fronto-Occipital Fasciculus;Cingulum (cingulate gyrus);Cingulum (hippocampus);Anterior Thalamic Radiation;Corticospinal Tract;Hippocampal Cingulum;Superior Longitudinal Fasciculus;Uncinate Fasciculus;Inferior Longitudinal Fasciculus;Forceps Major;External Capsule;Corpus Callosum;Superior Corona Radiata;Superior Longitudinal Fasciculus (temporal part);Anterior Corona Radiata,single study,yes,yes,yes,Mild Cognitive Impairment;Alzheimers Disease
38626373,"Perivascular Spaces, Diffusivity Along Perivascular Spaces, and Free Water in Cerebral Small Vessel Disease",Global,single study,yes,yes,no,Cerebral Small Vessel Disease
18455835,White matter pathology isolates the hippocampal formation in Alzheimer's disease,Temporal Stem;Cingulum Bundle;Amygdala-parahippocampal fibers;Parahippocampal White Matter;Pyramidal White Matter;Internal Capsule;Parahippocampal/Cingulum fibers;Perforant Pathway;Corpus Callosum,single study,yes,yes,yes,Alzheimers Disease
37503159,Magnetic resonance imaging of white matter response to diesel exhaust particles,,single study,yes,no,no,
23762308,"Associations between white matter hyperintensities and β amyloid on integrity of projection, association, and limbic fiber tracts measured with diffusion tensor MRI",Cingulum Gyrus;Fornix;Genu of the Corpus Callosum;Splenium of the Corpus Callosum;Parahippocampal White Matter;Superior Longitudinal Fasciculus;Corona Radiata;Internal Capsule;Corpus Callosum;Body of the Corpus Callosum;Inferior Fronto-Occipital Fasciculus;Superior Fronto-Occipital Fasciculus,single study,yes,yes,yes,Mild Cognitive Impairment
21904533,Multi-modal MRI analysis with disease-specific spatial filtering: initial testing to predict mild cognitive impairment patients who convert to Alzheimer's disease,Fornix;Forceps Minor;Genu of the Corpus Callosum;Splenium of the Corpus Callosum;Cingulum Bundle (hippocampal part);Olfactory Radiation;Forceps Major,single study,yes,yes,yes,Mild Cognitive Impairment;Dementia;Alzheimers Disease
23960182,"Accelerated aging, decreased white matter integrity, and associated neuropsychological dysfunction 25 years after pediatric lymphoid malignancies",Forceps Minor;Inferior Fronto-Occipital Fasciculus;Anterior Limb of Internal Capsule;Thalamic Radiation;Splenium of Corpus Callosum;Superior Longitudinal Fasciculus;Cingulum (parietal);Uncinate Fasciculus;Corona Radiata;Body of Corpus Callosum;Genu of Corpus Callosum;Cingulum (frontal);Anterior Body of Corpus Callosum;Inferior Longitudinal Fasciculus;Forceps Major;Posterior Limb of Internal Capsule;Corpus Callosum,single study,yes,yes,no,
32607611,Connectome mapping with edge density imaging differentiates pediatric mild traumatic brain injury from typically developing controls: proof of concept,Sagittal Stratum;Tapetum;Splenium of the Corpus Callosum,single study,yes,yes,no,
24052798,Imaging findings associated with cognitive performance in primary lateral sclerosis and amyotrophic lateral sclerosis,Cingulum Bundle (Cingulate);Fornix;Superior Longitudinal Fasciculus;Uncinate Fasciculus;Corpus Callosum (Splenium);Corpus Callosum (Genu);Corpus Callosum (Body);Cingulum Bundle (Hippocampal);Inferior Fronto-Occipital Fasciculus;Posterior Thalamic Radiation;Superior Fronto-Occipital Fasciculus,single study,yes,yes,no,
21818628,"Longitudinal changes of fractional anisotropy in Alzheimer's disease patients treated with galantamine: a 12-month randomized, placebo-controlled, double-blinded study",Corpus Callosum - Splenium;Corpus Callosum - Posterior Body;Corpus Callosum - Genu;(Posterior) Cingulum Bundle;Corpus Callosum - Anterior Body,single study,yes,yes,yes,Alzheimers Disease
38784911,Diffusion imaging markers of accelerated aging of the lower cingulum in subjective cognitive decline,Lower Cingulum Bundle,single study,yes,yes,no,Alzheimers Disease
38018509,Neuroimaging Characteristics of Hearing Loss in the Mayo Clinic Study of Aging,Genu of the Corpus Callosum;Splenium of the Corpus Callosum;Body of the Corpus Callosum;Corpus Callosum,single study,yes,yes,no,Mild Cognitive Impairment
36710073,Regional Vulnerability of the Corpus Callosum in the Context of Cardiovascular Risk,Genu of the Corpus Callosum;Splenium of the Corpus Callosum,single study,yes,yes,no,
23625776,Diffusion tensor imaging (DTI) in the detection of white matter lesions in patients with mild cognitive impairment (MCI),Superior Longitudinal Fasciculus;Corpus Callosum (Splenium);Corpus Callosum (Genu);Posterior Cingulum Bundle;Anterior Cingulum Bundle,single study,yes,yes,no,Mild Cognitive Impairment
37469125,MRI biomarkers for memory-related impairment in amyotrophic lateral sclerosis: a systematic review,,review,no,yes,no,
31803008,"Amyloid Load, Hippocampal Volume Loss, and Diffusion Tensor Imaging Changes in Early Phases of Brain Aging",,single study,yes,yes,no,
30827922,Single-subject classification of presymptomatic frontotemporal dementia mutation carriers using multimodal MRI,,single study,yes,yes,yes,Frontotemporal Dementia;Behavioral Variant Frontotemporal Dementia
22362286,Diffusion tensor imaging of idiopathic normal pressure hydrocephalus: a voxel-based fractional anisotropy study,Forceps Minor;Corticospinal Tract,single study,yes,yes,no,Idiopathic Normal Pressure Hydrocephalus
22438841,Episodic memory function is associated with multiple measures of white matter integrity in cognitive aging,Ventral Cingulum Bundle;Short Association Fibers (Inferior Occipital Gyrus - Middle Occipital Gyrus);Short Association Fibers (Cuneus - Superior Occipital Gyrus);Superior Longitudinal Fasciculus;Uncinate Fasciculus;Thalamocortical Projections (Thalamus - Superior Frontal Gyrus);Dorsal Cingulum Bundle;Inferior Longitudinal Fasciculus;Thalamocortical Projections (Thalamus - Middle Frontal Gyrus);Corticospinal Tract,single study,yes,yes,no,
29922120,Specific Patterns of White Matter Alterations Help Distinguishing Alzheimer's and Vascular Dementia,Parahippocampal Tract;Cingulum Bundle;Splenium of Corpus Callosum;Anterior Thalamic Radiation;Superior Longitudinal Fasciculus;Thalamic Radiations;Genu of Corpus Callosum;Corpus Callosum;Anterior Parahippocampal Tract;Corticospinal Tract;Anterior Cingulum Bundle,single study,yes,yes,yes,Vascular Dementia;Alzheimers Disease
29356183,Whole brain white matter histogram analysis of diffusion tensor imaging data detects microstructural damage in mild cognitive impairment and alzheimer's disease patients,Global,single study,yes,yes,yes,Mild Cognitive Impairment;Alzheimers Disease
37954101,Markov model combined with MR diffusion tensor imaging for predicting the onset of Alzheimer's disease,Right Uncinate Fasciculus;Right Cingulum Bundle (hippocampal);Left Cingulum Bundle (cingulate);Left Cingulum Bundle (hippocampal);Right Cingulum Bundle (cingulate),single study,yes,yes,yes,Mild Cognitive Impairment;Alzheimers Disease
26578952,Structural Connectivity is Differently Altered in Dementia with Lewy Body and Alzheimer's Disease,Cingulum - Angular (infracallosal) bundle;Cingulum - Cingulate Gyrus (supracallosal) bundle;Superior Longitudinal Fasciculus - Temporal bundle;Anterior Thalamic Radiation;Uncinate Fasciculus;Corpus Callosum - Forceps Minor;Superior Longitudinal Fasciculus - Parietal bundle;Inferior Longitudinal Fasciculus;Corpus Callosum - Forceps Major;Corticospinal Tract,single study,yes,yes,yes,Lewy Body Dementia;Alzheimers Disease
36703699,"Fornix degeneration in risk factors of Alzheimer's disease, possible trigger of cognitive decline",Fornix,,no,no,yes,Alzheimers Disease
22452849,Changes in mild cognitive impairment and its subtypes as seen on diffusion tensor imaging,Anterior Limb of the Internal Capsule;Genu of the Corpus Callosum;Splenium of the Corpus Callosum;Superior Longitudinal Fasciculus;Corona Radiata;Posterior Limb of the Internal Capsule,single study,yes,yes,no,Mild Cognitive Impairment
20847435,Individual prediction of cognitive decline in mild cognitive impairment using support vector machine-based analysis of diffusion tensor imaging data,Parahippocampal White Matter;Middle Cerebellar Peduncle;Uncinate Fasciculus;Internal Capsule;Cerebellar White Matter;Inferior Longitudinal Fasciculus;Superior Cerebellar Peduncle;External Capsule;Corpus Callosum;Cingulum,single study,yes,yes,no,Mild Cognitive Impairment
36324717,"Zooming in on cerebral small vessel function in small vessel diseases with 7T MRI: Rationale and design of the ""ZOOM@SVDs"" study",,single study,no,yes,no,Cerebral Small Vessel Disease
27084223,Diffusion tensor imaging of idiopathic normal-pressure hydrocephalus and the cerebrospinal fluid tap test,Forceps Minor;Superior Longitudinal Fasciculus;Anterior Thalamic Radiation;Corticospinal Tract;Uncinate Fasciculus;Cingulum - Hippocampus;Inferior Longitudinal Fasciculus;Superior Longitudinal Fasciculus (temporal component);Forceps Major;Inferior Fronto-Occipital Fasciculus;Cingulum - Cingulate Gyrus,single study,yes,yes,no,Idiopathic Normal Pressure Hydrocephalus
22438182,Interindividual variation in serum cholesterol is associated with regional white matter tissue integrity in older adults,Fornix;Anterior Limb of Internal Capsule;Superior Longitudinal Fasciculus;Middle Cerebellar Peduncle;Cerebral Peduncle;Corticospinal Tract;Retrolenticular Part of Internal Capsule;External Capsule;Posterior Limb of Internal Capsule;Corpus Callosum;Superior Corona Radiata;Posterior Thalamic Radiation;Anterior Corona Radiata,single study,yes,yes,no,
39846567,Distinguishing Early from Late Mild Cognitive Impairment Using Magnetic Resonance Free-Water Diffusion Tensor Imaging,Fornix;Genu of the Corpus Callosum;Sagittal Stratum;Anterior Thalamic Radiation;Retrolenticular Part of the Internal Capsule;Inferior Fronto-Occipital Fasciculus;Superior Longitudinal Fasciculus;Inferior Longitudinal Fasciculus;Forceps Major;External Capsule;Corpus Callosum;Stria Terminalis;Splenium of the Corpus Callosum;Corona Radiata;Tapetum;Corticospinal Tract;Forceps Minor;Uncinate Fasciculus;Posterior Thalamic Radiation;Superior Fronto-Occipital Fasciculus,single study,yes,yes,no,Mild Cognitive Impairment
36418623,Free water corrected diffusion tensor imaging discriminates between good and poor outcomes of comatose patients after cardiac arrest,,single study,yes,yes,no,
23365919,Correlation between uncinate fasciculus and memory tasks in healthy individual using diffusion tensor tractography,Uncinate Fasciculus,single study,yes,yes,no,
19428143,Cingulum fiber diffusivity and CSF T-tau in patients with subjective and mild cognitive impairment,Genu of Corpus Callosum;Splenium of Corpus Callosum;(Posterior) Cingulum Bundle;Forceps Major,single study,yes,yes,no,Mild Cognitive Impairment
31205489,Structural brain signature of cognitive decline in Parkinson's disease: DTI-based evidence from the LANDSCAPE study,Thalamocortical Radiations;Superior Longitudinal Fasciculus;Corticospinal Tract;Corona Radiata;Posterior Corona Radiata;Internal Capsule;Inferior Longitudinal Fasciculus;Corpus Callosum;Superior Corona Radiata;Cingulum;Anterior Corona Radiata;Optic Tract,single study,yes,yes,yes,Dementia;Parkinson'S Disease Dementia;Parkinson Disease
25405990,"Diffusion tensor imaging of Parkinson's disease, multiple system atrophy and progressive supranuclear palsy: a tract-based spatial statistics study",Middle Cerebellar Peduncle;Anterior Thalamic Radiation;Cingulum;Splenium of Corpus Callosum;Superior Longitudinal Fasciculus;Posterior Corona Radiata;Superior Cerebellar Peduncle;External Capsule;Corpus Callosum;Superior Corona Radiata;Arcuate Fasciculus;Anterior Corona Radiata;Inferior Cerebellar Peduncle;Anterior Limb of Internal Capsule;Body of Corpus Callosum;Medial Lemniscus;Corticospinal Tract;Cerebral Peduncle;Genu of Corpus Callosum;Retrolenticular Part of Internal Capsule;Posterior Limb of Internal Capsule;Posterior Thalamic Radiation,single study,yes,yes,no,Parkinson Disease
39583646,Association of plasma neurofilament light chain with microstructural white matter changes in Down syndrome,Fornix;Corticostriatal pathway;Superior Longitudinal Fasciculus;Uncinate Fasciculus;Corticothalamic pathway;Inferior Longitudinal Fasciculus;Frontal Aslant Tract;Acoustic Radiations;U-fibers;Corpus Callosum;Cingulum;Arcuate Fasciculus;Optic Radiation,single study,yes,yes,yes,Alzheimers Disease
25196863,"Diffusion tensor imaging, intracranial vascular resistance and cognition in middle-aged asymptomatic subjects",Fornix;Corticospinal Tract;Anterior Thalamic Radiation,single study,yes,yes,no,
29910747,Korsakoff Syndrome in non-alcoholic Psychiatric Patients. Variable Cognitive Presentation and Impaired Frontotemporal Connectivity,Corpus Callosum (body);Projection Tracts through Mesencephalon;Arcuate Fasciculus (left);Superior Longitudinal Fasciculus;Fornix (descending);Corpus Callosum (splenium);Uncinate Fasciculus;Inferior Longitudinal Fasciculus;Cingulum (parahippocampal);Fornix (whole);Corpus Callosum (genu);Inferior Fronto-Occipital Fasciculus;Anterior Corona Radiata;Cingulum (superior);Cingulum (subgenual);Prefrontal Projection Fibers (corticostriatal projections),single study,yes,yes,no,
35382232,"Instrumental validation of free water, peak-width of skeletonized mean diffusivity, and white matter hyperintensities: MarkVCID neuroimaging kits",Global,single study,yes,yes,no,Vascular Cognitive Impairment and Dementia;Cerebral Small Vessel Disease
32182844,Tai Chi Training Evokes Significant Changes in Brain White Matter Network in Older Women,,single study,yes,yes,no,
21593440,Diffusion tensor imaging and cognitive function in older adults with no dementia,Fornix;Superior Longitudinal Fasciculus;Inferior Longitudinal Fasciculus;Corpus Callosum;Corticopontine Tract;Anterior Cingulum;Posterior Cingulum,single study,yes,yes,no,Mild Cognitive Impairment;Alzheimers Disease
24650605,Improved DTI registration allows voxel-based analysis that outperforms tract-based spatial statistics,Fornix;Genu of the Corpus Callosum;Cingulum Bundle;Splenium of the Corpus Callosum;Superior Longitudinal Fasciculus;Uncinate Fasciculus;Inferior Longitudinal Fasciculus;Inferior Fronto-Occipital Fasciculus;Posterior Thalamic Radiation,single study,yes,yes,yes,Alzheimers Disease
28298891,White Matter Deterioration May Foreshadow Impairment of Emotional Valence Determination in Early-Stage Dementia of the Alzheimer Type,Posterior Thalamic Radiations;Stria Terminalis;Anterior Commissure;Superior Longitudinal Fasciculus;Inferior Longitudinal Fasciculus;Amygdalofugal pathway,single study,yes,yes,yes,Mild Cognitive Impairment;Dementia;Alzheimers Disease
39451989,White Matter Magnetic Resonance Diffusion Measures in Multiple Sclerosis with Overactive Bladder,Inferior Fronto-Occipital Fasciculus;Superior Longitudinal Fasciculus;Anterior Thalamic Radiation;Inferior Longitudinal Fasciculus;Corpus Callosum;Superior Corona Radiata;Anterior Corona Radiata,single study,yes,yes,no,
22210709,Diffuse tract damage in the hemispheric deep white matter may correlate with global cognitive impairment and callosal atrophy in patients with extensive leukoaraiosis,Corpus Callosum,single study,yes,yes,yes,Dementia;Vascular Dementia;Binswanger'S Disease;Cerebral Small Vessel Disease
39170682,Exploring white matter microstructural alterations in mild cognitive impairment: a multimodal diffusion MRI investigation utilizing diffusion kurtosis and free-water imaging,Forceps Minor;Fornix;Stria Terminalis;Sagittal Stratum;Superior Longitudinal Fasciculus;Cingulum (hippocampus);Cerebral Peduncle;Uncinate Fasciculus;Inferior Longitudinal Fasciculus;Corpus Callosum;Superior Fronto-Occipital Fasciculus,single study,yes,yes,no,Mild Cognitive Impairment
29696499,Longitudinal diffusion tensor imaging changes in early Parkinson's disease: ICICLE-PD study,Forceps Minor;Cingulum Bundle;Superior Longitudinal Fasciculus;Corticospinal Tract;Corona Radiata;Internal Capsule;Corpus Callosum;Inferior Longitudinal Fasciculus;External Capsule;Forceps Major;Inferior Fronto-Occipital Fasciculus;Superior Fronto-Occipital Fasciculus,single study,yes,yes,no,Mild Cognitive Impairment;Parkinson Disease
31617796,Diffusion Tensor MRI to Distinguish Progressive Supranuclear Palsy from α-Synucleinopathies,Corpus Callosum (anterior portion);Uncinate Fasciculus;Internal Capsule (anterior limb);Superior Cerebellar Peduncle;External Capsule;Superior Corona Radiata;Superior Longitudinal Fasciculus (anterior aspect);(Anterior) Cingulum Bundle;Anterior Corona Radiata,single study,yes,yes,no,Parkinson'S Disease Dementia;Lewy Body Dementia;Parkinson Disease
32922282,"Changes Over Time of Diffusion MRI in the White Matter of Aging Brain, a Good Predictor of Verbal Recall",Forceps Minor;Fornix;Corpus Callosum,single study,yes,yes,no,
36632487,Spatial orientation - a stable marker for vascular cognitive impairment?,Right Superior Longitudinal Fasciculus - temporal division;Left Superior Longitudinal Fasciculus - temporal division;Right Superior Longitudinal Fasciculus - parietal division;Left Superior Longitudinal Fasciculus - parietal division,single study,yes,yes,yes,Vascular Cognitive Impairment and Dementia
39479358,Diffusion tensor imaging in cerebral small vessel disease applications: opportunities and challenges,,review,yes,yes,yes,Mild Cognitive Impairment;Dementia;Vascular Cognitive Impairment and Dementia;Cerebral Small Vessel Disease
24179862,"Effectiveness of regional DTI measures in distinguishing Alzheimer's disease, MCI, and normal aging",Genu of the Corpus Callosum;Sagittal Stratum;Body of the Corpus Callosum;Inferior Fronto-Occipital Fasciculus;Cingulum;Superior Longitudinal Fasciculus;Fornix (crus);Inferior Longitudinal Fasciculus;External Capsule;Corpus Callosum;Superior Corona Radiata;Posterior Cingulum;Stria Terminalis;Splenium of the Corpus Callosum;Tapetum;Corona Radiata;Posterior Thalamic Radiations;Uncinate Fasciculus;Hippocampal part of the Cingulum;Total White Matter ROI,single study,yes,yes,yes,Mild Cognitive Impairment;Dementia;Alzheimers Disease
26346404,Machine Learning of DTI Structural Brain Connectomes for Lateralization of Temporal Lobe Epilepsy,,single study,yes,yes,no,
