PMID,title,whitematter_tracts,study_type,DTI_study,Human_study,Dementia_study,Disease_study
36931328,Abnormal white matter changes in Alzheimer's disease based on diffusion tensor imaging: A systematic review,,review,yes,yes,yes,Dementia;Prodromal Alzheimers Disease;Alzheimers Disease;Mild Cognitive Impairment
34454529,Attenuating vascular stenosis-induced astrogliosis preserves white matter integrity and cognitive function,,single study,yes,no,no,Vascular Cognitive Impairment and Dementia
39129270,"Association of cortical morphology, white matter hyperintensity, and glymphatic function in frontotemporal dementia variants",,single study,yes,yes,yes,Behavioral Variant Frontotemporal Dementia;Frontotemporal Dementia;Semantic Variant Of Primary Progressive Aphasia;Primary Progressive Aphasia
37174620,Basal Ganglia Compensatory White Matter Changes on DTI in Alzheimer's Disease,External Capsule;Internal Capsule,single study,yes,yes,yes,Alzheimers Disease
38465597,Relationship of Perivascular Space Markers With Incident Dementia in Cerebral Small Vessel Disease,Global,single study,yes,yes,yes,Dementia;Cerebral Small Vessel Disease
28552181,White-matter integrity on DTI and the pathologic staging of Alzheimer's disease,Corpus Callosum;Perforant Pathway;Fornix;Cingulum Bundle,single study,yes,yes,yes,Alzheimers Disease
38365045,Diffusion MRI marks progressive alterations in fiber integrity in the zQ175DN mouse model of Huntington's disease,,single study,yes,no,no,
31012815,"Obesity, Brain Volume, and White Matter Microstructure at MRI: A Cross-sectional UK Biobank Study",,,no,no,no,
18157658,Diffusion tensor imaging (DTI)-based white matter mapping in brain research: a review,,review,no,no,no,
24510641,Profiles of white matter tract pathology in frontotemporal dementia,Corpus Callosum;Fornix;Uncinate Fasciculus;Anterior Thalamic Radiation;Corticospinal Tract;Inferior Longitudinal Fasciculus;Superior Longitudinal Fasciculus;Cingulum Bundle,single study,yes,yes,yes,Behavioral Variant Frontotemporal Dementia;Alzheimers Disease
28975068,Longitudinal white matter change in frontotemporal dementia subtypes and sporadic late onset Alzheimer's disease,Corpus Callosum;Fornix;Uncinate Fasciculus;Genu of the Corpus Callosum;Tapetum,single study,yes,yes,yes,Frontotemporal Dementia;Primary Progressive Aphasia;Behavioral Variant Frontotemporal Dementia;Semantic Variant Of Primary Progressive Aphasia;Alzheimers Disease
38378607,"The relationship between amyloid pathology, cerebral small vessel disease, glymphatic dysfunction, and cognition: a study based on Alzheimer's disease continuum participants",,single study,yes,yes,yes,Dementia;Cerebral Small Vessel Disease;Alzheimers Disease;Mild Cognitive Impairment
31585368,Association of white matter microstructural integrity with cognition and dementia,Global;Posterior Corpus Callosum;Anterior Corpus Callosum,single study,yes,yes,yes,Dementia;Mild Cognitive Impairment
26515192,An advanced white matter tract analysis in frontotemporal dementia and early-onset Alzheimer's disease,Inferior Fronto-Occipital Fasciculus;Corpus Callosum (temporal segment);Fornix;Uncinate Fasciculus;Anterior Thalamic Radiation;Corpus Callosum (postcentral gyrus segment);Cingulum Bundle;Parahippocampal Cingulum;Corpus Callosum (precentral gyrus segment);Corticospinal Tract;Corpus Callosum (occipital segment);Inferior Longitudinal Fasciculus;Corpus Callosum (parietal segment);Superior Longitudinal Fasciculus (left);Corpus Callosum (frontal segment),single study,yes,yes,yes,Behavioral Variant Frontotemporal Dementia;Alzheimers Disease
19439421,White matter damage in frontotemporal dementia and Alzheimer's disease measured by diffusion MRI,Corpus Callosum;Descending Cingulum Bundle;Posterior Corpus Callosum;Uncinate Fasciculus;Anterior Corpus Callosum;Anterior Cingulum Bundle;Corticospinal Tract;Posterior Cingulum Bundle;Superior Longitudinal Fasciculus;Cingulum Bundle,single study,yes,yes,yes,Frontotemporal Dementia;Alzheimers Disease
38702626,Predicting Alzheimer's progression in MCI: a DTI-based white matter network model,,single study,yes,yes,yes,Alzheimers Disease;Mild Cognitive Impairment
33848693,White matter abnormalities of right hemisphere attention networks contribute to visual hallucinations in dementia with Lewy bodies,Inferior Fronto-Occipital Fasciculus;Superior Longitudinal Fasciculus;Uncinate Fasciculus;Inferior Longitudinal Fasciculus,single study,yes,yes,yes,Lewy Body Dementia
31881858,"Multimodal MRI of grey matter, white matter, and functional connectivity in cognitively healthy mutation carriers at risk for frontotemporal dementia and Alzheimer's disease",Inferior Fronto-Occipital Fasciculus;Corpus Callosum;Forceps Minor;Uncinate Fasciculus;Anterior Thalamic Radiation;Corticospinal Tract;Superior Longitudinal Fasciculus;Cingulum Bundle,single study,yes,yes,yes,Frontotemporal Dementia;Alzheimers Disease
24150110,Regional differences in white matter breakdown between frontotemporal dementia and early-onset Alzheimer's disease,Splenium of the Corpus Callosum;Genu of the Corpus Callosum,single study,yes,yes,yes,Behavioral Variant Frontotemporal Dementia;Alzheimers Disease
38010204,"Associations between white matter integrity of the cingulum bundle, surrounding gray matter regions, and cognition across the dementia continuum",Cingulum Bundle (angular) [ventral cingulum / CV];Corticospinal Tract;Cingulum Bundle (cingulate gyrus) [dorsal cingulum / CD],single study,yes,yes,yes,Dementia;Alzheimers Disease;Mild Cognitive Impairment
22952843,Grey and white matter changes across the amyotrophic lateral sclerosis-frontotemporal dementia continuum,Corticospinal Tract;Corpus Callosum,single study,yes,yes,yes,Behavioral Variant Frontotemporal Dementia;Dementia
33199431,Multi-shell Diffusion MRI Models for White Matter Characterization in Cerebral Small Vessel Disease,,,no,no,no,Cerebral Small Vessel Disease
27436017,Functional connectivity and microstructural white matter changes in phenocopy frontotemporal dementia,Inferior Fronto-Occipital Fasciculus;Uncinate Fasciculus;Corpus Callosum (genu);Superior Longitudinal Fasciculus;Cingulum Bundle,single study,yes,yes,yes,Behavioral Variant Frontotemporal Dementia;Frontotemporal Dementia
32032816,Correlation of microglial activation with white matter changes in dementia with Lewy bodies,Corona Radiata;Corpus Callosum;Superior Longitudinal Fasciculus;Cingulum Bundle,single study,yes,yes,yes,Dementia;Lewy Body Dementia
34230607,Neurobiology of loneliness: a systematic review,,review,no,yes,no,Alzheimers Disease
25863527,White matter integrity in dementia with Lewy bodies: a voxel-based analysis of diffusion tensor imaging,Cingulum Bundle;Inferior Longitudinal Fasciculus,single study,yes,yes,yes,Dementia;Lewy Body Dementia;Alzheimers Disease
29901746,Brain MRI fiber-tracking reveals white matter alterations in hypertensive patients without damage at conventional neuroimaging,Forceps Minor;Anterior Thalamic Radiation;Superior Longitudinal Fasciculus,single study,yes,yes,no,
30538047,MR approaches in neurodegenerative disorders,,,no,no,no,
25347157,White matter integrity determined with diffusion tensor imaging in older adults without dementia: influence of amyloid load and neurodegeneration,Cingulum (Cingulate Gyrus);Corpus Callosum (Genu);Corpus Callosum (Body);Fornix;Corpus Callosum (Splenium);Cingulum (Hippocampal),single study,yes,yes,no,Alzheimers Disease;Mild Cognitive Impairment
38091751,Neurite-based white matter alterations in MAPT mutation carriers: A multi-shell diffusion MRI study in the ALLFTD consortium,Superior Fronto-Occipital Fasciculus;Inferior Fronto-Occipital Fasciculus;Cingulum;Anterior limb of the internal capsule;Uncinate Fasciculus,single study,yes,yes,yes,Behavioral Variant Frontotemporal Dementia;Frontotemporal Dementia;Dementia
28338052,Dissociable diffusion MRI patterns of white matter microstructure and connectivity in Alzheimer's disease spectrum,Fornix;Corpus Callosum;Body of the Corpus Callosum;Splenium of the Corpus Callosum;Uncinate Fasciculus;Internal Capsule;Corticospinal Tract;Genu of the Corpus Callosum;Superior Longitudinal Fasciculus,single study,yes,yes,yes,Dementia;Alzheimers Disease;Mild Cognitive Impairment
38481124,Widespread White Matter Abnormalities in Concussed Athletes Detected by 7T Diffusion Magnetic Resonance Imaging,,single study,yes,yes,no,
34864664,Association of Superficial White Matter Alterations with Cerebrospinal Fluid Biomarkers and Cognitive Decline in Neurodegenerative Dementia,,,no,no,yes,Dementia
23313563,Is there an association between peripheral immune markers and structural/functional neuroimaging findings?,,review,yes,yes,yes,Cerebral Amyloid Angiopathy;Dementia;Mild Cognitive Impairment;Vascular Dementia;Alzheimers Disease
36641369,Adult lifespan maturation and degeneration patterns in gray and white matter: A mean apparent propagator (MAP) MRI study,Superior Fronto-Occipital Fasciculus;Fornix;Body of the Corpus Callosum;Superior Corona Radiata;Cingulum Bundle (cingulate gyrus);Splenium of the Corpus Callosum;External Capsule;Uncinate Fasciculus;Tapetum;Stria Terminalis;Posterior Thalamic Radiation;Superior Cerebellar Peduncle;Anterior Limb of the Internal Capsule;Posterior Corona Radiata;Anterior Corona Radiata;Genu of the Corpus Callosum;Superior Longitudinal Fasciculus;Sagittal Stratum,single study,yes,yes,no,
36692402,Peak Width of Skeletonized Mean Diffusivity: A Neuroimaging Marker for White Matter Injury,,,no,no,no,
30414086,Regional Amyloid-β Load and White Matter Abnormalities Contribute to Hypometabolism in Alzheimer's Dementia,Angular Bundle;Fornix,single study,yes,yes,yes,Dementia;Alzheimers Disease;Mild Cognitive Impairment
21219189,"Diffusion imaging, white matter, and psychopathology",,,no,no,no,
23404139,Relationship between cognitive impairment and white-matter alteration in Parkinson's disease with dementia: tract-based spatial statistics and tract-specific analysis,Superior Longitudinal Fasciculus (anterior);Genu of the Corpus Callosum;Cingulum Bundle (anterior),single study,yes,yes,yes,Dementia;Parkinson'S Disease Dementia;Parkinson Disease
21092388,Pre-dementia memory impairment is associated with white matter tract affection,,single study,yes,yes,yes,Dementia;Alzheimers Disease;Mild Cognitive Impairment
38757392,Alzheimer's Disease and Small Vessel Disease Differentially Affect White Matter Microstructure,Corpus Callosum - Splenium;Cingulum;Fornix;Corpus Callosum - Body;Internal Capsule - Posterior Limb;Corpus Callosum - Genu;Internal Capsule - Anterior Limb,single study,yes,yes,no,Cerebral Small Vessel Disease;Alzheimers Disease
27104139,Linking white matter and deep gray matter alterations in premanifest Huntington disease,Posterior Thalamic Radiations;Corpus Callosum,single study,yes,yes,no,
30703627,The longitudinal decline of white matter microstructural integrity in behavioral variant frontotemporal dementia and its association with executive function,Corpus Callosum;(Anterior) Cingulum Bundle;Forceps Minor;Uncinate Fasciculus;External Capsule;Internal Capsule;Corpus Callosum (genu);Anterior Corona Radiata,single study,yes,yes,yes,Behavioral Variant Frontotemporal Dementia
35227709,Bilingual experience affects white matter integrity across the lifespan,Global;Inferior Fronto-Occipital Fasciculus;Corpus Callosum;Superior Longitudinal Fasciculus,single study,yes,yes,no,
38744041,Limbic-predominant age-related TDP-43 encephalopathy neuropathological change (LATE-NC) is associated with abnormalities in white matter structural integrity and connectivity: An ex-vivo diffusion MRI and pathology investigation,,single study,yes,yes,yes,Dementia;Cerebral Amyloid Angiopathy;Alzheimers Disease;Mild Cognitive Impairment
38290851,Temporal Alterations in White Matter in An App Knock-In Mouse Model of Alzheimer's Disease,,single study,yes,no,yes,Alzheimers Disease
29629498,Multifocal alterations of white matter accompany the transition from normal cognition to dementia in Parkinson's disease patients,Corpus Callosum;Superior Corona Radiata;Forceps Minor;Uncinate Fasciculus;Inferior Longitudinal Fasciculus;Anterior Thalamic Radiation;Corticospinal Tract;Posterior Corona Radiata;Anterior Corona Radiata;Corona Radiata;Superior Longitudinal Fasciculus;Cingulum Bundle,single study,yes,yes,yes,Dementia;Parkinson'S Disease Dementia;Parkinson Disease
18379765,Cerebral white matter damage in frontotemporal dementia assessed by diffusion tensor tractography,Corpus Callosum;Uncinate Fasciculus;Corticospinal Tract;Arcuate Fasciculus;Inferior Longitudinal Fasciculus;Anterior Commissure,single study,yes,yes,yes,Dementia;Frontotemporal Dementia
38565289,Fixel-Based Analysis Reveals Tau-Related White Matter Changes in Early Stages of Alzheimer's Disease,Cingulum Bundle (parahippocampal segment);Uncinate Fasciculus (temporal segment),single study,yes,yes,yes,Alzheimers Disease;Mild Cognitive Impairment
25307581,Structural and microstructral imaging of the brain in alcohol use disorders,,,no,no,no,
18927145,Heterogeneity of white matter hyperintensities in Alzheimer's disease: post-mortem quantitative MRI and neuropathology,,single study,yes,yes,yes,Alzheimers Disease
34435188,White matter abnormalities in active elite adult rugby players,Corpus Callosum (Genu);Corpus Callosum;External Capsule;Posterior Limb of Internal Capsule;Posterior Thalamic Radiation;Corticospinal Tract;Superior Cerebellar Peduncle;Posterior Corona Radiata;Corona Radiata;Sagittal Stratum;Retrolenticular Part of Internal Capsule,single study,yes,yes,no,
19233296,Characterization of white matter degeneration in elderly subjects by magnetic resonance diffusion and FLAIR imaging correlation,Corpus Callosum,single study,yes,yes,no,
29649488,Proteomics based identification of differential plasma proteins and changes in white matter integrity as markers in early detection of mild cognitive impaired subjects at high risk of Alzheimer's disease,Corpus Callosum;Fornix;Forceps Major,single study,yes,yes,yes,Lewy Body Dementia;Alzheimers Disease;Mild Cognitive Impairment
17444598,Diffusion tensor imaging of the brain in patients with Alzheimer's disease and cerebrovascular lesions,,single study,yes,yes,yes,Alzheimers Disease
33328963,Acupuncture Improves White Matter Perfusion and Integrity in Rat Model of Vascular Dementia: An MRI-Based Imaging Study,,single study,yes,no,yes,Vascular Dementia
25076831,The Power of Hybrid/Fusion Imaging Metrics in Future PACS Systems: A Case Study into the White Matter Hyperintensity Prenumbra using FLAIR and Diffusion MR,Global,single study,yes,yes,no,
19441023,Executive dysfunction and periventricular diffusion tensor changes in amnesic mild cognitive impairment and early Alzheimer's disease,Corpus Callosum;Superior Longitudinal Fasciculus,single study,yes,yes,yes,Alzheimers Disease;Mild Cognitive Impairment
25518577,[Diffusion tensor imaging (DTI) in the differential diagnosis of normal pressure hydrocephalus and brain atrophy],,,no,no,no,
21624226,[Functional MRI and cognition assessment in subcortical ischemic vascular disease],,single study,no,yes,no,
16434215,76-space analysis of grey matter diffusivity: methods and applications,,single study,yes,yes,yes,Dementia
29175203,Effects of bilingualism on white matter integrity in older adults,Corpus Callosum;Left Superior Longitudinal Fasciculus,single study,yes,yes,no,
30101061,Functional and structural connectivity of the amygdala underpins locus of control in mild cognitive impairment,Amygdala–Medial Prefrontal Cortex tract,single study,yes,yes,yes,Prodromal Alzheimers Disease;Mild Cognitive Impairment
39004653,White matter microstructural integrity as a key to effective propagation of gamma entrainment in humans,Middle Longitudinal Fasciculus;Inferior Fronto-Occipital Fasciculus;Uncinate Fasciculus;Vertical Occipital Fasciculus,single study,yes,yes,no,Alzheimers Disease
34950511,Diffusion tension imaging is a good tool for assessing patients with dementia and behavioral problems and discriminating them from other dementia patients,,single study,yes,yes,yes,Dementia;Alzheimers Disease
38669532,Impaired Glymphatic Flow on Diffusion Tensor MRI as a Marker of Neurodegeneration in Alzheimer's Disease: Correlation with Gray Matter Volume Loss and Cognitive Decline Independent of Cerebral Amyloid Deposition,,single study,yes,yes,yes,Alzheimers Disease
27783100,Micro-structural white matter abnormalities in type 2 diabetic patients: a DTI study using TBSS analysis,Fornix;Uncinate Fasciculus;Anterior Thalamic Radiation;Posterior Thalamic Radiation;Inferior Longitudinal Fasciculus;Superior Longitudinal Fasciculus;Cingulum Bundle,single study,yes,yes,no,
19938682,[Magnetic resonance imaging in patients of amyotrophic lateral sclerosis with and without dementia],,,no,no,no,
26252210,Microstructural White Matter Properties Mediate the Association between APOE and Perceptual Speed in Very Old Persons without Dementia,Inferior Fronto-Occipital Fasciculus;Cingulum (cingulate gyrus part);Forceps Minor;Forceps Major;Corticospinal Tract;Cingulum (hippocampal part);Superior Longitudinal Fasciculus,single study,yes,yes,no,
19547805,Binswanger's disease and quantitative fractional anisotropy,,single study,yes,yes,yes,Binswanger'S Disease
35579236,Global changes in diffusion tensor imaging during acute ischemic stroke and post-stroke cognitive performance,Global,single study,yes,yes,no,
33263494,The role of diffusion tensor imaging in idiopathic normal pressure hydrocephalus: A literature review,,review,yes,yes,no,Dementia;Alzheimers Disease;Idiopathic Normal Pressure Hydrocephalus;Parkinson Disease
38463962,Lifespan reference curves for harmonizing multi-site regional brain white matter metrics from diffusion MRI,Splenium of the Corpus Callosum (SCC);Corpus Callosum;Body of the Corpus Callosum;Fornix;Fornix/Stria Terminalis;Retrolenticular Part of the Internal Capsule;Uncinate Fasciculus;Hippocampal Cingulum;Posterior Thalamic Radiation;Corticospinal Tract;Posterior Corona Radiata;Global;Genu of the Corpus Callosum;Tapetum;Sagittal Stratum,single study,yes,yes,no,
38433018,SPAK inhibitor ZT-1a attenuates reactive astrogliosis and oligodendrocyte degeneration in a mouse model of vascular dementia,,single study,no,no,yes,Vascular Dementia
22669012,Brain structural and functional connectivity and the progression of neuropathology in Alzheimer's disease,,,no,no,no,
28045213,Longitudinal diffusion changes in prodromal and early HD: Evidence of white-matter tract deterioration,Primary Somatosensory Cortex - Putamen (cortico-striatal tract);Cingulum;Primary Motor Cortex - Caudate (cortico-striatal tract);Corpus Callosum;Uncinate Fasciculus;Inferior Longitudinal Fasciculus;Primary Motor Cortex - Putamen (cortico-striatal tract);Premotor Area - Caudate (cortico-striatal tract);Arcuate Fasciculus;Premotor Area - Putamen (cortico-striatal tract);Corona Radiata;Primary Somatosensory Cortex - Caudate (cortico-striatal tract),single study,yes,yes,no,
19730350,Frontostriatal fiber bundle compromise in HIV infection without dementia,Genu of Corpus Callosum;Superior Cingulate;Fornix;Occipital Forceps;Corpus Callosum;Splenium of Corpus Callosum;Temporal Callosal Sector;External Capsule;Sensorimotor Callosal Sector;Inferior Cingulate;Pontocerebellar Tract;Internal Capsule;Premotor Callosal Sector;Occipital Callosal Sector;Inferior Longitudinal Fasciculus;Parietal Callosal Sector;Superior Longitudinal Fasciculus;Frontal Forceps,single study,yes,yes,no,
38108353,Interaction Between a High-Fat Diet and Tau Pathology in Mice: Implications for Alzheimer's Disease,,single study,yes,no,yes,Alzheimers Disease
24706734,The Corticospinal Tract in Huntington's Disease,Corticospinal Tract,single study,yes,yes,no,
28336929,Developmental Whole Brain White Matter Alterations in Transgenic Huntington's Disease Monkey,,single study,yes,no,no,
32383552,Genetic risk for Alzheimer disease in children: Evidence from early-life IQ and brain white-matter microstructure,Forceps Minor;Uncinate Fasciculus;Forceps Major;Corticospinal Tract;Inferior Longitudinal Fasciculus;Superior Longitudinal Fasciculus;Cingulum Bundle,single study,yes,yes,yes,Alzheimers Disease
24109737,Correlation between diffusion tensor tractography and proton MR spectroscopy in normal controls,Uncinate Fasciculus;Fornix,single study,yes,yes,no,
26756590,Longitudinal Diffusion Tensor Imaging Shows Progressive Changes in White Matter in Huntington's Disease,Genu of Corpus Callosum;Left Anterior Corona Radiata;Body of Corpus Callosum;Right Anterior Limb of Internal Capsule;Right Superior Corona Radiata,single study,yes,yes,no,
28266655,Intact sensory-motor network structure and function in far from onset premanifest Huntington's disease,Corticospinal Tract;Thalamocortical Pathway,single study,yes,yes,no,
19332141,In vivo evidence for the selective subcortical degeneration in Huntington's disease,Putamen–Pallidum (striato-pallidal) projections;Pallidum–Thalamus (pallido-thalamic) projections;Corticostriatal (cortico-putaminal) pathways;Pallidum–Subthalamic nucleus projections;Thalamus–Striatum (thalamostriatal) projections;Putamen–Substantia Nigra (striatonigral) projections,single study,yes,yes,no,
19850138,"Altered white matter microstructure in the corpus callosum in Huntington's disease: implications for cortical ""disconnection""",Corpus Callosum,single study,yes,yes,no,
19320010,Longitudinal diffusion tensor imaging in Huntington's Disease,,,yes,no,no,
18056161,White matter connections reflect changes in voluntary-guided saccades in pre-symptomatic Huntington's disease,Fronto-striatal (cortico-striatal) tracts;Corpus Callosum,single study,yes,yes,no,
21264990,Early changes in white matter pathways of the sensorimotor cortex in premanifest Huntington's disease,Corpus Callosum;Sensorimotor cortex fiber pathway;Superior prefrontal cortex fiber pathway;Thalamus fiber pathway;Caudate nucleus fiber pathway,single study,yes,yes,no,
24019913,Tractography of the corpus callosum in Huntington's disease,Anterior frontal callosal fibers;Corpus Callosum;Superior parietal callosal fibers;Temporal callosal fibers;Orbitofrontal callosal fibers;Occipital callosal fibers;Superior frontal callosal fibers;Posterior parietal callosal fibers,single study,yes,yes,no,
20488902,Regional distribution and clinical correlates of white matter structural damage in Huntington disease: a tract-based spatial statistics study,Corpus Callosum;Arciform Fibers;External Capsule;Cerebral Peduncles;Internal Capsule;Corticospinal Tract;Extreme Capsule,single study,yes,yes,no,
16755582,Diffusion tensor imaging in presymptomatic and early Huntington's disease: Selective white matter pathology and its relationship to clinical measures,Corpus Callosum;External Capsule;Internal Capsule;Corticospinal Tract;Cerebral Peduncle;Extreme Capsule,single study,yes,yes,no,
15589514,Detection of age-dependent brain injury in a mouse model of brain amyloidosis associated with Alzheimer's disease using magnetic resonance diffusion tensor imaging,,single study,yes,no,yes,Alzheimers Disease
30771034,Detection of axonal degeneration in a mouse model of Huntington's disease: comparison between diffusion tensor imaging and anomalous diffusion metrics,,single study,yes,no,no,
33765430,Evaluation of early microstructural changes in the R6/1 mouse model of Huntington's disease by ultra-high field diffusion MR imaging,,single study,yes,no,no,
15056472,Diffusion tensor imaging detects age-dependent white matter changes in a transgenic mouse model with amyloid deposition,,single study,yes,no,yes,Alzheimers Disease
29545212,"T(1), diffusion tensor, and quantitative magnetization transfer imaging of the hippocampus in an Alzheimer's disease mouse model",,single study,yes,no,yes,Alzheimers Disease
23877934,Voxel-based diffusion tensor imaging of an APP/PS1 mouse model of Alzheimer's disease,,single study,yes,no,yes,Alzheimers Disease
31472250,Neurite orientation dispersion and density imaging reveals white matter and hippocampal microstructure changes produced by Interleukin-6 in the TgCRND8 mouse model of amyloidosis,,single study,yes,no,yes,Alzheimers Disease
30077647,"Multifaceted assessment of the APP/PS1 mouse model for Alzheimer's disease: Applying MRS, DTI, and ASL",,single study,yes,no,yes,Alzheimers Disease
33975312,Diffusion Tensor Imaging Reveals Whole-Brain Microstructural Changes in the P301L Mouse Model of Tauopathy,,single study,yes,no,no,
34455171,"Grip training improves handgrip strength, cognition, and brain white matter in minor acute ischemic stroke patients",,single study,yes,yes,no,
31705427,Predictors of Lesion Cavitation After Recent Small Subcortical Stroke,,single study,yes,yes,no,Cerebral Small Vessel Disease
37808483,Diffusion tensor free water MRI predicts progression of FLAIR white matter hyperintensities after ischemic stroke,,single study,yes,yes,no,Cerebral Small Vessel Disease
39170078,Longitudinal assessment of glymphatic changes following mild traumatic brain injury: Insights from perivascular space burden and DTI-ALPS imaging,Global,single study,yes,yes,no,
37533476,"Association between intracranial vessel calcifications, structural brain damage, and cognitive impairment after minor strokes: a prospective study",,single study,yes,yes,no,Dementia;Vascular Cognitive Impairment and Dementia;Cerebral Small Vessel Disease
37654137,Changes in Plasma Amyloid-β Level and Their Relationship With White Matter Microstructure in Patients With Mild Cognitive Impairment,,,no,no,no,
32147939,Age-dependent amyloid deposition is associated with white matter alterations in cognitively normal adults during the adult life span,Inferior Fronto-Occipital Fasciculus;Forceps Minor;Anterior Thalamic Radiation;Forceps Major;Superior Longitudinal Fasciculus,single study,yes,yes,no,
26650629,Correlating quantitative tractography at 3T MRI and cognitive tests in healthy older adults,Superior cerebellar peduncle;Long association fibers;Cingulum;Corpus Callosum;Corticospinal/bulbar tracts;Thalamic projection fibers;Middle cerebellar peduncle;Inferior cerebellar peduncle,single study,yes,yes,no,
28934374,The effect of white matter hyperintensities on statistical analysis of diffusion tensor imaging in cognitively healthy elderly and prodromal Alzheimer's disease,Dorsal Cingulum;Corticospinal Tract;Superior Longitudinal Fasciculus;Ventral Cingulum,single study,yes,yes,yes,Prodromal Alzheimers Disease;Mild Cognitive Impairment
27662320,Quantitative Magnetic Resonance Abnormalities in Creutzfeldt-Jakob Disease and Fatal Insomnia,External Capsule;Superior Cerebellar Peduncle;Internal Capsule,single study,yes,yes,yes,Dementia
34241815,Rates of cognitive impairment in a South African cohort of people with HIV: variation by definitional criteria and lack of association with neuroimaging biomarkers,Uncinate Fasciculus;Corpus Callosum;Anterior Thalamic Radiation;Cingulum Bundle,single study,yes,yes,no,
22701578,CSF T-Tau/Aβ42 predicts white matter microstructure in healthy adults at risk for Alzheimer's disease,Corpus Callosum;Superior Longitudinal Fasciculus;Cingulum Bundle,single study,yes,yes,no,Alzheimers Disease
28970540,Microstructural network alterations of olfactory dysfunction in newly diagnosed Parkinson's disease,,single study,yes,yes,no,Parkinson Disease
23062795,Correlation between cognitive function and the association fibers in patients with Alzheimer's disease using diffusion tensor imaging,Inferior Fronto-Occipital Fasciculus;Superior Longitudinal Fasciculus,single study,yes,yes,yes,Alzheimers Disease
38635499,Impact of APOE-ε alleles on brain structure and cognitive function in healthy older adults: A VBM and DTI replication study,Global,single study,yes,yes,no,
32521475,Cross-sectional and longitudinal differences in peak skeletonized white matter mean diffusivity in cerebral amyloid angiopathy,Global,single study,yes,yes,yes,Dementia;Alzheimers Disease;Cerebral Amyloid Angiopathy;Mild Cognitive Impairment
34784526,Postural and gait symptoms in de novo Parkinson's disease patients correlate with cholinergic white matter pathology,Proximal NBM-WM tract;Lateral NBM-WM pathway;NBM-WM tract;Medial NBM-WM pathway;Distal NBM-WM tract,single study,yes,yes,no,Parkinson Disease
22416261,The value of diffusion tensor imaging in the differential diagnosis of subcortical ischemic vascular dementia and Alzheimer's disease in patients with only mild white matter alterations on T2-weighted images,Inferior Fronto-Occipital Fasciculus;Cingulate Fasciculus;Splenium of the Corpus Callosum;Genu of the Corpus Callosum;Superior Longitudinal Fasciculus,single study,yes,yes,yes,Dementia;Cerebral Small Vessel Disease;Alzheimers Disease;Vascular Dementia
32035186,Cholinergic white matter pathways make a stronger contribution to attention and memory in normal aging than cerebrovascular health and nucleus basalis of Meynert,External Capsule;Cingulum Bundle,single study,yes,yes,no,Cerebral Small Vessel Disease
24895252,MRI measures of corpus callosum iron and myelin in early Huntington's disease,Corpus Callosum,single study,yes,yes,no,
37582732,Plasma neurofilament light admission levels and development of axonal pathology in mild traumatic brain injury,,single study,yes,yes,no,
16394146,Age-related changes in prefrontal white matter measured by diffusion tensor imaging,,,yes,no,no,
26815786,Alterations in white matter volume and integrity in obesity and type 2 diabetes,Inferior Fronto-Occipital Fasciculus;Uncinate Fasciculus;External Capsule;Forceps Major;Corticospinal Tract;Inferior Longitudinal Fasciculus;Cingulum Bundle,single study,yes,yes,no,
21767653,Genotype specific age related changes in a transgenic rat model of Huntington's disease,,single study,yes,no,no,
27001211,Anterior cingulum white matter is altered in tobacco smokers,Posterior Cingulum Bundle;Anterior Cingulum Bundle,single study,yes,yes,no,
30531675,Use of Multimodal Magnetic Resonance Imaging Techniques to Explore Cognitive Impairment in Leukoaraiosis,,,no,no,no,
28657159,Mapping the order and pattern of brain structural MRI changes using change-point analysis in premanifest Huntington's disease,Striatal Fiber Tracts;Corpus Callosum;Cortico-Striatal Circuit;Internal Capsule;Corticospinal Tract,single study,yes,yes,no,
26881100,Multilevel Deficiency of White Matter Connectivity Networks in Alzheimer's Disease: A Diffusion MRI Study with DTI and HARDI Models,,single study,yes,yes,yes,Alzheimers Disease
31549530,Diffusion tensor imaging of white matter degeneration in early stage of Alzheimer's disease: a review,,review,yes,yes,yes,Alzheimers Disease;Mild Cognitive Impairment
34509999,Prediction of dementia using diffusion tensor MRI measures: the OPTIMAL collaboration,,,yes,no,yes,Dementia;Cerebral Small Vessel Disease
38442778,Altered structural and functional connectivity in Posterior Cortical Atrophy and Dementia with Lewy bodies,Superior Fronto-Occipital Fasciculus;Inferior Fronto-Occipital Fasciculus;Fornix;Cingulum;Uncinate Fasciculus;Corpus Callosum (splenium);Posterior Thalamic Radiation;Sagittal Stratum;Superior Longitudinal Fasciculus;Retrolenticular Part of Internal Capsule,single study,yes,yes,yes,Posterior Cortical Atrophy;Lewy Body Dementia
34958911,Alterations in white matter fiber in Parkinson disease across different cognitive stages,Corticospinal Tract;Corpus Callosum;Cingulum Bundle,single study,yes,yes,yes,Dementia;Mild Cognitive Impairment;Parkinson'S Disease Dementia;Parkinson Disease
20083207,Dementia induces correlated reductions in white matter integrity and cortical thickness: a multivariate neuroimaging study with sparse canonical correlation analysis,,single study,yes,yes,yes,Frontotemporal Dementia;Primary Progressive Aphasia;Behavioral Variant Frontotemporal Dementia;Semantic Variant Of Primary Progressive Aphasia;Alzheimers Disease
38461504,White Matter Microstructure Analysis in Subjective Memory Complaints and Cognitive Impairment: Insights from Diffusion Kurtosis Imaging and Free-Water DTI,,,yes,no,no,
37028608,Assessment of complementary white matter microstructural changes and grey matter atrophy in a preclinical model of Alzheimer's disease,,single study,yes,no,yes,Alzheimers Disease
15028645,Differential vulnerability of anterior white matter in nondemented aging with minimal acceleration in dementia of the Alzheimer type: evidence from diffusion tensor imaging,Rostrum of the Corpus Callosum;Splenium of the Corpus Callosum;Genu of the Corpus Callosum,single study,yes,yes,yes,Dementia;Alzheimers Disease
35147158,Longitudinal multimodal MRI characterization of a knock-in mouse model of Huntington's disease reveals early gray and white matter alterations,,single study,yes,no,no,
39185685,"A ""glympse"" into neurodegeneration: Diffusion MRI and cerebrospinal fluid aquaporin-4 for the assessment of glymphatic system in Alzheimer's disease and other dementias",,single study,yes,yes,yes,Dementia;Alzheimers Disease;Mild Cognitive Impairment;Primary Progressive Aphasia
38427191,Diffusion Tensor Imaging in Alzheimer's Studies,,,yes,no,yes,Alzheimers Disease
22538073,"The contributions of MRI-based measures of gray matter, white matter hyperintensity, and white matter integrity to late-life cognition",Corpus Callosum;Fornix;Uncinate Fasciculus;Superior Longitudinal Fasciculus;Cingulum Bundle,single study,yes,yes,yes,Frontotemporal Dementia;Lewy Body Dementia;Dementia;Mild Cognitive Impairment;Vascular Dementia;Alzheimers Disease
27487766,Astroglial NF-kB contributes to white matter damage and cognitive impairment in a mouse model of vascular dementia,,single study,yes,no,yes,Vascular Cognitive Impairment and Dementia;Vascular Dementia
37940789,Lateralized brunt of sleep deprivation on white matter injury in a rat model of Alzheimer's disease,,single study,yes,no,yes,Alzheimers Disease
34902714,White matter microstructure associations to amyloid burden in adults with Down syndrome,Corona Radiata;Corpus Callosum;Superior Longitudinal Fasciculus,single study,yes,yes,yes,Dementia;Mild Cognitive Impairment
26792028,White matter hyperintensity microstructure in amyloid dysmetabolism,Cingulum (cingulate gyrus);Cingulum (hippocampal part),single study,yes,yes,no,Mild Cognitive Impairment
10582990,Clinical severity in CADASIL related to ultrastructural damage in white matter: in vivo study with diffusion tensor MRI,,single study,yes,yes,yes,Dementia;Cerebral Small Vessel Disease
33998562,White matter connectivity for early prediction of Alzheimer's disease,,,no,no,no,Alzheimers Disease
28596117,Disrupted white matter structural networks in healthy older adult APOE ε4 carriers - An international multicenter DTI study,Corpus Callosum (body);Inferior Fronto-Occipital Fasciculus;Cingulum;External Capsule;Internal Capsule;Corpus Callosum (splenium);Corona Radiata (right);Posterior Thalamic Radiation (right);Corpus Callosum (genu);Inferior Longitudinal Fasciculus;Global;Superior Longitudinal Fasciculus (right),single study,yes,yes,no,Alzheimers Disease
26801955,The superficial white matter in Alzheimer's disease,Superficial White Matter,single study,yes,yes,yes,Alzheimers Disease
29992469,White matter correlates of temporal discounting in older adults,,single study,yes,yes,no,
33317422,White Matter Integrity Predicts Electrical Stimulation (tDCS) and Language Therapy Effects in Primary Progressive Aphasia,Inferior Fronto-Occipital Fasciculus;Superior Longitudinal Fasciculus;Uncinate Fasciculus,single study,yes,yes,yes,Primary Progressive Aphasia
23741425,Robust automated detection of microstructural white matter degeneration in Alzheimer's disease using machine learning classification of multicenter DTI data,Fornix;Corpus Callosum,single study,yes,yes,yes,Alzheimers Disease
34526957,Brain Network Integrity Changes in Subjective Cognitive Decline: A Possible Physiological Biomarker of Dementia,,single study,yes,yes,yes,Dementia;Mild Cognitive Impairment
39703304,Exploring Tractography: An Analysis of Brain Connectivity Patterns in Men,Superior Fronto-Occipital Fasciculus;Inferior Fronto-Occipital Fasciculus;Forceps Minor;Uncinate Fasciculus;Forceps Major;Anterior Thalamic Radiation;Corticospinal Tract;Inferior Longitudinal Fasciculus;Superior Longitudinal Fasciculus;Cingulum Bundle,single study,yes,yes,no,
33867969,White Matter Structural Network Analysis to Differentiate Alzheimer's Disease and Subcortical Ischemic Vascular Dementia,Inferior Fronto-Occipital Fasciculus;Cingulum Bundle,single study,yes,yes,yes,Dementia;Alzheimers Disease;Mild Cognitive Impairment;Vascular Dementia
33192454,"Inflammation, Cognition, and White Matter in Older Adults: An Examination by Race",Global,single study,yes,yes,no,
27047376,Hippocampal Pathway Plasticity Is Associated with the Ability to Form novel Memories in Older Adults,Uncinate Fasciculus;Fornix;Parahippocampal Cingulum,single study,yes,yes,no,
30837858,Diffusion MRI Indices and Their Relation to Cognitive Impairment in Brain Aging: The Updated Multi-protocol Approach in ADNI3,Inferior Fronto-Occipital Fasciculus;Fornix;Splenium of the Corpus Callosum;Uncinate Fasciculus;External Capsule;Full White Matter;Posterior Thalamic Radiation;Corticospinal Tract;Anterior Limb of Internal Capsule;Stria Terminalis;Genu of the Corpus Callosum;Corpus Callosum (full);Sagittal Stratum;Cingulum Bundle (hippocampal),single study,yes,yes,yes,Dementia;Alzheimers Disease;Mild Cognitive Impairment
37457665,The association of diffusion tensor MRI measures of normal appearing white matter and cognition,Global,single study,yes,yes,no,Cerebral Small Vessel Disease;Vascular Cognitive Impairment and Dementia;Mild Cognitive Impairment
21760989,"Joint assessment of structural, perfusion, and diffusion MRI in Alzheimer's disease and frontotemporal dementia",,single study,yes,yes,yes,Frontotemporal Dementia;Alzheimers Disease
34408645,White Matter Integrity Underlies the Physical-Cognitive Correlations in Subjective Cognitive Decline,Superior Fronto-Occipital Fasciculus;Superior Corona Radiata;Corticospinal Tract;Anterior Limb of Internal Capsule;Posterior Corona Radiata;Inferior Cerebellar Peduncle,single study,yes,yes,no,
39479180,Large-scale normative Modeling of Brain Microstructure,Superior Fronto-Occipital Fasciculus;Genu of Corpus Callosum;Posterior Limb of Internal Capsule;Body of Corpus Callosum;Anterior Limb of Internal Capsule;Posterior Thalamic Radiation;Cingulum of the Cingulate Gyrus;Sagittal Stratum;Superior Longitudinal Fasciculus;Superior Corona Radiata;Anterior Corona Radiata;Retrolenticular Part of Internal Capsule;Fornix;Tapetum of Corpus Callosum;Splenium of Corpus Callosum;Uncinate Fasciculus;External Capsule;Cingulum of the Hippocampus;Crus of the Fornix/Stria Terminalis;Posterior Corona Radiata,single study,yes,yes,yes,Alzheimers Disease;Mild Cognitive Impairment;Parkinson Disease
32425831,Age-Related Changes of Peak Width Skeletonized Mean Diffusivity (PSMD) Across the Adult Lifespan: A Multi-Cohort Study,Global,single study,yes,yes,no,
24367331,Structural hippocampal network alterations during healthy aging: a multi-modal MRI study,Fornix;Parahippocampal Cingulum;Medial Cingulum;Corticospinal Tract;Posterior Limb of the Internal Capsule;Arcuate Fasciculus;Cingulum Bundle,single study,yes,yes,no,
36479018,Associations between diffusion MRI microstructure and cerebrospinal fluid markers of Alzheimer's disease pathology and neurodegeneration along the Alzheimer's disease continuum,Global,single study,yes,yes,yes,Alzheimers Disease
25431558,Fractional anisotropy of the fornix and hippocampal atrophy in Alzheimer's disease,Fornix,,yes,no,yes,Alzheimers Disease
26413203,AUTOMATED MULTI-ATLAS LABELING OF THE FORNIX AND ITS INTEGRITY IN ALZHEIMER'S DISEASE,Fornix,single study,yes,yes,yes,Alzheimers Disease;Mild Cognitive Impairment
38712293,Microstructural Mapping of Neural Pathways in Alzheimer's Disease using Macrostructure-Informed normative Tractometry,Inferior Fronto-Occipital Fasciculus;Fornix;Corpus Callosum;Uncinate Fasciculus;Forceps Major;Corona Radiata;Cingulum Bundle,single study,yes,yes,yes,Dementia;Alzheimers Disease;Mild Cognitive Impairment
22545143,Assessing corpus callosum changes in Alzheimer's disease: comparison between tract-based spatial statistics and atlas-based tractography,Corpus Callosum,single study,yes,yes,yes,Alzheimers Disease;Mild Cognitive Impairment
18593276,Brain magnetic resonance imaging structural changes in a pedigree of asymptomatic progranulin mutation carriers,Left Uncinate Fasciculus;Left Inferior Fronto-Occipital Fasciculus;Arcuate Fasciculus,single study,yes,yes,yes,Dementia;Frontotemporal Dementia;Primary Progressive Aphasia
18246334,Diffusion abnormalities of the uncinate fasciculus in Alzheimer's disease: diffusion tensor tract-specific analysis using a new method to measure the core of the tract,Uncinate Fasciculus,single study,yes,yes,yes,Alzheimers Disease
26836182,Cerebrospinal Fluid Markers of Alzheimer's Disease Pathology and Microglial Activation are Associated with Altered White Matter Microstructure in Asymptomatic Adults at Risk for Alzheimer's Disease,Corona Radiata;Cingulum Bundle,single study,yes,yes,yes,Alzheimers Disease
23347602,Correlations between microstructural alterations and severity of cognitive deficiency in Alzheimer's disease and mild cognitive impairment: a diffusional kurtosis imaging study,,single study,yes,yes,yes,Alzheimers Disease;Mild Cognitive Impairment
25491469,The Uncinate Fasciculus as a Predictor of Conversion from Amnestic Mild Cognitive Impairment to Alzheimer Disease,Uncinate Fasciculus,single study,yes,yes,yes,Alzheimers Disease;Mild Cognitive Impairment
22685067,Relationship between apathy and diffusion tensor imaging metrics of the brain in Alzheimer's disease,,single study,yes,yes,yes,Alzheimers Disease
20164559,Diagnostic utility of novel MRI-based biomarkers for Alzheimer's disease: diffusion tensor imaging and deformation-based morphometry,Inferior Fronto-Occipital Fasciculus;Corpus Callosum;Anterior Cingulum Bundle;Superior Longitudinal Fasciculus,single study,yes,yes,yes,Alzheimers Disease
23586325,Motor and extramotor neurodegeneration in amyotrophic lateral sclerosis: a 3T high angular resolution diffusion imaging (HARDI) study,Genu of Corpus Callosum;Corpus Callosum;Splenium of Corpus Callosum;Uncinate Fasciculus;Fronto-Occipital Fasciculus;Corticospinal Tract;Body of Corpus Callosum;Superior Longitudinal Fasciculus,single study,yes,yes,no,
31747967,"Testing the therapeutic effects of transcranial direct current stimulation (tDCS) in semantic dementia: a double blind, sham controlled, randomized clinical trial",Inferior Fronto-Occipital Fasciculus;Corpus Callosum;Uncinate Fasciculus;Inferior Longitudinal Fasciculus;Superior Longitudinal Fasciculus,single study,yes,yes,yes,Dementia;Frontotemporal Dementia;Primary Progressive Aphasia
21816921,Altered microstructure in corticospinal tract in idiopathic normal pressure hydrocephalus: comparison with Alzheimer disease and Parkinson disease with dementia,Corticospinal Tract,single study,yes,yes,yes,Alzheimers Disease;Idiopathic Normal Pressure Hydrocephalus;Parkinson'S Disease Dementia
24657781,Multi-site study of additive genetic effects on fractional anisotropy of cerebral white matter: Comparing meta and megaanalytical approaches for data pooling,Global;Corpus Callosum,single study,yes,yes,no,
22768288,Sexual dimorphism in healthy aging and mild cognitive impairment: a DTI study,Corpus Callosum;Parahippocampal Tract;Forceps Minor;Uncinate Fasciculus;Forceps Major;Anterior Thalamic Radiation;Inferior Longitudinal Fasciculus;Superior Longitudinal Fasciculus,single study,yes,yes,no,Mild Cognitive Impairment
31092880,"Food knowledge depends upon the integrity of both sensory and functional properties: a VBM, TBSS and DTI tractography study","Corpus Callosum (anterior);Cingulum (right);Inferior Longitudinal Fasciculus (left);Inferior Fronto-Occipital Fasciculus;Arcuate Fasciculus (posterior segment, left);Corticospinal Tract",single study,yes,yes,yes,Behavioral Variant Frontotemporal Dementia;Alzheimers Disease;Primary Progressive Aphasia
17633702,Incorporating DTI data as a constraint in deformation tensor morphometry between T1 MR images,,single study,yes,no,no,
22594996,Modeling the interactions of Alzheimer-related genes from the whole brain microarray data and diffusion tensor images of human brain,,single study,yes,yes,no,Alzheimers Disease
24136984,"Relationship between cerebrospinal fluid flow, ventricles morphology, and DTI properties in internal capsules: differences between Alzheimer's disease and normal-pressure hydrocephalus",Internal Capsule,single study,yes,yes,yes,Idiopathic Normal Pressure Hydrocephalus;Alzheimers Disease
18975047,Diffusion abnormality in posterior cingulate fiber tracts in Alzheimer's disease: tract-specific analysis,(Posterior) Cingulum Bundle,single study,yes,yes,yes,Alzheimers Disease
30440340,Alzheimer'S Disease Classification Using Bag-Of-Words Based On Visual Pattern Of Diffusion Anisotropy For DTI Imaging,,single study,yes,yes,yes,Alzheimers Disease;Mild Cognitive Impairment
20979788,[Multi-modality magnetic resonance imaging features of cognitive function in mild cognitive impairment],,single study,no,yes,no,Mild Cognitive Impairment
27714552,"Mapping temporo-parietal and temporo-occipital cortico-cortical connections of the human middle longitudinal fascicle in subject-specific, probabilistic, and stereotaxic Talairach spaces",STG(MdLF)PCN;STG(MdLF)CN;STG(MdLF)LOCC;Middle Longitudinal Fascicle (MdLF);STG(MdLF)SMG;STG(MdLF)AG;STG(MdLF)SPL,single study,yes,yes,no,
22027780,[Diffusion characteristics of subcortical structures in patients with subcortical ischemic vascular disease and its correlation to cognitive function],,,no,no,no,
36440281,"Peak width of skeletonized mean diffusivity in cerebral amyloid angiopathy: Spatial signature, cognitive, and neuroimaging associations",Global,single study,yes,yes,no,Cerebral Small Vessel Disease;Cerebral Amyloid Angiopathy
38854000,Longitudinal Assessment of Glymphatic Changes Following Mild Traumatic Brain Injury: Insights from PVS burden and DTI-ALPS Imaging,Global,single study,yes,yes,no,
32671621,The relationship of parental longevity with the aging brain-results from UK Biobank,Inferior Fronto-Occipital Fasciculus;Cingulum (parahippocampal part);Uncinate Fasciculus;Anterior Thalamic Radiation;Posterior Thalamic Radiation;Superior Thalamic Radiation;Cingulum (cingulate part);Inferior Longitudinal Fasciculus;Superior Longitudinal Fasciculus,single study,yes,yes,no,Cerebral Small Vessel Disease
28293162,Ensemble Classification of Alzheimer's Disease and Mild Cognitive Impairment Based on Complex Graph Measures from Diffusion Tensor Images,,single study,yes,yes,yes,Alzheimers Disease;Mild Cognitive Impairment
31507085,(11) C-PK11195 PET imaging and white matter changes in Parkinson's disease dementia,,single study,yes,yes,yes,Dementia;Parkinson'S Disease Dementia
29283048,Compensatory Shift of Subcallosal Area and Paraterminal Gyrus White Matter Parameters on DTI in Patients with Alzheimer Disease,,single study,yes,yes,yes,Alzheimers Disease
19847044,Diffusion tensor imaging in Alzheimer's disease and mild cognitive impairment,,review,yes,yes,yes,Alzheimers Disease;Mild Cognitive Impairment;Vascular Dementia
26536311,White Matter Degeneration with Aging: Longitudinal Diffusion MR Imaging Analysis,Fornix;Sensorimotor Pathway;Internal Capsule;Global;Corona Radiata,single study,yes,yes,no,Mild Cognitive Impairment
24583036,Diffusion tensor imaging of white matter degeneration in Alzheimer's disease and mild cognitive impairment,,single study,yes,yes,yes,Alzheimers Disease;Mild Cognitive Impairment
27938433,Deep microbleeds and periventricular white matter disintegrity are independent predictors of attention/executive dysfunction in non-dementia patients with small vessel disease,External Capsule;Corpus Callosum;Internal Capsule,single study,yes,yes,no,Vascular Cognitive Impairment and Dementia;Cerebral Small Vessel Disease;Mild Cognitive Impairment
28066707,Longitudinal changes in microstructural white matter metrics in Alzheimer's disease,Cingulum;Corpus Callosum;Fornix;Uncinate Fasciculus;Inferior Longitudinal Fasciculus;Hippocampal Cingulum;Superior Longitudinal Fasciculus,single study,yes,yes,yes,Alzheimers Disease
28234631,DTI measurements for Alzheimer's classification,,single study,yes,yes,yes,Alzheimers Disease;Mild Cognitive Impairment
39088212,ω-3 PUFA for Secondary Prevention of White Matter Lesions and Neuronal Integrity Breakdown in Older Adults: A Randomized Clinical Trial,Global,single study,yes,yes,yes,Dementia;Cerebral Small Vessel Disease;Mild Cognitive Impairment
12975695,Diffusion MRI studies in vascular cognitive impairment and dementia,,,yes,no,yes,Dementia;Vascular Cognitive Impairment and Dementia
34891164,Hippocampus- and thalamus-related fiber-specific white matter reductions in mild cognitive impairment,Fornix;Anterior Limb of Internal Capsule (ALIC);Anterior Thalamic Radiation;Superior Corona Radiata (SCR);slMFB,single study,yes,yes,no,Mild Cognitive Impairment
23179680,Patterns of white matter injury in HIV infection after partial immune reconstitution: a DTI tract-based spatial statistics study,Inferior Fronto-Occipital Fasciculus;Corpus Callosum;Body of the Corpus Callosum;Splenium of the Corpus Callosum;External Capsule;Cingulum Bundle (anterior);Internal Capsule;Posterior Thalamic Radiation;Inferior Longitudinal Fasciculus;Superior Longitudinal Fasciculus,single study,yes,yes,no,
37582307,Mixed longitudinal and cross-sectional analyses of deep gray matter and white matter using diffusion weighted images in premanifest and manifest Huntington's disease,Inferior Fronto-Occipital Fasciculus;Corpus Callosum;Superior Corona Radiata;Uncinate Fasciculus;Middle Cerebellar Peduncle;Posterior Limb of Internal Capsule;Retrolenticular Internal Capsule;Posterior Thalamic Radiation;Anterior Limb of Internal Capsule;Posterior Corona Radiata;Anterior Corona Radiata;Cerebral Peduncle;Sagittal Stratum;Superior Longitudinal Fasciculus,single study,yes,yes,no,
35612774,Association of cerebral microvascular dysfunction and white matter injury in Alzheimer's disease,,single study,yes,yes,yes,Cerebral Amyloid Angiopathy;Cerebral Small Vessel Disease;Vascular Cognitive Impairment and Dementia;Alzheimers Disease
35908307,Determining the OPTIMAL DTI analysis method for application in cerebral small vessel disease,,single study,yes,yes,yes,Small Vessel Ischemic Disease;Cerebral Small Vessel Disease;Dementia;Mild Cognitive Impairment;Vascular Dementia;Alzheimers Disease
26236629,White matter tract signatures of impaired social cognition in frontotemporal lobar degeneration,Inferior Fronto-Occipital Fasciculus;Fornix;Corpus Callosum;Uncinate Fasciculus;Anterior Thalamic Radiation;Inferior Longitudinal Fasciculus;Sagittal Stratum;Superior Longitudinal Fasciculus;Cingulum Bundle,single study,yes,yes,yes,Behavioral Variant Frontotemporal Dementia;Semantic Variant Of Primary Progressive Aphasia;Dementia
29084064,New insights into cerebral small vessel disease and vascular cognitive impairment from MRI,,review,no,no,no,Vascular Cognitive Impairment and Dementia;Cerebral Small Vessel Disease
33935073,Structural Gray and White Matter Correlates of Awareness in Alzheimer's Disease,Forceps Minor;Cingulum Bundle,single study,yes,yes,yes,Alzheimers Disease
23161191,Diffusion tensor imaging in Alzheimer disease and mild cognitive impairment,,review,yes,yes,yes,Dementia;Alzheimers Disease;Mild Cognitive Impairment
36854050,Local white matter abnormalities in Parkinson's disease with mild cognitive impairment: Assessed with neurite orientation dispersion and density imaging,,,no,no,no,Mild Cognitive Impairment;Parkinson Disease
31306117,Relationships Between Diffusion Tensor Imaging and Cerebrospinal Fluid Metrics in Early Stages of the Alzheimer's Disease Continuum,,,yes,no,yes,Alzheimers Disease
25367029,White matter involvement in sporadic Creutzfeldt-Jakob disease,Global;Internal Capsule,single study,yes,yes,yes,
28222523,Anomalous White Matter Structure and the Effect of Age in Down Syndrome Patients,Left Arcuate Fasciculus;Right External Capsule,single study,yes,yes,no,
28978655,Change in multimodal MRI markers predicts dementia risk in cerebral small vessel disease,,,no,no,yes,Cerebral Small Vessel Disease
21971468,DTI analyses and clinical applications in Alzheimer's disease,,,yes,no,yes,Alzheimers Disease
25340651,Deep white matter in Huntington's disease,Inferior Fronto-Occipital Fasciculus;Uncinate Fasciculus;Anterior Thalamic Radiation;Arcuate Fasciculus;Inferior Longitudinal Fasciculus;Superior Longitudinal Fasciculus;Cingulum Bundle,single study,yes,yes,no,
38365046,Cognitively healthy APOE4/4 carriers show white matter impairment associated with serum NfL and amyloid-PET,Genu of Corpus Callosum;Cingulum Bundle (cingulate gyrus);Splenium of Corpus Callosum;Cingulum Bundle (hippocampal projections);Uncinate Fasciculus;Internal Capsule;Body of Corpus Callosum;Posterior Thalamic Radiation;Posterior Corona Radiata;Superior Longitudinal Fasciculus,single study,yes,yes,no,Alzheimers Disease
26691551,White matter structure alterations in HIV-1-infected men with sustained suppression of viraemia on treatment,,single study,yes,yes,no,
33032831,Cerebral microinfarcts disruption of remote cortical thickness,,single study,yes,yes,no,Cerebral Amyloid Angiopathy;Cerebral Small Vessel Disease;Dementia;Vascular Dementia;Vascular Cognitive Impairment and Dementia
30502079,Cerebrospinal fluid biomarkers of neurofibrillary tangles and synaptic dysfunction are associated with longitudinal decline in white matter connectivity: A multi-resolution graph analysis,,review,no,yes,yes,Dementia;Alzheimers Disease
32925045,White Matter Changes on Diffusion Tensor Imaging in the FINGER Randomized Controlled Trial,Global,single study,yes,yes,no,
33551234,Association of White Matter Integrity With Executive Function and Antidepressant Treatment Outcome in Patients With Late-Life Depression,Superior Longitudinal Fasciculus (temporal part);Inferior Fronto-Occipital Fasciculus;Uncinate Fasciculus;Anterior Thalamic Radiation;Forceps Major;Corticospinal Tract;Inferior Longitudinal Fasciculus;Superior Longitudinal Fasciculus,single study,yes,yes,no,
33454416,Proximity to dementia onset and multi-modal neuroimaging changes: The prevent-dementia study,Corpus Callosum;Inferior Longitudinal Fasciculus;Genu of the Corpus Callosum;Superior Longitudinal Fasciculus;Cingulum Bundle,single study,yes,yes,yes,Dementia;Alzheimers Disease;Mild Cognitive Impairment
30659829,"White matter lesions, cerebral inflammation and cognitive function in a mouse model of cerebral hypoperfusion",,single study,yes,no,no,Cerebral Small Vessel Disease;Vascular Dementia
19828477,A comparative analysis of cognitive profiles and white-matter alterations using voxel-based diffusion tensor imaging between patients with Parkinson's disease dementia and dementia with Lewy bodies,Cingulum Bundle,single study,yes,yes,yes,Lewy Body Dementia;Parkinson'S Disease Dementia
27624391,Diffusion imaging studies of Huntington's disease: A meta-analysis,,review,yes,yes,no,
21843379,Other magnetic resonance imaging techniques,,,no,no,no,
23919775,Application of multimodal MR imaging on studying Alzheimer's disease: a survey,,,no,no,no,
19419776,Alzheimer's disease (AD) and executive dysfunction. A case-control study on the significance of frontal white matter changes detected by diffusion tensor imaging (DTI),,single study,yes,yes,yes,Alzheimers Disease
32924608,Degeneration of gray and white matter differs between hypometabolic and hypermetabolic brain regions in a patient with ALS-FTD: a longitudinal MRI - PET multimodal study,,single study,no,yes,yes,Frontotemporal Dementia;Primary Progressive Aphasia
30063250,In vivo characterization of white matter pathology in premanifest huntington's disease,Corpus Callosum (body);Internal Capsule (anterior limb);External Capsule;Internal Capsule (posterior limb);Corpus Callosum (splenium);Corpus Callosum (genu),single study,yes,yes,no,
39934085,Neuroimaging Findings in nondemented Frail Individuals: A Systematic Review,,review,yes,yes,no,Cerebral Small Vessel Disease;Dementia;Mild Cognitive Impairment;Vascular Dementia;Vascular Cognitive Impairment and Dementia;Alzheimers Disease
29159043,Neuroimaging and other modalities to assess Alzheimer's disease in Down syndrome,,single study,yes,yes,yes,Alzheimers Disease
31030675,White Matter Damage in the Semantic Variant of Primary Progressive Aphasia,Uncinate Fasciculus;External Capsule;Superior Longitudinal Fasciculus,single study,yes,yes,yes,Semantic Variant Of Primary Progressive Aphasia
33879062,White matter microstructure associations with episodic memory in adults with Down syndrome: a tract-based spatial statistics study,,single study,yes,yes,yes,Dementia;Alzheimers Disease;Mild Cognitive Impairment
34332220,Age affects white matter microstructure and episodic memory across the older adult lifespan,Fornix Cres;Genu of Corpus Callosum;Superior Cingulum;Splenium of Corpus Callosum;Posterior Thalamic Radiations;Uncinate Fasciculus;External Capsule;Fronto-Occipital Fasciculus;Inferior Sagittal Stratum;Internal Capsule;Body of Corpus Callosum;Hippocampal Cingulum;Fornix Body;Corona Radiata;Superior Longitudinal Fasciculus,single study,yes,yes,no,
35568345,Free water diffusion MRI and executive function with a speed component in healthy aging,Cingulum Bundle (dorsal);Cingulum Bundle (ventral);Frontal Aslant Tract;Superior Longitudinal Fasciculus II;Corticospinal Tract;Corpus Callosum (body temporal);Corpus Callosum (body parietal);Extreme Capsule;Middle Longitudinal Fasciculus;Corpus Callosum (body central);Corpus Callosum (body prefrontal);Acoustic Radiation;Superior Longitudinal Fasciculus III;Superior Longitudinal Fasciculus I;Corpus Callosum (splenium);Optic Radiation;Corpus Callosum (body premotor);Corpus Callosum (genu);Inferior Longitudinal Fasciculus;Anterior Commissure;Fornix;Uncinate Fasciculus;Anterior Thalamic Radiation;Corpus Callosum (rostrum);Arcuate Fasciculus,single study,yes,yes,no,
30094168,Single-subject classification of presymptomatic frontotemporal dementia mutation carriers using multimodal MRI,,single study,yes,yes,yes,Behavioral Variant Frontotemporal Dementia;Frontotemporal Dementia;Dementia
32062565,Systems modeling of white matter microstructural abnormalities in Alzheimer's disease,Inferior Fronto-Occipital Fasciculus;Sagittal Stratum;Cingulum Bundle,single study,yes,yes,yes,Alzheimers Disease;Mild Cognitive Impairment
29353280,Microstructure of Strategic White Matter Tracts and Cognition in Memory Clinic Patients with Vascular Brain Injury,Superior longitudinal fasciculus;Inferior fronto‑occipital fasciculus;Forceps major;Inferior longitudinal fasciculus;Anterior thalamic radiation;Uncinate fasciculus;Forceps minor;Cingulum (hippocampal);Cingulum (cingulate gyrus),single study,yes,yes,yes,Cerebral Small Vessel Disease;Dementia;Mild Cognitive Impairment;Vascular Dementia;Vascular Cognitive Impairment and Dementia;Alzheimers Disease
38715429,Diabetes-related clinical and microstructural white matter changes in patients with Alzheimer's disease,Inferior Fronto-Occipital Fasciculus;Fornix;Corpus Callosum;Splenium of the Corpus Callosum;External Capsule;Uncinate Fasciculus;Superior Longitudinal Fasciculus (left);Genu of the Corpus Callosum,single study,yes,yes,yes,Alzheimers Disease
29054917,Longitudinal diffusion imaging across the C9orf72 clinical spectrum,Corpus Callosum - Splenium;Left Corticospinal Tract;Left Uncinate Fasciculus;Right Uncinate Fasciculus;Right Corticospinal Tract;Corpus Callosum - Genu;Corpus Callosum - Motor;Corpus Callosum - Pre-motor,single study,yes,yes,yes,Behavioral Variant Frontotemporal Dementia
26116521,Simultaneous changes in gray matter volume and white matter fractional anisotropy in Alzheimer's disease revealed by multimodal CCA and joint ICA,Corona Radiata;Corpus Callosum;Superior Longitudinal Fasciculus;Cingulum Bundle,single study,yes,yes,yes,Alzheimers Disease
32524428,Reproducible Evaluation of Diffusion MRI Features for Automatic Classification of Patients with Alzheimer's Disease,,single study,yes,yes,yes,Alzheimers Disease;Mild Cognitive Impairment
34271425,Diffusion along perivascular spaces reveals evidence supportive of glymphatic function impairment in Parkinson disease,,single study,yes,yes,no,Parkinson Disease
30036759,Neurofilament relates to white matter microstructure in older adults,Corona Radiata;Superior Corona Radiata;Anterior Corona Radiata,single study,yes,yes,no,Mild Cognitive Impairment
39160467,White matter structure and derived network properties are used to predict the progression from mild cognitive impairment of older adults to Alzheimer's disease,Corpus Callosum;Fornix;Uncinate Fasciculus;Inferior Longitudinal Fasciculus;Middle Cerebellar Peduncle;Internal Capsule;Hippocampal Cingulum Bundle,single study,yes,yes,yes,Alzheimers Disease;Mild Cognitive Impairment
26239997,Cardiorespiratory fitness and white matter integrity in Alzheimer's disease,Uncinate Fasciculus;Inferior Fronto-Occipital Fasciculus;Superior Longitudinal Fasciculus;Cingulum Bundle,single study,yes,yes,yes,Dementia;Alzheimers Disease;Mild Cognitive Impairment
35696810,Causal structure discovery identifies risk factors and early brain markers related to evolution of white matter hyperintensities,Inferior Temporal White Matter;Inferior Fronto-Occipital Fasciculus;Cingulum;Body of the Corpus Callosum;Splenium of the Corpus Callosum;Uncinate Fasciculus;Parahippocampal Cingulum;Corticospinal Tract;Posterior Limb of the Internal Capsule;Anterior Limb of the Internal Capsule;Genu of the Corpus Callosum;Superior Longitudinal Fasciculus,single study,yes,yes,no,
30264168,White matter involvement in young non-demented Down's syndrome subjects: a tract-based spatial statistic analysis,Inferior Fronto-Occipital Fasciculus;Cingulum;Corpus Callosum;Uncinate Fasciculus;Forceps major;Anterior Thalamic Radiation;Corticospinal Tract;Forceps minor;Inferior Longitudinal Fasciculus;Superior Longitudinal Fasciculus,single study,yes,yes,no,
37957768,Divergent brain regional atrophy and associated fiber disruption in amnestic and non-amnestic MCI,Inferior Fronto-Occipital Fasciculus;Anterior Thalamic Radiation;Superior Longitudinal Fasciculus,single study,yes,yes,no,Mild Cognitive Impairment
27079832,"Longitudinal assessment of subcortical gray matter volume, cortical thickness, and white matter integrity in HIV-positive patients",Body of the Corpus Callosum;Superior Corona Radiata;Splenium of the Corpus Callosum;Posterior limb of the Internal Capsule;Optic Radiation;Inferior Longitudinal Fasciculus;Corona Radiata;Genu of the Corpus Callosum,single study,yes,yes,no,
38100518,Free Water MR Imaging of White Matter Microstructural Changes is a Sensitive Marker of Amyloid Positivity in Alzheimer's Disease,Global,single study,yes,yes,yes,Alzheimers Disease
30355607,Neurite density is reduced in the presymptomatic phase of C9orf72 disease,Corticospinal Tract;Uncinate Fasciculus;Inferior Fronto-Occipital Fasciculus,single study,yes,yes,yes,Frontotemporal Dementia
22576896,Cerebral white matter disruption in Creutzfeldt-Jakob disease,Corpus Callosum;Cerebellar Peduncles;External Capsule;Cerebral Peduncles;Internal Capsule;Corticospinal Tract,single study,yes,yes,yes,Dementia
26899784,Financial literacy is associated with white matter integrity in old age,,single study,yes,yes,no,
21512742,White matter involvement in idiopathic normal pressure hydrocephalus: a voxel-based diffusion tensor imaging study,SOFF;Corpus Callosum;Anterior limb of the internal capsule;Corticospinal Tract;Corona Radiata;Superior Longitudinal Fasciculus,single study,yes,yes,yes,Alzheimers Disease;Idiopathic Normal Pressure Hydrocephalus;Parkinson Disease
32791876,Diffuse white matter loss in a transgenic rat model of cerebral amyloid angiopathy,,single study,yes,no,no,Cerebral Small Vessel Disease;Cerebral Amyloid Angiopathy
28291839,Microstructural white matter alterations in preclinical Alzheimer's disease detected using free water elimination diffusion tensor imaging,Fornix;Corpus Callosum;Cingulum Bundle,single study,yes,yes,yes,Alzheimers Disease
21152911,White matter hyperintensities and changes in white matter integrity in patients with Alzheimer's disease,Anterior Internal Capsule;Posterior Internal Capsule;Frontopontine (corticofugal) fibers;Thalamocortical fibers,single study,yes,yes,yes,Alzheimers Disease
30429273,White matter abnormalities in the corpus callosum with cognitive impairment in Parkinson disease,Corpus Callosum,single study,yes,yes,yes,Mild Cognitive Impairment;Parkinson'S Disease Dementia;Parkinson Disease
36048971,White matter integrity and key structures affected in Alzheimer's disease characterized by diffusion tensor imaging,Fornix-Stria Terminalis (FX-ST);Genu of Corpus Callosum;Inferior Fronto-Occipital Fasciculus;Superior Fronto-Occipital Fasciculus;Posterior Limb of Internal Capsule;Body of Corpus Callosum;Corticospinal Tract;Anterior Limb of Internal Capsule;Tapetum;Internal Capsule;Posterior Thalamic Radiation;Superior Cerebellar Peduncle;Inferior Longitudinal Fasciculus;Sagittal Stratum;Superior Longitudinal Fasciculus;Cingulum (Cingulate Gyrus);Medial Lemniscus;Superior Corona Radiata;Inferior Cerebellar Peduncle;Anterior Corona Radiata;Cerebral Peduncle;Cingulum (Hippocampus);Retrolenticular Part of Internal Capsule;Fornix;Corpus Callosum;Splenium of Corpus Callosum;Uncinate Fasciculus;External Capsule;Posterior Corona Radiata;Corona Radiata,single study,yes,yes,yes,Alzheimers Disease
23432714,Diffusion tensor imaging to determine effects of antidementive treatment on cerebral structural connectivity in Alzheimer's disease,,review,yes,yes,yes,Alzheimers Disease
36063346,Multi-modality MRI for Alzheimer's disease detection using deep learning,,single study,yes,yes,yes,Alzheimers Disease;Mild Cognitive Impairment
21182970,DTI measures in crossing-fibre areas: increased diffusion anisotropy reveals early white matter alteration in MCI and mild Alzheimer's disease,Corpus Callosum;Uncinate Fasciculus;Cingulum Bundle;Corticospinal Tract;Corticopontine Tract;Superior Thalamic Radiation;Superior Longitudinal Fasciculus;Anterior Commissure,single study,yes,yes,yes,Dementia;Alzheimers Disease;Mild Cognitive Impairment
31279793,Effect of aerobic exercise on white matter microstructure in the aging brain,Left Anterior Thalamic Radiation;Left Inferior Fronto-Occipital Fasciculus;Left Superior Longitudinal Fasciculus;Left Anterior Corona Radiata;Left Uncinate Fasciculus;Left Forceps Major;Global;Left Inferior Longitudinal Fasciculus,single study,yes,yes,no,
28108320,Modulation on brain gray matter activity and white matter integrity by APOE ε4 risk gene in cognitively intact elderly: A multimodal neuroimaging study,Genu of Corpus Callosum;Superior Corona Radiata,single study,yes,yes,yes,Alzheimers Disease
34581847,(18)F-florbetapir PET as a marker of myelin integrity across the Alzheimer's disease spectrum,,single study,yes,yes,yes,Dementia;Prodromal Alzheimers Disease;Alzheimers Disease;Mild Cognitive Impairment
26923015,White Matter Abnormalities Track Disease Progression in PSEN1 Autosomal Dominant Alzheimer's Disease,Fornix;Cingulum;Corpus Callosum;Anterior Corona Radiata,single study,yes,yes,yes,Autosomal Dominant Alzheimer'S Disease
34961443,White Matter Microstructure is Associated with Serum Clusterin and Everyday Functioning in a Sample of nondemented Older Adults,,,no,yes,no,
27384985,Quantitative T2 mapping of white matter: applications for ageing and cognitive decline,Inferior Fronto-Occipital Fasciculus;Forceps Minor;Anterior Thalamic Radiation;Corticospinal Tract;Inferior Longitudinal Fasciculus;Temporal part of the Superior Longitudinal Fasciculus;Superior Longitudinal Fasciculus,single study,yes,yes,yes,Alzheimers Disease;Mild Cognitive Impairment
39294052,"Integrative MR Imaging Interpretation in Cognitive Impairment with Alzheimer's Disease, Small Vessel Disease, and Glymphatic Function-Related MR Parameters",,single study,yes,yes,yes,Dementia;Cerebral Small Vessel Disease;Alzheimers Disease;Mild Cognitive Impairment
34775867,White matter damage due to pulsatile versus steady blood pressure differs by vascular territory: A cross-sectional analysis of the UK Biobank cohort study,Medial Lemniscus;Splenium of the Corpus Callosum;Middle Cerebellar Peduncle;Hippocampal part of the Cingulum;Corticospinal Tract;Superior Cerebellar Peduncle;Inferior Cerebellar Peduncle;Cerebral Peduncle;Pontine Crossing Tract,single study,yes,yes,no,
22700749,FLAIR and diffusion MRI signals are independent predictors of white matter hyperintensities,,single study,yes,yes,yes,Alzheimers Disease;Mild Cognitive Impairment
24448846,White matter integrity and cognition in Parkinson's disease: a cross-sectional study,Corticospinal Tract;Corpus Callosum;Cingulum Bundle,single study,yes,yes,yes,Alzheimers Disease;Mild Cognitive Impairment
39214853,Temporal dynamics of white and gray matter plasticity during motor skill acquisition: a comparative diffusion tensor imaging and multiparametric mapping analysis,Superior Corona Radiata;Crus Cerebri;Internal Capsule;Corticospinal Tract;Cerebral Peduncle,single study,yes,yes,no,
25610761,Increased cortical curvature reflects white matter atrophy in individual patients with early multiple sclerosis,Global;Corpus Callosum,single study,yes,yes,yes,Alzheimers Disease
26443926,Neuropsychiatry and White Matter Microstructure in Huntington's Disease,Global;Splenium of the Corpus Callosum;Corpus Callosum;Body of the Corpus Callosum,single study,yes,yes,no,
29158187,White matter structural integrity and transcranial Doppler blood flow pulsatility in normal aging,,single study,yes,yes,no,
19376246,White matter abnormalities revealed by diffusion tensor imaging in non-demented and demented HIV+ patients,Corpus Callosum;Internal Capsule (posterior limb);Internal Capsule;Corpus Callosum (splenium);Optic Radiations;Corpus Callosum (genu);Corona Radiata,single study,yes,yes,yes,Dementia
24330534,The role of diffusion tensor imaging in detecting microstructural changes in prodromal Alzheimer's disease,,review,yes,yes,yes,Dementia;Prodromal Alzheimers Disease;Alzheimers Disease;Mild Cognitive Impairment
29226864,Cardiorespiratory Fitness and White Matter Neuronal Fiber Integrity in Mild Cognitive Impairment,Uncinate Fasciculus;Corpus Callosum;Superior Longitudinal Fasciculus;Cingulum Bundle,single study,yes,yes,yes,Mild Cognitive Impairment
26484929,Divergent Longitudinal Propagation of White Matter Degradation in Logopenic and Semantic Variants of Primary Progressive Aphasia,Uncinate Fasciculus;Corpus Callosum;Superior Longitudinal Fasciculus;Inferior Longitudinal Fasciculus,single study,yes,yes,yes,Dementia;Primary Progressive Aphasia
34888964,Microstructural changes in prodromal dementia with Lewy bodies compared to normal ageing: Multiparametric quantitative MRI evidences,,single study,yes,yes,yes,Lewy Body Dementia
39793681,A systematic review of diffusion tensor imaging and tractography in dementia with Lewy bodies and Parkinson's disease dementia,,review,no,no,yes,Idiopathic Normal Pressure Hydrocephalus;Parkinson'S Disease Dementia;Dementia;Mild Cognitive Impairment;Alzheimers Disease
35942744,Coupling analysis between functional and structural brain networks in Alzheimer's disease,,single study,yes,yes,yes,Alzheimers Disease;Mild Cognitive Impairment
35850650,Application of Diffusion Tensor Imaging Based on Automatic Fiber Quantification in Alzheimer's Disease,,,yes,no,yes,Alzheimers Disease
31585367,Tracking white matter degeneration in asymptomatic and symptomatic MAPT mutation carriers,Inferior Fronto-Occipital Fasciculus;Anterior Corona Radiata;Fornix;Corpus Callosum;Superior Corona Radiata;Uncinate Fasciculus;Perforant Pathway;Corticospinal Tract;Anterior Limb of Internal Capsule;Entorhinal White Matter;Sagittal Stratum;Cingulum Bundle,single study,yes,yes,yes,Frontotemporal Dementia;Primary Progressive Aphasia;Dementia;Mild Cognitive Impairment;Behavioral Variant Frontotemporal Dementia
37670319,Neurodegeneration or dysfunction in Phelan-McDermid syndrome? A multimodal approach with CSF and computational MRI,Splenium of the Corpus Callosum;Corticospinal Tract;Cingulum Bundle (Dorsal/Posterior),single study,yes,yes,no,
39132759,Leptin bioavailability and markers of brain atrophy and vascular injury in the middle age,Global,single study,yes,yes,no,Dementia;Cerebral Small Vessel Disease;Vascular Cognitive Impairment and Dementia;Alzheimers Disease
24282593,Associations between white matter microstructure and cognitive performance in old and very old age,Inferior Fronto-Occipital Fasciculus;Cingulum (cingulate gyrus part);Forceps Minor;Forceps Major;Corticospinal Tract;Cingulum (hippocampal part);Superior Longitudinal Fasciculus,single study,yes,yes,no,
24838230,Cognitive impairments associated with periventricular white matter hyperintensities are mediated by cortical atrophy,Corpus Callosum,single study,yes,yes,no,
38796858,Loss of white matter integrity mediates the association between cortical cerebral microinfarcts and cognitive dysfunction: A longitudinal study,Global,single study,yes,yes,no,Cerebral Small Vessel Disease;Mild Cognitive Impairment
32814228,"Diffusion imaging in dementia with Lewy bodies: Associations with amyloid burden, atrophy, vascular factors and clinical features",Inferior Fronto-Occipital Fasciculus;Corpus Callosum;Fornix;Uncinate Fasciculus;Internal Capsule;Stria Terminalis;Corona Radiata;Superior Longitudinal Fasciculus;Sagittal Stratum,single study,yes,yes,yes,Lewy Body Dementia;Alzheimers Disease
29276677,Cross-sectional variations of white and grey matter in older hypertensive patients with subjective memory complaints,Global,single study,yes,yes,no,
23839862,In vivo parahippocampal white matter pathology as a biomarker of disease progression to Alzheimer's disease,Parahippocampal White Matter;Perforant Pathway;Angular Bundle;Cerebral Peduncle,single study,yes,yes,yes,Dementia;Alzheimers Disease;Mild Cognitive Impairment
32310161,Structural Brain Changes in Pre-Clinical FTD MAPT Mutation Carriers,Uncinate Fasciculus,single study,yes,yes,yes,Frontotemporal Dementia
37284868,Presumed periventricular venous infarction on magnetic resonance imaging and its association with increased white matter edema in CADASIL,,single study,yes,yes,no,Cerebral Small Vessel Disease
32170607,White matter changes from mild cognitive impairment to Alzheimer's disease: a meta-analysis,,review,yes,yes,yes,Alzheimers Disease;Mild Cognitive Impairment
29236820,Integrity of white matter structure is related to episodic memory performance in the low-educated elderly,Uncinate Fasciculus;Superior Longitudinal Fasciculus;Cingulum (hippocampal part),single study,yes,yes,no,
38538220,Association of Retinal Nerve Fiber Layer Thickness with Brain Microstructural Changes in Participants with White Matter Hyperintensities,Corpus Callosum;Superior Longitudinal Fasciculus;Splenium of Corpus Callosum,single study,yes,yes,no,Cerebral Small Vessel Disease
33067382,"normalization of Cerebral Blood Flow, Neurochemicals, and White Matter Integrity after Kidney Transplantation",,single study,yes,yes,no,
35226303,Plasma neurofilament light levels correlate with white matter damage prior to Alzheimer's disease: results from ADNI,Cingulum;Corpus Callosum;Thalamic Radiation;Fornix;Splenium of the Corpus Callosum;Uncinate Fasciculus;Fronto-Occipital Fasciculus;Anterior Thalamic Radiation;Genu of the Corpus Callosum;Internal Capsule;Hippocampal Cingulum;Dorsal Cingulum Bundle;Corona Radiata;Superior Longitudinal Fasciculus;Sagittal Stratum,single study,yes,yes,no,Mild Cognitive Impairment
32898610,Diffusion Tensor Imaging-Based Analysis of Baseline Neurocognitive Function and Posttreatment White Matter Changes in Pediatric Patients With Craniopharyngioma Treated With Surgery and Proton Therapy,Corticospinal Tract;Corpus Callosum;Cingulum Bundle;Cerebellar tracts,single study,yes,yes,no,
25497085,Longitudinal change in white matter microstructure in Huntington's disease: The IMAGE-HD study,Genu of Corpus Callosum;Middle Cingulum;Corpus Callosum;Splenium of Corpus Callosum;Body of Corpus Callosum;Cingulum Bundle,single study,yes,yes,no,
25374100,Effects of amyloid and small vessel disease on white matter network disruption,Global,single study,yes,yes,yes,Cerebral Small Vessel Disease;Dementia;Mild Cognitive Impairment;Vascular Dementia;Vascular Cognitive Impairment and Dementia;Alzheimers Disease
26335798,Robust MR-based approaches to quantifying white matter structure and structure/function alterations in Huntington's disease,Corpus Callosum,single study,yes,yes,no,
37656372,White matter alterations in mild cognitive impairment revealed by meta-analysis of diffusion tensor imaging using tract-based spatial statistics,,review,yes,yes,yes,Mild Cognitive Impairment
21700790,Differential diagnosis of idiopathic normal pressure hydrocephalus from other dementias using diffusion tensor imaging,Posterior Periventricular White Matter;Anterior limb of the internal capsule;Splenium of the Corpus Callosum;Posterior limb of the internal capsule;Anterior Periventricular White Matter;Inferior Longitudinal Fasciculus;Genu of the Corpus Callosum;Superior Longitudinal Fasciculus,single study,yes,yes,yes,Alzheimers Disease;Idiopathic Normal Pressure Hydrocephalus;Vascular Dementia
30549156,"Regional multimodal relationships between tau, hypometabolism, atrophy, and fractional anisotropy in atypical Alzheimer's disease",Cingulum;Splenium of the Corpus Callosum;External Capsule;Internal Capsule;Posterior Thalamic Radiation;Sagittal Stratum,single study,yes,yes,yes,Posterior Cortical Atrophy;Alzheimers Disease;Primary Progressive Aphasia
34019710,"The relationship between white matter microstructure, cardiovascular fitness, gross motor skills, and neurocognitive functioning in children",,single study,yes,yes,no,
31214916,Clinical and neuroimaging correlates of cognition in HIV,Global;Corona Radiata;Corpus Callosum,single study,yes,yes,no,
32065792,Cerebellar White Matter Disruption in Alzheimer's Disease Patients: A Diffusion Tensor Imaging Study,Cerebellar White Matter,single study,yes,yes,yes,Alzheimers Disease
24319654,White matter tract integrity metrics reflect the vulnerability of late-myelinating tracts in Alzheimer's disease,Posterior Limb of the Internal Capsule;Cerebral Peduncle;Superior Longitudinal Fasciculus;Inferior Longitudinal Fasciculus,single study,yes,yes,yes,Alzheimers Disease;Mild Cognitive Impairment
33635906,Retrospective study of late radiation-induced damages after focal radiotherapy for childhood brain tumors,Anterior Cingulum Bundle,single study,yes,yes,no,
35073256,Impact of long- and short-range fibre depletion on the cognitive deficits of fronto-temporal dementia,Inferior Fronto-Occipital Fasciculus;Corpus Callosum;Superior Corona Radiata;Uncinate Fasciculus;Aslant Tract;Inferior Longitudinal Fasciculus;Superior Longitudinal Fasciculus;Cingulum Bundle,single study,no,yes,yes,Frontotemporal Dementia;Primary Progressive Aphasia;Dementia;Behavioral Variant Frontotemporal Dementia;Semantic Variant Of Primary Progressive Aphasia
26539011,Gray and White Matter Degenerations in Subjective Memory Impairment: Comparisons with normal Controls and Mild Cognitive Impairment,Anterior Corpus Callosum;Posterior Corpus Callosum;Posterior Cingulum Bundle;Anterior Cingulum Bundle,single study,yes,yes,yes,Alzheimers Disease;Mild Cognitive Impairment
22952880,Improved sensitivity to cerebral white matter abnormalities in Alzheimer's disease with spherical deconvolution based tractography,Superior Longitudinal Fasciculus III;Superior Longitudinal Fasciculus II;Corpus Callosum (midsagittal section);Arcuate Fasciculus;Superior Longitudinal Fasciculus,single study,yes,yes,yes,Alzheimers Disease;Mild Cognitive Impairment
31282416,Interplay Between Macular Retinal Changes and White Matter Integrity in Early Alzheimer's Disease,Internal Capsule (Retrolenticular part);Corpus Callosum (Splenium);Optic Radiation;Posterior Thalamic Radiation;Global;Corona Radiata,single study,yes,yes,yes,Alzheimers Disease
34272684,Inflammatory markers and tract-based structural connectomics in older adults with a preliminary exploration of associations by race,,single study,yes,yes,no,
22895591,Characterizing dementia with Lewy bodies by means of diffusion tensor imaging,Cingulum Bundle (hippocampal cingulum);Corpus Callosum;Inferior Longitudinal Fasciculus,single study,yes,yes,yes,Lewy Body Dementia;Alzheimers Disease
32289706,Altered speech-related cortical network in frontotemporal dementia,Superior Longitudinal Fasciculus (temporal part);Uncinate Fasciculus;Inferior Longitudinal Fasciculus,single study,yes,yes,yes,Behavioral Variant Frontotemporal Dementia;Frontotemporal Dementia;Primary Progressive Aphasia
37718813,Acculturation in Context and Brain Health in Older Latino Adults: A Diffusion Tensor Imaging Study,,single study,yes,yes,no,
24405816,White matter integrity in premanifest and early Huntington's disease is related to caudate loss and disease progression,External Capsule;Corpus Callosum;Superior Longitudinal Fasciculus;Inferior Longitudinal Fasciculus,single study,yes,yes,no,
27555109,A Multimodal Structural and Functional Neuroimaging Study of Amnestic Mild Cognitive Impairment,Global,single study,yes,yes,yes,Mild Cognitive Impairment
28644998,Olfactory identification deficit predicts white matter tract impairment in Alzheimer's disease,Olfactory Tract;Global,single study,yes,yes,yes,Alzheimers Disease;Mild Cognitive Impairment
20592582,Microstructural white matter abnormalities independent of white matter lesion burden in amnestic mild cognitive impairment and early Alzheimer disease among Han Chinese elderly,Corpus Callosum - Splenium;Anterior Cingulum (anterior cingulate fibers);Optic Radiations;Corpus Callosum - Genu;Posterior Cingulum (posterior cingulate fibers);Parahippocampal fibers,single study,yes,yes,yes,Alzheimers Disease;Mild Cognitive Impairment
30251380,"Association of Hospitalization, Critical Illness, and Infection with Brain Structure in Older Adults",Global,single study,yes,yes,yes,Dementia;Alzheimers Disease
18618077,Evaluation of white matter damage in patients with Alzheimer's disease and in patients with mild cognitive impairment by using diffusion tensor imaging,Splenium of the Corpus Callosum;Corpus Callosum;Genu of the Corpus Callosum,single study,yes,yes,yes,Alzheimers Disease;Mild Cognitive Impairment
22976075,MRI signatures of brain macrostructural atrophy and microstructural degradation in frontotemporal lobar degeneration subtypes,,single study,no,yes,yes,Behavioral Variant Frontotemporal Dementia
20595067,White matter integrity in mild cognitive impairment: a tract-based spatial statistics study,(Posterior) Cingulum Bundle;Inferior Fronto-Occipital Fasciculus;Corpus Callosum;Fornix;Splenium of Corpus Callosum;Posterior Limb of Internal Capsule;Posterior Thalamic Radiation;Crus of Fornix;Corona Radiata;Cerebral Peduncle;Sagittal Stratum;Superior Longitudinal Fasciculus,single study,yes,yes,no,Mild Cognitive Impairment
25031413,Frontal white matter tracts sustaining speech production in primary progressive aphasia,SMA–ventral premotor tract;Inferior Fronto-Occipital Fasciculus (IFOF);Uncinate Fasciculus;Frontal Aslant Tract;Fronto-insular-striatal tracts;Inferior Longitudinal Fasciculus (anterior);Inferior Longitudinal Fasciculus (ILF);Arcuate Fasciculus;Superior Longitudinal Fasciculus (SLF II/III);Frontostriatal tracts;BA44-Caudate tract,single study,yes,yes,yes,Primary Progressive Aphasia
16005548,White matter changes in mild cognitive impairment and AD: A diffusion tensor imaging study,Posterior Thalamic Peduncle;Cortico-thalamic fasciculi;Internal Capsule;Cingulum Bundle;Posterior Cingulum Bundle;Thalamo-cortical fasciculi;Superior Longitudinal Fasciculus;Superior Thalamic Peduncle,single study,yes,yes,yes,Dementia;Alzheimers Disease;Mild Cognitive Impairment
30240840,Cognition-related white matter integrity dysfunction in Alzheimer's disease with diffusion tensor image,Uncinate Fasciculus;Cingulum;Superior Longitudinal Fasciculus;Inferior Longitudinal Fasciculus,single study,yes,yes,yes,Alzheimers Disease
32125614,"Default mode network integrity changes contribute to cognitive deficits in subcortical vascular cognitive impairment, no dementia",,single study,yes,yes,no,Vascular Cognitive Impairment and Dementia
34842185,Sex Differences in Alzheimer's Disease Revealed by Free-Water Diffusion Tensor Imaging and Voxel-Based Morphometry,Fornix;Corpus Callosum;Posterior Limb of Internal Capsule;Cerebral Peduncle;Pontine Crossing Tract,single study,yes,yes,yes,Alzheimers Disease
29027841,Diffusion tensor tractography in cerebral small vessel disease: correlation with cognitive function,Inferior Fronto-Occipital Fasciculus;Cingulum;Corpus Callosum;Fornix;Posterior Thalamic Radiations;Uncinate Fasciculus;Middle Cerebellar Peduncle;Anterior Thalamic Radiations;Corticospinal Tract;Superior Cerebellar Peduncle;Inferior Cerebellar Peduncle;Inferior Longitudinal Fasciculus;Superior Thalamic Radiations;Superior Longitudinal Fasciculus,single study,yes,yes,no,Cerebral Small Vessel Disease
26444762,Diffusion Kurtosis Imaging: A Possible MRI Biomarker for AD Diagnosis?,Splenium of the Corpus Callosum;Internal Capsule;Posterior Corona Radiata;Anterior Corona Radiata;Corona Radiata;Superior Longitudinal Fasciculus,single study,yes,yes,yes,Dementia;Alzheimers Disease;Mild Cognitive Impairment
38905054,White Matter Microstructure Changes Revealed by Diffusion Kurtosis and Diffusion Tensor Imaging in Mutant Huntingtin Gene Carriers,Posterior Thalamic Radiation;Corpus Callosum;Superior Longitudinal Fasciculus,single study,yes,yes,no,
31613387,Brain structure changes in nondemented seniors after six-month dance-exercise intervention,Corticospinal Tract;Corpus Callosum;Superior Longitudinal Fasciculus,single study,yes,yes,no,Mild Cognitive Impairment
30192691,Diffusion tensor imaging based white matter changes and antioxidant enzymes status for early identification of mild cognitive impairment,Fornix;Corpus Callosum;Forceps Major,single study,yes,yes,no,Mild Cognitive Impairment
23142262,Contribution of neuroimaging to the diagnosis of Alzheimer's disease and vascular dementia,,,no,yes,yes,Alzheimers Disease;Vascular Dementia
22592372,White matter imaging contributes to the multimodal diagnosis of frontotemporal lobar degeneration,,,no,no,yes,Frontotemporal Dementia
26228096,Short-term white matter alterations in Alzheimer's disease characterized by diffusion tensor imaging,Corpus Callosum (Genu);Corpus Callosum (Body);Cingulum;Corpus Callosum (Splenium);Global;Superior Longitudinal Fasciculus,single study,yes,yes,yes,Dementia;Alzheimers Disease
36300327,Retinal capillary microvessel morphology changes are associated with vascular damage and dysfunction in cerebral small vessel disease,Global,single study,yes,yes,no,Cerebral Small Vessel Disease;Small Vessel Ischemic Disease
25230999,"Depression in small-vessel disease relates to white matter ultrastructural damage, not disability",,,no,no,no,Cerebral Small Vessel Disease
36530082,Diffusion Changes in Hippocampal Cingulum in Early Biologically Defined Alzheimer's Disease,Fornix;Cingulum Bundle (cingulate);Uncinate Fasciculus;Superior Longitudinal Fasciculus;Cingulum Bundle (hippocampal),single study,yes,yes,yes,Dementia;Alzheimers Disease;Mild Cognitive Impairment
22992380,Anatomical MRI and DTI in the diagnosis of Alzheimer's disease: a European multicenter study,Fornix;Corpus Callosum,single study,yes,yes,yes,Alzheimers Disease
20615058,Diagnostic utility of cerebral white matter integrity in early Alzheimer's disease,Corpus Callosum - Splenium;Superior Longitudinal Fasciculus;Internal Capsule (posterior limb);Corpus Callosum - Genu,single study,yes,yes,yes,Alzheimers Disease
28818116,Distinct white matter microstructural abnormalities and extracellular water increases relate to cognitive impairment in Alzheimer's disease with and without cerebrovascular disease,,single study,yes,yes,yes,Alzheimers Disease;Vascular Dementia
38825988,Multimodal cross-examination of progressive apraxia of speech by diffusion tensor imaging-based tractography and Tau-PET scans,Middle Longitudinal Fasciculus;Inferior Fronto-Occipital Fasciculus;Supplementary Motor Area commissural fibers;Frontal Aslant Tract;Supplementary Motor Area tracts;Arcuate Fasciculus;Inferior Longitudinal Fasciculus,single study,yes,yes,no,
28600739,"Association of longitudinal white matter degeneration and cerebrospinal fluid biomarkers of neurodegeneration, inflammation and Alzheimer's disease in late-middle-aged adults",Left cingulum-HC;Right cingulum-HC;Right cingulum-CC;Global;Left cingulum-CC,single study,yes,yes,no,Alzheimers Disease
16614789,White matter damage of patients with Alzheimer's disease correlated with the decreased cognitive function,Posterior Limb of Internal Capsule;Genu of Corpus Callosum;Anterior Limb of Internal Capsule;Splenium of Corpus Callosum,single study,yes,yes,yes,Alzheimers Disease
34841903,Olfactory Function and Diffusion Tensor Imaging as Markers of Mild Cognitive Impairment in Early Stages of Parkinson's Disease,Olfactory Tract,single study,yes,yes,no,Parkinson Disease
28695358,Retained executive abilities in mild cognitive impairment are associated with increased white matter network connectivity,Uncinate Fasciculus;Forceps Major (Corpus Callosum);Corticospinal Tract;Inferior Longitudinal Fasciculus;Superior Longitudinal Fasciculus,single study,yes,yes,no,Mild Cognitive Impairment
25151438,White matter integrity and depressive symptoms in cerebral small vessel disease: The RUN DMC study,Uncinate Fasciculus;External Capsule;Anterior Cingulum Bundle;Internal Capsule;Corpus Callosum (genu and body);Inferior Longitudinal Fasciculus;Superior Longitudinal Fasciculus,single study,yes,yes,no,Cerebral Small Vessel Disease
25318544,Atlas-based diffusion tensor imaging correlates of executive function,Cingulate Gyrus White Matter,single study,yes,yes,yes,Alzheimers Disease;Mild Cognitive Impairment
14966162,Diffusion tensor MRI correlates with executive dysfunction in patients with ischaemic leukoaraiosis,,single study,yes,yes,no,Cerebral Small Vessel Disease
36710670,Fully Connected Multi-Kernel Convolutional Neural Network Based on Alzheimer's Disease Diagnosis,Corpus Callosum;Uncinate Fasciculus;Forceps major;Body of Corpus Callosum;Forceps minor;Global;Tapetum;Cingulum Bundle,single study,yes,yes,yes,Alzheimers Disease;Mild Cognitive Impairment
34891857,Altered Connection and Diagnosis Utility of White Matter in Alzheimer's Disease: A Multi-site Automated Fiber Quantification Study,Inferior Fronto-Occipital Fasciculus;Thalamic Radiation;Forceps Minor;Uncinate Fasciculus;Forceps Major;Corticospinal Tract;Arcuate Fasciculus;Inferior Longitudinal Fasciculus;Cingulum (cingulate);Superior Longitudinal Fasciculus,single study,yes,yes,yes,Alzheimers Disease;Mild Cognitive Impairment
34062262,MRI characterization of rat brain aging at structural and functional level: Clues for translational applications,,single study,yes,no,no,
23876903,Initial study of magnetic resonance diffusion tensor imaging in brain white matter of early AIDS patients,Global,single study,yes,yes,no,
29959265,Loss of white matter integrity reflects tau accumulation in Alzheimer disease defined regions,,single study,yes,yes,yes,Alzheimers Disease
24947353,White matter integrity disruptions associated with cognitive impairments in type 2 diabetic patients,Corpus Callosum;External Capsule;Tapetum;Internal Capsule;Posterior Thalamic Radiation;Anterior Limb of Internal Capsule;Cingulum (cingulate gyrus);Corona Radiata;Superior Longitudinal Fasciculus,single study,yes,yes,no,
26288751,Altered whole-brain white matter networks in preclinical Alzheimer's disease,Global,single study,yes,yes,yes,Alzheimers Disease
26028932,"Comparison of regional gray matter atrophy, white matter alteration, and glucose metabolism as a predictor of the conversion to Alzheimer's disease in mild cognitive impairment",,single study,yes,yes,yes,Alzheimers Disease;Mild Cognitive Impairment
33772083,Free-water diffusion tensor imaging improves the accuracy and sensitivity of white matter analysis in Alzheimer's disease,Superior Fronto-Occipital Fasciculus;Inferior Fronto-Occipital Fasciculus;Corpus Callosum;Fornix;Forceps Minor;Cingulum Bundle (hippocampal part);Uncinate Fasciculus;External Capsule;Cingulum Bundle (cingulate gyrus part);Forceps Major;Anterior Thalamic Radiation;Posterior Limb of Internal Capsule;Corticospinal Tract;Inferior Longitudinal Fasciculus;Corona Radiata,single study,yes,yes,yes,Alzheimers Disease
34334777,Changes in the connection network of whole-brain fiber tracts in patients with Alzheimer's disease have a tendency of lateralization,Global,single study,no,yes,yes,Alzheimers Disease
28180075,Independent value added by diffusion MRI for prediction of cognitive function in older adults,,single study,yes,yes,yes,Alzheimers Disease;Mild Cognitive Impairment
23583480,Longitudinal white matter changes in Alzheimer's disease: a tractography-based analysis study,Inferior Occipitofrontal Fasciculus;Uncinate Fasciculus;Inferior Longitudinal Fasciculus,single study,yes,yes,yes,Alzheimers Disease
21356112,Causes and consequences of cerebral small vessel disease. The RUN DMC study: a prospective cohort study. Study rationale and protocol,,single study,yes,yes,yes,Dementia;Cerebral Small Vessel Disease
32730718,Brain microstructural changes and cognitive function in non-demented essential tremor patients: a diffusion tensor imaging study,Superior Fronto-Occipital Fasciculus;Inferior Fronto-Occipital Fasciculus;Fornix;Splenium of Corpus Callosum;Anterior Thalamic Radiation;Body of Corpus Callosum;Inferior Longitudinal Fasciculus;Superior Longitudinal Fasciculus,single study,yes,yes,no,
15087585,Ultrastructural hippocampal and white matter alterations in mild cognitive impairment: a diffusion tensor imaging study,Centrum Semiovale;Corpus Callosum (genu);Corpus Callosum (splenium),single study,yes,yes,yes,Alzheimers Disease;Mild Cognitive Impairment
21872362,Distinctive disruption patterns of white matter tracts in Alzheimer's disease with full diffusion tensor characterization,Superior Fronto-Occipital Fasciculus;Corpus Callosum;Fornix;Superior Corona Radiata;External Capsule;Posterior Limb of Internal Capsule;Anterior Limb of Internal Capsule;Posterior Corona Radiata;Anterior Corona Radiata;Superior Longitudinal Fasciculus;Cingulum Bundle,single study,yes,yes,yes,Alzheimers Disease;Mild Cognitive Impairment
25444606,Connectivity network measures predict volumetric atrophy in mild cognitive impairment,,single study,yes,yes,yes,Alzheimers Disease;Mild Cognitive Impairment
39740225,MRI free water mediates the association between diffusion tensor image analysis along the perivascular space and executive function in four independent middle to aged cohorts,,single study,yes,yes,yes,Dementia;Vascular Cognitive Impairment and Dementia;Cerebral Small Vessel Disease;Mild Cognitive Impairment
34921119,The heritability of amyloid burden in older adults: the Older Australian Twins Study,,single study,no,yes,no,
32574842,Characterizing white matter connectivity in Alzheimer's disease and mild cognitive impairment: An automated fiber quantification analysis with two independent datasets,Inferior Fronto-Occipital Fasciculus;Corpus Callosum;Uncinate Fasciculus;Forceps minor;Arcuate Fasciculus;Inferior Longitudinal Fasciculus;Superior Longitudinal Fasciculus;Cingulum Bundle,single study,yes,yes,yes,Alzheimers Disease;Mild Cognitive Impairment
19342541,White matter involvement in idiopathic Parkinson disease: a diffusion tensor imaging study,Cingulum;Splenium of the Corpus Callosum;Corticospinal Tract;Genu of the Corpus Callosum;Superior Longitudinal Fasciculus,single study,yes,yes,no,Parkinson Disease
35358703,CSF Tau phosphorylation at Thr205 is associated with loss of white matter integrity in autosomal dominant Alzheimer disease,Corpus Callosum;Cingulum Bundle,single study,yes,yes,yes,Dementia;Autosomal Dominant Alzheimer'S Disease;Alzheimers Disease
33681461,Systematic Assessment of the Impact of DTI Methodology on Fractional Anisotropy Measures in Alzheimer's Disease,Fornix;Corpus Callosum;Forceps Minor;Forceps Major;Internal Capsule (posterior limb);Corticospinal Tract;Anterior Corona Radiata;Cingulum Bundle,single study,yes,yes,yes,Alzheimers Disease;Mild Cognitive Impairment
27357066,Diffusion Tensor Imaging to Map Brain Microstructural Changes in CADASIL,Inferior Fronto-Occipital Fasciculus;Cingulum;Corpus Callosum;Thalamic Radiations;Forceps Minor;External Capsule;Uncinate Fasciculus;Dentatorubrothalamic Tract;Forceps Major;Middle Cerebellar Peduncle;Internal Capsule;Corticospinal Tract;Superior Cerebellar Peduncle;Inferior Cerebellar Peduncle;Inferior Longitudinal Fasciculus;Superior Longitudinal Fasciculus,single study,yes,yes,no,Cerebral Small Vessel Disease
30685818,Alterations of White Matter Integrity in Subcortical Ischemic Vascular Disease with and Without Cognitive Impairment: a TBSS Study,Genu of Corpus Callosum;Inferior Fronto-Occipital Fasciculus;Splenium of Corpus Callosum;Anterior Thalamic Radiation;Corticospinal Tract;Inferior Longitudinal Fasciculus;Superior Longitudinal Fasciculus,single study,yes,yes,no,Vascular Cognitive Impairment and Dementia
24936411,Associations between white matter microstructure and amyloid burden in preclinical Alzheimer's disease: A multimodal imaging investigation,Corpus Callosum;Fornix;Superior Corona Radiata;External Capsule;Posterior Corona Radiata;Inferior Longitudinal Fasciculus;Superior Longitudinal Fasciculus;Cingulum Bundle,single study,yes,yes,yes,Alzheimers Disease
17522104,Diffusion tensor imaging in preclinical and presymptomatic carriers of familial Alzheimer's disease mutations,Cingulum Bundle (posterior cingulum);Splenium of the Corpus Callosum;Genu of the Corpus Callosum;Perforant Pathway;Corticospinal Tract;Global;Fornix (columns),single study,yes,yes,yes,Autosomal Dominant Alzheimer'S Disease;Alzheimers Disease
33778998,Neural correlates of the impulse dyscontrol domain of mild behavioral impairment,inferior fronto-occipital fasciculus;fornix;cingulum;uncinate fasciculus;cingulum (hippocampus);superior fronto-occipital fasciculus,single study,yes,yes,yes,Dementia;Prodromal Alzheimers Disease;Alzheimers Disease;Mild Cognitive Impairment
25700953,In vivo imaging of tau pathology using multi-parametric quantitative MRI,,single study,yes,no,yes,Alzheimers Disease
33612351,Comparative Evaluation of Diffusion Kurtosis Imaging and Diffusion Tensor Imaging in Detecting Cerebral Microstructural Changes in Alzheimer Disease,Inferior Fronto-Occipital Fasciculus;Fornix;Corpus Callosum;External Capsule;Uncinate Fasciculus;Internal Capsule;Mammillothalamic Tract;Corona Radiata;Superior Longitudinal Fasciculus;Sagittal Stratum,single study,yes,yes,yes,Alzheimers Disease
32471036,White Matter Brain Network Research in Alzheimer's Disease Using Persistent Features,,single study,yes,yes,yes,Alzheimers Disease;Mild Cognitive Impairment
31484188,Diffuse Tract Damage in CADASIL Is Correlated with Global Cognitive Impairment,Global,single study,yes,yes,no,Cerebral Small Vessel Disease
33416206,Discriminating subcortical ischemic vascular disease and Alzheimer's disease by diffusion kurtosis imaging in segregated thalamic regions,Thalamo-frontal tracts,single study,yes,yes,yes,Dementia;Cerebral Small Vessel Disease;Alzheimers Disease
21905080,White matter lesions defined by diffusion tensor imaging in older adults,,single study,yes,yes,yes,Dementia;Cerebral Small Vessel Disease;Alzheimers Disease
28729016,Learning-based structurally-guided construction of resting-state functional correlation tensors,Optic Radiation;Corpus Callosum;Inferior Longitudinal Fasciculus;Internal Capsule,single study,yes,yes,yes,Mild Cognitive Impairment
19385016,Atlas-based whole brain white matter analysis using large deformation diffeomorphic metric mapping: application to normal elderly and Alzheimer's disease participants,Medial Lemniscus;Fornix;Thalamic Radiations;Posterior Limb of Internal Capsule;Corticospinal Tract;Corticopontine Tract,single study,yes,yes,yes,Alzheimers Disease
24866404,White matter integrity is associated with cerebrospinal fluid markers of Alzheimer's disease in normal adults,Inferior Fronto-Occipital Fasciculus;Fornix;Corpus Callosum;Inferior Longitudinal Fasciculus;Superior Longitudinal Fasciculus;Cingulum Bundle,single study,yes,yes,no,Alzheimers Disease
25499674,White Matter Microstructural Integrity Is Associated with Executive Function and Processing Speed in Older Adults with Coronary Artery Disease,Cingulum (gyrus) (Left);Uncinate Fasciculus (Left);Forceps Minor;Superior Longitudinal Fasciculus (temporal) (Left);Inferior Fronto-Occipital Fasciculus (Right);Inferior Longitudinal Fasciculus (Right);Anterior Thalamic Radiation (Left);Parahippocampal Cingulum (Right);Inferior Longitudinal Fasciculus (Left);Superior Longitudinal Fasciculus (Right);Parahippocampal Cingulum (Left);Cingulum (gyrus) (Right);Anterior Thalamic Radiation (Right);Superior Longitudinal Fasciculus (Left);Forceps Major;Inferior Fronto-Occipital Fasciculus (Left);Corticospinal Tract (Right);Uncinate Fasciculus (Right);Corticospinal Tract (Left);Superior Longitudinal Fasciculus (temporal) (Right),single study,yes,yes,no,
18050329,Gray and white matter changes in Alzheimer's disease: a diffusion tensor imaging study,Corticothalamic Radiations;Posterior limb of the Internal Capsule;Corticospinal Tract;Thalamocortical Radiations,single study,yes,yes,yes,Alzheimers Disease
37541841,Association of Olfaction and Microstructural Integrity of Brain Tissue in Community-Dwelling Adults: Atherosclerosis Risk in Communities Neurocognitive Study,Cingulum Bundle,single study,yes,yes,yes,Dementia;Mild Cognitive Impairment
29980072,Prosodic and phonetic subtypes of primary progressive apraxia of speech,,single study,yes,yes,no,
32522711,Serum neurofilament light chain levels are associated with white matter integrity in autosomal dominant Alzheimer's disease,Forceps Minor;Uncinate Fasciculus;Frontal Aslant Tract;Fronto-Occipital Fasciculus;Forceps Major;Anterior Corpus Callosum;Posterior Corpus Callosum;Perforant Pathway;Corticospinal Tract;Inferior Longitudinal Fasciculus;Superior Longitudinal Fasciculus;Cingulum Bundle,single study,yes,yes,yes,Autosomal Dominant Alzheimer'S Disease
24936424,White matter microstructure in late middle-age: Effects of apolipoprotein E4 and parental family history of Alzheimer's disease,Fornix;Splenium of the Corpus Callosum;Uncinate Fasciculus;Cingulum bundle (adjacent to the cingulate cortex);Cingulum bundle (projections to the hippocampus);Genu of the Corpus Callosum;Superior Longitudinal Fasciculus,single study,yes,yes,yes,Alzheimers Disease
28826185,White Matter Degradation is Associated with Reduced Financial Capacity in Mild Cognitive Impairment and Alzheimer's Disease,Uncinate Fasciculus;Corpus Callosum;(Anterior) Cingulum Bundle,single study,yes,yes,yes,Alzheimers Disease;Mild Cognitive Impairment
19012862,White matter integrity linked to functional impairments in aging and early Alzheimer's disease,Cingulum Bundle (anterior);Corpus Callosum (splenium);Cingulum Bundle (posterior);Corpus Callosum (genu);Superior Longitudinal Fasciculus;Corpus Callosum (mid-body),single study,yes,yes,yes,Alzheimers Disease
20619504,A meta-analysis of diffusion tensor imaging in mild cognitive impairment and Alzheimer's disease,,review,yes,yes,yes,Dementia;Alzheimers Disease;Mild Cognitive Impairment
39420261,Investigating the association between the GAP-43 concentration with diffusion tensor imaging indices in Alzheimer's dementia continuum,Superior Fronto-Occipital Fasciculus;Fornix;Corpus Callosum;Superior Corona Radiata;Cingulum;Thalamic Radiation;Uncinate Fasciculus;Entorhinal-Hippocampal Pathway;Internal Capsule;Perforant Pathway;Stria Terminalis;Hippocampal Cingulum;Corona Radiata;Sagittal Stratum;Retrolenticular Part of Internal Capsule,single study,yes,yes,yes,Dementia;Alzheimers Disease;Mild Cognitive Impairment
29689722,Quantitative Magnetization Transfer of White Matter Tracts Correlates with Diffusion Tensor Imaging Indices in Predicting the Conversion from Mild Cognitive Impairment to Alzheimer's Disease,Uncinate Fasciculus;Inferior (ventral) Cingulum Bundle;Superior (dorsal) Cingulum Bundle;Inferior Longitudinal Fasciculus,single study,yes,yes,yes,Prodromal Alzheimers Disease;Alzheimers Disease;Mild Cognitive Impairment
31271489,The joint effect of aging and HIV infection on microstructure of white matter bundles,Inferior Fronto-Occipital Fasciculus (IFO);Corpus Callosum (CC) fibers projecting to occipital lobe (CC-OCC);Corpus Callosum (CC) fibers projecting to postcentral gyrus (CC-POC);Corpus Callosum (CC) fibers projecting to parietal lobe (CC-PAR);Corpus Callosum (CC) fibers projecting to temporal lobe (CC-TEM);Anterior Thalamic Radiation (ATR);Corticospinal Tract (CST);Inferior Longitudinal Fasciculus (ILF);Corpus Callosum (CC) fibers projecting to precentral gyrus (CC-PRC);Corpus Callosum (CC) fibers projecting to frontal lobe (CC-FRN);Cingulate Bundle (CGC);Left Arcuate Fasciculus (ARC);Fornix (FNX),single study,yes,yes,no,
16483571,Evaluation of white matter integrity in ex vivo brains of amyloid plaque-bearing APPsw transgenic mice using magnetic resonance diffusion tensor imaging,,single study,yes,no,no,Alzheimers Disease
15007117,Diffusion tensor imaging of thalamus correlates with cognition in CADASIL without dementia,,single study,yes,yes,no,Cerebral Small Vessel Disease
28604016,Triglycerides are negatively correlated with cognitive function in nondemented aging adults,Superior Fronto-Occipital Fasciculus;Inferior Fronto-Occipital Fasciculus;Corpus Callosum;Fornix;External Capsule;Uncinate Fasciculus;Sagittal Striatum;Internal Capsule;Parahippocampal White Matter;Posterior Thalamic Radiation;Corona Radiata;Superior Longitudinal Fasciculus;Cingulum Bundle,single study,yes,yes,no,Mild Cognitive Impairment
33638111,"Decreased myelin content of the fornix predicts poorer memory performance beyond vascular risk, hippocampal volume, and fractional anisotropy in nondemented older adults",Fornix,single study,yes,yes,no,Mild Cognitive Impairment
37926082,Prediction of Mild Cognitive Impairment Progression to Alzheimer's Disease Based on Diffusion Tensor Imaging-Derived Diffusion Parameters: Construction and Validation of a nomogram,Right Cingulum Bundle;Left Superior Longitudinal Fasciculus;Uncinate Fasciculus;Left Cingulum Bundle;Left Inferior Cerebellar Peduncle,single study,yes,yes,yes,Alzheimers Disease;Mild Cognitive Impairment
33648793,Apolipoprotein E homozygous ε4 allele status: Effects on cortical structure and white matter integrity in a young to mid-age sample,Corona Radiata;External Capsule;Corpus Callosum;Internal Capsule,single study,yes,yes,no,
31421507,White matter integrity is associated with gait impairment and falls in mild cognitive impairment. Results from the gait and brain study,Inferior Fronto-Occipital Fasciculus;Corpus Callosum;Forceps Minor;Uncinate Fasciculus;Forceps Major;Anterior Thalamic Radiation;Corticospinal Tract;Inferior Longitudinal Fasciculus;Superior Longitudinal Fasciculus,single study,yes,yes,no,Mild Cognitive Impairment
20429751,Diffusion tensor imaging (DTI) in dementia patients with frontal lobe symptoms,Corpus Callosum,single study,yes,yes,yes,Dementia;Lewy Body Dementia;Alzheimers Disease;Vascular Dementia
23475817,White matter imaging helps dissociate tau from TDP-43 in frontotemporal lobar degeneration,Uncinate Fasciculus;Superior Longitudinal Fasciculus,single study,yes,yes,yes,Frontotemporal Dementia
26646649,Difference in white matter microstructure in differential diagnosis of normal pressure hydrocephalus and Alzheimer's disease,Fornix;Corpus Callosum;Internal Capsule;Corticospinal Tract;Corticofugal tracts,single study,yes,yes,yes,Idiopathic Normal Pressure Hydrocephalus;Alzheimers Disease
25363208,Longitudinal diffusion tensor imaging in frontotemporal dementia,Fornix;Body of the Corpus Callosum;Splenium of the Corpus Callosum;Uncinate Fasciculus;Paracallosal (dorsal) Cingulum Bundle;Corticospinal Tract;Superior Cerebellar Peduncle;Parahippocampal (ventral) Cingulum Bundle;Genu of the Corpus Callosum,single study,yes,yes,yes,Behavioral Variant Frontotemporal Dementia
16301485,Damage within a network of white matter regions underlies executive dysfunction in CADASIL,,single study,no,yes,no,Cerebral Small Vessel Disease
28448817,Automated detection of pathologic white matter alterations in Alzheimer's disease using combined diffusivity and kurtosis method,Corpus Callosum (body);Cingulum Bundle (anterior);Internal Capsule (posterior limb);Corpus Callosum (splenium);Cingulum Bundle (posterior);Cingulum Bundle (central);Corpus Callosum (genu),single study,yes,yes,yes,Alzheimers Disease
22850313,Cognitive function in small vessel disease: the additional value of diffusion tensor imaging to conventional magnetic resonance imaging: the RUN DMC study,Global,single study,yes,yes,no,Cerebral Small Vessel Disease
30798166,Characterization of white matter changes along fibers by automated fiber quantification in the early stages of Alzheimer's disease,Inferior Fronto-Occipital Fasciculus;Cingulum Hippocampus;Uncinate Fasciculus;Cingulum Cingulate;Splenium of the Corpus Callosum;Anterior Thalamic Radiation;Corticospinal Tract;Arcuate Fasciculus;Inferior Longitudinal Fasciculus;Genu of the Corpus Callosum;Superior Longitudinal Fasciculus,single study,yes,yes,yes,Alzheimers Disease;Mild Cognitive Impairment
19398016,Multi-contrast large deformation diffeomorphic metric mapping for diffusion tensor imaging,,single study,yes,yes,yes,Alzheimers Disease
39316311,Cognitive impairment mediates the white matter injury load and gait disorders in subcortical ischemic vascular disease,Body of the Corpus Callosum;Superior Corona Radiata;Splenium of the Corpus Callosum;External Capsule;Anterior Corona Radiata;Genu of the Corpus Callosum;Superior Longitudinal Fasciculus,single study,yes,yes,no,Cerebral Small Vessel Disease;Small Vessel Ischemic Disease
28266059,Fractional anisotropy derived from the diffusion tensor distribution function boosts power to detect Alzheimer's disease deficits,,single study,yes,yes,yes,Alzheimers Disease;Mild Cognitive Impairment
27062691,Neuroanatomical correlates of verbal fluency in early Alzheimer's disease and normal aging,,single study,yes,yes,yes,Alzheimers Disease
31865024,Middle longitudinal fascicle is associated with semantic processing deficits in primary progressive aphasia,Middle Longitudinal Fasciculus,single study,yes,yes,yes,Primary Progressive Aphasia
37519167,Diffusion tensor imaging (DTI) Analysis Based on Tract-based spatial statistics (TBSS) and Classification Using Multi-Metric in Alzheimer's Disease,Superior Fronto-Occipital Fasciculus;Corpus Callosum;Posterior Thalamic Radiation (Optic Radiation);Sagittal Stratum;Superior Longitudinal Fasciculus;Cingulum Bundle,single study,yes,yes,yes,Alzheimers Disease
24997672,Serum cholesterol and variant in cholesterol-related gene CETP predict white matter microstructure,Splenium of the Corpus Callosum;Corpus Callosum;Genu of the Corpus Callosum;Inferior Longitudinal Fasciculus,single study,yes,yes,no,Alzheimers Disease
31981370,Prospective Associations Between Diffusion Tensor Imaging Parameters and Frailty in Older Adults,Corpus Callosum;Thalamic Radiation;Longitudinal Fasciculus;External Capsule;Internal Capsule;Superior Frontal Occipital Fasciculus;Posterior Thalamic Radiation;Anterior Limb of Internal Capsule;Corona Radiata;Superior Longitudinal Fasciculus;Occipital Fasciculus,single study,yes,yes,no,
25664619,Multimodal analysis of functional and structural disconnection in Alzheimer's disease using multiple kernel SVM,Corpus Callosum;Fornix;Cingulum Bundle,single study,yes,yes,yes,Alzheimers Disease
31706220,Longitudinal changes in rich club organization and cognition in cerebral small vessel disease,,single study,yes,yes,yes,Dementia;Cerebral Small Vessel Disease
19835655,White matter diffusivity predicts memory in patients with subjective and mild cognitive impairment and normal CSF total tau levels,Splenium of the Corpus Callosum;Fornix;Genu of the Corpus Callosum,single study,yes,yes,no,Mild Cognitive Impairment
20950559,[Neuroimaging in Alzheimer's disease: a synthesis and a contribution to the understanding of physiopathological mechanisms],,review,no,no,yes,Alzheimers Disease
16520023,Diffusion tensor imaging in early Alzheimer's disease,Cingulum;Splenium of the Corpus Callosum;Optic Radiations;Posterior limb of the Internal Capsule;Genu of the Corpus Callosum,single study,yes,yes,yes,Alzheimers Disease
31175374,Microstructural White Matter Alterations in Mild Cognitive Impairment and Alzheimer's Disease : Study Based on Neurite Orientation Dispersion and Density Imaging (noDDI),Splenium of Corpus Callosum;Posterior Limb of Internal Capsule;Cerebral Peduncle;Superior Longitudinal Fasciculus;Cingulum Bundle,single study,yes,yes,yes,Alzheimers Disease;Mild Cognitive Impairment
31901155,Microstructural disruption of the right inferior fronto-occipital and inferior longitudinal fasciculus contributes to WMH-related cognitive impairment,Inferior Fronto-Occipital Fasciculus;Forceps Minor;Uncinate Fasciculus;Anterior Thalamic Radiation;Forceps Major;Corticospinal Tract;Inferior Longitudinal Fasciculus;Cingulum (cingulate);Superior Longitudinal Fasciculus,single study,yes,yes,no,Mild Cognitive Impairment
18412132,White matter tract integrity in aging and Alzheimer's disease,Uncinate Fasciculus;Corpus Callosum,single study,yes,yes,yes,Alzheimers Disease;Mild Cognitive Impairment
31954961,Diffusion tensor imaging evidence of corticospinal pathway involvement in frontotemporal lobar degeneration,Inferior Fronto-Occipital Fasciculus;Corpus Callosum;Forceps Minor;Uncinate Fasciculus;Corticospinal Tract;Superior Longitudinal Fasciculus;Cingulum Bundle,single study,yes,yes,yes,Behavioral Variant Frontotemporal Dementia;Frontotemporal Dementia;Dementia;Primary Progressive Aphasia
23706516,The ε4 genotype of apolipoprotein E and white matter integrity in Alzheimer's disease,,single study,yes,yes,yes,Alzheimers Disease
32008281,[Study on the white matter neuronal integrity in amnestic mild cognitive impairment based on automating fiber-tract quantification],,single study,no,no,no,Mild Cognitive Impairment
25859933,Microstructural White Matter Abnormalities and Cognitive Dysfunction in Subcortical Ischemic Vascular Disease: an Atlas-Based Diffusion Tensor Analysis Study,Corpus Callosum;Inferior Longitudinal Fasciculus,single study,yes,yes,no,Vascular Cognitive Impairment and Dementia;Cerebral Small Vessel Disease;Small Vessel Ischemic Disease
28067183,Hippocampal and entorhinal structures in subjective memory impairment: a combined MRI volumetric and DTI study,Perforant Pathway,single study,yes,yes,no,
19442496,Diffusion tensor changes in patients with amnesic mild cognitive impairment and various dementias,Splenium of the Corpus Callosum;Corpus Callosum;Genu of the Corpus Callosum,single study,yes,yes,yes,Frontotemporal Dementia;Cerebral Small Vessel Disease;Mild Cognitive Impairment;Vascular Dementia;Alzheimers Disease
22825739,Relationship between apolipoprotein E4 genotype and white matter integrity in HIV-positive young adults in South Africa,Corpus Callosum,single study,yes,yes,no,
19584447,Impact of APOE on the healthy aging brain: a voxel-based MRI and DTI study,Corpus Callosum;Cingulum Bundle,single study,yes,yes,no,Alzheimers Disease
37673749,Assessment of Gray Matter Microstructure and Synaptic Density in Alzheimer's Disease: A Multimodal Imaging Study With DTI and SV2A PET,,single study,yes,yes,yes,Alzheimers Disease;Mild Cognitive Impairment
40016624,Association Between Single Nucleotide Polymorphisms in the Aquaporin-4 Gene and Longitudinal Changes in White Matter Free Water and Cognitive Function in non-Demented Older Adults,Global,single study,yes,yes,yes,Alzheimers Disease;Mild Cognitive Impairment
29126669,What can DTI tell about early cognitive impairment? - Differentiation between MCI subtypes and healthy controls by diffusion tensor imaging,Superior Fronto-Occipital Fasciculus;Fornix;Corpus Callosum;External Capsule;Posterior Thalamic Radiation;Stria Terminalis;Cingulum (hippocampus),single study,yes,yes,yes,Alzheimers Disease;Mild Cognitive Impairment
28315741,Individual classification of Alzheimer's disease with diffusion magnetic resonance imaging,,single study,yes,yes,yes,Alzheimers Disease
39737627,Microstructural mapping of neural pathways in Alzheimer's disease using macrostructure-informed normative tractometry,Inferior Fronto-Occipital Fasciculus;Fornix;Corpus Callosum;Uncinate Fasciculus;Forceps Major;Cingulum Bundle,single study,yes,yes,yes,Dementia;Alzheimers Disease;Mild Cognitive Impairment
26567744,Eigenanatomy on Fractional Anisotropy Imaging Provides White Matter Anatomical Features Discriminating Between Alzheimer's Disease and Late Onset Bipolar Disorder,Corpus Callosum;Superior Corona Radiata;Retrolenticular part of the Internal Capsule;Posterior limb of the Internal Capsule;Superior Longitudinal Fasciculus,single study,yes,yes,yes,Dementia;Alzheimers Disease
24970026,Discriminative analysis of multivariate features from structural MRI and diffusion tensor images,Inferior Fronto-Occipital Fasciculus;Corpus Callosum;Uncinate Fasciculus;Superior Longitudinal Fasciculus;Cingulum Bundle,single study,yes,yes,yes,Alzheimers Disease
25693199,Microstructural white matter tissue characteristics are modulated by homocysteine: a diffusion tensor imaging study,Forceps Minor;Inferior Longitudinal Fasciculus;Middle Cerebellar Peduncle;Pyramidal Tracts;Pontocerebellar Tracts,single study,yes,yes,no,
31741143,Cerebellar cognitive-affective syndrome preceding ataxia associated with complex extrapyramidal features in a Turkish SCA48 family,Cerebello-frontal tracts,single study,yes,yes,no,
28948070,Predicting neurocognitive function with hippocampal volumes and DTI metrics in patients with Alzheimer's dementia and mild cognitive impairment,Corpus Callosum - Splenium;Corpus Callosum;Corpus Callosum - Body;Corpus Callosum - Genu;Cingulum Bundle,single study,yes,yes,yes,Alzheimers Disease;Mild Cognitive Impairment
37158918,Detection of mild cognitive impairment in Parkinson's disease using gradient boosting decision tree models based on multilevel DTI indices,Medial Lemniscus;Pontine Crossing Tract;Fornix (cres)/Stria terminalis;Cingulum (hippocampus),single study,yes,yes,no,Parkinson Disease
30684740,Generalised coherent point drift for group-wise multi-dimensional analysis of diffusion brain MRI data,Corpus Callosum;Cingulum,single study,yes,yes,yes,Alzheimers Disease;Mild Cognitive Impairment
33022474,Reduced fractional anisotropy of the genu of the corpus callosum as a cerebrovascular disease marker and predictor of longitudinal cognition in MCI,Hippocampal Cingulum;Genu of Corpus Callosum,single study,yes,yes,yes,Mild Cognitive Impairment
17905894,Diffusion tensor imaging of normal-appearing white matter in mild cognitive impairment and early Alzheimer disease: preliminary evidence of axonal degeneration in the temporal lobe,Occipital lobe white matter;Temporal lobe white matter;Parietal lobe white matter;Frontal lobe white matter,single study,yes,yes,yes,Alzheimers Disease;Mild Cognitive Impairment
27103138,Multivariate statistical analysis of diffusion imaging parameters using partial least squares: Application to white matter variations in Alzheimer's disease,Parahippocampal White Matter;Internal Capsule,single study,yes,yes,yes,Alzheimers Disease;Mild Cognitive Impairment
27761397,Interhemispheric connectivity in amyotrophic lateral sclerosis: A near-infrared spectroscopy and diffusion tensor imaging study,Forceps Minor;Corticospinal Tract;Corpus Callosum,single study,yes,yes,no,
20371138,"Multiple DTI index analysis in normal aging, amnestic MCI and AD. Relationship with neuropsychological performance",,single study,yes,yes,yes,Alzheimers Disease;Mild Cognitive Impairment
25963506,Changes in anatomical and functional connectivity of Parkinson's disease patients according to cognitive status,Corona Radiata;Superior Longitudinal Fasciculus;Cingulum Bundle,single study,yes,yes,yes,Parkinson'S Disease Dementia;Parkinson Disease
25644739,Predicting Prodromal Alzheimer's Disease in Subjects with Mild Cognitive Impairment Using Machine Learning Classification of Multimodal Multicenter Diffusion-Tensor and Magnetic Resonance Imaging Data,Corpus Callosum;(Anterior) Cingulum Bundle,single study,yes,yes,yes,Prodromal Alzheimers Disease;Alzheimers Disease;Mild Cognitive Impairment
20977535,Voxel-based analysis of diffusion tensor imaging in patients with subcortical vascular cognitive impairment: correlates with cognitive and motor deficits,Inferior Fronto-Occipital Fasciculus;Corpus Callosum;Internal Capsule;Optic Radiation;Corticospinal Tract;Inferior Longitudinal Fasciculus;Corona Radiata;Corticobulbar Tract,single study,yes,yes,yes,Dementia;Vascular Cognitive Impairment and Dementia;Mild Cognitive Impairment
32244028,Network topology and machine learning analyses reveal microstructural white matter changes underlying Chinese medicine Dengzhan Shengmai treatment on patients with vascular cognitive impairment,Corpus Callosum,single study,yes,yes,no,Vascular Cognitive Impairment and Dementia;Cerebral Small Vessel Disease
31958093,Reduced Hippocampal Glutamate and Posterior Cingulate N-Acetyl Aspartate in Mild Cognitive Impairment and Alzheimer's Disease Is Associated with Episodic Memory Performance and White Matter Integrity in the Cingulum: A Pilot Study,Left Cingulum (hippocampal portion);Left Cingulum (cingulate gyrus portion),single study,yes,yes,yes,Alzheimers Disease;Mild Cognitive Impairment
27903333,Diffusion Tensor Imaging Predictors of Episodic Memory Decline in Healthy Elders at Genetic Risk for Alzheimer's Disease,Uncinate Fasciculus;Cingulate-hippocampal tract;Fornix/Stria terminalis,single study,yes,yes,yes,Alzheimers Disease;Mild Cognitive Impairment
25775003,Independent component analysis-based identification of covariance patterns of microstructural white matter damage in Alzheimer's disease,Cingulum;Corpus Callosum;Superior Corona Radiata;Retrolenticular Part of the Internal Capsule;Forceps Major;Hippocampal Commissure;Posterior Thalamic Radiation;Anterior Limb of the Internal Capsule;Anterior Corona Radiata;Superior Longitudinal Fasciculus,single study,yes,yes,yes,Alzheimers Disease
25938561,Interhemispheric Functional and Structural Disconnection in Alzheimer's Disease: A Combined Resting-State fMRI and DTI Study,Genu of the Corpus Callosum,single study,yes,yes,yes,Alzheimers Disease;Mild Cognitive Impairment
23109096,Microstructural changes in the hippocampus and posterior cingulate in mild cognitive impairment and Alzheimer's disease: a diffusion tensor imaging study,,single study,yes,yes,yes,Alzheimers Disease;Mild Cognitive Impairment
15917103,Color-coded diffusion-tensor-imaging of posterior cingulate fiber tracts in mild cognitive impairment,(Posterior) Cingulum Bundle,single study,yes,yes,yes,Alzheimers Disease;Mild Cognitive Impairment
27873148,Local texture descriptors for the assessment of differences in diffusion magnetic resonance imaging of the brain,,single study,yes,yes,yes,Alzheimers Disease;Mild Cognitive Impairment
23874403,Diffusion tensor tractography versus volumetric imaging in the diagnosis of behavioral variant frontotemporal dementia,Cingulum Bundle,single study,yes,yes,yes,Behavioral Variant Frontotemporal Dementia
31133818,Longitudinal Changes in Diffusion Tensor Imaging Following Mild Traumatic Brain Injury and Correlation With Outcome,Inferior Fronto-Occipital Fasciculus;Forceps Major;Body of Corpus Callosum;Anterior Limb of Internal Capsule;Anterior Corona Radiata,single study,yes,yes,no,
33651272,An elaborative NMR based plasma metabolomics study revealed metabolic derangements in patients with mild cognitive impairment: a study on north Indian population,,single study,yes,yes,no,Mild Cognitive Impairment
33855944,PET/MRI Delivers Multimodal Brain Signature in Alzheimer's Disease with De novo PSEN1 Mutation,,,no,no,no,
31594223,Multicenter Tract-Based Analysis of Microstructural Lesions within the Alzheimer's Disease Spectrum: Association with Amyloid Pathology and Diagnostic Usefulness,Fornix;Corpus Callosum;(Anterior) Cingulum Bundle;Uncinate Fasciculus;External Capsule;Internal Capsule;Retrolenticular part of internal capsule;Inferior Longitudinal Fasciculus;Superior Longitudinal Fasciculus,single study,yes,yes,yes,Dementia;Prodromal Alzheimers Disease;Alzheimers Disease;Mild Cognitive Impairment
24111239,Identification of brain white matter regions for diagnosis of Alzheimer using Diffusion Tensor Imaging,,,no,no,no,
24986110,Analysis of sub-anatomic diffusion tensor imaging indices in white matter regions of Alzheimer with MMSE score,Splenium of corpus callosum;Genu of corpus callosum;Fornix,single study,yes,yes,yes,Alzheimers Disease
40098158,Perivascular space and white matter hyperintensities in Alzheimer's disease: associations with disease progression and cognitive function,,single study,yes,yes,yes,Dementia;Alzheimers Disease;Mild Cognitive Impairment
17413027,Diffusion tensor imaging of normal appearing white matter and its correlation with cognitive functioning in mild cognitive impairment and Alzheimer's disease,,single study,yes,yes,yes,Alzheimers Disease;Mild Cognitive Impairment
31778276,Microstructural abnormalities of substantia nigra in Parkinson's disease: A neuromelanin sensitive MRI atlas based study,,single study,yes,yes,no,Parkinson Disease
31227891,"Structural integrity in subjective cognitive decline, mild cognitive impairment and Alzheimer's disease based on multicenter diffusion tensor imaging",Splenium of the Corpus Callosum;Corpus Callosum;Superior Corona Radiata;Anterior Corona Radiata,single study,yes,yes,yes,Dementia;Alzheimers Disease;Mild Cognitive Impairment
32808747,Small vessel disease more than Alzheimer's disease determines diffusion MRI alterations in memory clinic patients,,single study,yes,yes,yes,Cerebral Small Vessel Disease;Dementia;Mild Cognitive Impairment;Autosomal Dominant Alzheimer'S Disease;Alzheimers Disease
19100839,Decreased white matter integrity in late-myelinating fiber pathways in Alzheimer's disease supports retrogenesis,Fornix;Cingulum;Splenium of the Corpus Callosum;Uncinate Fasciculus;Forceps Major;Cerebral Peduncles;Posterior Limb of the Internal Capsule;Inferior Longitudinal Fasciculus;Stria Terminalis;Superior Longitudinal Fasciculus,single study,yes,yes,yes,Alzheimers Disease
23876242,"Relationship between excitability, plasticity and thickness of the motor cortex in older adults",Corticospinal Tract,single study,yes,yes,no,
29923666,Regional structural hypo- and hyperconnectivity of frontal-striatal and frontal-thalamic pathways in behavioral variant frontotemporal dementia,"Muratoff bundle;Frontal–thalamic pathways (DLPFC–thalamus, MPFC–thalamus, OFC–thalamus);Frontal–striatal pathways (DLPFC–striatum, MPFC–striatum, OFC–striatum);Anterior Thalamic Radiation",single study,yes,yes,yes,Behavioral Variant Frontotemporal Dementia
22384251,Using support vector machines with multiple indices of diffusion for automated classification of mild cognitive impairment,Global;Fronto-Occipital Fasciculus;Splenium (Corpus Callosum);Forceps Major,single study,yes,yes,no,Mild Cognitive Impairment
17200485,Diffusion tensor imaging of cingulum fibers in mild cognitive impairment and Alzheimer disease,Splenium of the Corpus Callosum;Parahippocampal Cingulum;Posterior Limb of the Internal Capsule;Posterior Cingulum Bundle;Genu of the Corpus Callosum,single study,yes,yes,yes,Alzheimers Disease;Mild Cognitive Impairment
23613774,Mechanisms of cognitive impairment in cerebral small vessel disease: multimodal MRI results from the St George's cognition and neuroimaging in stroke (SCANS) study,Global,single study,yes,yes,no,Small Vessel Ischemic Disease
21841260,"Multimodal imaging in diagnosis of Alzheimer's disease and amnestic mild cognitive impairment: value of magnetic resonance spectroscopy, perfusion, and diffusion tensor imaging of the posterior cingulate region",Posterior Cingulum Bundle,single study,yes,yes,yes,Alzheimers Disease;Mild Cognitive Impairment
21168157,Comparison of diffusion tensor imaging and voxel-based morphometry to detect white matter damage in Alzheimer's disease,(Posterior) Cingulum Bundle;Corpus Callosum,single study,yes,yes,yes,Alzheimers Disease
24121958,"Relationship among diffusion tensor imaging, EEG activity, and cognitive status in mild cognitive impairment and Alzheimer's disease patients",Splenium of the Corpus Callosum;Corpus Callosum;Body of the Corpus Callosum;Genu of the Corpus Callosum,single study,yes,yes,yes,Alzheimers Disease;Mild Cognitive Impairment
33661150,Diffuse Tract Damage Correlates With Global Cognitive Impairment in Cerebral Autosomal Dominant Arteriopathy With Subcortical Infarcts and Leukoencephalopathy: A Tract-Based Spatial Statistics Study,,single study,yes,yes,yes,Alzheimers Disease
15178944,MRI with diffusion tensor imaging post-mortem at 3.0 T in a patient with frontotemporal dementia,,single study,yes,yes,yes,Frontotemporal Dementia
23787190,"Diffusion tensor imaging measures of normal appearing white matter in patients who are aging, or have amnestic mild cognitive impairment, or Alzheimer's disease",Splenium of the Corpus Callosum;Anterior limb of the Internal Capsule;Posterior limb of the Internal Capsule,single study,yes,yes,yes,Alzheimers Disease;Mild Cognitive Impairment
26988810,A Diffusion Tensor Imaging Study on White Matter Abnormalities in Patients with Type 2 Diabetes Using Tract-Based Spatial Statistics,Internal Capsule (anterior limb);Internal Capsule (retrolenticular part);External Capsule;Cingulum (hippocampal portion);Corticospinal Tract,single study,yes,yes,no,Mild Cognitive Impairment
28764771,Sensitivity of restriction spectrum imaging to memory and neuropathology in Alzheimer's disease,Inferior Fronto-Occipital Fasciculus;Fornix;Uncinate Fasciculus;Parahippocampal Cingulum;Arcuate Fasciculus;Inferior Longitudinal Fasciculus,single study,yes,yes,yes,Alzheimers Disease;Mild Cognitive Impairment
28754095,Comparison of neuropsychiatric symptoms and diffusion tensor imaging correlates among patients with subcortical ischemic vascular disease and Alzheimer's disease,Genu of Corpus Callosum;Splenium of Corpus Callosum;Forceps Minor;Uncinate Fasciculus;Anterior Thalamic Radiation;Forceps Major;Body of Corpus Callosum;Inferior Longitudinal Fasciculus;Superior Longitudinal Fasciculus,single study,yes,yes,yes,Dementia;Cerebral Small Vessel Disease;Alzheimers Disease
33393804,Neural correlates of daily function: A pilot study of the white matter retrogenesis hypothesis and three separate performance-based functional assessments,Superior Fronto-Occipital Fasciculus;Fornix;Body of the Corpus Callosum;Retrolenticular Part of the Internal Capsule;Splenium of the Corpus Callosum;Uncinate Fasciculus;Superior Cerebellar Peduncle;Anterior Limb of the Internal Capsule;Inferior Cerebellar Peduncle;Genu of the Corpus Callosum,single study,yes,yes,no,Mild Cognitive Impairment
33314416,Altered Regional Brain Homogeneity of BOLD Signal in CADASIL: A Resting State fMRI Study,,single study,yes,yes,no,Cerebral Small Vessel Disease
30461106,Diffusion Tensor Imaging of the Superior Thalamic Radiation and Cerebrospinal Fluid Distribution in Idiopathic normal Pressure Hydrocephalus,Superior Thalamic Radiation;Corticospinal Tract;Dentato-rubro-thalamic Tract,single study,yes,yes,yes,Idiopathic Normal Pressure Hydrocephalus;Alzheimers Disease
24990445,A study of structural and functional connectivity in early Alzheimer's disease using rest fMRI and diffusion tensor imaging,Global,single study,yes,yes,yes,Alzheimers Disease
19913331,Diffusion tensor imaging and tract-based spatial statistics in Alzheimer's disease and mild cognitive impairment,Fornix;Cingulum;Corpus Callosum;Uncinate Fasciculus;Parahippocampal White Matter;Inferior Longitudinal Fasciculus;Superior Longitudinal Fasciculus,single study,yes,yes,yes,Alzheimers Disease;Mild Cognitive Impairment
24251793,Use of diffusion tensor imaging for evaluating changes in the microstructural integrity of white matter over 3 years in patients with amnesic-type mild cognitive impairment converting to Alzheimer's disease,Cingulate Fasciculus (Cingulum Bundle);Inferior Fronto-Occipital Fasciculus (IFOF);Splenium of the Corpus Callosum;Superior Longitudinal Fasciculus II (SLF-II);Genu of the Corpus Callosum,single study,yes,yes,yes,Alzheimers Disease;Mild Cognitive Impairment
27861154,Presence of lacunar infarctions is associated with the spatial navigation impairment in patients with mild cognitive impairment: a DTI study,Inferior Fronto-Occipital Fasciculus;Uncinate Fasciculus;Anterior Thalamic Radiation;Posterior Limb of Internal Capsule;Corticospinal Tract;Retrolenticular Part of Internal Capsule,single study,yes,yes,no,Mild Cognitive Impairment
25444597,Diffusion weighted imaging-based maximum density path analysis and classification of Alzheimer's disease,Uncinate Fasciculus;Corpus Callosum;Cingulum Bundle;Inferior Longitudinal Fasciculus,single study,yes,yes,yes,Alzheimers Disease;Mild Cognitive Impairment
23063453,APOE e4 polymorphism in young adults is associated with improved attention and indexed by distinct neural signatures,Global,single study,yes,yes,no,
29758374,Age and Alzheimer's pathology disrupt default mode network functioning via alterations in white matter microstructure but not hyperintensities,Inferior Fronto-Occipital Fasciculus;Fornix;Corpus Callosum (splenium);Corpus Callosum (genu);Inferior Longitudinal Fasciculus;Superior Longitudinal Fasciculus;Cingulum Bundle,single study,yes,yes,no,Alzheimers Disease
39265269,Comparing the imaging characteristics of middle-aged patients with multiple sclerosis and CADASIL: A retrospective cross-sectional study,Corpus Callosum;Body of the Corpus Callosum;Splenium of the Corpus Callosum;External Capsule;Genu of the Corpus Callosum,single study,yes,yes,no,
30507747,Classification of amyloid PET images using novel features for early diagnosis of Alzheimer's disease and mild cognitive impairment conversion,,single study,no,yes,yes,Alzheimers Disease;Mild Cognitive Impairment
20881397,Diffusion tensor imaging changes correlate with cognition better than conventional MRI findings in patients with subcortical ischemic vascular disease,Global,single study,yes,yes,yes,Vascular Cognitive Impairment and Dementia;Cerebral Small Vessel Disease;Vascular Dementia
16754694,Diffusion indices on magnetic resonance imaging and neuropsychological performance in amnestic mild cognitive impairment,Corticospinal Tract,single study,yes,yes,yes,Alzheimers Disease;Mild Cognitive Impairment
23245561,"Longitudinal, region-specific course of diffusion tensor imaging measures in mild cognitive impairment and Alzheimer's disease",Splenium (Corpus Callosum);Cerebral Peduncles;Fornix;Cingulum Bundle,single study,yes,yes,yes,Dementia;Alzheimers Disease;Mild Cognitive Impairment
24577476,Fractional anisotropy changes in Alzheimer's disease depend on the underlying fiber tract architecture: a multiparametric DTI study using joint independent component analysis,Inferior Fronto-Occipital Fasciculus;Corpus Callosum;Anterior Thalamic Radiation;Internal Capsule;Corticospinal Tract;Inferior Longitudinal Fasciculus;Superior Longitudinal Fasciculus;Cingulum Bundle,single study,yes,yes,yes,Dementia;Alzheimers Disease;Mild Cognitive Impairment
24445093,Quantitative measurement to evaluate morphological changes of the corpus callosum in patients with subcortical ischemic vascular dementia,Anterior third of the body of the Corpus Callosum;Corpus Callosum;Posterior third of the body of the Corpus Callosum;Splenium of the Corpus Callosum;Middle (body) of the Corpus Callosum;Genu of the Corpus Callosum,single study,yes,yes,yes,Vascular Dementia
38297073,Joint diffusional kurtosis magnetic resonance imaging analysis of white matter and the thalamus to identify subcortical ischemic vascular disease,Corpus Callosum (body);Superior Corona Radiata;Cingulum (cingulate gyrus part);External Capsule;Anterior Limb of Internal Capsule;Corpus Callosum (genu);Anterior Corona Radiata;Superior Longitudinal Fasciculus,single study,yes,yes,yes,Alzheimers Disease
39107406,Microstructural brain assessment in late-life depression and apathy using diffusion MRI multi-compartments models and tractometry,Striato-Premotor Fasciculus;Corpus Callosum;Superior Longitudinal Fasciculus III;Uncinate Fasciculus;Anterior Thalamic Radiation;Superior Longitudinal Fasciculus I;Corticospinal Tract,single study,no,yes,no,
12955221,[Assessment of axonal degeneration on Alzheimer's disease with diffusion tensor MRI],Genu of Corpus Callosum;Corpus Callosum,single study,yes,yes,yes,Alzheimers Disease;Small Vessel Ischemic Disease
26505297,Application of neurite orientation dispersion and density imaging (noDDI) to a tau pathology model of Alzheimer's disease,,single study,yes,no,yes,Alzheimers Disease
23224456,Diffusion tensor imaging of neuropsychiatric symptoms in mild cognitive impairment and Alzheimer's dementia,Fornix;(Anterior) Cingulum Bundle,single study,yes,yes,yes,Alzheimers Disease;Mild Cognitive Impairment
24237038,The association between biomarkers in cerebrospinal fluid and structural changes in the brain in patients with Alzheimer's disease,,single study,yes,yes,yes,Alzheimers Disease;Mild Cognitive Impairment
36087430,Why can spontaneous intracranial hypotension cause behavioral changes? A case report and multimodality neuroimaging comparison with frontotemporal dementia,Cingulum Bundle;Uncinate Fasciculus;Corpus Callosum;Arcuate Fasciculus,single study,yes,yes,yes,Behavioral Variant Frontotemporal Dementia
21340578,"DTI studies in patients with Alzheimer's disease, mild cognitive impairment, or normal cognition with evaluation of the intrinsic background gradients",,single study,yes,yes,yes,Alzheimers Disease;Mild Cognitive Impairment
25354135,Structural Connectivity Changes Underlying Altered Working Memory Networks in Mild Cognitive Impairment: A Three-Way Image Fusion Analysis,Inferior Fronto-Occipital Fasciculus;Corpus Callosum;Forceps Minor;Uncinate Fasciculus;Forceps Major;Anterior Thalamic Radiation;Corticospinal Tract;Inferior Longitudinal Fasciculus;Superior Longitudinal Fasciculus;Cingulum Bundle,single study,yes,yes,yes,Dementia;Alzheimers Disease;Mild Cognitive Impairment
15171548,[Relationship between the data from MR-diffusion tensor imaging and the clinical cognitive evaluation in Alzheimer's disease],,single study,yes,yes,yes,Alzheimers Disease
31352218,Dopamine D2/D3 receptor abnormalities after traumatic brain injury and their relationship to post-traumatic depression,Nigro-accumbens;Cingulum;Uncinate Fasciculus;Nigro-caudate;Anterior Thalamic Projection;Nigrostriatal projections;Nigro-putamen,single study,yes,yes,no,
25076830,Mapping of ApoE4 Related White Matter Damage using Diffusion MRI,,single study,yes,yes,yes,Dementia;Vascular Cognitive Impairment and Dementia;Alzheimers Disease
20404309,Gray and white matter water diffusion in the syndromic variants of frontotemporal dementia,Splenium of the Corpus Callosum;Uncinate Fasciculus;Corticospinal Tract;Inferior Longitudinal Fasciculus;Genu of the Corpus Callosum;Superior Longitudinal Fasciculus,single study,no,yes,yes,Behavioral Variant Frontotemporal Dementia;Frontotemporal Dementia;Semantic Variant Of Primary Progressive Aphasia;Primary Progressive Aphasia
24636489,Lack of association of the rs1344706 ZNF804A variant with cognitive functions and DTI indices of white matter microstructure in two independent healthy populations,,single study,yes,yes,no,
34636637,Diffusion Tensor MRI Structural Connectivity and PET Amyloid Burden in Preclinical Autosomal Dominant Alzheimer Disease: The DIAN Cohort,,single study,yes,yes,yes,Autosomal Dominant Alzheimer'S Disease
33530016,Comparison of regional brain deficit patterns in common psychiatric and neurological disorders as revealed by big data,Global,single study,yes,yes,yes,Dementia;Alzheimers Disease;Parkinson Disease
33108404,Plasma neurofilament light protein correlates with diffusion tensor imaging metrics in frontotemporal dementia,Uncinate Fasciculus;Inferior/Hippocampal Cingulum Bundle;Anterior Thalamic Radiation;Fronto-occipital fasciculus;Corticospinal Tract;Dorsal Cingulum Bundle;Superior Longitudinal Fasciculus,single study,yes,yes,yes,Behavioral Variant Frontotemporal Dementia
22430530,Multiple diffusivities define white matter degeneration in amnestic mild cognitive impairment and Alzheimer's disease,Corpus Callosum,single study,yes,yes,yes,Alzheimers Disease;Mild Cognitive Impairment
23701948,APOE-related biomarker profiles in non-pathological aging and early phases of Alzheimer's disease,,review,no,no,yes,Cerebral Amyloid Angiopathy;Cerebral Small Vessel Disease;Dementia;Mild Cognitive Impairment;Vascular Cognitive Impairment and Dementia;Alzheimers Disease
21803153,White matter integrity and vulnerability to Alzheimer's disease: preliminary findings and future directions,,,no,no,yes,Alzheimers Disease
22617636,Discovering Alzheimer's disease and bipolar disorder white matter effects building computer aided diagnostic systems on brain diffusion tensor imaging features,Forceps Minor;Corpus Callosum;Superior Longitudinal Fasciculus;Inferior Longitudinal Fasciculus,single study,yes,yes,yes,Alzheimers Disease
20339558,Surface-based analysis on shape and fractional anisotropy of white matter tracts in Alzheimer's disease,Inferior Fronto-Occipital Fasciculus;Cingulum;EC;Posterior Thalamic Radiation;Inferior Longitudinal Fasciculus;Corona Radiata;Superior Longitudinal Fasciculus;Sagittal Stratum,single study,yes,yes,yes,Alzheimers Disease
23149037,Structural and functional cortical disconnection in Alzheimer's disease: a combined study using diffusion tensor imaging and transcranial magnetic stimulation,Corpus Callosum;Fornix;Corticospinal Tract (Right);Corticospinal Tract (Left);Superior Longitudinal Fasciculus;Cingulum Bundle,single study,yes,yes,yes,Alzheimers Disease
23644540,In vivo quantitative whole-brain diffusion tensor imaging analysis of APP/PS1 transgenic mice using voxel-based and atlas-based methods,,single study,yes,no,yes,Alzheimers Disease
28487471,Using DTI to assess white matter microstructure in cerebral small vessel disease (SVD) in multicentre studies,,single study,yes,yes,no,Cerebral Small Vessel Disease
21674695,Disruption of limbic white matter pathways in mild cognitive impairment and Alzheimer's disease: a DTI/FDG-PET study,Superior Cingulum;Fornix (body);Posterior Limb of the Internal Capsule;Parietal Projection Fibers;Descending Cingulum;Cingulum Bundle,single study,yes,yes,yes,Alzheimers Disease;Mild Cognitive Impairment
23370057,An unbiased longitudinal analysis framework for tracking white matter changes using diffusion tensor imaging with application to Alzheimer's disease,Right Cingulum Bundle;Fornix;Body of the Corpus Callosum;Splenium of the Corpus Callosum;Left Cingulum Bundle;Genu of the Corpus Callosum,single study,yes,yes,yes,Alzheimers Disease
20724035,A complementary diffusion tensor imaging (DTI)-histological study in a model of Huntington's disease,,single study,yes,no,no,
25537012,Diffusion tensor imaging reveals visual pathway damage in patients with mild cognitive impairment and Alzheimer's disease,Optic Nerve;Optic Tract;Splenium of the Corpus Callosum,single study,yes,yes,yes,Dementia;Alzheimers Disease;Mild Cognitive Impairment
25016128,Structural and microstructural brain changes predict impairment in daily functioning,Global,single study,yes,yes,no,
24480090,White matter connectivity reflects clinical and cognitive status in Huntington's disease,Corpus Callosum;Fronto-parietal tract;Caudate-Paracentral tract;Putamen-Motor tract;Putamen-Prefrontal tract,single study,yes,yes,no,
22569999,A diffusion tensor imaging and neuropsychological study of prospective memory impairment in South African HIV positive individuals,Cingulum;Genu of the Corpus Callosum;Superior Corona Radiata,single study,yes,yes,no,
16552012,Diffusion alterations in corpus callosum of patients with HIV,Corpus Callosum (genu);Corpus Callosum (splenium),single study,yes,yes,yes,Dementia
24080382,In vivo quantification of white matter microstructure for use in aging: a focus on two emerging techniques,,review,no,yes,yes,Dementia
22078796,Multicenter stability of diffusion tensor imaging measures: a European clinical and physical phantom study,Corpus Callosum (body);Fornix;Cingulum;Uncinate Fasciculus;Corpus Callosum (splenium);Posterior Thalamic Radiation;Corpus Callosum (genu);Sagittal Stratum;Superior Longitudinal Fasciculus,single study,yes,yes,yes,Alzheimers Disease
36601694,Whole-brain DTI parameters associated with tau protein and hippocampal volume in Alzheimer's disease,Fornix;Corona Radiata;Corpus Callosum;Cingulum Bundle,single study,yes,yes,yes,Dementia;Alzheimers Disease;Mild Cognitive Impairment
20808130,Specific anatomic associations between white matter integrity and cognitive reserve in normal and cognitively impaired elders,,single study,yes,yes,yes,Dementia;Alzheimers Disease;Mild Cognitive Impairment
22256149,Comparison between skeleton-based and atlas-based approach in the assessment of corpus callosum damages in Mild Cognitive Impairment and Alzheimer Disease,Corpus Callosum,single study,yes,yes,yes,Alzheimers Disease;Mild Cognitive Impairment
22383234,White matter alterations in cognitively normal apoE ε2 carriers: insight into Alzheimer resistance?,Posterior Corpus Callosum;Corticothalamic Fibers;Anterior Corpus Callosum;Parahippocampal White Matter;Posterior Cingulate White Matter;Anterior Limb of the Internal Capsule;Superior Longitudinal Fasciculus;Anterior Cingulate White Matter,single study,yes,yes,no,Alzheimers Disease
32671535,Accelerated epigenetic aging in adolescents from low-income households is associated with altered development of brain structures,Superior Fronto-Occipital Fasciculus;Longitudinal Fasciculi;Internal Capsule,single study,yes,yes,no,
28017479,Diffusion characteristics of the fornix in patients with Alzheimer's disease,Fornix,single study,yes,yes,yes,Alzheimers Disease;Mild Cognitive Impairment
19546655,Diffusion tensor imaging of the posterior cingulate is a useful biomarker of mild cognitive impairment,Genu of Corpus Callosum;Splenium of Corpus Callosum;Internal Capsule;Posterior Cingulate White Matter;Parahippocampal Subgyral White Matter;Superior Longitudinal Fasciculus;Anterior Cingulate White Matter,single study,yes,yes,no,Mild Cognitive Impairment
20947245,A primary study of diffusion tensor imaging-based histogram analysis in vascular cognitive impairment with no dementia,Global,single study,yes,yes,no,Vascular Cognitive Impairment and Dementia;Cerebral Small Vessel Disease;Small Vessel Ischemic Disease
24067771,White matter characteristics of idiopathic normal pressure hydrocephalus: a diffusion tensor tract-based spatial statistic study,Posterior Limb of Internal Capsule;Cerebral Peduncle;Corpus Callosum,single study,yes,yes,no,Idiopathic Normal Pressure Hydrocephalus
23344962,Full diffusion characterization implicates regionally disparate neuropathology in mild cognitive impairment,Fornix;Temporal Stem;Crus Cerebri;Splenium of the Corpus Callosum;Middle Cerebellar Peduncle;Posterior Limb of the Internal Capsule;Corticospinal Tract,single study,yes,yes,yes,Mild Cognitive Impairment
25756991,The semantic variant of primary progressive aphasia: clinical and neuroimaging evidence in single subjects,Uncinate Fasciculus;Inferior Longitudinal Fasciculus,single study,yes,yes,yes,Semantic Variant Of Primary Progressive Aphasia
25346330,Neurobiological correlates of depressive symptoms in people with subjective and mild cognitive impairment,,single study,yes,yes,no,Prodromal Alzheimers Disease;Mild Cognitive Impairment
23300797,Different patterns of white matter degeneration using multiple diffusion indices and volumetric data in mild cognitive impairment and Alzheimer patients,Uncinate Fasciculus (Left);Forceps Minor;Inferior Fronto-Occipital Fasciculus (Right);Inferior Longitudinal Fasciculus (Right);Anterior Thalamic Radiation (Left);Cingulum (Hippocampus) (Right);Superior Longitudinal Fasciculus (Temporal Part) (Right);Superior Longitudinal Fasciculus (Right);Inferior Longitudinal Fasciculus (Left);Anterior Thalamic Radiation (Right);Cingulum (Hippocampus) (Left);Superior Longitudinal Fasciculus (Left);Superior Longitudinal Fasciculus (Temporal Part) (Left);Forceps Major;Inferior Fronto-Occipital Fasciculus (Left);Corticospinal Tract (Right);Cingulum (Cingulate Gyrus) (Left);Uncinate Fasciculus (Right);Corticospinal Tract (Left);Cingulum (Cingulate Gyrus) (Right),single study,yes,yes,yes,Alzheimers Disease;Mild Cognitive Impairment
38626373,"Perivascular Spaces, Diffusivity Along Perivascular Spaces, and Free Water in Cerebral Small Vessel Disease",,single study,yes,yes,no,Cerebral Small Vessel Disease
18455835,White matter pathology isolates the hippocampal formation in Alzheimer's disease,Perforant Pathway;Parahippocampal white matter;Corpus Callosum;Cingulum Bundle,single study,yes,yes,yes,Alzheimers Disease
37503159,Magnetic resonance imaging of white matter response to diesel exhaust particles,,single study,yes,no,no,
23762308,"Associations between white matter hyperintensities and β amyloid on integrity of projection, association, and limbic fiber tracts measured with diffusion tensor MRI",Superior Fronto-Occipital Fasciculus;Inferior Fronto-Occipital Fasciculus;Fornix;Corpus Callosum;Body of the Corpus Callosum;Splenium of the Corpus Callosum;Genu of the Corpus Callosum;Internal Capsule;Parahippocampal White Matter;Corona Radiata;Superior Longitudinal Fasciculus;Cingulum Gyrus,single study,yes,yes,yes,Cerebral Amyloid Angiopathy;Dementia;Mild Cognitive Impairment;Vascular Dementia;Alzheimers Disease
21904533,Multi-modal MRI analysis with disease-specific spatial filtering: initial testing to predict mild cognitive impairment patients who convert to Alzheimer's disease,Corpus Callosum (Splenium);Forceps;Fornix;Cingulum Bundle,single study,yes,yes,yes,Alzheimers Disease;Mild Cognitive Impairment
23960182,"Accelerated aging, decreased white matter integrity, and associated neuropsychological dysfunction 25 years after pediatric lymphoid malignancies",Inferior Fronto-Occipital Fasciculus;Corpus Callosum;Inferior Longitudinal Fasciculus;Superior Longitudinal Fasciculus;Cingulum Bundle,single study,yes,yes,no,
32607611,Connectome mapping with edge density imaging differentiates pediatric mild traumatic brain injury from typically developing controls: proof of concept,Inferior Fronto-Occipital Fasciculus;Corpus Callosum;Body of the Corpus Callosum;Splenium of the Corpus Callosum;Genu of the Corpus Callosum;Posterior Thalamic Radiation;Inferior Longitudinal Fasciculus;Sagittal Stratum;Tapetum;Cingulum Bundle,single study,yes,yes,no,
24052798,Imaging findings associated with cognitive performance in primary lateral sclerosis and amyotrophic lateral sclerosis,Superior Fronto-Occipital Fasciculus;Genu of Corpus Callosum;Inferior Fronto-Occipital Fasciculus;Fornix;Splenium of Corpus Callosum;Uncinate Fasciculus;Cingulum (cingulate portion);Posterior Thalamic Radiation;Body of Corpus Callosum;Cingulum (hippocampal/parahippocampal portion);Superior Longitudinal Fasciculus,single study,yes,yes,no,
21818628,"Longitudinal changes of fractional anisotropy in Alzheimer's disease patients treated with galantamine: a 12-month randomized, placebo-controlled, double-blinded study",Genu of Corpus Callosum;Cerebellar Vermis;Posterior Cingulate White Matter (Right);Posterior Body of Corpus Callosum;Splenium of Corpus Callosum;Anterior Body of Corpus Callosum;Posterior Cingulate White Matter (Left),single study,yes,yes,yes,Alzheimers Disease
38784911,Diffusion imaging markers of accelerated aging of the lower cingulum in subjective cognitive decline,Lower Cingulum Bundle (right);Lower Cingulum Bundle (left),single study,yes,yes,no,
38018509,Neuroimaging Characteristics of Hearing Loss in the Mayo Clinic Study of Aging,Genu of the Corpus Callosum;Body of the Corpus Callosum,single study,yes,yes,no,Mild Cognitive Impairment
36710073,Regional Vulnerability of the Corpus Callosum in the Context of Cardiovascular Risk,Splenium of the Corpus Callosum;Genu of the Corpus Callosum,single study,yes,yes,no,
23625776,Diffusion tensor imaging (DTI) in the detection of white matter lesions in patients with mild cognitive impairment (MCI),Genu of Corpus Callosum;Splenium of Corpus Callosum;Anterior Cingulum Bundle;Posterior Cingulum Bundle;Superior Longitudinal Fasciculus,single study,yes,yes,no,Mild Cognitive Impairment
37469125,MRI biomarkers for memory-related impairment in amyotrophic lateral sclerosis: a systematic review,,review,yes,yes,no,Dementia;Frontotemporal Dementia
31803008,"Amyloid Load, Hippocampal Volume Loss, and Diffusion Tensor Imaging Changes in Early Phases of Brain Aging",Global,single study,yes,yes,no,
30827922,Single-subject classification of presymptomatic frontotemporal dementia mutation carriers using multimodal MRI,,single study,yes,yes,yes,Behavioral Variant Frontotemporal Dementia;Frontotemporal Dementia
22362286,Diffusion tensor imaging of idiopathic normal pressure hydrocephalus: a voxel-based fractional anisotropy study,Forceps Minor;Corticospinal Tract,single study,yes,yes,no,
22438841,Episodic memory function is associated with multiple measures of white matter integrity in cognitive aging,Short association fibers (cuneus to superior occipital gyrus);Ventral Cingulum Bundle;Uncinate Fasciculus;Thalamocortical projections (thalamus to middle frontal gyrus);Short association fibers (inferior occipital gyrus to middle occipital gyrus);Corticospinal Tract;Thalamocortical projections (thalamus to superior frontal gyrus);Inferior Longitudinal Fasciculus;Dorsal Cingulum Bundle;Superior Longitudinal Fasciculus,single study,yes,yes,no,
29922120,Specific Patterns of White Matter Alterations Help Distinguishing Alzheimer's and Vascular Dementia,Corpus Callosum - Splenium;Thalamic Radiations;Corpus Callosum - Posterior Body;Parahippocampal Tracts;Corpus Callosum - Genu;Corpus Callosum - Anterior Body;Cingulum Bundle;Posterior Cingulum,single study,yes,yes,yes,Alzheimers Disease;Vascular Dementia
29356183,Whole brain white matter histogram analysis of diffusion tensor imaging data detects microstructural damage in mild cognitive impairment and alzheimer's disease patients,Global,single study,yes,yes,yes,Dementia;Alzheimers Disease;Mild Cognitive Impairment
37954101,Markov model combined with MR diffusion tensor imaging for predicting the onset of Alzheimer's disease,Global,single study,yes,yes,yes,Alzheimers Disease;Mild Cognitive Impairment
26578952,Structural Connectivity is Differently Altered in Dementia with Lewy Body and Alzheimer's Disease,Superior Longitudinal Fasciculus - Temporal bundle;Uncinate Fasciculus;Cingulum - Cingulate Gyrus (supracallosal) bundle;Anterior Thalamic Radiation;Corpus Callosum - Forceps Major;Corticospinal Tract;Inferior Longitudinal Fasciculus;Corpus Callosum - Forceps Minor;Superior Longitudinal Fasciculus - Parietal bundle;Cingulum - Angular (infracallosal) bundle,single study,yes,yes,yes,Lewy Body Dementia;Alzheimers Disease
36703699,"Fornix degeneration in risk factors of Alzheimer's disease, possible trigger of cognitive decline",Fornix,,no,no,yes,Alzheimers Disease
22452849,Changes in mild cognitive impairment and its subtypes as seen on diffusion tensor imaging,Splenium of the Corpus Callosum;Anterior limb of the Internal Capsule;Posterior limb of the Internal Capsule;Corona Radiata;Genu of the Corpus Callosum;Superior Longitudinal Fasciculus,single study,yes,yes,no,Mild Cognitive Impairment
20847435,Individual prediction of cognitive decline in mild cognitive impairment using support vector machine-based analysis of diffusion tensor imaging data,Uncinate Fasciculus;Corpus Callosum;Cingulum Bundle;Inferior Longitudinal Fasciculus,single study,yes,yes,no,Mild Cognitive Impairment
36324717,"Zooming in on cerebral small vessel function in small vessel diseases with 7T MRI: Rationale and design of the ""ZOOM@SVDs"" study",Global,single study,no,yes,no,Cerebral Small Vessel Disease
27084223,Diffusion tensor imaging of idiopathic normal-pressure hydrocephalus and the cerebrospinal fluid tap test,Inferior Fronto-Occipital Fasciculus;Forceps Minor;Uncinate Fasciculus;Superior Longitudinal Fasciculus (temporal component);Anterior Thalamic Radiation;Forceps Major;Corticospinal Tract;Inferior Longitudinal Fasciculus;Cingulum (cingulate gyrus);Superior Longitudinal Fasciculus;Cingulum (hippocampus),single study,yes,yes,no,Idiopathic Normal Pressure Hydrocephalus
22438182,Interindividual variation in serum cholesterol is associated with regional white matter tissue integrity in older adults,Superior Longitudinal Fasciculus,single study,yes,yes,no,
39846567,Distinguishing Early from Late Mild Cognitive Impairment Using Magnetic Resonance Free-Water Diffusion Tensor Imaging,Inferior Fronto-Occipital Fasciculus;Fornix;Forceps Minor;External Capsule;Uncinate Fasciculus;Anterior Thalamic Radiation;Forceps Major;Corpus Callosum (Splenium);Inferior Longitudinal Fasciculus;Sagittal Stratum;Tapetum;Superior Longitudinal Fasciculus;Retrolenticular Part of Internal Capsule,single study,yes,yes,no,Mild Cognitive Impairment
36418623,Free water corrected diffusion tensor imaging discriminates between good and poor outcomes of comatose patients after cardiac arrest,,single study,yes,yes,no,
23365919,Correlation between uncinate fasciculus and memory tasks in healthy individual using diffusion tensor tractography,Uncinate Fasciculus,single study,yes,yes,no,
19428143,Cingulum fiber diffusivity and CSF T-tau in patients with subjective and mild cognitive impairment,Genu of Corpus Callosum;Forceps Major (left);Splenium of Corpus Callosum;Forceps Major (right);Posterior Cingulum Bundle (right);Posterior Cingulum Bundle (left),single study,yes,yes,yes,Mild Cognitive Impairment
31205489,Structural brain signature of cognitive decline in Parkinson's disease: DTI-based evidence from the LANDSCAPE study,Corpus Callosum;Superior Corona Radiata;Thalamocortical Radiations;Superior Longitudinal Fasciculus;Cingulum Bundle,single study,yes,yes,yes,Dementia;Mild Cognitive Impairment;Parkinson'S Disease Dementia;Parkinson Disease
25405990,"Diffusion tensor imaging of Parkinson's disease, multiple system atrophy and progressive supranuclear palsy: a tract-based spatial statistics study",Medial Lemniscus;Corpus Callosum;External Capsule;Anterior Thalamic Radiation;Middle Cerebellar Peduncle;Internal Capsule;Posterior Limb of Internal Capsule;Posterior Thalamic Radiation;Corticospinal Tract;Superior Cerebellar Peduncle;Posterior Corona Radiata;Inferior Cerebellar Peduncle;Anterior Limb of Internal Capsule;Cerebral Peduncle;Corona Radiata;Superior Longitudinal Fasciculus;Cingulum Bundle,single study,yes,yes,no,Parkinson Disease
39583646,Association of plasma neurofilament light chain with microstructural white matter changes in Down syndrome,Corticostriatal pathway;Corpus Callosum;Cingulum;Acoustic Radiations;Corticothalamic pathway;U-fibers;Optic Radiations;Aslant fibers;Arcuate Fasciculus;Inferior Longitudinal Fasciculus;Superior Longitudinal Fasciculus,single study,yes,yes,yes,Alzheimers Disease
25196863,"Diffusion tensor imaging, intracranial vascular resistance and cognition in middle-aged asymptomatic subjects",Left Corticospinal Tract;Right Anterior Thalamic Radiation;Fornix;Right Corticospinal Tract,single study,yes,yes,no,
29910747,Korsakoff Syndrome in non-alcoholic Psychiatric Patients. Variable Cognitive Presentation and Impaired Frontotemporal Connectivity,Corpus Callosum - Splenium;Cingulum - Superior;Inferior Fronto-Occipital Fasciculus;Anterior Corona Radiata;Fornix - Whole Tract;Uncinate Fasciculus;Projection Tracts through Mesencephalon;Inferior Longitudinal Fasciculus;Corticostriatal Projections (Prefrontal projection fibers);Fornix - Descending;Corpus Callosum - Body;Cingulum - Inferior (Parahippocampal);Corpus Callosum - Genu;Cingulum - Subgenual;Arcuate Fasciculus - Left;Superior Longitudinal Fasciculus,single study,yes,yes,yes,Dementia
35382232,"Instrumental validation of free water, peak-width of skeletonized mean diffusivity, and white matter hyperintensities: MarkVCID neuroimaging kits",Global,single study,yes,yes,no,Vascular Cognitive Impairment and Dementia;Cerebral Small Vessel Disease
32182844,Tai Chi Training Evokes Significant Changes in Brain White Matter Network in Older Women,Global,single study,yes,yes,no,
21593440,Diffusion tensor imaging and cognitive function in older adults with no dementia,,,yes,yes,no,
24650605,Improved DTI registration allows voxel-based analysis that outperforms tract-based spatial statistics,Inferior Fronto-Occipital Fasciculus;Fornix;Splenium of the Corpus Callosum;Uncinate Fasciculus;Posterior Thalamic Radiation;Inferior Longitudinal Fasciculus;Genu of the Corpus Callosum;Superior Longitudinal Fasciculus;Cingulum Bundle,single study,yes,yes,yes,Alzheimers Disease
28298891,White Matter Deterioration May Foreshadow Impairment of Emotional Valence Determination in Early-Stage Dementia of the Alzheimer Type,,single study,yes,yes,yes,Dementia;Alzheimers Disease;Mild Cognitive Impairment
39451989,White Matter Magnetic Resonance Diffusion Measures in Multiple Sclerosis with Overactive Bladder,Superior Fronto-Occipital Fasciculus;Anterior Corona Radiata;Corpus Callosum;Anterior Thalamic Radiation;Inferior Longitudinal Fasciculus;Superior Longitudinal Fasciculus;Cingulum Bundle,single study,yes,yes,no,
22210709,Diffuse tract damage in the hemispheric deep white matter may correlate with global cognitive impairment and callosal atrophy in patients with extensive leukoaraiosis,Corpus Callosum,single study,yes,yes,yes,Small Vessel Ischemic Disease;Cerebral Small Vessel Disease;Dementia;Binswanger'S Disease;Vascular Dementia
39170682,Exploring white matter microstructural alterations in mild cognitive impairment: a multimodal diffusion MRI investigation utilizing diffusion kurtosis and free-water imaging,Superior Fronto-Occipital Fasciculus;Corpus Callosum;Fornix;Forceps Minor;Uncinate Fasciculus;Inferior Longitudinal Fasciculus;Stria Terminalis;Cerebral Peduncle;Sagittal Stratum;Superior Longitudinal Fasciculus;Cingulum (hippocampus),single study,yes,yes,yes,Mild Cognitive Impairment
29696499,Longitudinal diffusion tensor imaging changes in early Parkinson's disease: ICICLE-PD study,Superior Fronto-Occipital Fasciculus;Inferior Fronto-Occipital Fasciculus;Corpus Callosum;Forceps Minor;External Capsule;Forceps Major;Internal Capsule;Corticospinal Tract;Inferior Longitudinal Fasciculus;Corona Radiata;Superior Longitudinal Fasciculus;Cingulum Bundle,single study,yes,yes,no,Mild Cognitive Impairment;Parkinson Disease
31617796,Diffusion Tensor MRI to Distinguish Progressive Supranuclear Palsy from α-Synucleinopathies,Internal Capsule (anterior limb);Superior Corona Radiata;External Capsule;Uncinate Fasciculus;Anterior Cingulum Bundle;Corpus Callosum (anterior portion);Superior Cerebellar Peduncle;Anterior Corona Radiata;Superior Longitudinal Fasciculus (anterior aspect),single study,yes,yes,yes,Parkinson'S Disease Dementia;Parkinson Disease
32922282,"Changes Over Time of Diffusion MRI in the White Matter of Aging Brain, a Good Predictor of Verbal Recall",Fornix;Corpus Callosum;Forceps minor,single study,yes,yes,no,
36632487,Spatial orientation - a stable marker for vascular cognitive impairment?,Right Superior Longitudinal Fasciculus (parietal section);Right Superior Longitudinal Fasciculus (temporal section);Left Superior Longitudinal Fasciculus (parietal section);Left Superior Longitudinal Fasciculus (temporal section),single study,yes,yes,yes,Vascular Cognitive Impairment and Dementia;Vascular Dementia
39479358,Diffusion tensor imaging in cerebral small vessel disease applications: opportunities and challenges,,review,yes,yes,yes,Dementia;Cerebral Amyloid Angiopathy;Cerebral Small Vessel Disease;Mild Cognitive Impairment
24179862,"Effectiveness of regional DTI measures in distinguishing Alzheimer's disease, MCI, and normal aging",Inferior Fronto-Occipital Fasciculus;Total White Matter;Corpus Callosum;Body of the Corpus Callosum;Posterior Thalamic Radiations;Splenium of the Corpus Callosum;Uncinate Fasciculus;External Capsule;Sagittal Stratum;Inferior Longitudinal Fasciculus;Superior Longitudinal Fasciculus;Stria Terminalis;Hippocampal Cingulum;Fornix (crus);Genu of the Corpus Callosum;Tapetum;Cingulum Bundle;Posterior Cingulum,single study,yes,yes,yes,Dementia;Alzheimers Disease;Mild Cognitive Impairment
26346404,Machine Learning of DTI Structural Brain Connectomes for Lateralization of Temporal Lobe Epilepsy,,single study,yes,yes,no,
