PMID,title,whitematter_tracts,study_type,DTI_study,Human_study,Dementia_study,Disease_study
36931328,Abnormal white matter changes in Alzheimers disease based on diffusion tensor imaging: A systematic review,,review,yes,yes,yes,Mild Cognitive Impairment;Alzheimers Disease;Dementia;Prodromal Alzheimers Disease
34454529,Attenuating vascular stenosis-induced astrogliosis preserves white matter integrity and cognitive function,,single study,yes,no,yes,Vascular Cognitive Impairment and Dementia;Alzheimers Disease;Vascular Dementia;Cerebral Small Vessel Disease
39129270,"Association of cortical morphology, white matter hyperintensity, and glymphatic function in frontotemporal dementia variants",,single study,yes,yes,yes,Frontotemporal Dementia;Semantic Variant Of Primary Progressive Aphasia;Primary Progressive Aphasia;Behavioral Variant Frontotemporal Dementia
37174620,Basal Ganglia Compensatory White Matter Changes on DTI in Alzheimers Disease,Internal Capsule;External Capsule,single study,yes,yes,yes,Alzheimers Disease
38465597,Relationship of Perivascular Space Markers With Incident Dementia in Cerebral Small Vessel Disease,,single study,yes,yes,yes,Cerebral Small Vessel Disease;Dementia
28552181,White Matter Integrity on DTI and the Pathologic Staging of Alzheimers Disease,Fornix;Corpus Callosum;Cingulum Bundle;Perforant Pathway,single study,yes,yes,yes,Mild Cognitive Impairment;Alzheimers Disease
38365045,Diffusion MRI marks progressive alterations in fiber integrity in the zQ175DN mouse model of Huntingtons disease,,single study,yes,no,no,
31012815,An official website of the United States government Heres how you know,Global,single study,yes,yes,no,
18157658,Diffusion Tensor Imaging (DTI)-based White Matter Mapping in Brain Research: A Review,,review,yes,yes,no,Mild Cognitive Impairment;Alzheimers Disease;Dementia
24510641,Profiles of White Matter Tract Pathology in Frontotemporal Dementia,Uncinate Fasciculus;Corticospinal Tract;Inferior Longitudinal Fasciculus;Anterior Thalamic Radiation;Fornix;Cingulum Bundle;Corpus Callosum;Superior Longitudinal Fasciculus,single study,yes,yes,yes,Alzheimers Disease;Behavioral Variant Frontotemporal Dementia
28975068,NeuroImage: Clinical,Uncinate Fasciculus;Left Superior Longitudinal Fasciculus;Tapetum;Left Sagittal Stratum;Fornix;Left Anterior Limb of the Internal Capsule;Corpus Callosum;Left Tapetum;Genu of the Corpus Callosum,single study,yes,yes,yes,Semantic Variant Of Primary Progressive Aphasia;Alzheimers Disease;Primary Progressive Aphasia;Behavioral Variant Frontotemporal Dementia
38378607,"The relationship between amyloid pathology, cerebral small vessel disease, glymphatic dysfunction, and cognition: a study based on Alzheimers disease continuum participants",,single study,yes,yes,yes,Mild Cognitive Impairment;Alzheimers Disease;Cerebral Small Vessel Disease;Dementia
31585368,Association of white matter microstructural integrity with cognition and dementia,Global;Posterior Corpus Callosum;Anterior Corpus Callosum,single study,yes,yes,yes,Mild Cognitive Impairment;Dementia
26515192,An advanced white matter tract analysis in frontotemporal dementia and early-onset Alzheimers disease,"Superior Longitudinal Fasciculus (left);Corticospinal Tract (left);Anterior Thalamic Radiation (right);Corpus Callosum - temporal segment;Cingulum Bundle (dorsal, right);Inferior Longitudinal Fasciculus (right);Corpus Callosum - occipital segment;Cingulum Bundle (dorsal, left);Inferior Fronto-Occipital Fasciculus (right);Corpus Callosum - precentral gyrus segment;Uncinate Fasciculus (right);Corpus Callosum - frontal segment;Uncinate Fasciculus (left);Anterior Thalamic Radiation (left);Inferior Fronto-Occipital Fasciculus (left);Parahippocampal Cingulum (left);Corticospinal Tract (right);Parahippocampal Cingulum (right);Corpus Callosum - postcentral gyrus segment;Inferior Longitudinal Fasciculus (left);Corpus Callosum - parietal segment",single study,yes,yes,yes,Alzheimers Disease;Behavioral Variant Frontotemporal Dementia
19439421,White matter damage in frontotemporal dementia and Alzheimers disease measured by diffusion MRI,Superior Longitudinal Fasciculus;Corticospinal Tract;Thalamic Radiation;Anterior Limb of Internal Capsule;Cingulum Bundle;Corpus Callosum;Uncinate Fasciculus,single study,yes,yes,yes,Alzheimers Disease;Behavioral Variant Frontotemporal Dementia
38702626,BMC Medical Imaging,,single study,yes,yes,yes,Mild Cognitive Impairment;Alzheimers Disease
33848693,White matter abnormalities of right hemisphere attention networks contribute to visual hallucinations in dementia with Lewy bodies,Superior Longitudinal Fasciculus (SLF3);Uncinate Fasciculus;Inferior Fronto-Occipital Fasciculus;Inferior Longitudinal Fasciculus,single study,yes,yes,yes,Lewy Body Dementia;Dementia
31881858,"Multimodal MRI of grey matter, white matter, and functional connectivity in cognitively healthy mutation carriers at risk for frontotemporal dementia and Alzheimers disease",Inferior Fronto-Occipital Fasciculus;Forceps Major;Anterior Thalamic Radiation;Forceps Minor;Corpus Callosum;Uncinate Fasciculus,single study,yes,yes,yes,Frontotemporal Dementia;Alzheimers Disease
24150110,Regional Differences in White Matter Breakdown Between Frontotemporal Dementia and Early-Onset Alzheimers Disease 1,Splenium of the Corpus Callosum;Genu of the Corpus Callosum,single study,yes,yes,yes,Alzheimers Disease;Behavioral Variant Frontotemporal Dementia
38010204,"Associations Between White Matter Integrity of the Cingulum Bundle, Surrounding Gray Matter Regions, and Cognition Across the Dementia Continuum",Corticospinal Tract;Cingulum Bundle (dorsal);Cingulum Bundle (ventral),single study,yes,yes,yes,Mild Cognitive Impairment;Alzheimers Disease;Dementia
22952843,Grey and White Matter Changes across the Amyotrophic Lateral Sclerosis-Frontotemporal Dementia Continuum,Anterior Inferior Longitudinal Fasciculus;Corticospinal Tract;Inferior Longitudinal Fasciculus;Forceps Minor;Anterior Corpus Callosum,single study,yes,yes,yes,Frontotemporal Dementia;Behavioral Variant Frontotemporal Dementia
33199431,Multi-shell Diffusion MRI Models for White Matter Characterization in Cerebral Small Vessel Disease,,single study,no,yes,no,Cerebral Small Vessel Disease
27436017,Functional connectivity and microstructural white matter changes in phenocopy frontotemporal dementia,Inferior Fronto-Occipital Fasciculus;Uncinate Fasciculus;Cingulum (cingulate portion);Forceps Minor;Cingulum (hippocampal portion);Corpus Callosum;Superior Longitudinal Fasciculus;Genu of the Corpus Callosum;Parahippocampal Bundle,single study,yes,yes,yes,Frontotemporal Dementia;Behavioral Variant Frontotemporal Dementia
32032816,NeuroImage: Clinical,Anterior Corona Radiata;Posterior Thalamic Radiations;Superior Longitudinal Fasciculus;Sagittal Stratum;Body of Corpus Callosum;Corona Radiata;Splenium of Corpus Callosum;Corpus Callosum;Posterior Corona Radiata;Cingulum Bundle,single study,yes,yes,yes,Lewy Body Dementia;Dementia
34230607,Neurobiology of loneliness: a systematic review,,review,yes,yes,no,Alzheimers Disease
25863527,White matter integrity in dementia with Lewy bodies: A Voxel-Based Analysis of Diffusion Tensor Imaging,Cingulum Bundle;Corpus Callosum;Inferior Longitudinal Fasciculus,single study,yes,yes,yes,Lewy Body Dementia;Alzheimers Disease
29901746,Brain MRI fiber-tracking reveals white matter alterations in hypertensive patients without damage at conventional neuroimaging,Anterior Thalamic Radiation;Forceps Minor;Superior Longitudinal Fasciculus,single study,yes,yes,no,
30538047,MR approaches in neurodegenerative disorders,,review,no,no,yes,Parkinson'S Disease Dementia;Alzheimers Disease;Vascular Dementia;Parkinson Disease;Mild Cognitive Impairment;Lewy Body Dementia;Dementia
25347157,"White Matter Integrity on DTI, Amyloid Load, and Neurodegeneration in Non-demented Elderly",Cingulum (hippocampal);Cingulum (cingulate gyrus);Body of Corpus Callosum;Fornix;Splenium of Corpus Callosum;Genu of Corpus Callosum,single study,yes,yes,no,Mild Cognitive Impairment;Alzheimers Disease
38091751,Neurite-based white matter alterations in MAPT mutation carriers: A multi-shell diffusion MRI study in the ALLFTD consortium,Inferior Fronto-Occipital Fasciculus;Anterior Corona Radiata;Superior Corona Radiata;Posterior Limb of Internal Capsule;Superior Cerebellar Peduncle;Superior Longitudinal Fasciculus;Sagittal Stratum;Stria Terminalis;Fornix;Lateral Fronto-Occipital Fasciculus;Anterior Limb of Internal Capsule;Posterior Corona Radiata;Cingulum Bundle;Corpus Callosum;Uncinate Fasciculus;Superior Fronto-Occipital Fasciculus;External Capsule,single study,yes,yes,yes,Dementia;Frontotemporal Dementia;Alzheimers Disease;Behavioral Variant Frontotemporal Dementia
28338052,Dissociable diffusion MRI patterns of white matter microstructure and connectivity in Alzheimers disease spectrum,Posterior Thalamic Radiation;Superior Longitudinal Fasciculus;Corticospinal Tract;Fornix;Internal Capsule;Corona Radiata;Corpus Callosum;Uncinate Fasciculus;Optic Radiation,single study,yes,yes,yes,Mild Cognitive Impairment;Alzheimers Disease;Dementia
38481124,Widespread White Matter Abnormalities in Concussed Athletes Detected by 7T Diffusion Magnetic Resonance Imaging,All 72 major white matter tracts (segmented using TractSeg),single study,yes,yes,no,
34864664,Association of Superficial White Matter Alterations with Cerebrospinal Fluid Biomarkers and Cognitive Decline in Neurodegenerative Dementia,Left Parietal Superficial White Matter;Parietal Superficial White Matter;Superficial White Matter,single study,yes,yes,yes,Alzheimers Disease;Dementia
23313563,Is there an association between peripheral immune markers and structuralfunctional neuroimaging findings?,,review,yes,yes,yes,Mild Cognitive Impairment;Vascular Dementia;Alzheimers Disease;Dementia
36641369,Adult lifespan maturation and degeneration patterns in gray and white matter: A mean apparent propagator (MAP) MRI study,Posterior Thalamic Radiation;Body of the Corpus Callosum;Superior Corona Radiata;Uncinate Fasciculus;Superior Cerebellar Peduncle;Superior Longitudinal Fasciculus;Sagittal Stratum;Anterior Limb of the Internal Capsule;Cingulum Bundle;Stria Terminalis;Tapetum;Fornix;Splenium of the Corpus Callosum;Anterior Corona Radiata;Posterior Corona Radiata;Superior Fronto-Occipital Fasciculus;Genu of the Corpus Callosum;External Capsule,single study,yes,yes,no,
36692402,Peak Width of Skeletonized Mean Diffusivity: A Neuroimaging Marker for White Matter Injury,,review,yes,yes,yes,Vascular Cognitive Impairment and Dementia;Autosomal Dominant Alzheimer'S Disease;Cerebral Amyloid Angiopathy;Alzheimers Disease;Cerebral Small Vessel Disease;Mild Cognitive Impairment;Dementia
30414086,Regional Amyloid-β Load and White Matter Abnormalities Contribute to Hypometabolism in Alzheimers Dementia,Angular Bundle;Fornix,single study,yes,yes,yes,Mild Cognitive Impairment;Alzheimers Disease;Dementia
21219189,"Diffusion Imaging, White Matter, and Psychopathology",,review,yes,yes,yes,Mild Cognitive Impairment;Parkinson Disease;Alzheimers Disease;Dementia
23404139,Relationship between cognitive impairment and white-matter alteration in Parkinsons disease with dementia: tract-based spatial statistics and tract-specific analysis,Posterior Limb of the Internal Capsule;Inferior Fronto-Occipital Fasciculus;Cingulum;Superior Longitudinal Fasciculus;Inferior Longitudinal Fasciculus;Anterior Limb of the Internal Capsule;Corpus Callosum;Uncinate Fasciculus;Genu of the Corpus Callosum,single study,yes,yes,yes,Dementia;Parkinson'S Disease Dementia;Parkinson Disease
21092388,Pre-dementia Memory Impairment is Associated with White Matter Tract Affection,Precuneus white matter;Inferior parietal white matter;Supramarginal white matter;Retrosplenial white matter;Entorhinal white matter;Parahippocampal white matter;Posterior cingulate white matter;Middle temporal white matter;Hippocampal white matter,single study,yes,yes,yes,Mild Cognitive Impairment;Alzheimers Disease;Prodromal Alzheimers Disease
38757392,Alzheimers Disease and Small Vessel Disease Differentially Affect White Matter Microstructure,Anterior Corona Radiata;Superior Corona Radiata;Posterior Limb of Internal Capsule;Cingulum;Column body of the Fornix;Inferior Longitudinal Fasciculus;Body of Corpus Callosum;Anterior Limb of Internal Capsule;Posterior Corona Radiata;Splenium of Corpus Callosum;Superior Longitudinal Fasciculus;Superior Fronto-Occipital Fasciculus;Genu of Corpus Callosum;Crus of the Fornix,single study,yes,yes,yes,Alzheimers Disease;Cerebral Small Vessel Disease
27104139,Linking white matter and deep gray matter alterations in premanifest Huntington disease,Corpus Callosum;Striatum–Cortex pathways;Splenium of the Corpus Callosum;Posterior Thalamic Radiations,single study,yes,yes,no,
30703627,The longitudinal decline of white matter microstructural integrity in behavioral variant frontotemporal dementia and its association with executive function,Anterior Cingulum Bundle;Superior Cerebellar Peduncle;Forceps Minor;Internal Capsule;Anterior Corona Radiata;Corpus Callosum;Uncinate Fasciculus;External Capsule,single study,yes,yes,yes,Behavioral Variant Frontotemporal Dementia
35227709,Bilingual experience affects white matter integrity across the lifespan,Global;Corpus Callosum;Superior Longitudinal Fasciculus;Inferior Fronto-Occipital Fasciculus,single study,yes,yes,no,
38744041,Limbic-predominant age-related TDP-43 encephalopathy neuropathological change (LATE-NC) is associated with abnormalities in white matter structural integrity and connectivity: An ex-vivo diffusion MRI and pathology investigation,,single study,yes,yes,yes,Mild Cognitive Impairment;Cerebral Amyloid Angiopathy;Alzheimers Disease;Dementia
38290851,Temporal Alterations in White Matter in An App Knock-In Mouse Model of Alzheimers Disease,,single study,yes,no,yes,Alzheimers Disease;Autosomal Dominant Alzheimer'S Disease
29629498,Multifocal alterations of white matter accompany the transition from normal cognition to dementia in Parkinsons disease patients,Inferior Fronto-Occipital Fasciculus;Uncinate Fasciculus;Cingulum (cingulate gyrus);Superior Corona Radiata;Forceps Major;Superior Longitudinal Fasciculus;Inferior Longitudinal Fasciculus;Anterior Thalamic Radiation;Forceps Minor;Anterior Corona Radiata;Corpus Callosum;Posterior Corona Radiata;Cingulum (hippocampus),single study,yes,yes,yes,Parkinson'S Disease Dementia;Parkinson Disease
18379765,Cerebral white matter damage in frontotemporal dementia assessed by diffusion tensor tractography,Inferior Longitudinal Fasciculus;Pyramidal Tracts;Arcuate Fasciculus;Splenium of Corpus Callosum;Uncinate Fasciculus;Genu of Corpus Callosum,single study,yes,yes,yes,Frontotemporal Dementia
38565289,Fixel-Based Analysis Reveals Tau-Related White Matter Changes in Early Stages of Alzheimers Disease,Parahippocampal segment of the Cingulum Bundle;Anterior Thalamic Radiation;Forceps Minor;Cingulum Bundle;Uncinate Fasciculus,single study,yes,yes,yes,Mild Cognitive Impairment;Alzheimers Disease
25307581,Structural and microstructral imaging of the brain in alcohol use disorders,,review,no,no,no,
18927145,Heterogeneity of white matter hyperintensities in Alzheimers disease: post-mortem quantitative MRI and neuropathology,,single study,yes,yes,yes,Alzheimers Disease
34435188,White matter abnormalities in active elite adult rugby players,Retrolenticular Part of the Internal Capsule;Posterior Thalamic Radiation;Posterior Limb of Internal Capsule;Superior Cerebellar Peduncle;Corticospinal Tract;Sagittal Stratum;Corona Radiata;Corpus Callosum;Posterior Corona Radiata;External Capsule,single study,yes,yes,no,
19233296,Characterization of White Matter Degeneration in Elderly Subjects by Magnetic Resonance Diffusion and FLAIR Imaging Correlation,Corpus Callosum,single study,yes,yes,no,
29649488,Proteomics based identification of differential plasma proteins and changes in white matter integrity as markers in early detection of mild cognitive impaired subjects at high risk of Alzheimers disease,Corpus Callosum;Fornix;Forceps Major,single study,yes,yes,yes,Mild Cognitive Impairment;Lewy Body Dementia;Alzheimers Disease;Prodromal Alzheimers Disease
17444598,Diffusion tensor imaging of the brain in patients with Alzheimers disease and cerebrovascular lesions,Cingulum Bundle,single study,yes,yes,yes,Alzheimers Disease
33328963,Acupuncture Improves White Matter Perfusion and Integrity in Rat Model of Vascular Dementia: An MRI-Based Imaging Study,,single study,yes,no,yes,Vascular Dementia
25076831,The Power of HybridFusion Imaging Metrics in Future PACS Systems: A Case Study into the White Matter Hyperintensity Prenumbra using FLAIR and Diffusion MR,Global,single study,yes,yes,no,
19441023,Executive Dysfunction and Periventricular Diffusion Tensor Changes in Amnesic Mild Cognitive Impairment and Early Alzheimers Disease,Corpus Callosum,single study,yes,yes,yes,Mild Cognitive Impairment;Alzheimers Disease
25518577,An official website of the United States government Heres how you know,cingulum (Cg);superior cerebellarpeduncle (Scp);optic radiation (Orad);fibre commissural the lateral ventricles (Fclv);forceps minor of corpus callosum (Fmin),single study,yes,yes,no,Idiopathic Normal Pressure Hydrocephalus
21624226,An official website of the United States government Heres how you know Controlled Clinical Trial . 2011 May;50(5):411-5,Centrum Semiovale,single study,yes,yes,no,Vascular Cognitive Impairment and Dementia;Cerebral Small Vessel Disease
16434215,76-Space analysis of grey matter diffusivity: Methods and applications,,single study,yes,yes,yes,Dementia
29175203,Effects of bilingualism on white matter integrity in older adults,Inferior Fronto-Occipital Fasciculus;Inferior Longitudinal Fasciculus;Internal Capsule;Corona Radiata;Corpus Callosum;Superior Longitudinal Fasciculus;External Capsule,single study,yes,yes,no,
30101061,NeuroImage: Clinical,Medial prefrontal cortex - amygdala tract,single study,yes,yes,yes,Mild Cognitive Impairment;Alzheimers Disease
39004653,White matter microstructural integrity as a key to effective propagation of gamma entrainment in humans,Right Middle Longitudinal Fasciculus;Right Vertical Occipital Fasciculus;Left Inferior Fronto-Occipital Fasciculus;Left Middle Longitudinal Fasciculus;Right Uncinate Fasciculus;Left Vertical Occipital Fasciculus;Right Inferior Fronto-Occipital Fasciculus;Left Uncinate Fasciculus,single study,yes,yes,no,Alzheimers Disease
34950511,Diffusion tension imaging is a good tool for assessing patients with dementia and behavioral problems and discriminating them from other dementia patients,,single study,yes,yes,yes,Alzheimers Disease;Dementia
38669532,Impaired Glymphatic Flow on Diffusion Tensor MRI as a Marker of Neurodegeneration in Alzheimers Disease: Correlation with Gray Matter Volume Loss and Cognitive Decline Independent of Cerebral Amyloid Deposition,,single study,yes,yes,yes,Alzheimers Disease
27783100,Micro-structural white matter abnormalities in type 2 diabetic patients: a DTI study using TBSS analysis,Posterior Thalamic Radiation;Uncinate Fasciculus;Inferior Longitudinal Fasciculus;Anterior Thalamic Radiation;Fornix;Cingulum Bundle;Corpus Callosum;Superior Longitudinal Fasciculus,single study,yes,yes,no,Alzheimers Disease
19938682,An official website of the United States government Heres how you know,,review,yes,yes,yes,Dementia
26252210,Microstructural White Matter Properties Mediate the Association between APOE and Perceptual Speed in Very Old Persons without Dementia,Cingulum (cingulate gyrus part);Inferior Fronto-Occipital Fasciculus;Forceps Major;Corticospinal Tract;Forceps Minor;Cingulum (hippocampal part);Superior Longitudinal Fasciculus,single study,yes,yes,no,
19547805,Binswangers disease and quantitative fractional anisotropy,,single study,yes,yes,yes,Vascular Cognitive Impairment and Dementia;Binswanger'S Disease
35579236,Global changes in diffusion tensor imaging during acute ischemic stroke and post-stroke cognitive performance,Global,single study,yes,yes,no,
33263494,The role of diffusion tensor imaging in idiopathic normal pressure hydrocephalus: A literature review,,review,yes,yes,yes,Idiopathic Normal Pressure Hydrocephalus
38463962,Lifespan reference curves for harmonizing multi-site regional brain white matter metrics from diffusion MRI,Posterior Thalamic Radiation;Body of the Corpus Callosum;Uncinate Fasciculus;Fornix/Stria Terminalis (FXST);Sagittal Stratum;Corticospinal Tract;Global;Tapetum;Fornix;Hippocampal Cingulum;Retrolenticular part of the Internal Capsule;Splenium of the Corpus Callosum;Corpus Callosum;Posterior Corona Radiata;Genu of the Corpus Callosum,single study,yes,yes,no,
38433018,SPAK inhibitor ZT-1a attenuates reactive astrogliosis and oligodendrocyte degeneration in a mouse model of vascular dementia,,single study,yes,no,yes,Vascular Cognitive Impairment and Dementia;Vascular Dementia
22669012,An official website of the United States government Heres how you know,,review,yes,yes,yes,Alzheimers Disease
28045213,Longitudinal Diffusion Changes in Prodromal and Early HD: Evidence of White-Matter Tract Deterioration,Premotor-Caudate;Primary Sensory-Caudate;Primary Motor-Caudate;Primary Sensory-Putamen;Premotor-Putamen;Primary Motor-Putamen,single study,yes,yes,no,
19730350,Frontostriatal fiber bundle compromise in HIV infection without dementia,Occipital sector of Corpus Callosum;Premotor sector of Corpus Callosum;Occipital Forceps;Sensorimotor sector of Corpus Callosum;Temporal sector of Corpus Callosum;Inferior Longitudinal Fasciculus;Superior Cingulate Bundle;Inferior Cingulate Bundle;Fornix;Internal Capsule;Frontal Forceps;Parietal sector of Corpus Callosum;Corpus Callosum;Superior Longitudinal Fasciculus;Pontocerebellar Tract;External Capsule,single study,yes,yes,no,
38108353,Interaction Between a High-Fat Diet and Tau Pathology in Mice: Implications for Alzheimers Disease,,single study,yes,no,no,Alzheimers Disease
24706734,The Corticospinal Tract in Huntingtons Disease,Corticospinal Tract,single study,yes,yes,no,
28336929,Developmental Whole Brain White Matter Alterations in Transgenic Huntingtons Disease Monkey,,single study,yes,no,no,
32383552,Genetic risk for Alzheimer disease in children: Evidence from early-life IQ and brain white-matter microstructure,Uncinate Fasciculus;Forceps Major;Superior Longitudinal Fasciculus;Corticospinal Tract;Inferior Longitudinal Fasciculus;Forceps Minor;Cingulum Bundle,single study,yes,yes,yes,Alzheimers Disease
24109737,,Fornix;Uncinate Fasciculus,single study,yes,yes,no,
26756590,Longitudinal Diffusion Tensor Imaging Shows Progressive Changes in White Matter in Huntingtons Disease,Anterior Corona Radiata;Superior Corona Radiata;Sagittal Stratum;Body of Corpus Callosum;Anterior Limb of Internal Capsule;Splenium of Corpus Callosum;Genu of Corpus Callosum;External Capsule,single study,yes,yes,no,
28266655,Intact sensory-motor network structure and function in far from onset premanifest Huntingtons disease,Thalamocortical Pathway;Corticospinal Tract;Internal Capsule;Corpus Callosum;External Capsule,single study,yes,yes,no,
19332141,In vivo evidence for the selective subcortical degeneration in Huntingtons disease,Putamino-pallidal projections;Pallido-subthalamic projections;Striato-pallidal projections;Striatonigral projections;Corticostriatal projections;Prefrontal corticostriatal projections;Thalamostriatal projections;Sensorimotor corticostriatal projections;Premotor corticostriatal projections;Corona Radiata;Pallidothalamic projections,single study,yes,yes,no,
19850138,Altered White Matter Microstructure in the Corpus Callosum in Huntingtons Disease: implications for cortical disconnection,Corpus Callosum,single study,yes,yes,no,
19320010,Longitudinal Diffusion Tensor Imaging in Huntingtons Disease,Corpus Callosum;Frontothalamic tracts;Superior Corona Radiata;Ascending limb of the internal capsule;Corticostriatal tracts;Frontostriatal tracts,single study,yes,yes,no,
18056161,White matter connections reflect changes in voluntary-guided saccades in pre-symptomatic Huntingtons disease,Cortico-striatal tracts;Corpus Callosum;Frontal eye field–caudate (frontostriatal) connections;Frontal cortico-fugal tracts,single study,yes,yes,no,
21264990,Early Changes in White Matter Pathways of the Sensorimotor Cortex in Premanifest Huntingtons Disease,Caudate nucleus;Superior prefrontal cortex;Sensorimotor cortex;Thalamus;Corpus Callosum,single study,yes,yes,no,
24019913,Tractography of the Corpus Callosum in Huntingtons Disease,Corpus Callosum (superior parietal);Corpus Callosum (posterior parietal);Corpus Callosum (orbital frontal);Corpus Callosum;Corpus Callosum (superior frontal);Corpus Callosum (anterior frontal);Corpus Callosum (occipital);Corpus Callosum (temporal),single study,yes,yes,no,
20488902,Regional Distribution and Clinical Correlates of White Matter Structural Damage in Huntington Disease: A Tract-Based Spatial Statistics Study,Inferior Fronto-Occipital Fasciculus;Body of the Corpus Callosum;Cerebral Peduncles;Corticospinal Tract;Inferior Longitudinal Fasciculus;Arciform fibers;Anterior limb of the Internal Capsule;Fornix;Internal Capsule;Posterior limb of the Internal Capsule;Splenium of the Corpus Callosum;Corona Radiata;Genu of the Internal Capsule;Corpus Callosum;Extreme Capsule;Genu of the Corpus Callosum;External Capsule,single study,yes,yes,no,
16755582,Diffusion Tensor Imaging in Presymptomatic and Early Huntingtons Disease: Selective White Matter Pathology and Its Relationship to Clinical Measures,Corticospinal Tract;Internal Capsule;Cerebral Peduncles;Corpus Callosum;Extreme Capsule;External Capsule,single study,yes,yes,no,
15589514,Detection of age-dependent brain injury in a mouse model of brain amyloidosis associated with Alzheimers disease using magnetic resonance diffusion tensor imaging,,single study,yes,no,yes,Alzheimers Disease
30771034,Detection of axonal degeneration in a mouse model of Huntingtons disease: comparison between diffusion tensor imaging and anomalous diffusion metrics,,single study,yes,no,no,
33765430,Neurobiology of Aging,,single study,yes,no,no,
15056472,Diffusion tensor imaging detects age-dependent white matter changes in a transgenic mouse model with amyloid deposition,,single study,yes,no,yes,Alzheimers Disease
29545212,"T 1 , diffusion tensor, and quantitative magnetization transfer imaging of the hippocampus in an Alzheimers disease mouse model",,single study,yes,no,yes,Alzheimers Disease
23877934,Voxel-Based Diffusion Tensor Imaging of an APPPS1 Mouse Model of Alzheimers Disease,,single study,yes,no,yes,Alzheimers Disease
31472250,Neurite Orientation Dispersion and Density Imaging Reveals White Matter and Hippocampal Microstructure Changes Produced by Interleukin-6 in the TgCRND8 Mouse Model of Amyloidosis,,single study,yes,no,yes,Alzheimers Disease
30077647,"Multifaceted assessment of the APPPS1 mouse model for Alzheimers disease: Applying MRS, DTI, and ASL",,single study,yes,no,yes,Alzheimers Disease
33975312,Diffusion Tensor Imaging Reveals Whole-Brain Microstructural Changes in the P301L Mouse Model of Tauopathy,,single study,yes,no,no,Mild Cognitive Impairment;Frontotemporal Dementia;Alzheimers Disease
34455171,"Grip training improves handgrip strength, cognition, and brain white matter in minor acute ischemic stroke patients",Global,single study,yes,yes,no,
31705427,Predictors of Lesion Cavitation After Recent Small Subcortical Stroke,,single study,yes,yes,no,Cerebral Small Vessel Disease
37808483,Di usion tensor free water MRI predicts progression of FLAIR white matter hyperintensities after ischemic stroke,,single study,yes,yes,no,Cerebral Small Vessel Disease
39170078,Longitudinal assessment of glymphatic changes following mild traumatic brain injury: Insights from perivascular space burden and DTI-ALPS imaging,Global,single study,yes,yes,no,
37533476,"Association between intracranial vessel calcifications, structural brain damage, and cognitive impairment after minor strokes: a prospective study",Global,single study,yes,yes,yes,Mild Cognitive Impairment;Cerebral Small Vessel Disease;Dementia
37654137,,Cingulum Bundle (hippocampal);Superior Corona Radiata;Posterior Limb of Internal Capsule;Superior Cerebellar Peduncle;Cingulum Bundle (cingulate gyrus);Fornix;Anterior Limb of Internal Capsule;Superior Fronto-Occipital Fasciculus;External Capsule,single study,yes,yes,no,Mild Cognitive Impairment
32147939,Age-dependent amyloid deposition is associated with white matter alterations in cognitively normal adults during the adult life span,Anterior Thalamic Radiation;Inferior Fronto-Occipital Fasciculus;Superior Longitudinal Fasciculus;Forceps Major,single study,yes,yes,yes,Alzheimers Disease
26650629,Correlating quantitative tractography at 3T MRI and cognitive tests in healthy older adults,Middle Cerebellar Peduncle;Superior Cerebellar Peduncle;Cingulum;Corticospinal Tract;Thalamic Projection Fibers;Inferior Cerebellar Peduncle;Long Association Fibers;Corpus Callosum,single study,yes,yes,no,
28934374,The effect of white matter hyperintensities on statistical analysis of diffusion tensor imaging in cognitively healthy elderly and prodromal Alzheimers disease,Superior Longitudinal Fasciculus;Corticospinal Tract;Ventral Cingulum;Dorsal Cingulum,single study,yes,yes,yes,Mild Cognitive Impairment;Prodromal Alzheimers Disease
27662320,Quantitative Magnetic Resonance Abnormalities in Creutzfeldt-Jakob Disease and Fatal Insomnia,Middle Cerebellar Peduncle;Superior Cerebellar Peduncle;Superior Longitudinal Fasciculus;Fornix;Internal Capsule;Inferior Cerebellar Peduncle;Corona Radiata;Anterior Corona Radiata;Corpus Callosum;Cerebral Peduncle;External Capsule,single study,yes,yes,no,
34241815,Rates of cognitive impairment in a South African cohort of people with HIV: variation by definitional criteria and lack of association with neuroimaging biomarkers,Global;Anterior Thalamic Radiation;Cingulum Bundle;Corpus Callosum;Uncinate Fasciculus,single study,yes,yes,no,
22701578,CSF T-TauAb 42 Predicts White Matter Microstructure in Healthy Adults at Risk for Alzheimers Disease,Superior Longitudinal Fasciculus;Corpus Callosum;Cingulum Bundle,single study,yes,yes,no,Alzheimers Disease
28970540,Microstructural network alterations of olfactory dysfunction in newly diagnosed Parkinsons disease,,single study,yes,yes,no,Parkinson Disease
23062795,Correlation between cognitive function and the association fibers in patients with Alzheimers disease using diffusion tensor imaging,Inferior Fronto-Occipital Fasciculus;Superior Longitudinal Fasciculus,single study,yes,yes,yes,Alzheimers Disease
38635499,Impact of APOE-ε alleles on brain structure and cognitive function in healthy older adults: A VBM and DTI replication study,Global,single study,yes,yes,no,Alzheimers Disease
32521475,NeuroImage: Clinical,Global,single study,yes,yes,yes,Mild Cognitive Impairment;Alzheimers Disease;Cerebral Small Vessel Disease
34784526,Postural and gait symptoms in de novo Parkinsons disease patients correlate with cholinergic white matter pathology,Proximal NBM-WM tract;Nucleus Basalis of Meynert white matter tract (NBM-WM);Distal NBM-WM tract;Frontolateral NBM-WM tract;Medial NBM-WM pathway;Lateral NBM-WM pathway,single study,yes,yes,no,Parkinson Disease
22416261,The value of diffusion tensor imaging in the differential diagnosis of subcortical ischemic vascular dementia and Alzheimers disease in patients with only mild white matter alterations on T2-weighted images,Inferior Fronto-Occipital Fasciculus;Splenium of the Corpus Callosum;Cingulate Fasciculus;Superior Longitudinal Fasciculus;Genu of the Corpus Callosum,single study,yes,yes,yes,Vascular Dementia;Alzheimers Disease
32035186,Cholinergic white matter pathways make a stronger contribution to attention and memory in normal aging than cerebrovascular health and nucleus basalis of Meynert,Posterior Thalamic Radiation;Internal Capsule;Cingulum Bundle;Uncinate Fasciculus;External Capsule,single study,yes,yes,no,Cerebral Small Vessel Disease
24895252,MRI Measures of Corpus Callosum Iron and Myelin in Early Huntingtons Disease,Corpus Callosum,single study,yes,yes,no,
37582732,Plasma neurofilament light admission levels and development of axonal pathology in mild traumatic brain injury,Global,single study,yes,yes,no,
16394146,Age-Related Changes in Prefrontal White Matter Measured by Diffusion Tensor Imaging,Prefrontal White Matter;Posterior Limb of Internal Capsule;Whole-brain White Matter;Temporal Stem;Middle Frontal White Matter;Ventromedial Prefrontal White Matter;Inferior Frontal Gyrus White Matter;Splenium of the Corpus Callosum;Anterior Limb of Internal Capsule;Corpus Callosum;Deep Prefrontal White Matter;Genu of the Corpus Callosum,single study,yes,yes,no,Alzheimers Disease
26815786,Alterations in white matter volume and integrity in obesity and type 2 diabetes,Corticospinal Tract;Superior Longitudinal Fasciculus;Inferior Fronto-Occipital Tract;Forceps Major,single study,yes,yes,no,
21767653,Genotype specific age related changes in a transgenic rat model of Huntingtons disease,,single study,yes,no,no,
27001211,Anterior Cingulum White Matter Is Altered in Tobacco Smokers,Anterior Cingulum Bundle;Posterior Cingulum Bundle,single study,yes,yes,no,
30531675,Use of Multimodal Magnetic Resonance Imaging Techniques to Explore Cognitive Impairment in Leukoaraiosis,,review,no,no,no,Mild Cognitive Impairment;Vascular Dementia;Cerebral Small Vessel Disease;Dementia
28657159,Mapping the Order and Pattern of Brain Structural MRI Changes Using Change-Point Analysis in Premanifest Huntingtons Disease,Corpus Callosum;Deep White Matter;Inferior White Matter;Anterior White Matter;Occipital White Matter;Posterior White Matter;Limbic White Matter,single study,yes,yes,no,
26881100,Multilevel Deficiency of White Matter Connectivity Networks in Alzheimers Disease: A Diffusion MRI Study with DTI and HARDI Models,Uncinate Fasciculus;Anterior Cingulum Bundle;Corticospinal Tract;Inferior Longitudinal Fasciculus;Posterior Cingulum Bundle;Parahippocampal White Matter;Fornix;Corpus Callosum;Superior Longitudinal Fasciculus,single study,yes,yes,yes,Alzheimers Disease
31549530,International Journal of Neuroscience,,review,yes,yes,yes,Primary Progressive Aphasia;Posterior Cortical Atrophy;Alzheimers Disease;Mild Cognitive Impairment;Dementia
34509999,Prediction of dementia using diffusion tensor MRI measures: the OPTIMAL collaboration,,single study,yes,yes,yes,Vascular Cognitive Impairment and Dementia;Alzheimers Disease;Vascular Dementia;Cerebral Small Vessel Disease;Mild Cognitive Impairment;Dementia
38442778,Altered structural and functional connectivity in Posterior Cortical Atrophy and Dementia with Lewy bodies,Posterior Thalamic Radiation;Inferior Fronto-Occipital Fasciculus;Uncinate Fasciculus;Cingulum;Sagittal Stratum;Retrolenticular Part of Internal Capsule;Fornix;Splenium of Corpus Callosum;Superior Longitudinal Fasciculus;Superior Fronto-Occipital Fasciculus,single study,yes,yes,yes,Lewy Body Dementia;Alzheimers Disease;Posterior Cortical Atrophy
34958911,Alterations in white matter fiber in Parkinson disease across different cognitive stages,Corticospinal Tract;Corpus Callosum;Cingulum Bundle,single study,no,yes,yes,Mild Cognitive Impairment;Parkinson'S Disease Dementia;Parkinson Disease
20083207,Dementia Induces Correlated Reductions in White Matter Integrity and Cortical Thickness: A Multivariate Neuroimaging Study with Sparse Canonical Correlation Analysis,Inferior Fronto-Occipital Fasciculus;Uncinate Fasciculus;Anterior Corona Radiata;Corticospinal Tract;Inferior Longitudinal Fasciculus;Arcuate Fasciculus;Cingulum Bundle;Corpus Callosum;Superior Longitudinal Fasciculus,single study,yes,yes,yes,Frontotemporal Dementia;Alzheimers Disease
38461504,White Matter Microstructure Analysis in Subjective Memory Complaints and Cognitive Impairment: Insights from Diffusion Kurtosis Imaging and Free-Water DTI,,single study,yes,yes,yes,Mild Cognitive Impairment;Alzheimers Disease;Dementia
37028608,Magnetic Resonance Imaging,,single study,yes,no,yes,Alzheimers Disease
15028645,Differential Vulnerability of Anterior White Matter in Nondemented Aging with Minimal Acceleration in Dementia of the Alzheimer Type: Evidence from Diffusion Tensor Imaging,Occipital Lobe White Matter;Corpus Callosum (posterior);Prefrontal White Matter;Corpus Callosum (anterior);Parietal Lobe White Matter;Temporal Lobe White Matter,single study,yes,yes,yes,Alzheimers Disease
35147158,Longitudinal multimodal MRI characterization of a knock-in mouse model of Huntingtons disease reveals early gray and white matter alterations,,single study,yes,no,no,
39185685,A glympse into neurodegeneration: Diffusion MRI and cerebrospinal fluid aquaporin-4 for the assessment of glymphatic system in Alzheimers disease and other dementias,Global,single study,yes,yes,yes,Mild Cognitive Impairment;Alzheimers Disease;Dementia
38427191,Diffusion Tensor Imaging in Alzheimers Studies,,review,yes,yes,yes,Mild Cognitive Impairment;Alzheimers Disease;Dementia;Autosomal Dominant Alzheimer'S Disease
22538073,"The Contributions of MRI-Based Measures of Gray Matter, White Matter Hyperintensity, and White Matter Integrity to Late-Life Cognition",Uncinate Fasciculus;Superior Longitudinal Fasciculus (frontal part);Fornix;Corpus Callosum;Cingulum Bundle,single study,yes,yes,yes,Frontotemporal Dementia;Alzheimers Disease;Vascular Dementia;Mild Cognitive Impairment;Lewy Body Dementia;Dementia
27487766,Astroglial NF-kB contributes to white matter damage and cognitive impairment in a mouse model of vascular dementia,,single study,yes,no,yes,Vascular Cognitive Impairment and Dementia;Vascular Dementia
37940789,Lateralized brunt of sleep deprivation on white matter injury in a rat model of Alzheimers disease,,single study,yes,no,yes,Alzheimers Disease
34902714,White matter microstructure associations to amyloid burden in adults with Down syndrome,Inferior Longitudinal Fasciculus;Fornix;Corona Radiata;Corpus Callosum;Superior Longitudinal Fasciculus,single study,yes,yes,yes,Mild Cognitive Impairment;Alzheimers Disease;Dementia
26792028,White matter hyperintensity microstructure in amyloid dysmetabolism,Cingulum (hippocampal part);Cingulum (cingulate gyrus),single study,yes,yes,no,Mild Cognitive Impairment
10582990,Clinical Severity in CADASIL Related to Ultrastructural Damage in White Matter In Vivo Study With Diffusion Tensor MRI,,single study,yes,yes,yes,Cerebral Small Vessel Disease;Dementia
33998562,White matter connectivity for early prediction of Alzheimers disease,(Anterior) Cingulum Bundle,single study,yes,yes,yes,Mild Cognitive Impairment;Alzheimers Disease
28596117,DISRUPTED WHITE MATTER STRUCTURAL NETWORKS IN HEALTHY OLDER ADULT APOE e4 CARRIERS -AN INTERNATIONAL MULTICENTER DTI STUDY,Inferior Fronto-Occipital Fasciculus;Posterior Thalamic Radiation;Cingulum;Inferior Longitudinal Fasciculus;Internal Capsule;Corona Radiata;Corpus Callosum;Superior Longitudinal Fasciculus;External Capsule,single study,yes,yes,no,Alzheimers Disease
26801955,The Superficial White Matter in Alzheimers Disease,Short-range association fibers (U-fibers);Superficial White Matter,single study,yes,yes,yes,Alzheimers Disease
29992469,White matter correlates of temporal discounting in older adults,,single study,yes,yes,no,
33317422,White-matter integrity predicts electrical stimulation (tDCS) and language therapy effects in primary progressive aphasia,Superior Longitudinal Fasciculus;Inferior Fronto-Occipital Fasciculus;Uncinate Fasciculus;Extreme Capsule Fasciculus,single study,yes,yes,yes,Primary Progressive Aphasia
23741425,Robust Automated Detection of Microstructural White Matter Degeneration in Alzheimers Disease Using Machine Learning Classification of Multicenter DTI Data,Corpus Callosum;Fornix,single study,yes,yes,yes,Alzheimers Disease
34526957,Brain Network Integrity Changes in Subjective Cognitive Decline: A Possible Physiological Biomarker of Dementia,Fronto-Occipital Fasciculus;Body of Corpus Callosum;Fornix;Corona Radiata;Splenium of Corpus Callosum;Corpus Callosum;Cingulum Bundle;Genu of Corpus Callosum,single study,yes,yes,yes,Mild Cognitive Impairment;Dementia
39703304,Exploring Tractography: An Analysis of Brain Connectivity Patterns in Men,Inferior Fronto-Occipital Fasciculus;Uncinate Fasciculus;Cingulum;Forceps Major;Corticospinal Tract;Inferior Longitudinal Fasciculus;Anterior Thalamic Radiation;Forceps Minor;Superior Longitudinal Fasciculus;Superior Fronto-Occipital Fasciculus,single study,yes,yes,no,
33867969,White Matter Structural Network Analysis to Differentiate Alzheimers Disease and Subcortical Ischemic Vascular Dementia,Inferior Fronto-Occipital Fasciculus;Cingulum,single study,yes,yes,yes,Vascular Dementia;Alzheimers Disease
33192454,"Inflammation, Cognition, and White Matter in Older Adults: An Examination by Race",Global,single study,yes,yes,no,
27047376,Hippocampal Pathway Plasticity Is Associated with the Ability to Form Novel Memories in Older Adults,Parahippocampal Cingulum;Uncinate Fasciculus;Fornix,single study,yes,yes,no,
30837858,Diffusion MRI Indices and Their Relation to Cognitive Impairment in Brain Aging: The Updated Multi-protocol Approach in ADNI3,Genu of Corpus Callosum (GCC);Corticospinal Tract (CST);External Capsule (EC);Full White Matter (Global);Inferior Fronto-Occipital Fasciculus (IFO);Fornix (crus/Stria Terminalis; FxST);Anterior Limb of Internal Capsule (ALIC);Uncinate Fasciculus (UNC);Sagittal Stratum (SS);Posterior Thalamic Radiation (PTR);Corpus Callosum;Hippocampal Cingulum (CGH);Splenium of Corpus Callosum (SCC),single study,yes,yes,yes,Mild Cognitive Impairment;Alzheimers Disease;Dementia
37457665,The association of diffusion tensor MRI measures of normal appearing white matter and cognition,Global,single study,yes,yes,no,Vascular Cognitive Impairment and Dementia;Cerebral Small Vessel Disease;Small Vessel Ischemic Disease
21760989,"Joint Assessment of Structural, Perfusion, and Diffusion MRI in Alzheimers Disease and Frontotemporal Dementia",Corpus Callosum;Anterior Cingulum Bundle;Posterior Cingulum Bundle,single study,yes,yes,yes,Frontotemporal Dementia;Alzheimers Disease
34408645,White Matter Integrity Underlies the Physical-Cognitive Correlations in Subjective Cognitive Decline,Superior Corona Radiata;Corticospinal Tract;Inferior Cerebellar Peduncle;Anterior Limb of Internal Capsule;Posterior Corona Radiata;Superior Fronto-Occipital Fasciculus,single study,yes,yes,yes,Dementia
39479180,Large-scale Normative Modeling of Brain Microstructure,Fornix/Stria Terminalis;Splenium of Corpus Callosum;Anterior Corona Radiata;Superior Longitudinal Fasciculus;Genu of Corpus Callosum;Cingulum (cingulate gyrus);Sagittal Stratum;Fornix;Superior Corona Radiata;Anterior Limb of Internal Capsule;Posterior Corona Radiata;Superior Fronto-Occipital Fasciculus;Tapetum of Corpus Callosum;Posterior Thalamic Radiation;Cingulum (hippocampal);Posterior Limb of Internal Capsule;Retrolenticular Part of Internal Capsule;Body of Corpus Callosum;Uncinate Fasciculus;External Capsule,single study,yes,yes,yes,Mild Cognitive Impairment;Alzheimers Disease;Parkinson Disease
32425831,Age-Related Changes of Peak Width Skeletonized Mean Diffusivity (PSMD) Across the Adult Lifespan: A Multi-Cohort Study,Global,single study,yes,yes,no,
24367331,Structural hippocampal network alterations during healthy aging: a multi-modal MRI study,Corticospinal Tract;Cingulum Bundle;Fornix;Arcuate Fasciculus,single study,yes,yes,no,
36479018,Associations between diffusion MRI microstructure and cerebrospinal fluid markers of Alzheimers disease pathology and neurodegeneration along the Alzheimers disease continuum,Superior Longitudinal Fasciculus;Corpus Callosum;Cingulum Bundle,single study,yes,yes,yes,Alzheimers Disease
25431558,Fractional anisotropy of the fornix and hippocampal atrophy in Alzheimers disease,,review,yes,yes,yes,Autosomal Dominant Alzheimer'S Disease;Alzheimers Disease;Prodromal Alzheimers Disease;Mild Cognitive Impairment;Dementia
26413203,AUTOMATED MULTI-ATLAS LABELING OF THE FORNIX AND ITS INTEGRITY IN ALZHEIMERS DISEASE,Fornix,single study,yes,yes,yes,Mild Cognitive Impairment;Alzheimers Disease
38712293,Microstructural Mapping of Neural Pathways in Alzheimers Disease using Macrostructure-Informed Normative Tractometry,CCMid;Inferior Fronto-Occipital Fasciculus;FPT;Forceps Major;Middle Longitudinal Fasciculus;Cingulum;Inferior Longitudinal Fasciculus;Arcuate Fasciculus;EMC;Fornix;Corona Radiata;Corpus Callosum;Uncinate Fasciculus;Optic Radiation;OPT,single study,yes,yes,yes,Mild Cognitive Impairment;Alzheimers Disease;Dementia
22545143,Assessing Corpus Callosum Changes in Alzheimers Disease: Comparison between Tract-Based Spatial Statistics and Atlas-Based Tractography,Corpus Callosum - Right Temporal;Corpus Callosum - Superior Parietal;Corpus Callosum - Anterior Frontal;Corpus Callosum - Occipital;Corpus Callosum - Orbital Frontal;Corpus Callosum - Posterior Parietal;Corpus Callosum;Corpus Callosum - Superior Frontal;Corpus Callosum - Left Temporal,single study,yes,yes,yes,Mild Cognitive Impairment;Alzheimers Disease
18593276,Brain Magnetic Resonance Imaging Structural Changes in a Pedigree of Asymptomatic Progranulin Mutation Carriers,Left Inferior Fronto-Occipital Fasciculus;Left Uncinate Fasciculus;Left Arcuate Fasciculus;Corpus Callosum,single study,yes,yes,yes,Frontotemporal Dementia;Primary Progressive Aphasia;Dementia
18246334,Diffusion abnormalities of the uncinate fasciculus in Alzheimers disease: diffusion tensor tract-specific analysis using a new method to measure the core of the tract,Uncinate Fasciculus,single study,yes,yes,yes,Alzheimers Disease
26836182,CSF markers of Alzheimers pathology and microglial activation are associated with altered white matter microstructure in asymptomatic adults at risk for Alzheimers disease,External Capsule;Internal Capsule;Corona Radiata,single study,yes,yes,yes,Mild Cognitive Impairment;Alzheimers Disease;Dementia;Prodromal Alzheimers Disease
23347602,Correlations between microstructural alterations and severity of cognitive deficiency in Alzheimers disease and mild cognitive impairment: a diffusional kurtosis imaging study,,single study,yes,yes,yes,Mild Cognitive Impairment;Alzheimers Disease
25491469,Clinical Investigative Study The Uncinate Fasciculus as a Predictor of Conversion from aMCI to Alzheimer Disease,Uncinate Fasciculus,single study,yes,yes,yes,Mild Cognitive Impairment;Alzheimers Disease
22685067,Relationship between apathy and diffusion tensor imaging metrics of the brain in Alzheimers disease,,single study,yes,yes,yes,Alzheimers Disease
20164559,Diagnostic Utility of Novel MRI-Based Biomarkers for Alzheimers Disease: Diffusion Tensor Imaging and Deformation-Based Morphometry,Corpus Callosum;Superior Longitudinal Fasciculus;Anterior Cingulum Bundle;Inferior Fronto-Occipital Fasciculus,single study,yes,yes,yes,Alzheimers Disease
23586325,,Corpus Callosum (body);Inferior Fronto-Occipital Fasciculus;Uncinate Fasciculus;Corticospinal Tract;Anterior Thalamic Radiation;Fornix;Corpus Callosum (splenium);Corpus Callosum (genu);Superior Longitudinal Fasciculus,single study,yes,yes,no,
31747967,"Testing the therapeutic effects of transcranial direct current stimulation (tDCS) in semantic dementia: a double blind, sham controlled, randomized clinical trial",Inferior Fronto-Occipital Fasciculus;Uncinate Fasciculus;Inferior Longitudinal Fasciculus;Corpus Callosum;Superior Longitudinal Fasciculus,single study,yes,yes,yes,Frontotemporal Dementia;Primary Progressive Aphasia;Dementia
21816921,Altered Microstructure in Corticospinal Tract in Idiopathic Normal Pressure Hydrocephalus: Comparison with Alzheimer Disease and Parkinson Disease with Dementia,Corticospinal Tract,single study,yes,yes,yes,Parkinson'S Disease Dementia;Alzheimers Disease;Idiopathic Normal Pressure Hydrocephalus
24657781,Multi-site study of additive genetic effects on fractional anisotropy of cerebral white matter: comparing meta and mega analytical approaches for data pooling,Inferior Fronto-Occipital Fasciculus;Corticospinal Tract;Sagittal Stratum;Global;Fornix;Corpus Callosum;Superior Fronto-Occipital Fasciculus;External Capsule,single study,yes,yes,no,
22768288,Sexual Dimorphism in Healthy Aging and Mild Cognitive Impairment: A DTI Study,Uncinate Fasciculus;Forceps Major;Inferior Longitudinal Fasciculus;Anterior Thalamic Radiation;Forceps Minor;Corpus Callosum (Splenium);Superior Longitudinal Fasciculus;Parahippocampal Tract,single study,yes,yes,no,Mild Cognitive Impairment
31092880,"Food knowledge depends upon the integrity of both sensory and functional properties: a VBM, tBss and DtI tractography study",Inferior Fronto-Occipital Fasciculus;Cingulum;Corticospinal Tract;Inferior Longitudinal Fasciculus;Arcuate Fasciculus;Inferior Frontal Longitudinal Fasciculus;Corpus Callosum,single study,yes,yes,yes,Alzheimers Disease;Primary Progressive Aphasia;Behavioral Variant Frontotemporal Dementia
17633702,Incorporating DTI data as a Constraint in Deformation Tensor Morphometry Between T1 MR Images,,single study,yes,yes,yes,Alzheimers Disease
22594996,Modeling the interactions of Alzheimer-related genes from the whole brain microarray data and diffusion tensor images of human brain,Hippocampus–Putamen;Hippocampus–Nucleus Accumbens;Hippocampus–Amygdala;Hippocampus–Thalamus;Hippocampus–Globus Pallidus;Hippocampus–Caudate Nucleus,single study,yes,yes,yes,Alzheimers Disease
24136984,"Relationship between cerebrospinal fluid flow, ventricles morphology, and DTI properties in internal capsules: differences between Alzheimers disease and normal-pressure hydrocephalus",Internal Capsule,single study,yes,yes,yes,Alzheimers Disease;Idiopathic Normal Pressure Hydrocephalus
18975047,Diffusion abnormality in posterior cingulate fi ber tracts in Alzheimers disease: tract-specifi c analysis,(Posterior) Cingulum Bundle,single study,yes,yes,yes,Alzheimers Disease
30440340,,,single study,yes,yes,yes,Mild Cognitive Impairment;Alzheimers Disease;Dementia
20979788,An official website of the United States government Heres how you know . 2010 Aug;49(8):680-3. Multi-modality magnetic resonance imaging features of cognitive function in mild cognitive impairment Article in Chinese,,single study,yes,yes,yes,Mild Cognitive Impairment;Alzheimers Disease
27714552,"Mapping Temporo-parietal and Temporo-occipital Corticocortical Connections of the Human Middle Longitudinal Fascicle in Subject-Specific, Probabilistic, and Stereotaxic Talairach Spaces",STG(MdLF)PCN;Middle Longitudinal Fascicle;STG(MdLF)SPL;STG(MdLF)CN;STG(MdLF)AG;STG(MdLF)SMG;STG(MdLF)LOCC,single study,yes,yes,no,
22027780,An official website of the United States government Heres how you know,,single study,yes,yes,no,Small Vessel Ischemic Disease
36440281,"Peak width of skeletonized mean diffusivity in cerebral amyloid angiopathy: Spatial signature, cognitive, and neuroimaging associations",Global,single study,yes,yes,no,Cerebral Amyloid Angiopathy;Cerebral Small Vessel Disease
38854000,Longitudinal Assessment of Glymphatic Changes Following Mild Traumatic Brain Injury: Insights from PVS burden and DTI-ALPS Imaging,,single study,yes,yes,no,
32671621,The relationship of parental longevity with the aging brain-results from UK Biobank,Posterior thalamic radiation;Superior thalamic radiation;Superior longitudinal fasciculus;Anterior thalamic radiation;Cingulum (parahippocampal part);Uncinate fasciculus;Inferior fronto-occipital fasciculus;Cingulum (cingulate part);Inferior longitudinal fasciculus,single study,yes,yes,no,
28293162,Ensemble Classification of Alzheimers Disease and Mild Cognitive Impairment Based on Complex Graph Measures from Diffusion Tensor Images,,single study,yes,yes,yes,Mild Cognitive Impairment;Alzheimers Disease
31507085,1 C-PK11195 PET imaging and white matter changes in Parkinsons disease dementia,Corpus Callosum,single study,yes,yes,yes,Parkinson'S Disease Dementia
29283048,Compensatory Shift of Subcallosal Area and Paraterminal Gyrus White Matter Parameters on DTI in Patients with Alzheimer Disease,Fornix,single study,yes,yes,yes,Alzheimers Disease
19847044,Diffusion tensor imaging in Alzheimers disease and mild cognitive impairment,,review,yes,yes,yes,Mild Cognitive Impairment;Alzheimers Disease;Dementia
26536311,White Matter Degeneration with aging: Longitudinal Diffusion MR Imaging Analysis 1,Corona Radiata;Fornix;Sensorimotor pathway;Internal Capsule,single study,yes,yes,no,
24583036,DIFFUSION TENSOR IMAGING OF WHITE MATTER DEGENERATION IN ALZHEIMERS DISEASE AND MILD COGNITIVE IMPAIRMENT,,review,yes,yes,yes,Mild Cognitive Impairment;Alzheimers Disease;Dementia
27938433,Deep microbleeds and periventricular white matter disintegrity are independent predictors of attentionexecutive dysfunction in non-dementia patients with small vessel disease,,single study,yes,yes,no,Mild Cognitive Impairment;Cerebral Small Vessel Disease
28066707,Longitudinal changes in microstructural white matter metrics in Alzheimers disease,Posterior Thalamic Radiation;Uncinate Fasciculus;Cingulum;Fronto-Occipital Fasciculus;Inferior Longitudinal Fasciculus;Tapetum;Hippocampal Cingulum;Internal Capsule;Fornix;Corona Radiata;Corpus Callosum;Superior Longitudinal Fasciculus;External Capsule,single study,yes,yes,yes,Alzheimers Disease
28234631,DTI measurements for Alzheimers classification,Inferior Fronto-Occipital Fasciculus;Uncinate Fasciculus;Superior Corona Radiata;Posterior Thalamic Radiation;Forceps Major;Corticospinal Tract;Inferior Longitudinal Fasciculus;Body of Corpus Callosum;Anterior Thalamic Radiation;Splenium of Corpus Callosum;Fornix;Forceps Minor;Anterior Limb of Internal Capsule;Anterior Corona Radiata;Corpus Callosum;Superior Longitudinal Fasciculus;Cingulum Bundle;External Capsule,single study,yes,yes,yes,Mild Cognitive Impairment;Alzheimers Disease
39088212,ω-3 PUFA for Secondary Prevention of White Matter Lesions and Neuronal Integrity Breakdown in Older Adults A Randomized Clinical Trial,,single study,yes,yes,yes,Mild Cognitive Impairment;Alzheimers Disease;Dementia
12975695,Diffusion MRI studies in vascular cognitive impairment and dementia Estudos de ressonância magnética funcional (imagens tensores de difusão) nos quadros de prejuízo cognitivo vasculares e demências,,review,yes,yes,yes,Vascular Cognitive Impairment and Dementia;Alzheimers Disease;Vascular Dementia;Dementia
34891164,Hippocampus-and thalamus-related fiber-specific white matter reductions in mild cognitive impairment,HIP-T2P;Superior Corona Radiata;Hippocampus-temporal fiber tracts;Inferior Longitudinal Fasciculus;Supero-lateral Medial Forebrain Bundle;HIP-PHIP;Anterior Thalamic Radiation;Fornix;HIP-T2;HIP-T1;Anterior limb of the internal capsule,single study,yes,yes,yes,Mild Cognitive Impairment
23179680,Patterns of White Matter Injury in HIV Infection after Partial Immune Reconstitution: A DTI Tract-Based Spatial Statistics Study,Forceps Major;Cingulum (Anterior Cingulum Bundle);Anterior Corona Radiata;Superior Longitudinal Fasciculus;Sagittal Stratum;Forceps Minor;Superior Corona Radiata;Corticospinal Tract;Anterior Thalamic Radiation;Anterior Limb of Internal Capsule;Corpus Callosum;Posterior Corona Radiata;Superior Fronto-Occipital Fasciculus;Inferior Fronto-Occipital Fasciculus;Posterior Thalamic Radiation;Posterior Limb of Internal Capsule;Inferior Longitudinal Fasciculus;Uncinate Fasciculus;External Capsule,single study,yes,yes,no,Mild Cognitive Impairment
37582307,Mixed longitudinal and cross-sectional analyses of deep gray matter and white matter using diffusion weighted images in premanifest and manifest Huntingtons disease,Middle Cerebellar Peduncle;Inferior Fronto-Occipital Fasciculus;Posterior Thalamic Radiation;Superior Corona Radiata;Posterior Limb of Internal Capsule;Uncinate Fasciculus;Superior Longitudinal Fasciculus;Sagittal Stratum;Cerebral Peduncle;Anterior Limb of Internal Capsule;Anterior Corona Radiata;Corpus Callosum;Posterior Corona Radiata;Retrolenticular Internal Capsule,single study,yes,yes,no,
35612774,Association of cerebral microvascular dysfunction and white matter injury in Alzheimers disease,,single study,yes,yes,yes,Vascular Cognitive Impairment and Dementia;Alzheimers Disease;Cerebral Small Vessel Disease
35908307,Determining the OPTIMAL DTI analysis method for application in cerebral small vessel disease,Fornix,single study,yes,yes,yes,Alzheimers Disease;Vascular Dementia;Cerebral Small Vessel Disease;Mild Cognitive Impairment;Dementia
26236629,White matter tract signatures of impaired social cognition in frontotemporal lobar degeneration,Superior Longitudinal Fasciculus;Fronto-Occipital Fasciculus;Sagittal Stratum;Inferior Longitudinal Fasciculus;Anterior Thalamic Radiation;Fornix;Cingulum Bundle;Corpus Callosum;Uncinate Fasciculus,single study,yes,yes,yes,Frontotemporal Dementia;Semantic Variant Of Primary Progressive Aphasia;Behavioral Variant Frontotemporal Dementia
29084064,OPINION New insights into cerebral small vessel disease and vascular cognitive impairment from MRI,,review,yes,yes,yes,Cerebral Amyloid Angiopathy;Vascular Cognitive Impairment and Dementia;Mild Cognitive Impairment;Dementia
33935073,Structural gray and white matter correlates of awareness in Alzheimers disease,Inferior Fronto-Occipital Fasciculus;Anterior Thalamic Radiation;Forceps Minor;Superior Longitudinal Fasciculus;(Anterior) Cingulum Bundle,single study,yes,yes,yes,Alzheimers Disease
23161191,Diffusion tensor imaging in Alzheimer disease and mild cognitive impairment Obrazowanie tensora dyfuzji u pacjentów z chorob¹ Alzheimera i ³agodnymi zaburzeniami poznawczymi,,review,yes,yes,yes,Mild Cognitive Impairment;Alzheimers Disease
36854050,Local white matter abnormalities in Parkinsons disease with mild cognitive impairment: Assessed with neurite orientation dispersion and density imaging,Inferior Fronto-Occipital Fasciculus;Uncinate Fasciculus;Superior Corona Radiata;Posterior Limb of Internal Capsule;Thalamo-frontal;Superior Longitudinal Fasciculus;Corticospinal Tract;Inferior Longitudinal Fasciculus;Anterior Thalamic Radiation;Superior Longitudinal Fasciculus I;Superior Longitudinal Fasciculus II;Anterior Limb of Internal Capsule;Anterior Corona Radiata;Corpus Callosum;Cingulum Bundle;External Capsule,single study,yes,yes,no,Parkinson Disease
31306117,Relationships Between Diffusion Tensor Imaging and Cerebrospinal Fluid Metrics in Early Stages of the Alzheimers Disease Continuum,,review,yes,yes,yes,Mild Cognitive Impairment;Alzheimers Disease;Dementia;Prodromal Alzheimers Disease
25367029,White matter involvement in sporadic Creutzfeldt-Jakob disease,Inferior Fronto-Occipital Fasciculus;Posterior Limb of Internal Capsule;Superior Longitudinal Fasciculus;Corticospinal Tract;Inferior Longitudinal Fasciculus;Anterior Thalamic Radiation;Fornix;Anterior Limb of Internal Capsule;Corpus Callosum;Uncinate Fasciculus;External Capsule,single study,yes,yes,yes,Dementia
28222523,U n c o r r e c t e d A u t h o r P r o o f,,single study,yes,yes,no,
28978655,Change in multimodal MRI markers predicts dementia risk in cerebral small vessel disease,,single study,yes,yes,yes,Cerebral Small Vessel Disease;Dementia
21971468,DTI Analyses and Clinical Applications in Alzheimers Disease,,review,yes,yes,yes,Frontotemporal Dementia;Alzheimers Disease;Mild Cognitive Impairment;Lewy Body Dementia;Dementia
25340651,Deep White Matter in Huntingtons Disease,Uncinate Fasciculus;Cingulate;Inferior Longitudinal Fasciculus;Inferior Occipital Fasciculus;Arcuate Fasciculus;Anterior Thalamic Radiation;Superior Longitudinal Fasciculus,single study,yes,yes,no,
38365046,Cognitively healthy APOE44 carriers show white matter impairment associated with serum NfL and amyloid-PET,Posterior Thalamic Radiation;Superior Longitudinal Fasciculus;Cingulum Bundle (hippocampal projections);Body of Corpus Callosum;Cingulum Bundle (adjacent to cingulate gyrus);Internal Capsule;Posterior Corona Radiata;Splenium of Corpus Callosum;Uncinate Fasciculus;Genu of Corpus Callosum,single study,yes,yes,no,Alzheimers Disease
26691551,White matter structure alterations in HIV-1-infected men with sustained suppression of viraemia on treatment,Inferior Fronto-Occipital Fasciculus;Uncinate Fasciculus;Forceps Major;Corticospinal Tract;Inferior Longitudinal Fasciculus;Anterior Thalamic Radiation;Forceps Minor;Cingulum Bundle;Superior Longitudinal Fasciculus,single study,yes,yes,no,
33032831,Cerebral microinfarcts disruption of remote cortical thickness,,single study,yes,yes,no,Vascular Cognitive Impairment and Dementia;Cerebral Amyloid Angiopathy;Vascular Dementia;Cerebral Small Vessel Disease;Dementia
30502079,NeuroImage: Clinical,,single study,yes,yes,yes,Alzheimers Disease
32925045,White Matter Changes on Diffusion Tensor Imaging in the FINGER Randomized Controlled Trial,Optic Radiation;Internal Capsule;Splenium of Corpus Callosum;Corpus Callosum;Cingulum Bundle;Genu of Corpus Callosum;External Capsule,single study,yes,yes,no,
33551234,Association of White Matter Integrity with Executive Function and Antidepressant Treatment Outcome in Patients with Late Life Depression,Inferior Fronto-Occipital Fasciculus;Forceps Major;Superior Longitudinal Fasciculus;Corticospinal Tract;Inferior Longitudinal Fasciculus;Anterior Thalamic Radiation;Cingulum Bundle;Corpus Callosum;Uncinate Fasciculus;Superior Longitudinal Fasciculus (temporal),single study,yes,yes,no,
33454416,Proximity to dementia onset and multi-modal neuroimaging changes: The prevent-dementia study,Inferior Fronto-Occipital Fasciculus;Uncinate Fasciculus;Inferior Longitudinal Fasciculus;Anterior Thalamic Radiation;Forceps minor;Cingulum Bundle;Corpus Callosum;Superior Longitudinal Fasciculus,single study,yes,yes,yes,Alzheimers Disease;Dementia
30659829,"White matter lesions, cerebral inflammation and cognitive function in a mouse model of cerebral hypoperfusion",,single study,yes,no,yes,Vascular Dementia;Cerebral Small Vessel Disease
19828477,A comparative analysis of cognitive profiles and white-matter alterations using voxel-based diffusion tensor imaging between patients with Parkinsons disease dementia and dementia with Lewy bodies,Visual Association Fibres;Anterior Cingulum Bundle;Posterior Cingulum Bundle,single study,yes,yes,yes,Parkinson'S Disease Dementia;Lewy Body Dementia
27624391,Diffusion imaging studies of Huntingtons disease: A meta-analysis,,review,yes,yes,no,
21843379,Other magnetic resonance imaging techniques,,review,yes,yes,yes,Parkinson'S Disease Dementia;Frontotemporal Dementia;Vascular Dementia;Alzheimers Disease;Parkinson Disease;Cerebral Small Vessel Disease;Mild Cognitive Impairment;Lewy Body Dementia;Dementia
23919775,An official website of the United States government Heres how you know,,review,no,yes,yes,Alzheimers Disease
19419776,Alzheimers disease (AD) and executive dysfunction. A case-control study on the significance of frontal white matter changes detected by diffusion tensor imaging (DTI),,single study,yes,yes,yes,Alzheimers Disease
32924608,Degeneration of gray and white matter differs between hypometabolic and hypermetabolic brain regions in a patient with ALS-FTD: a longitudinal MRI 2 PET multimodal study,Corticospinal Tract,single study,yes,yes,yes,Frontotemporal Dementia;Primary Progressive Aphasia;Dementia
30063250,In Vivo Characterization of White Matter Pathology in Premanifest Huntingtons Disease,Corpus Callosum (body);Posterior Thalamic Radiation;Uncinate Fasciculus;Posterior Limb of Internal Capsule;Retrolenticular Part of Internal Capsule;Corona Radiata;Posterior Cingulum;Anterior Limb of Internal Capsule;Corpus Callosum (splenium);Posterior Corona Radiata;Corpus Callosum (genu);Middle Cerebellar Peduncle;Superior Longitudinal Fasciculus;External Capsule,single study,yes,yes,no,
39934085,Neuroimaging Findings in Nondemented Frail Individuals: A Systematic Review,,review,yes,yes,no,
29159043,NeuroImage: Clinical,,review,yes,yes,yes,Alzheimers Disease;Dementia
31030675,White Matter Damage in the Semantic Variant of Primary Progressive Aphasia,Uncinate Fasciculus;Longitudinal Fasciculus;Cingulum Bundle;Superior Longitudinal Fasciculus;External Capsule,single study,yes,yes,yes,Semantic Variant Of Primary Progressive Aphasia;Dementia
33879062,White matter microstructure associations with episodic memory in adults with Down syndrome: a tract-based spatial statistics study,Cingulum Bundle;Uncinate Fasciculus;Superior Longitudinal Fasciculus;Inferior Longitudinal Fasciculus,single study,yes,yes,yes,Mild Cognitive Impairment;Alzheimers Disease;Dementia;Prodromal Alzheimers Disease
34332220,Age Affects White Matter Microstructure and Episodic Memory Across the Older Adult Lifespan,Body of the Corpus Callosum;Superior Cingulum;Hippocampal cingulum;Superior Longitudinal Fasciculus;Fronto-Occipital Fasciculus;Posterior Thalamic Radiations;Corona Radiata;Inferior Sagittal Stratum;Internal Capsule;Splenium of the Corpus Callosum;Fornix cres;Fornix body;Uncinate Fasciculus;Genu of the Corpus Callosum;External Capsule,single study,yes,yes,no,
35568345,Free water diffusion MRI and executive function with a speed component in healthy aging,Acoustic Radiation;Superior Longitudinal Fasciculus III;Corpus Callosum (body prefrontal);Superior Longitudinal Fasciculus I;Corpus Callosum (genu);Extreme Capsule;Anterior Commissure;Arcuate Fasciculus;Corpus Callosum (body central);Fornix;Corpus Callosum (body premotor);Middle Longitudinal Fasciculus;Corticospinal Tract;Corpus Callosum (rostrum);Anterior Thalamic Radiation;Cingulum Bundle (ventral);Cingulum Bundle (dorsal);Frontal Aslant Tract;Corpus Callosum (body temporal);Inferior Longitudinal Fasciculus;Corpus Callosum (body parietal);Corpus Callosum (splenium);Superior Longitudinal Fasciculus II;Uncinate Fasciculus;Optic Radiation,single study,yes,yes,no,
30094168,NeuroImage: Clinical,,single study,yes,yes,yes,Frontotemporal Dementia;Behavioral Variant Frontotemporal Dementia
32062565,NeuroImage: Clinical,Corticospinal Tract;Sagittal Stratum;Inferior Fronto-Occipital Fasciculus;Cingulum (hippocampal),single study,yes,yes,yes,Mild Cognitive Impairment;Alzheimers Disease;Dementia
29353280,Microstructure of Strategic White Matter Tracts and Cognition in Memory Clinic Patients with Vascular Brain Injury,Inferior Fronto-Occipital Fasciculus;Uncinate Fasciculus;Forceps Major;Corticospinal Tract;Inferior Longitudinal Fasciculus;Anterior Thalamic Radiation;Cingulum of the Hippocampus;Forceps Minor;Cingulum of the Cingulate Gyrus;Superior Longitudinal Fasciculus,single study,yes,yes,yes,Mild Cognitive Impairment;Vascular Cognitive Impairment and Dementia;Alzheimers Disease;Vascular Dementia
38715429,Diabetes-related clinical and microstructural white matter changes in patients with Alzheimers disease,Inferior Fronto-Occipital Fasciculus;Uncinate Fasciculus;Fornix;Splenium of Corpus Callosum;Corpus Callosum;Superior Longitudinal Fasciculus;Genu of Corpus Callosum;External Capsule,single study,yes,yes,yes,Alzheimers Disease
29054917,Longitudinal diffusion imaging across the C9orf72 clinical spectrum,Corpus Callosum - Splenium;Corpus Callosum - Motor;Corpus Callosum - Genu;Superior Longitudinal Fasciculus;Corticospinal Tract;Corpus Callosum - Pre-motor;Anterior Limb of the Internal Capsule;Anterior Thalamic Radiations;Cingulum Bundle;Uncinate Fasciculus;External Capsule,single study,yes,yes,yes,Frontotemporal Dementia;Dementia
26116521,Simultaneous changes in grey matter volume and white matter fractional anisotropy in Alzheimers disease revealed by multimodal CCA and joint ICA,Uncinate Fasciculus;Corona Radiata;Cingulum Bundle;Corpus Callosum;Superior Longitudinal Fasciculus;External Capsule,single study,yes,yes,yes,Alzheimers Disease
32524428,Reproducible Evaluation of Diffusion MRI Features for Automatic Classification of Patients with Alzheimers Disease,Inferior fronto-occipital fasciculus;Forceps major;Forceps minor,single study,yes,yes,yes,Mild Cognitive Impairment;Alzheimers Disease
34271425,Diffusion along perivascular spaces reveals evidence supportive of glymphatic function impairment in Parkinson disease,,single study,yes,yes,no,Mild Cognitive Impairment;Parkinson Disease
30036759,Neurofilament relates to white matter microstructure in older adults,Anterior Corona Radiata;Posterior Thalamic Radiation;Superior Corona Radiata;Inferior Fronto-Occipital Fasciculus,single study,yes,yes,yes,Mild Cognitive Impairment;Alzheimers Disease;Prodromal Alzheimers Disease
39160467,White matter structure and derived network properties are used to predict the progression from mild cognitive impairment of older adults to Alzheimers disease,Cingulum Bundle (hippocampal);Fornix;Middle Cerebellar Peduncle;Uncinate Fasciculus,single study,yes,yes,yes,Mild Cognitive Impairment;Alzheimers Disease;Dementia
26239997,Cardiorespiratory fitness and white matter integrity in Alzheimers disease,Superior Longitudinal Fasciculus;Uncinate Fasciculus;Inferior Fronto-Occipital Fasciculus;Cingulum Bundle,single study,yes,yes,yes,Alzheimers Disease
35696810,Causal structure discovery identifies risk factors and early brain markers related to evolution of white matter hyperintensities,Splenium of the corpus callosum;Posterior limb of the internal capsule;Parahippocampal cingulum;Cingulum;Superior longitudinal fasciculus;Genu of the corpus callosum;Uncinate fasciculus;Inferior fronto-occipital fasciculus;Body of the corpus callosum;Corticospinal tract;Inferior temporal white matter;Anterior limb of the internal capsule,single study,yes,yes,no,Mild Cognitive Impairment;Dementia
30264168,White matter involvement in young non-demented Downs syndrome subjects: a tract-based spatial statistic analysis,Superior longitudinal fasciculus;Cingulum;Anterior thalamic radiation;Uncinate fasciculus;Inferior fronto-occipital fasciculus;Forceps major;Forceps minor;Corticospinal tract;Inferior longitudinal fasciculus,single study,yes,yes,no,
37957768,Divergent brain regional atrophy and associated fiber disruption in amnestic and non-amnestic MCI,Anterior Thalamic Radiation;Inferior Fronto-Occipital Fasciculus;Superior Longitudinal Fasciculus,single study,yes,yes,yes,Mild Cognitive Impairment
27079832,"Longitudinal Assessment of Subcortical Gray Matter Volume, Cortical Thickness, and White Matter Integrity in HIV-Positive Patients",Superior Corona Radiata;Inferior Longitudinal Fasciculus;Internal Capsule (posterior limb);Corpus Callosum;Posterior Corona Radiata;Optic Radiation,single study,yes,yes,no,
38100518,Free Water MR Imaging of White Matter Microstructural Changes is a Sensitive Marker of Amyloid Positivity in Alzheimers Disease,,single study,yes,yes,yes,Mild Cognitive Impairment;Alzheimers Disease
30355607,Neurite density is reduced in the presymptomatic phase of C9orf72 disease,Right Uncinate Fasciculus;Corticospinal Tract;Left Inferior Fronto-Occipital Fasciculus,single study,yes,yes,yes,Frontotemporal Dementia
22576896,Cerebral White Matter Disruption in Creutzfeldt-Jakob Disease,Posterior Thalamic Radiation;Corticospinal Tract;Fornix;Internal Capsule;Cerebellar Peduncles;Cerebral Peduncles;External Capsule,single study,yes,yes,yes,
26899784,Financial Literacy is Associated with White Matter Integrity in Old Age,Temporal-parietal association pathways (right hemisphere);Cerebellar connections;Association tracts connecting temporal and parietal regions,single study,yes,yes,no,
21512742,White matter involvement in idiopathic normal pressure hydrocephalus: a voxel-based diffusion tensor imaging study,Sensory Radiations;Sagittal Stratum;Temporal Stem;Corticospinal Tract;Pyramidal Tract;Superior Occipitofrontal Fasciculus;Anterior limb of the Internal Capsule;Internal Capsule;Splenium of the Corpus Callosum;Corona Radiata;Corpus Callosum;Superior Longitudinal Fasciculus;Genu of the Corpus Callosum,single study,yes,yes,yes,Alzheimers Disease;Idiopathic Normal Pressure Hydrocephalus;Parkinson Disease
32791876,Diffuse white matter loss in a transgenic rat model of cerebral amyloid angiopathy,,single study,yes,no,no,Cerebral Amyloid Angiopathy;Cerebral Small Vessel Disease
28291839,Microstructural white matter alterations in preclinical Alzheimers disease detected using free water elimination diffusion tensor imaging,Cingulum Bundle;Corpus Callosum;Fornix,single study,yes,yes,yes,Alzheimers Disease
21152911,White Matter Hyperintensities and Changes in White Matter Integrity in Patients with Alzheimers Disease,Posterior Internal Capsule;Anterior Internal Capsule,single study,yes,yes,yes,Alzheimers Disease
30429273,White matter abnormalities in the corpus callosum with cognitive impairment in Parkinson disease,Corpus Callosum,single study,yes,yes,yes,Mild Cognitive Impairment;Dementia;Parkinson'S Disease Dementia;Parkinson Disease
36048971,White matter integrity and key structures affected in Alzheimers disease characterized by diffusion tensor imaging,Posterior limb of internal capsule;Cerebral Peduncle;Tapetum;Anterior Corona Radiata;Splenium of Corpus Callosum;Superior Longitudinal Fasciculus;Genu of Corpus Callosum;Posterior Thalamic Radiation (including optic radiation);Cingulum (cingulate gyrus);Sagittal Stratum;Medial Lemniscus;Fornix;Corona Radiata;Superior Corona Radiata;Anterior limb of internal capsule;Superior Cerebellar Peduncle;Corticospinal Tract;Corpus Callosum;Posterior Corona Radiata;Superior Fronto-Occipital Fasciculus;Retrolenticular part of internal capsule;Inferior Fronto-Occipital Fasciculus;Cingulum (hippocampal);Inferior Longitudinal Fasciculus;Body of Corpus Callosum;Inferior Cerebellar Peduncle;Uncinate Fasciculus;Fornix-Stria Terminalis;External Capsule,single study,yes,yes,yes,Alzheimers Disease
23432714,Diffusion Tensor Imaging to Determine Effects of Antidementive Treatment on Cerebral Structural Connectivity in Alzheimers Disease,,review,no,no,yes,Mild Cognitive Impairment;Alzheimers Disease;Dementia;Prodromal Alzheimers Disease
36063346,Multi-modality MRI for Alzheimers disease detection using deep learning,,single study,yes,yes,yes,Mild Cognitive Impairment;Alzheimers Disease
21182970,DTI measures in crossing-fibre areas: Increased diffusion anisotropy reveals early white matter alteration in MCI and mild Alzheimers disease,Uncinate Fasciculus;Corticospinal Tract;Anterior Commissure;Anterior Thalamic Radiation;Corticopontine Tract;Cingulum Bundle;Corpus Callosum;Superior Longitudinal Fasciculus;Superior Thalamic Radiation,single study,yes,yes,yes,Mild Cognitive Impairment;Alzheimers Disease;Dementia
31279793,Behavioural Brain Research,Left Inferior Fronto-Occipital Fasciculus;Left Inferior Longitudinal Fasciculus;Left Superior Longitudinal Fasciculus;Left Forceps Major;Global;Left Anterior Corona Radiata;Left Uncinate Fasciculus;Left Anterior Thalamic Radiation,single study,yes,yes,no,
28108320,Modulation on brain gray matter activity and white matter integrity by APOE 4 risk gene in cognitively intact elderly: A multimodal neuroimaging study,Corpus Callosum;Superior Corona Radiata;Genu of Corpus Callosum;Corona Radiata,single study,yes,yes,yes,Alzheimers Disease
34581847,F-florbetapir PET as a marker of myelin integrity across the Alzheimers disease spectrum,Global,single study,yes,yes,yes,Mild Cognitive Impairment;Alzheimers Disease;Dementia
26923015,White Matter Abnormalities Track Disease Progression in PSEN1 Autosomal Dominant Alzheimers Disease,Retrolenticular Part of the Internal Capsule;Inferior Fronto-Occipital Fasciculus;Uncinate Fasciculus;Posterior Thalamic Radiation;Forceps Major;Superior Longitudinal Fasciculus;Inferior Longitudinal Fasciculus;Anterior Thalamic Radiation;Stria Terminalis;Forceps Minor;Fornix;Inferior Fronto-Temporal Fasciculus;Anterior Corona Radiata;Corpus Callosum;Posterior Corona Radiata;Cingulum (hippocampus),single study,yes,yes,yes,Alzheimers Disease;Dementia;Autosomal Dominant Alzheimer'S Disease
34961443,White Matter Microstructure is Associated with Serum Clusterin and Everyday Functioning in a Sample of Nondemented Older Adults,Posterior Thalamic Radiation;Posterior Internal Capsule;Superior Longitudinal Fasciculus;Anterior Internal Capsule;External Capsule,single study,yes,yes,no,
27384985,Quantitative T2 mapping of white matter: applications for ageing and cognitive decline,Anterior thalamic radius (ATR);Superior longitudinal fasciculus (SLoF);Inferior fronto-occipital fasciculus (IFOF);Corticospinal tracts (CST);Forceps minor (FMi);Temporal part of superior longitudinal fasciculus (TSLoF);Inferior longitudinal fasciculus (ILoF),single study,yes,yes,yes,Mild Cognitive Impairment;Alzheimers Disease;Dementia
39294052,"Integrative MR Imaging Interpretation in Cognitive Impairment with Alzheimers Disease, Small Vessel Disease, and Glymphatic Function-Related MR Parameters",,single study,yes,yes,yes,Mild Cognitive Impairment;Alzheimers Disease;Cerebral Small Vessel Disease;Dementia
34775867,White matter damage due to pulsatile versus steady blood pressure differs by vascular territory: A cross-sectional analysis of the UK Biobank cohort study,Superior Corona Radiata;Superior Cerebellar Peduncle;Corticospinal Tract;Medial Lemniscus;Pontine Crossing Tract;Splenium of the Corpus Callosum;Inferior Cerebellar Peduncle;Cingulum (hippocampal part);Anterior Corona Radiata;Middle Cerebellar Peduncle;Cerebral Peduncle,single study,yes,yes,no,Cerebral Small Vessel Disease
22700749,FLAIR and Diffusion MRI Signals Are Independent Predictors of White Matter Hyperintensities,Global,single study,yes,yes,yes,Mild Cognitive Impairment;Alzheimers Disease
24448846,White matter integrity and cognition in Parkinsons disease: a cross-sectional study,Corticospinal Tract;(Posterior) Cingulum Bundle;Corpus Callosum,single study,yes,yes,yes,Mild Cognitive Impairment;Parkinson Disease;Prodromal Alzheimers Disease
39214853,Temporal dynamics of white and gray matter plasticity during motor skill acquisition: a comparative diffusion tensor imaging and multiparametric mapping analysis,Superior Corona Radiata;Crus Cerebri;Corticospinal Tract;Internal Capsule;Corona Radiata;Cerebral Peduncle,single study,yes,yes,no,
25610761,Increased cortical curvature reflects white matter atrophy in individual patients with early multiple sclerosis,Global;Corpus Callosum,single study,yes,yes,no,Alzheimers Disease
26443926,Neuropsychiatry and White Matter Microstructure in Huntingtons Disease,Posterior Limb of the Internal Capsule;Retrolenticular Part of the Internal Capsule;Posterior Thalamic Radiation;Body of the Corpus Callosum;Superior Corona Radiata;Inferior Fronto-Occipital Fasciculus;Uncinate Fasciculus;Superior Longitudinal Fasciculus;Inferior Longitudinal Fasciculus;Fornix;Internal Capsule;Splenium of the Corpus Callosum;Anterior Corona Radiata;Posterior Corona Radiata;Genu of the Corpus Callosum;External Capsule,single study,yes,yes,no,
29158187,White Matter Structural Integrity and Trans-Cranial Doppler Blood Flow Pulsatility in Normal Aging,,single study,yes,yes,no,Cerebral Small Vessel Disease
19376246,White matter abnormalities revealed by diffusion tensor imaging in non-demented and demented HIV patients,Internal Capsule;Corona Radiata;Corpus Callosum;Optic Radiation;External Capsule,single study,yes,yes,yes,Dementia
24330534,The Role of Diffusion Tensor Imaging in Detecting Microstructural Changes in Prodromal Alzheimers Disease,,review,yes,yes,yes,Frontotemporal Dementia;Alzheimers Disease;Prodromal Alzheimers Disease;Mild Cognitive Impairment;Lewy Body Dementia
29226864,Cardiorespiratory Fitness and White Matter Neuronal Fiber Integrity in Mild Cognitive Impairment,Cingulum Bundle;Corpus Callosum;Uncinate Fasciculus;Superior Longitudinal Fasciculus (SLF I),single study,yes,yes,yes,Mild Cognitive Impairment
26484929,Divergent Longitudinal Propagation of White Matter Degradation in Logopenic and Semantic Variants of Primary Progressive Aphasia,Uncinate Fasciculus;Inferior Longitudinal Fasciculus;Anterior Thalamic Radiation;Superior Longitudinal Fasciculus;Genu of the Corpus Callosum,single study,yes,yes,yes,Primary Progressive Aphasia;Dementia
34888964,Microstructural changes in prodromal dementia with Lewy bodies compared to normal ageing: Multiparametric quantitative MRI evidences,Cingulum Bundle;Inferior Fronto-Occipital Fasciculus;Inferior Longitudinal Fasciculus;Posterior Forceps,single study,yes,yes,yes,Lewy Body Dementia;Dementia
39793681,A systematic review of diffusion tensor imaging and tractography in dementia with Lewy bodies and Parkinsons disease dementia,,review,no,no,yes,Parkinson'S Disease Dementia;Alzheimers Disease;Idiopathic Normal Pressure Hydrocephalus;Mild Cognitive Impairment;Dementia
35942744,Coupling analysis between functional and structural brain networks in Alzheimers disease,,single study,yes,yes,yes,Mild Cognitive Impairment;Alzheimers Disease
35850650,Application of Diffusion Tensor Imaging Based on Automatic Fiber Quantification in Alzheimers Disease,superior longitudinal fasciculus (SLF);left cingulum hippocampus (HCC);left uncinate fasciculus (UF),single study,yes,yes,yes,Alzheimers Disease
31585367,Tracking white matter degeneration in asymptomatic and symptomatic MAPT mutation carriers,Inferior Temporal White Matter;Medial Fronto-orbital White Matter;Superior Frontal White Matter;Anterior Corona Radiata;Entorhinal White Matter;Sagittal Stratum;Fornix;Precuneus White Matter;Lateral Fronto-orbital White Matter;Cingulum Bundle;Superior Corona Radiata;Corticospinal Tract;Anterior Limb of Internal Capsule;Cuneus White Matter;Corpus Callosum;Inferior Fronto-Occipital Fasciculus;Superior Temporal White Matter;Gyrus Rectus White Matter;Middle Fronto-orbital White Matter;Uncinate Fasciculus;Middle Temporal White Matter,single study,yes,yes,yes,Mild Cognitive Impairment;Frontotemporal Dementia;Behavioral Variant Frontotemporal Dementia
37670319,Orphanet Journal of Rare Diseases,Superior Longitudinal Fasciculus;Corticospinal Tract;Cingulum Bundle (dorsal);Corpus Callosum (Splenium),single study,yes,yes,no,
39132759,Leptin bioavailability and markers of brain atrophy and vascular injury in the middle age,Global,single study,yes,yes,no,Vascular Cognitive Impairment and Dementia;Alzheimers Disease;Cerebral Small Vessel Disease;Mild Cognitive Impairment;Dementia
24282593,Associations between White Matter Microstructure and Cognitive Performance in Old and Very Old Age,Cingulum hippocampal portion (CHC);Forceps Minor (FMIN);Forceps Major (FMAJ);Corticospinal Tract (CS);Cingulate gyrus part of cingulum (CCG);Inferior Fronto-Occipital Fasciculus (IFOF);Superior Longitudinal Fasciculus (SLF),single study,yes,yes,no,
24838230,Cognitive impairments associated with periventricular white matter hyperintensities are mediated by cortical atrophy,Corpus Callosum,single study,yes,yes,no,
38796858,Loss of white matter integrity mediates the association between cortical cerebral microinfarcts and cognitive dysfunction: A longitudinal study,Global,single study,yes,yes,no,Cerebral Amyloid Angiopathy;Cerebral Small Vessel Disease
32814228,"Diffusion imaging in dementia with Lewy bodies: Associations with amyloid burden, atrophy, vascular factors and clinical features",Uncinate Fasciculus;Sagittal Stratum;Stria Terminalis;Fornix;Internal Capsule;Inferior Occipito-Frontal Fasciculus;Corona Radiata;Corpus Callosum;Superior Longitudinal Fasciculus;External Capsule,single study,yes,yes,yes,Lewy Body Dementia;Alzheimers Disease
29276677,NeuroImage: Clinical,Global,single study,yes,yes,no,Alzheimers Disease
23839862,In Vivo Parahippocampal White Matter Pathology as a Biomarker of Disease Progression to Alzheimers Disease,Parahippocampal White Matter;Angular Bundle;Cerebral Peduncle;Perforant Pathway,single study,yes,yes,yes,Mild Cognitive Impairment;Alzheimers Disease
32310161,Structural Brain Changes in Pre-Clinical FTD MAPT Mutation Carriers,Cingulum (cingulate gyrus);Cingulum (hippocampus),single study,yes,yes,yes,Frontotemporal Dementia
37284868,Presumed periventricular venous infarction on magnetic resonance imaging and its association with increased white matter edema in CADASIL,,single study,yes,yes,no,Cerebral Small Vessel Disease
32170607,White matter changes from mild cognitive impairment to Alzheimers disease: a meta-analysis,,review,yes,yes,yes,Mild Cognitive Impairment;Alzheimers Disease
29236820,Integrity of white matter structure is related to episodic memory performance in the low-educated elderly Memória e integridade da substância branca em idosos de baixa escolaridade,Superior Longitudinal Fasciculus;Uncinate Fasciculus;Hippocampal part of the Cingulum,single study,yes,yes,no,
38538220,Association of Retinal Nerve Fiber Layer Thickness with Brain Microstructural Changes in Participants with White Matter Hyperintensities,Splenium of Corpus Callosum;Superior Longitudinal Fasciculus,single study,yes,yes,no,Cerebral Small Vessel Disease
33067382,"Normalization of Cerebral Blood Flow, Neurochemicals, and White Matter Integrity after Kidney Transplantation",Global,single study,yes,yes,no,
35226303,Plasma neurofilament light levels correlate with white matter damage prior to Alzheimers disease: results from ADNI,Cingulum;Fronto-Occipital Fasciculus;Sagittal Stratum;Thalamic Radiation;Fornix;Internal Capsule;Hippocampal Cingulum;Corona Radiata;Corpus Callosum;Uncinate Fasciculus,single study,yes,yes,yes,Mild Cognitive Impairment
32898610,Diffusion Tensor ImagingeBased Analysis of Baseline Neurocognitive Function and Posttreatment White Matter Changes in Pediatric Patients With Craniopharyngioma Treated With Surgery and Proton Therapy,Superior Cerebellar Peduncle;Corticospinal Tract;Medial Lemniscus;Internal Capsule;Inferior Cerebellar Peduncle;Corona Radiata;Cingulum Bundle;Corpus Callosum;Cerebral Peduncle;External Capsule,single study,yes,yes,no,
25497085,Longitudinal change in white matter microstructure in Huntingtons disease: The IMAGE-HD study,Striatal projection pathways;Corpus Callosum;Cingulum Bundle;Internal Capsule,single study,yes,yes,no,
25374100,Effects of Amyloid and Small Vessel Disease on White Matter Network Disruption,Global,single study,yes,yes,yes,Vascular Cognitive Impairment and Dementia;Vascular Dementia;Alzheimers Disease;Cerebral Small Vessel Disease;Mild Cognitive Impairment;Dementia
26335798,Robust MR-based approaches to quantifying white matter structure and structurefunction alterations in Huntingtons disease,Corpus Callosum,single study,yes,yes,no,
37656372,,,review,yes,yes,yes,Mild Cognitive Impairment
21700790,Differential Diagnosis of Idiopathic Normal Pressure Hydrocephalus from Other Dementias Using Diffusion Tensor Imaging,Posterior Limb of the Internal Capsule;Anterior Periventricular White Matter;Inferior Longitudinal Fasciculus;Anterior Limb of the Internal Capsule;Posterior Periventricular White Matter;Splenium of the Corpus Callosum;Superior Longitudinal Fasciculus;Genu of the Corpus Callosum,single study,yes,yes,yes,Vascular Dementia;Alzheimers Disease;Idiopathic Normal Pressure Hydrocephalus;Dementia
30549156,"Regional multimodal relationships between tau, hypometabolism, atrophy, and fractional anisotropy in atypical Alzheimers disease",Posterior Thalamic Radiation;Cingulum;Sagittal Stratum;Sagittal Striatum;Internal Capsule;Splenium of the Corpus Callosum;Corpus Callosum;External Capsule,single study,yes,yes,yes,Alzheimers Disease;Primary Progressive Aphasia;Dementia
34019710,"The relationship between white matter microstructure, cardiovascular fitness, gross motor skills, and neurocognitive functioning in children",Forceps Major;Body of Corpus Callosum;Corona Radiata;Splenium of Corpus Callosum;Corpus Callosum;Posterior Corona Radiata,single study,yes,yes,no,
31214916,Clinical and neuroimaging correlates of cognition in HIV,Posterior Thalamic Radiation;Global;Internal Capsule;Corona Radiata;Corpus Callosum,single study,yes,yes,no,
32065792,Cerebellar White Matter Disruption in Alzheimers Disease Patients: A Diffusion Tensor Imaging Study,Right Superior Cerebellar Peduncle;Left Superior Cerebellar Peduncle;Middle Cerebellar Peduncle,single study,yes,yes,yes,Alzheimers Disease
24319654,White matter tract integrity metrics reflect the vulnerability of late-myelinating tracts in Alzheimers disease,Posterior Limb of the Internal Capsule;Superior Longitudinal Fasciculus;Cerebral Peduncle;Inferior Longitudinal Fasciculus,single study,yes,yes,yes,Mild Cognitive Impairment;Alzheimers Disease
33635906,Retrospective study of late radiation-induced damages after focal radiotherapy for childhood brain tumors,Anterior Cingulum Bundle,single study,yes,yes,no,
35073256,Impact of long-and short-range fibre depletion on the cognitive deficits of fronto-temporal dementia,Inferior Fronto-Occipital Fasciculus;Uncinate Fasciculus;Superior Corona Radiata;Inferior Longitudinal Fasciculus;Aslant Tract;Cingulum Bundle;Corpus Callosum;Superior Longitudinal Fasciculus,single study,no,yes,yes,Frontotemporal Dementia;Semantic Variant Of Primary Progressive Aphasia;Primary Progressive Aphasia;Behavioral Variant Frontotemporal Dementia
26539011,Gray and White Matter Degenerations in Subjective Memory Impairment: Comparisons with Normal Controls and Mild Cognitive Impairment,Posterior Corpus Callosum;Anterior Cingulum Bundle;Anterior Corpus Callosum;Posterior Cingulum Bundle,single study,yes,yes,yes,Mild Cognitive Impairment;Alzheimers Disease
22952880,Improved Sensitivity to Cerebral White Matter Abnormalities in Alzheimers Disease with Spherical Deconvolution Based Tractography,Superior Longitudinal Fasciculus III;Arcuate Fasciculus;Superior Longitudinal Fasciculus II;Corpus Callosum;Superior Longitudinal Fasciculus,single study,yes,yes,yes,Mild Cognitive Impairment;Alzheimers Disease
31282416,Interplay Between Macular Retinal Changes and White Matter Integrity in Early Alzheimers Disease,Retrolenticular Part of the Internal Capsule;Posterior Thalamic Radiation;Body of the Corpus Callosum;Tapetum;Splenium of the Corpus Callosum;Corona Radiata;Optic Radiation,single study,yes,yes,yes,Alzheimers Disease
34272684,Inflammatory Markers and Tract-Based Structural Connectomics in Older Adults with a Preliminary Exploration of Associations by Race,,single study,yes,yes,no,
22895591,Characterizing dementia with Lewy bodies by means of diffusion tensor imaging,Hippocampal Cingulum;Corpus Callosum;Inferior Longitudinal Fasciculus,single study,yes,yes,yes,Lewy Body Dementia;Alzheimers Disease
32289706,Altered speech-related cortical network in frontotemporal dementia,Superior Longitudinal Fasciculus (temporal part);Uncinate Fasciculus;Inferior Longitudinal Fasciculus,single study,yes,yes,yes,Dementia;Frontotemporal Dementia;Primary Progressive Aphasia;Behavioral Variant Frontotemporal Dementia
37718813,Acculturation in context and brain health in older Latino adults: A diffusion tensor imaging study,,single study,yes,yes,no,
24405816,White matter integrity in premanifest and early Huntingtons disease is related to caudate loss and disease progression,Short Communicating Fibres;Inferior Longitudinal Fasciculus;Short Perforating Fibres;Fornix;Internal Capsule;Cingulum Bundle;Corpus Callosum;Superior Longitudinal Fasciculus;External Capsule,single study,yes,yes,no,
27555109,A Multimodal Structural and Functional Neuroimaging Study of Amnestic Mild Cognitive Impairment,,single study,yes,yes,yes,Mild Cognitive Impairment
28644998,Olfactory identification deficit predicts white matter tract impairment in Alzheimers disease,Global;Olfactory Tract,single study,yes,yes,yes,Mild Cognitive Impairment;Alzheimers Disease;Dementia
20592582,Microstructural White Matter Abnormalities Independent of White Matter Lesion Burden in Amnestic Mild Cognitive Impairment and Early Alzheimer Disease Among Han Chinese Elderly,Anterior Cingulum Bundle;Parahippocampal Fibers;Parietal White Matter;Occipital White Matter;Posterior Cingulum Bundle;Optic Radiations;Corpus Callosum (Splenium);Temporal White Matter;Frontal White Matter;Corpus Callosum (Genu),single study,yes,yes,yes,Mild Cognitive Impairment;Alzheimers Disease
30251380,"Association of hospitalization, critical illness, and infection with brain structure in older adults",Global,single study,yes,yes,yes,Alzheimers Disease;Dementia
18618077,Evaluation of white matter damage in patients with Alzheimers disease and in patients with mild cognitive impairment by using diffusion tensor imaging Risonanza magnetica con tensori di diffusione nella valutazione delle alterazioni della sostanza bianca nei pazienti con malattia di Alzheimer e nei pazienti con mild cognitive impairment,Splenium of Corpus Callosum;Genu of Corpus Callosum,single study,yes,yes,yes,Mild Cognitive Impairment;Alzheimers Disease
22976075,Pathophysiology of the behavioral variant of frontotemporal lobar degeneration: a study combining MRI and FDG-PET,,single study,no,yes,yes,Behavioral Variant Frontotemporal Dementia
20595067,White matter integrity in mild cognitive impairment: A tract-based spatial statistics study,Inferior Fronto-Occipital Fasciculus;Posterior Thalamic Radiation;Superior Corona Radiata;Posterior Limb of Internal Capsule;Fornix (Crus of Fornix);Sagittal Stratum;Global White Matter;Cerebral Peduncle;Cingulum Bundle (Posterior Cingulum);Retrolenticular Part of Internal Capsule;Posterior Corona Radiata;Corpus Callosum (Splenium);Anterior Limb of Internal Capsule;Anterior Corona Radiata;Superior Longitudinal Fasciculus;External Capsule,single study,yes,yes,no,Mild Cognitive Impairment
25031413,Frontal White Matter Tracts Sustaining Speech Production in Primary Progressive Aphasia,Frontal Aslant Tract;Inferior Fronto-Occipital Fasciculus;Uncinate Fasciculus;Intrafrontal pathways;Inferior Longitudinal Fasciculus;Arcuate Fasciculus;Fronto-insular pathways;Frontostriatal tracts;Superior Longitudinal Fasciculus,single study,yes,yes,yes,Primary Progressive Aphasia
16005548,White matter changes in mild cognitive impairment and AD: A diffusion tensor imaging study ଝ,Posterior Thalamic Peduncle;Superior Thalamic Peduncle;Arcuate Fasciculus;Posterior Cingulum Bundle;Internal Capsule;Superior Longitudinal Fasciculus,single study,yes,yes,yes,Mild Cognitive Impairment;Alzheimers Disease
30240840,Brain Research Bulletin,Uncinate Fasciculus;Superior Longitudinal Fasciculus;Inferior Longitudinal Fasciculus;Cingulum,single study,yes,yes,yes,Alzheimers Disease
32125614,"Default mode network integrity changes contribute to cognitive deficits in subcortical vascular cognitive impairment, no dementia",right TP-mPFC;PCC-right supF;mPFC-left HIP;left TP-mPFC;PCC-right TP;left TP-left supF;PCC-mPFC;left TP-left HIP;left TP-right TP,single study,yes,yes,no,
34842185,Sex differences in Alzheimers disease revealed by free-water DTI and voxel-based morphometry,Inferior Fronto-Occipital Fasciculus;Posterior Limb of Internal Capsule;Superior Cerebellar Peduncle;Superior Longitudinal Fasciculus;Sagittal Stratum;Corticospinal Tract;Cerebral Peduncle;Pontine Crossing Tract;Anterior Thalamic Radiation;Fornix;Inferior Cerebellar Peduncle;Forceps minor;Anterior Limb of Internal Capsule;Anterior Corona Radiata;Corpus Callosum;Uncinate Fasciculus;Cingulum Bundle;External Capsule,single study,yes,yes,yes,Alzheimers Disease
29027841,Diffusion tensor tractography in cerebral small vessel disease: correlation with cognitive function,Middle Cerebellar Peduncle;Inferior Fronto-Occipital Fasciculus;Posterior Thalamic Radiation;Uncinate Fasciculus;Superior Cerebellar Peduncle;Cingulum;Corticospinal Tract;Inferior Longitudinal Fasciculus;Anterior Thalamic Radiation;Fornix;Inferior Cerebellar Peduncle;Corpus Callosum;Superior Longitudinal Fasciculus;Superior Thalamic Radiation,single study,yes,yes,no,Cerebral Small Vessel Disease
26444762,Diffusion Kurtosis Imaging: A Possible MRI Biomarker for AD Diagnosis?,Body of the Corpus Callosum;Uncinate Fasciculus;Cingulum;Forceps Major;Corticospinal Tract;Inferior Longitudinal Fasciculus;Splenium of the Corpus Callosum;Corona Radiata;Cerebellar Peduncles;Superior Longitudinal Fasciculus;Genu of the Corpus Callosum,single study,yes,yes,yes,Mild Cognitive Impairment;Alzheimers Disease
38905054,White Matter Microstructure Changes Revealed by Diffusion Kurtosis and Diffusion Tensor Imaging in Mutant Huntingtin Gene Carriers,Body of the Corpus Callosum;Right Superior Corona Radiata;Right Posterior Corona Radiata;Right Posterior Thalamic Radiation;Left Superior Longitudinal Fasciculus;Genu of the Corpus Callosum;External Capsule,single study,yes,yes,no,
31613387,Brain structure changes in nondemented seniors after sixmonth dance-exercise intervention,Corticospinal Tract;Corpus Callosum;Superior Longitudinal Fasciculus,single study,yes,yes,no,Mild Cognitive Impairment
30192691,Diffusion tensor imaging based white matter changes and antioxidant enzymes status for early identification of mild cognitive impairment,Corpus Callosum;Fornix;Forceps Major,single study,yes,yes,yes,Mild Cognitive Impairment;Alzheimers Disease
23142262,Contribution of Neuroimaging to the Diagnosis of Alzheimers Disease and Vascular Dementia Q3,,review,yes,yes,yes,Mild Cognitive Impairment;Vascular Dementia;Alzheimers Disease;Dementia
22592372,White matter imaging contributes to the multimodal diagnosis of frontotemporal lobar degeneration,Inferior Fronto-Occipital Fasciculus;Uncinate Fasciculus;Corticospinal Tract;Inferior Longitudinal Fasciculus;Corpus Callosum;Superior Longitudinal Fasciculus,single study,yes,yes,yes,Primary Progressive Aphasia;Behavioral Variant Frontotemporal Dementia;Frontotemporal Dementia;Alzheimers Disease;Dementia
26228096,Short-Term White Matter Alterations in Alzheimers Disease Characterized by Diffusion Tensor Imaging,Global;Corpus Callosum;Superior Longitudinal Fasciculus;Cingulum,single study,yes,yes,yes,Alzheimers Disease
36300327,Retinal capillary microvessel morphology changes are associated with vascular damage and dysfunction in cerebral small vessel disease,,single study,yes,yes,no,Cerebral Small Vessel Disease
25230999,"Depression in small-vessel disease relates to white matter ultrastructural damage, not disability",Global,single study,yes,yes,no,Cerebral Small Vessel Disease
36530082,Diffusion Changes in Hippocampal Cingulum in Early Biologically Defined Alzheimers Disease,Body of the Corpus Callosum (BCC);Splenium of the Corpus Callosum (SCC);Cingulum of the Cingulate Gyrus (CGC);Fornix;Uncinate Fasciculus (UF);Genu of the Corpus Callosum (GCC);Superior Longitudinal Fasciculus (SLF);Hippocampal Cingulum (CGH),single study,yes,yes,yes,Mild Cognitive Impairment;Alzheimers Disease;Dementia
22992380,Anatomical MRI and DTI in the Diagnosis of Alzheimers Disease: A European Multicenter Study,Inferior Fronto-Occipital Fasciculus;Inferior Longitudinal Fasciculus;Fornix;Corpus Callosum;Cingulum Bundle,single study,yes,yes,yes,Alzheimers Disease
20615058,Diagnostic Utility of Cerebral White Matter Integrity in Early Alzheimers Disease,Corpus Callosum;Superior Longitudinal Fasciculus;Internal Capsule,single study,yes,yes,yes,Alzheimers Disease
28818116,Distinct white matter microstructural abnormalities and extracellular water increases relate to cognitive impairment in Alzheimers disease with and without cerebrovascular disease,Global;Corpus Callosum,single study,yes,yes,yes,Vascular Dementia;Alzheimers Disease
38825988,Multimodal cross-examination of progressive apraxia of speech by diffusion tensor imaging-based tractography and Tau-PET scans,Frontal Aslant Tract;Inferior Fronto-Occipital Fasciculus;Middle Longitudinal Fasciculus;Inferior Longitudinal Fasciculus;Supplementary Motor Area commissural fibers;Arcuate Fasciculus,single study,yes,yes,no,
28600739,"Association of longitudinal white matter degeneration and cerebrospinal fluid biomarkers of neurodegeneration, inflammation and Alzheimers disease in late-middle-aged adults",Left Cingulum Bundle (hippocampal);Global White Matter;Right Cingulum Bundle (hippocampal);Right Cingulum Bundle (cingulate);Left Cingulum Bundle (cingulate),single study,yes,yes,no,Alzheimers Disease
16614789,White matter damage of patients with Alzheimers disease correlated with the decreased cognitive function,Temporal lobe white matter;Parietal lobe white matter;Anterior limb of Internal Capsule;Frontal lobe white matter;Occipital lobe white matter;Splenium of Corpus Callosum;Posterior limb of Internal Capsule;Genu of Corpus Callosum,single study,yes,yes,yes,Alzheimers Disease
34841903,Olfactory Function and Diffusion Tensor Imaging as Markers of Mild Cognitive Impairment in Early Stages of Parkinsons Disease,Olfactory Tract,single study,yes,yes,no,Mild Cognitive Impairment;Parkinson Disease
28695358,Retained executive abilities in mild cognitive impairment are associated with increased white matter network connectivity,Uncinate Fasciculus;Forceps Major;Corticospinal Tract;Inferior Longitudinal Fasciculus;Fornix;Corpus Callosum;Superior Longitudinal Fasciculus,single study,yes,yes,no,Mild Cognitive Impairment
25151438,White Matter Integrity and Depressive Symptoms in Cerebral Small Vessel Disease: The RUN DMC Study,Inferior Fronto-Occipital Fasciculus;Anterior Cingulum Bundle;Superior Corona Radiata;Superior Longitudinal Fasciculus;Inferior Longitudinal Fasciculus;Internal Capsule;Corona Radiata;Corpus Callosum;Uncinate Fasciculus;External Capsule,single study,yes,yes,no,Cerebral Small Vessel Disease
25318544,Atlas-Based Diffusion Tensor Imaging Correlates of Executive Function,Gyrus Rectus white matter;Superior Frontal Gyrus white matter;Cingulate Gyrus white matter;Middle Frontal Gyrus white matter;Superior Parietal Gyrus white matter;Inferior Frontal Gyrus white matter;Lateral Frontoorbital Gyrus white matter;Angular Gyrus white matter,single study,yes,yes,yes,Mild Cognitive Impairment;Alzheimers Disease
14966162,Diffusion tensor MRI correlates with executive dysfunction in patients with ischaemic leukoaraiosis,,single study,yes,yes,no,Cerebral Small Vessel Disease
36710670,Fully Connected Multi-Kernel Convolutional Neural Network Based on Alzheimers Disease Diagnosis,Global;Uncinate Fasciculus;Corpus Callosum;Cingulum Bundle,single study,yes,yes,yes,Mild Cognitive Impairment;Alzheimers Disease
34891857,Altered Connection and Diagnosis Utility of White Matter in Alzheimers Disease: A Multi-site Automated Fiber Quantification Study,Corpus Callosum;Inferior Longitudinal Fasciculus (ILF);Corticospinal Tract;Thalamic Radiation;Inferior Fronto-Occipital Fasciculus (IFOF);Arcuate Fasciculus;Callosum Forceps (Major);Cingulum Cingulate;Callosum Forceps (Minor);Superior Longitudinal Fasciculus (SLF);Uncinate Fasciculus,single study,yes,yes,yes,Mild Cognitive Impairment;Alzheimers Disease
34062262,MRI characterization of rat brain aging at structural and functional level: Clues for translational applications,,single study,yes,no,no,
23876903,Initial study of magnetic resonance diffusion tensor imaging in brain white matter of early AIDS patients,Posterior limb of internal capsule;Corpus Callosum;Anterior limb of internal capsule,single study,yes,yes,no,
29959265,Loss of white matter integrity reflects tau accumulation in Alzheimer disease defined regions,,single study,yes,yes,yes,Alzheimers Disease
24947353,,Posterior Thalamic Radiation;Uncinate Fasciculus;Cingulum (cingulate gyrus);Posterior Limb of Internal Capsule;Sagittal Stratum;Inferior Longitudinal Fasciculus;External Capsule;Fornix/Stria Terminalis;Cerebral Peduncle;Tapetum;Internal Capsule;Anterior Limb of Internal Capsule;Corona Radiata;Corpus Callosum;Superior Longitudinal Fasciculus;Superior Fronto-Occipital Fasciculus;Cingulum (hippocampus),single study,yes,yes,no,
26288751,Altered whole-brain white matter networks in preclinical Alzheimer3s disease,Global,single study,yes,yes,yes,Alzheimers Disease
26028932,"Comparison of Regional Gray Matter Atrophy, White Matter Alteration, and Glucose Metabolism as a Predictor of the Conversion to Alzheimers Disease in Mild Cognitive Impairment",,single study,yes,yes,yes,Mild Cognitive Impairment;Alzheimers Disease
33772083,Free-water diffusion tensor imaging improves the accuracy and sensitivity of white matter analysis in Alzheimers disease,Forceps Major;Cingulum (hippocampal part);Anterior Corona Radiata;Superior Longitudinal Fasciculus;Sagittal Stratum;Fornix;Forceps Minor;Cingulum (cingulate gyrus part);Superior Corona Radiata;Corticospinal Tract;Anterior Thalamic Radiation;Limb of Internal Capsule;Corpus Callosum;Superior Fronto-Occipital Fasciculus;Inferior Fronto-Occipital Fasciculus;Posterior Limb of Internal Capsule;Inferior Longitudinal Fasciculus;Retrolenticular Part of Internal Capsule;Uncinate Fasciculus;External Capsule,single study,yes,yes,yes,Alzheimers Disease
34334777,Changes in the connection network of whole-brain fiber tracts in patients with Alzheimers disease have a tendency of lateralization,Global,single study,yes,yes,yes,Alzheimers Disease
28180075,Independent value added by diffusion MRI for prediction of cognitive function in older adults,Fornix/Stria Terminalis;Cingulum (body);Cingulum (hippocampal part);Anterior Corona Radiata;Splenium of Corpus Callosum;Superior Longitudinal Fasciculus;Genu of Corpus Callosum;Sagittal Stratum;Medial Lemniscus;Fornix;Superior Corona Radiata;Superior Cerebellar Peduncle;Corticospinal Tract;Retrolenticular Limb of Internal Capsule;Anterior Limb of Internal Capsule;Global white matter;Posterior Corona Radiata;Posterior Thalamic Radiation;Inferior Fronto-Occipital Fasciculus;Posterior Limb of Internal Capsule;Body of Corpus Callosum;Inferior Cerebellar Peduncle;Uncinate Fasciculus;External Capsule,single study,yes,yes,yes,Mild Cognitive Impairment;Alzheimers Disease;Dementia
23583480,Longitudinal white matter changes in Alzheimers disease: A tractography-based analysis study,Inferior Occipitofrontal Fasciculus;Uncinate Fasciculus;Inferior Longitudinal Fasciculus,single study,yes,yes,yes,Alzheimers Disease
21356112,Causes and consequences of cerebral small vessel disease. The RUN DMC study: a prospective cohort study. Study rationale and protocol,,single study,yes,yes,yes,Cerebral Small Vessel Disease;Dementia
32730718,Brain microstructural changes and cognitive function in non-demented essential tremor patients: a diffusion tensor imaging study,Middle Cerebellar Peduncle;Inferior Fronto-Occipital Fasciculus;Superior Cerebellar Peduncle;Corticospinal Tract;Inferior Longitudinal Fasciculus;Anterior Thalamic Radiation;Stria Terminalis;Fornix;Corpus Callosum;Superior Longitudinal Fasciculus;Superior Fronto-Occipital Fasciculus,single study,yes,yes,no,
15087585,Ultrastructural Hippocampal and White Matter Alterations in Mild Cognitive Impairment: A Diffusion Tensor Imaging Study,Corpus Callosum (genu);Centrum Semiovale;Corpus Callosum (splenium),single study,yes,yes,yes,Mild Cognitive Impairment;Alzheimers Disease
21872362,Distinctive disruption patterns of white matter tracts in Alzheimers disease with full diffusion tensor characterization,Cingulum Bundle (hippocampal);Inferior Fronto-Occipital Fasciculus;Uncinate Fasciculus;Anterior Corona Radiata;Superior Corona Radiata;Body of Fornix;Posterior Limb of Internal Capsule;Body of Corpus Callosum;Cingulum Bundle (cingulate gyrus);Posterior Corona Radiata;Anterior Limb of Internal Capsule;Splenium of Corpus Callosum;Superior Longitudinal Fasciculus;Superior Fronto-Occipital Fasciculus;Genu of Corpus Callosum;Fornix-Stria Terminalis;External Capsule,single study,yes,yes,yes,Mild Cognitive Impairment;Alzheimers Disease
25444606,Network and connectivity Connectivity network measures predict volumetric atrophy in mild cognitive impairment,Anterior Corona Radiata;Posterior Corona Radiata;Superior Corona Radiata;Internal Capsule,single study,yes,yes,yes,Mild Cognitive Impairment;Alzheimers Disease
39740225,MRI free water mediates the association between diffusion tensor image analysis along the perivascular space and executive function in four independent middle to aged cohorts,Corpus Callosum;Fornix,single study,yes,yes,yes,Mild Cognitive Impairment;Vascular Cognitive Impairment and Dementia;Cerebral Small Vessel Disease;Dementia
34921119,The heritability of amyloid burden in older adults: the Older Australian Twins Study,,single study,yes,yes,no,
32574842,Characterizing white matter connectivity in Alzheimers disease and mild cognitive impairment: An automated fiber quantification analysis with two independent datasets,Inferior Fronto-Occipital Fasciculus;Uncinate Fasciculus;Cingulum (cingulate);Inferior Longitudinal Fasciculus;Arcuate Fasciculus;Forceps Minor (anterior corpus callosum);Superior Longitudinal Fasciculus,single study,yes,yes,yes,Mild Cognitive Impairment;Alzheimers Disease
19342541,White Matter Involvement in Idiopathic Parkinson Disease: A Diffusion Tensor Imaging Study,Corticospinal Tract;Corpus Callosum;Superior Longitudinal Fasciculus;(Anterior) Cingulum Bundle,single study,yes,yes,no,Parkinson Disease
35358703,CSF Tau phosphorylation at Thr205 is associated with loss of white matter integrity in autosomal dominant Alzheimer disease,Cingulum Bundle;Posterior Corpus Callosum;Anterior Corpus Callosum;Forceps Major,single study,yes,yes,yes,Autosomal Dominant Alzheimer'S Disease
33681461,Systematic Assessment of the Impact of DTI Methodology on Fractional Anisotropy Measures in Alzheimers Disease,Tapetum;Anterior Corona Radiata;Splenium of Corpus Callosum;Superior Longitudinal Fasciculus;Genu of Corpus Callosum;Cingulum (cingulate gyrus);Medial Lemniscus;Fornix;Forceps major;Internal Capsule (posterior limb);Internal Capsule (anterior limb);Superior Corona Radiata;Corticospinal Tract;Anterior Thalamic Radiation;Corpus Callosum;Posterior Corona Radiata;Posterior Thalamic Radiation;Internal Capsule (retrolenticular part);Body of Corpus Callosum;Forceps minor;Inferior Cerebellar Peduncle;Cerebral Peduncle,single study,yes,yes,yes,Mild Cognitive Impairment;Alzheimers Disease;Dementia
27357066,Diffusion Tensor Imaging to Map Brain Microstructural Changes in CADASIL,Middle Cerebellar Peduncle;Inferior Fronto-Occipital Fasciculus;Uncinate Fasciculus;Superior Cerebellar Peduncle;Forceps Major;Corticospinal Tract;Inferior Longitudinal Fasciculus;Thalamic Radiations;Forceps Minor;Internal Capsule;Inferior Cerebellar Peduncle;Corona Radiata;Cingulum Bundle;Corpus Callosum;Superior Longitudinal Fasciculus;External Capsule,single study,yes,yes,no,Cerebral Small Vessel Disease
30685818,Alterations of White Matter Integrity in Subcortical Ischemic Vascular Disease with and Without Cognitive Impairment: a TBSS Study,Inferior Fronto-Occipital Fasciculus;Corticospinal Tract;Inferior Longitudinal Fasciculus;Anterior Thalamic Radiation;Splenium of Corpus Callosum;Corpus Callosum;Superior Longitudinal Fasciculus;Genu of Corpus Callosum,single study,yes,yes,no,Vascular Cognitive Impairment and Dementia;Cerebral Small Vessel Disease;Small Vessel Ischemic Disease
24936411,Associations between white matter microstructure and amyloid burden in preclinical Alzheimers disease: A multimodal imaging investigation,"Cingulum Bundle (hippocampal cingulum, cingulum-HC);Fornix (lateral fornix);Cingulum Bundle (cingulum adjacent to corpus callosum, cingulum-CC);Superior Corona Radiata;Inferior Longitudinal Fasciculus;Posterior Corona Radiata;Corpus Callosum;Superior Longitudinal Fasciculus;External Capsule",single study,yes,yes,yes,Alzheimers Disease
17522104,Diffusion tensor imaging in preclinical and presymptomatic carriers of familial Alzheimers disease mutations,Fornix (columns);Whole-brain White Matter;Perforant Pathway;Frontal Lobe White Matter (Orbitofrontal);Corticospinal Tract;Cingulum Bundle (posterior);Corpus Callosum (Splenium);Corpus Callosum (Genu),single study,yes,yes,yes,Alzheimers Disease;Autosomal Dominant Alzheimer'S Disease
33778998,Neural correlates of the impulse dyscontrol domain of mild behavioral impairment,Inferior Fronto-Occipital Fasciculus;Cingulum;Fornix;Cingulum (Hippocampus);Uncinate Fasciculus;Superior Fronto-Occipital Fasciculus,single study,yes,yes,yes,Mild Cognitive Impairment;Alzheimers Disease;Dementia
25700953,In vivo imaging of tau pathology using multi-parametric quantitative MRI,,single study,yes,no,yes,Alzheimers Disease
33612351,Comparative Evaluation of Diffusion Kurtosis Imaging and Diffusion Tensor Imaging in Detecting Cerebral Microstructural Changes in Alzheimer Disease,Inferior Fronto-Occipital Fasciculus;Uncinate Fasciculus;Sagittal Stratum;Fornix;Internal Capsule;Corona Radiata;Corpus Callosum;Superior Longitudinal Fasciculus;External Capsule,single study,yes,yes,yes,Alzheimers Disease
32471036,White Matter Brain Network Research in Alzheimers Disease Using Persistent Features,,single study,yes,yes,yes,Mild Cognitive Impairment;Alzheimers Disease
31484188,Diffuse Tract Damage in CADASIL Is Correlated with Global Cognitive Impairment,Fornix (cres)stria terminalis;Anterior Corona Radiata;Splenium of Corpus Callosum;Superior Longitudinal Fasciculus;Genu of Corpus Callosum;Cingulum (cingulate gyrus);Medial Lemniscus;Thalamic Radiation;Right Corticospinal Tract;Corona Radiata;Tapeta;Superior Corona Radiata;Superior Cerebellar Peduncle;Cingulum;Corticospinal Tract;Pontine Crossing Tract;Internal Capsule;Anterior Limb of Internal Capsule;Corpus Callosum;Middle Cerebellar Peduncle;Inferior Fronto-Occipital Fasciculus;Posterior Thalamic Radiation;Posterior Limb of Internal Capsule;Inferior Longitudinal Fasciculus;Body of Corpus Callosum;Inferior Cerebellar Peduncle;Left Corticospinal Tract;Uncinate Fasciculus;External Capsule,single study,yes,yes,no,Cerebral Small Vessel Disease
33416206,Discriminating subcortical ischemic vascular disease and Alzheimers disease by diffusion kurtosis imaging in segregated thalamic regions,,single study,yes,yes,yes,Vascular Dementia;Alzheimers Disease
21905080,White Matter Lesions Defined by Diffusion Tensor Imaging in Older Adults,,single study,yes,yes,yes,Alzheimers Disease;Cerebral Small Vessel Disease;Dementia
28729016,Learning-Based Structurally-Guided Construction of Resting-State Functional Correlation Tensors,Inferior Fronto-Occipital Fasciculus;Corticospinal Tract;Inferior Longitudinal Fasciculus;Arcuate Fasciculus;Internal Capsule;Optic Radiations;Corpus Callosum,single study,yes,yes,yes,Mild Cognitive Impairment;Alzheimers Disease
19385016,Atlas-based whole brain white matter analysis using large deformation diffeomorphic metric mapping: Application to normal elderly and Alzheimers disease participants,Posterior Thalamic Radiation;Posterior Limb of Internal Capsule (PLIC);Corticospinal Tract;Medial Lemniscus;Thalamic Radiations;Fornix;Corticopontine Tract;Cingulum Bundle,single study,yes,yes,yes,Alzheimers Disease
24866404,White matter integrity is associated with CSF markers of AD in normal adults,Inferior Fronto-Occipital Fasciculus;Inferior Longitudinal Fasciculus;Fornix;Cingulum Bundle;Corpus Callosum;Superior Longitudinal Fasciculus,single study,yes,yes,no,Alzheimers Disease
25499674,White Matter Microstructural Integrity Is Associated with Executive Function and Processing Speed in Older Adults with Coronary Artery Disease,Inferior Fronto-Occipital Fasciculus;Forceps Major;Superior Longitudinal Fasciculus;Corticospinal Tract;Inferior Longitudinal Fasciculus;Anterior Thalamic Radiation;Parahippocampal Cingulum;Forceps Minor;Cingulum Gyrus Region;Uncinate Fasciculus;Superior Longitudinal Fasciculus (temporal),single study,yes,yes,no,
18050329,Gray and White Matter Changes in Alzheimers Disease: A Diffusion Tensor Imaging Study,Posterior Limb of the Internal Capsule;Thalamocortical Radiations;Corticothalamic Radiations,single study,yes,yes,yes,Alzheimers Disease
37541841,Association of Olfaction and Microstructural Integrity of Brain Tissue in Community-Dwelling Adults Atherosclerosis Risk in Communities Neurocognitive Study,Inferior Fronto-Occipital Fasciculus;Anterior Corona Radiata;Stria Terminalis;Hippocampal Cingulum;Fornix;Internal Capsule;Cingulum Bundle;Corpus Callosum;Uncinate Fasciculus,single study,yes,yes,yes,Mild Cognitive Impairment;Alzheimers Disease;Dementia
29980072,Prosodic and Phonetic Subtypes of Primary Progressive Apraxia of Speech,Corpus Callosum;Cingulum Bundle;Superior Cerebellar Peduncle,single study,yes,yes,no,
32522711,Neurobiology of Disease,Frontal Aslant Tract;Uncinate Fasciculus;Perforant Pathway;Forceps Major;Fronto-Occipital Fasciculus;Corticospinal Tract;Inferior Longitudinal Fasciculus;Forceps Minor;Posterior Corpus Callosum;Cingulum Bundle;Superior Longitudinal Fasciculus;Anterior Corpus Callosum,single study,yes,yes,yes,Alzheimers Disease;Dementia;Autosomal Dominant Alzheimer'S Disease
24936424,White matter microstructure in late middle-age: Effects of apolipoprotein E4 and parental family history of Alzheimers disease,Uncinate Fasciculus;Fornix;Cingulum Bundle (projections to hippocampus);Splenium of the Corpus Callosum;Cingulum Bundle (adjacent to cingulate cortex);Superior Longitudinal Fasciculus;Genu of the Corpus Callosum,single study,yes,yes,yes,Alzheimers Disease
28826185,White Matter Degradation is Associated with Reduced Financial Capacity in Mild Cognitive Impairment and Alzheimers Disease,"Cingulum Bundle (anterior and posterior);Inferior Fronto-Occipital Fasciculus;Uncinate Fasciculus;Corpus Callosum (genu, body, splenium);Corticospinal Tract;Inferior Longitudinal Fasciculus;Anterior Thalamic Radiations;Internal Capsule;Corona Radiata;Posterior Cingulum (hippocampal projection);Superior Longitudinal Fasciculus;External Capsule",single study,yes,yes,yes,Mild Cognitive Impairment;Alzheimers Disease
19012862,White Matter Integrity Linked To Functional Impairments in Aging and Early Alzheimers Disease,Anterior Cingulum Bundle;Posterior Cingulum Bundle;Body of Corpus Callosum;Splenium of Corpus Callosum;Superior Longitudinal Fasciculus;Genu of Corpus Callosum,single study,yes,yes,yes,Alzheimers Disease
20619504,A meta-analysis of diffusion tensor imaging in mild cognitive impairment and Alzheimers disease,,review,yes,yes,yes,Mild Cognitive Impairment;Alzheimers Disease;Dementia
39420261,Investigating the association between the GAP-43 concentration with diffusion tensor imaging indices in Alzheimers dementia continuum,Posterior limb of internal capsule;Posterior Thalamic Radiation;Inferior Fronto-Occipital Fasciculus;Superior Corona Radiata;Cingulum (cortex);Retrolenticular part of the internal capsule;Cerebellar Peduncle;Sagittal Stratum;Medial Lemniscus;Cerebral Peduncle;Fornix (cres)/Stria terminalis;Anterior Corona Radiata;Posterior Corona Radiata;Superior Fronto-Occipital Fasciculus;Corpus Callosum (Genu);Cingulum (hippocampus),single study,yes,yes,yes,Mild Cognitive Impairment;Alzheimers Disease;Dementia
29689722,Quantitative Magnetization Transfer of White Matter Tracts Correlates with Diffusion Tensor Imaging Indices in Predicting the Conversion from Mild Cognitive Impairment to Alzheimers Disease,Uncinate Fasciculus;Inferior Longitudinal Fasciculus;Inferior Cingulum Bundle;Superior Cingulum Bundle,single study,yes,yes,yes,Mild Cognitive Impairment;Alzheimers Disease;Dementia;Prodromal Alzheimers Disease
31271489,The joint effect of aging and HIV infection on microstructure of white matter bundles,Inferior Fronto-Occipital Fasciculus;Corticospinal Tract;Inferior Longitudinal Fasciculus;Arcuate Fasciculus;Anterior Thalamic Radiation;Fornix;Corpus Callosum;Cingulum Bundle,single study,yes,yes,no,
16483571,Evaluation of white matter integrity in ex vivo brains of amyloid plaque-bearing APPsw transgenic mice using magnetic resonance diffusion tensor imaging,,single study,yes,no,yes,Alzheimers Disease
15007117,Diffusion tensor imaging of thalamus correlates with cognition in CADASIL without dementia,,single study,yes,yes,no,Cerebral Small Vessel Disease
28604016,Triglycerides are Negatively Correlated with Cognitive Function in Non-demented Aging Adults,Posterior Thalamic Radiation;Uncinate Fasciculus;Superior Frontal-Occipital Fasciculus;Superior Longitudinal Fasciculus;Inferior Frontal-Occipital Fasciculus;Parahippocampal White Matter;Sagittal Striatum;Fornix;Internal Capsule;Corona Radiata;Corpus Callosum;Cingulum Bundle;External Capsule,single study,yes,yes,no,Mild Cognitive Impairment
33638111,"Decreased myelin content of the fornix predicts poorer memory performance beyond vascular risk, hippocampal volume, and fractional anisotropy in nondemented older adults",Fornix,single study,yes,yes,no,Mild Cognitive Impairment;Alzheimers Disease
37926082,Prediction of Mild Cognitive Impairment Progression to Alzheimers Disease Based on Diffusion Tensor Imaging-Derived Diffusion Parameters: Construction and Validation of a Nomogram,Superior Longitudinal Fasciculus;Cingulum Bundle;Uncinate Fasciculus;Inferior Cerebellar Peduncle,single study,yes,yes,yes,Mild Cognitive Impairment;Alzheimers Disease;Dementia
33648793,Apolipoprotein E homozygous ε 4 allele status: Effects on cortical structure and white matter integrity in a young to mid-age sample,Fornix;Internal Capsule;Corona Radiata;Corpus Callosum;External Capsule,single study,yes,yes,no,Alzheimers Disease
31421507,NeuroImage: Clinical,Inferior Fronto-Occipital Fasciculus;Uncinate Fasciculus;Forceps Major;Left Inferior Fronto-Occipital Fasciculus;Corticospinal Tract;Inferior Longitudinal Fasciculus;Anterior Thalamic Radiation;Forceps Minor;Corpus Callosum;Superior Longitudinal Fasciculus,single study,yes,yes,no,Mild Cognitive Impairment
20429751,Diffusion tensor imaging (DTI) in dementia patients with frontal lobe symptoms,Corpus Callosum,single study,yes,yes,yes,Frontotemporal Dementia;Vascular Dementia;Alzheimers Disease;Lewy Body Dementia;Dementia
23475817,White Matter Imaging Helps Dissociate Tau from TDP-43 in Frontotemporal Lobar Degeneration,Uncinate Fasciculus;Superior Longitudinal Fasciculus,single study,yes,yes,yes,Frontotemporal Dementia
26646649,Difference in white matter microstructure in differential diagnosis of normal pressure hydrocephalus and Alzheimers disease,Corticofugal fibres;Corpus Callosum (Splenium);Corona Radiata;Corpus Callosum;Optic Radiation,single study,yes,yes,yes,Alzheimers Disease;Idiopathic Normal Pressure Hydrocephalus
25363208,Longitudinal Diffusion Tensor Imaging in Frontotemporal Dementia,Body of the Corpus Callosum;Superior Cerebellar Peduncle;Corticospinal Tract;Paracallosal Cingulum Bundle;Parahippocampal Cingulum Bundle;Fornix;Splenium of the Corpus Callosum;Uncinate Fasciculus;Genu of the Corpus Callosum,single study,yes,yes,yes,Behavioral Variant Frontotemporal Dementia
16301485,Damage within a network of white matter regions underlies executive dysfunction in CADASIL,Superior Longitudinal Fasciculus;Cingulum Bundle;Internal Capsule;Inferior Longitudinal Fasciculus,single study,yes,yes,no,Cerebral Small Vessel Disease
28448817,Psychiatry Research: Neuroimaging,Posterior Limb of the Internal Capsule;Body of the Corpus Callosum;Anterior Cingulum Bundle;Central Cingulum Bundle;Posterior Cingulum Bundle;Splenium of the Corpus Callosum;Corpus Callosum;Genu of the Corpus Callosum,single study,yes,yes,yes,Alzheimers Disease
22850313,Cognitive Function in Small Vessel Disease: The Additional Value of Diffusion Tensor Imaging to Conventional Magnetic Resonance Imaging: The RUN DMC Study,Global,single study,yes,yes,no,Cerebral Small Vessel Disease
30798166,NeuroImage: Clinical,Corpus Callosum - Splenium;Corpus Callosum - Genu;Superior Longitudinal Fasciculus (left);Corticospinal Tract (left);Anterior Thalamic Radiation (right);Arcuate Fasciculus (left);Inferior Longitudinal Fasciculus (right);Cingulum Cingulate (left);Inferior Fronto-Occipital Fasciculus (right);Uncinate Fasciculus (right);Cingulum Hippocampus (right);Arcuate Fasciculus (right);Cingulum Cingulate (right);Uncinate Fasciculus (left);Anterior Thalamic Radiation (left);Inferior Fronto-Occipital Fasciculus (left);Corticospinal Tract (right);Cingulum Hippocampus (left);Inferior Longitudinal Fasciculus (left);Superior Longitudinal Fasciculus (right),single study,yes,yes,yes,Mild Cognitive Impairment;Alzheimers Disease;Dementia
19398016,Multi-contrast large deformation diffeomorphic metric mapping for diffusion tensor imaging,Corpus Callosum,single study,yes,yes,yes,Alzheimers Disease
39316311,Mengmeng Feng and Ziyang Song contributed equally to this work,Anterior Corona Radiata;Superior Corona Radiata;Body of Corpus Callosum;Splenium of Corpus Callosum;Superior Longitudinal Fasciculus;Genu of Corpus Callosum;External Capsule,single study,yes,yes,no,Cerebral Small Vessel Disease
28266059,Fractional Anisotropy Derived from the Diffusion Tensor Distribution Function Boosts Power to Detect Alzheimers Disease Deficits,Corpus Callosum;Corona Radiata,single study,yes,yes,yes,Mild Cognitive Impairment;Alzheimers Disease
27062691,Neuroanatomical correlates of verbal fluency in early Alzheimers disease and normal aging,Inferior Fronto-Occipital Fasciculus;Uncinate Fasciculus;Forceps Major;Cerebral Peduncle;Thalamic Radiation;Inferior Longitudinal Fasciculus;Anterior Thalamic Radiation;Forceps Minor;Fornix;Anterior Limb of Internal Capsule;Corpus Callosum;Superior Longitudinal Fasciculus;External Capsule,single study,yes,yes,yes,Alzheimers Disease
31865024,NeuroImage: Clinical,Middle Longitudinal Fasciculus (MdLF),single study,yes,yes,yes,Primary Progressive Aphasia
37519167,Diffusion tensor imaging (DTI) Analysis Based on Tract-based spatial statistics (TBSS) and Classification Using Multi-Metric in Alzheimers Disease,Inferior Fronto-Occipital Fasciculus;Posterior Thalamic Radiation;Superior Corona Radiata;Posterior Limb of Internal Capsule;Superior Longitudinal Fasciculus;Sagittal Stratum;Retrolenticular Part of Internal Capsule;Optic Radiation;Body of Corpus Callosum;Splenium of Corpus Callosum;Anterior Limb of Internal Capsule;Corona Radiata;Anterior Corona Radiata;Corpus Callosum;Posterior Corona Radiata;Superior Fronto-Occipital Fasciculus;Genu of Corpus Callosum;Cingulum Bundle,single study,yes,yes,yes,Alzheimers Disease
24997672,Serum Cholesterol and Variant in Cholesterol-Related Gene CETP Predict White Matter Microstructure,Inferior Fronto-Occipital Fasciculus;Forceps Major;Inferior Longitudinal Fasciculus;Arcuate Fasciculus;Fornix;Internal Capsule;Splenium of the Corpus Callosum;Corona Radiata;Corpus Callosum;Uncinate Fasciculus;Genu of the Corpus Callosum,single study,yes,yes,yes,Mild Cognitive Impairment;Alzheimers Disease
31981370,Prospective Associations Between Diffusion Tensor Imaging Parameters and Frailty in Older Adults,Posterior Thalamic Radiation;Superior Corona Radiata;Superior Frontal Occipital Fasciculus;Superior Longitudinal Fasciculus;Occipital Fasciculus;Longitudinal Fasciculus;Thalamic Radiation;Internal Capsule;Anterior Limb of Internal Capsule;Corona Radiata;Corpus Callosum;Posterior Corona Radiata;External Capsule,single study,yes,yes,no,
25664619,Multimodal Analysis of Functional and Structural Disconnection in Alzheimers Disease Using Multiple Kernel SVM,Body of the Corpus Callosum;Ventral Cingulum;Fornix;Left crus of the Fornix;Genu of the Corpus Callosum,single study,yes,yes,yes,Alzheimers Disease
31706220,NeuroImage: Clinical,,single study,yes,yes,yes,Cerebral Small Vessel Disease;Dementia
19835655,,Corpus Callosum (splenium);Fornix;Cingulum Bundle (posterior);Forceps major;Forceps minor;Corpus Callosum (genu),single study,yes,yes,yes,Mild Cognitive Impairment;Alzheimers Disease;Dementia
20950559,Neuroimagerie de la maladie dAlzheimer : synthèse et apport à la compréhension des mécanismes physiopathologiques,,review,yes,yes,yes,Mild Cognitive Impairment;Alzheimers Disease;Dementia
16520023,Diffusion tensor imaging in early Alzheimers disease,Corpus Callosum;Internal Capsule;Optic Radiation;Cingulum,single study,yes,yes,yes,Alzheimers Disease
31175374,Microstructural White Matter Alterations in Mild Cognitive Impairment and Alzheimers Disease Study Based on Neurite Orientation Dispersion and Density Imaging (NODDI),Posterior Limb of the Internal Capsule;Uncinate Fasciculus;Superior Longitudinal Fasciculus;Corticospinal Tract;Cerebral Peduncle;Splenium of the Corpus Callosum;Cingulum Bundle,single study,yes,yes,yes,Mild Cognitive Impairment;Alzheimers Disease
31901155,Microstructural disruption of the right inferior fronto-occipital and inferior longitudinal fasciculus contributes to WMHrelated cognitive impairment,Inferior Fronto-Occipital Fasciculus;Uncinate Fasciculus;Cingulum (cingulate);Forceps Major;Corticospinal Tract;Inferior Longitudinal Fasciculus;Anterior Thalamic Radiation;Forceps Minor;Superior Longitudinal Fasciculus,single study,yes,yes,no,Mild Cognitive Impairment;Cerebral Small Vessel Disease
18412132,White Matter Tract Integrity in Aging and Alzheimers Disease,Corpus Callosum;Uncinate Fasciculus;Internal Capsule,single study,yes,yes,yes,Mild Cognitive Impairment;Alzheimers Disease
31954961,Diffusion tensor imaging evidence of corticospinal pathway involvement in frontotemporal lobar degeneration,Inferior Fronto-Occipital Fasciculus;Uncinate Fasciculus;Forceps Major;Superior Longitudinal Fasciculus;Corticospinal Tract;Inferior Longitudinal Fasciculus;Forceps Minor;Anterior Thalamic Radiations;Internal Capsule;Fornix;Corona Radiata;Cerebral Peduncles;Corpus Callosum;Cingulum Bundle,single study,yes,yes,yes,Frontotemporal Dementia
23706516,The ε4 genotype of apolipoprotein E and white matter integrity in Alzheimers disease,Corpus Callosum,single study,yes,yes,yes,Alzheimers Disease
32008281,Study on the white matter neuronal integrity in amnestic mild cognitive impairment based on automating fiber-tract quantification Article in Chinese,Corticospinal Tract;Cingulum Bundle (hippocampal);Inferior Longitudinal Fasciculus,single study,yes,yes,no,Mild Cognitive Impairment
25859933,Microstructural White Matter Abnormalities and Cognitive Dysfunction in Subcortical Ischemic Vascular Disease: an Atlas-Based Diffusion Tensor Analysis Study,Posterior limb of internal capsule;Splenium of Corpus Callosum;Genu of Corpus Callosum;Posterior corona radiata;Superior corona radiata;Stria terminalis;Uncinate fasciculus;Fornix;Superior fronto-occipital fasciculus;Anterior limb of internal capsule;Cingulum;Inferior fronto-occipital fasciculus;External capsule;Anterior corona radiata;Retrolenticular part of internal capsule;Tapetum of Corpus Callosum;Posterior thalamic radiation;Superior longitudinal fasciculus;Sagittal stratum;Body of Corpus Callosum,single study,yes,yes,no,Vascular Cognitive Impairment and Dementia;Cerebral Small Vessel Disease
28067183,Hippocampal and entorhinal structures in subjective memory impairment: a combined MRI volumetric and DTI study,Perforant pathway,single study,yes,yes,no,
19442496,Diffusion tensor changes in patients with amnesic mild cognitive impairment and various dementias,Corpus Callosum,single study,yes,yes,yes,Mild Cognitive Impairment;Frontotemporal Dementia;Alzheimers Disease;Small Vessel Ischemic Disease
22825739,Relationship between apolipoprotein E4 genotype and white matter integrity in HIV-positive young adults in South Africa,Corpus Callosum;Body of the Corpus Callosum,single study,yes,yes,no,
19584447,Impact of APOE on the Healthy Aging Brain: A Voxel-Based MRI and DTI Study,Parahippocampal Gyrus White Matter,single study,yes,yes,yes,Alzheimers Disease
37673749,Assessment of gray matter microstructure and synaptic density in Alzheimers disease: A multimodal imaging study with DTI and SV2A PET,,single study,yes,yes,yes,Mild Cognitive Impairment;Alzheimers Disease;Dementia
40016624,Association Between Single Nucleotide Polymorphisms in the Aquaporin-4 Gene and Longitudinal Changes in White Matter Free Water and Cognitive Function in Non-Demented Older Adults,Global,single study,yes,yes,no,Mild Cognitive Impairment;Alzheimers Disease
29126669,Psychiatry Research: Neuroimaging,Posterior Thalamic Radiation;Stria Terminalis;Fornix;Corpus Callosum;Cingulum Bundle;Superior Fronto-Occipital Fasciculus;External Capsule,single study,yes,yes,yes,Mild Cognitive Impairment;Alzheimers Disease
28315741,Individual classification of Alzheimers disease with diffusion magnetic resonance imaging,,single study,yes,yes,yes,Alzheimers Disease
39737627,Microstructural mapping of neural pathways in Alzheimers disease using macrostructure-informed normative tractometry,OR;MdLF;Forceps Major;Inferior Longitudinal Fasciculus (ILF);FPT;STT_L;IFOF;Fornix;Uncinate Fasciculus (UF);Forceps Minor;EMC;Corpus Callosum;Cingulum Bundle;Arcuate Fasciculus (AF);OPT,single study,yes,yes,yes,Mild Cognitive Impairment;Alzheimers Disease;Dementia
26567744,Eigenanatomy on Fractional Anisotropy Imaging Provides White Matter Anatomical Features Discriminating Between Alzheimers Disease and Late Onset Bipolar Disorder,Posterior limb of the internal capsule;Superior corona radiata;Superior longitudinal fasciculus;Middle cerebellar peduncle;Corpus Callosum;Retrolenticular part of the internal capsule,single study,yes,yes,yes,Alzheimers Disease;Dementia
24970026,Discriminative analysis of multivariate features from structural MRI and diffusion tensor images,"Corpus Callosum to middle frontal gyrus;Uncinate Fasciculus (right);Corpus Callosum to lingual gyrus;Corpus Callosum to middle occipital gyrus;Superior Longitudinal Fasciculus (frontal to parietal, right);Corpus Callosum (splenium mentioned);Inferior fronto-occipital fasciculus (left);Superior Longitudinal Fasciculus (frontal to temporal, right);Corpus Callosum to pre-central gyrus;Corpus Callosum to superior frontal gyrus;Cingulum of cingulate gyrus (left);Cingulum of hippocampus (right);Corpus Callosum to gyrus rectus;Uncinate Fasciculus (left);Corpus Callosum to cingulate gyrus;Inferior fronto-occipital fasciculus (right)",single study,yes,yes,yes,Alzheimers Disease
25693199,Microstructural White Matter Tissue Characteristics Are Modulated by Homocysteine: A Diffusion Tensor Imaging Study,Middle Cerebellar Peduncles;Inferior Longitudinal Fasciculus;Pyramidal Tracts;Forceps Minor;Pontocerebellar tracts;Genu of the Corpus Callosum,single study,yes,yes,no,
31741143,Cerebellar cognitive-affective syndrome preceding ataxia associated with complex extrapyramidal features in a Turkish SCA48 family,Superior Cerebellar Peduncle;Cerebello-frontal tracts;Frontal subcortical U-fibers;Middle Cerebellar Peduncle;Superior Longitudinal Fasciculus,single study,yes,yes,no,
28948070,Predicting neurocognitive function with hippocampal volumes and DTI metrics in patients with Alzheimers dementia and mild cognitive impairment,Parahippocampal white matter fibers;Posterior limb of internal capsule;Posterior corona radiata;Anterior limb of internal capsule;Cingulum;Sagittal stratum;Fornix (cres)/Stria terminalis;Cerebral peduncle;Body of Corpus Callosum;Genu of Corpus Callosum;Splenium of Corpus Callosum;Anterior corona radiata;Retrolenticular part of internal capsule;Superior fronto-occipital fasciculus,single study,yes,yes,yes,Mild Cognitive Impairment;Alzheimers Disease;Dementia
37158918,Detection of mild cognitive impairment in Parkinsons disease using gradient boosting decision tree models based on multilevel DTI indices,Pontine Crossing Tract (PCT);Fornix;Cingulum (hippocampus);Medial Lemniscus (ML),single study,yes,yes,no,Mild Cognitive Impairment;Parkinson Disease
30684740,Medical Image Analysis,Corpus Callosum;Cingulum,single study,yes,yes,yes,Mild Cognitive Impairment;Alzheimers Disease
33022474,Reduced fractional anisotropy of genu of corpus callosum as a predictor of longitudinal cognition in MCI,Genu of Corpus Callosum;Hippocampal Cingulum Bundle,single study,yes,yes,yes,Mild Cognitive Impairment
17905894,Diffusion Tensor Imaging of Normal-Appearing White Matter in Mild Cognitive Impairment and Early Alzheimer Disease: Preliminary Evidence of Axonal Degeneration in the Temporal Lobe,,single study,yes,yes,yes,Mild Cognitive Impairment;Alzheimers Disease
27103138,Multivariate Statistical Analysis of Diffusion Imaging Parameters using Partial Least Squares: Application to White Matter Variations in Alzheimers Disease,Parahippocampal white matter;Internal Capsule,single study,yes,yes,yes,Mild Cognitive Impairment;Alzheimers Disease
27761397,Interhemispheric connectivity in amyotrophic lateral sclerosis: A near-infrared spectroscopy and diffusion tensor imaging study,Forceps Major;Corticospinal Tract;Inferior Longitudinal Fasciculus;Forceps Minor;Corpus Callosum;Superior Longitudinal Fasciculus,single study,yes,yes,no,
20371138,"Multiple DTI index analysis in normal aging, amnestic MCI and AD. Relationship with neuropsychological performance",Inferior Fronto-Occipital Fasciculus;Uncinate Fasciculus;Inferior Longitudinal Fasciculus;Fornix;Cingulum Bundle;Corpus Callosum;Superior Longitudinal Fasciculus,single study,yes,yes,yes,Mild Cognitive Impairment;Alzheimers Disease
25963506,Changes in anatomical and functional connectivity of Parkinsons disease patients according to cognitive status,Uncinate Fasciculus;Inferior Longitudinal Fasciculus;Corona Radiata;Cingulum Bundle;Corpus Callosum;Superior Longitudinal Fasciculus;Superior Fronto-Occipital Fasciculus,single study,yes,yes,yes,Parkinson'S Disease Dementia;Parkinson Disease
25644739,Predicting Prodromal Alzheimers Disease in Subjects with Mild Cognitive Impairment Using Machine Learning Classification of Multimodal Multicenter Diffusion-Tensor and Magnetic Resonance Imaging Data,Corpus Callosum,single study,yes,yes,yes,Mild Cognitive Impairment;Prodromal Alzheimers Disease
20977535,Voxel-Based Analysis of Diffusion Tensor Imaging in Patients with Subcortical Vascular Cognitive Impairment: Correlates with Cognitive and Motor Deficits,Inferior Fronto-Occipital Fasciculus;Forceps Major;Inferior Longitudinal Fasciculus;Internal Capsule;Corona Radiata;Splenium of Corpus Callosum;Corpus Callosum,single study,yes,yes,yes,Vascular Cognitive Impairment and Dementia;Small Vessel Ischemic Disease;Vascular Dementia;Cerebral Small Vessel Disease;Mild Cognitive Impairment;Dementia
32244028,Network topology and machine learning analyses reveal microstructural white matter changes underlying Chinese medicine Dengzhan Shengmai treatment on patients with vascular cognitive impairment,Corpus Callosum,single study,yes,yes,yes,Vascular Cognitive Impairment and Dementia;Cerebral Small Vessel Disease;Small Vessel Ischemic Disease
31958093,Reduced Hippocampal Glutamate and Posterior Cingulate N-Acetyl Aspartate in Mild Cognitive Impairment and Alzheimers Disease Is Associated with Episodic Memory Performance and White Matter Integrity in the Cingulum: A Pilot Study,Left Cingulum (cingulate gyrus portion);Left Cingulum (hippocampal portion),single study,yes,yes,yes,Mild Cognitive Impairment;Alzheimers Disease
27903333,Diffusion Tensor Imaging Predictors of Episodic Memory Decline in Healthy Elders at Genetic Risk for Alzheimers Disease,Cingulate-hippocampal (CGH);Fornix-stria terminalis (FxS);Uncinate fasciculus (UNC),single study,yes,yes,yes,Mild Cognitive Impairment;Alzheimers Disease
25775003,Independent Component Analysis-Based Identification of Covariance Patterns of Microstructural White Matter Damage in Alzheimers Disease,Retrolenticular Part of the Internal Capsule;Posterior Thalamic Radiation;Cingulum (Cingulum Bundle);Superior Corona Radiata;Anterior Body of the Corpus Callosum;Hippocampal Commissure;Anterior Corona Radiata;Superior Longitudinal Fasciculus;Genu of the Corpus Callosum,single study,yes,yes,yes,Alzheimers Disease
25938561,Interhemispheric Functional and Structural Disconnection in Alzheimers Disease: A Combined Resting-State fMRI and DTI Study,Corpus Callosum;Genu of Corpus Callosum,single study,yes,yes,yes,Mild Cognitive Impairment;Alzheimers Disease
23109096,Microstructural changes in the hippocampus and posterior cingulate in mild cognitive impairment and Alzheimers disease: a diffusion tensor imaging study,,single study,yes,yes,yes,Mild Cognitive Impairment;Alzheimers Disease
15917103,Color-coded diffusion-tensor-imaging of posterior cingulate fiber tracts in mild cognitive impairment,(Posterior) Cingulum Bundle,single study,yes,yes,yes,Mild Cognitive Impairment;Alzheimers Disease
27873148,Local texture descriptors for the assessment of differences in diffusion magnetic resonance imaging of the brain,Global,single study,yes,yes,yes,Mild Cognitive Impairment;Alzheimers Disease
23874403,Diffusion Tensor Tractography versus Volumetric Imaging in the Diagnosis of Behavioral Variant Frontotemporal Dementia,(Anterior) Cingulum Bundle,single study,yes,yes,yes,Behavioral Variant Frontotemporal Dementia
31133818,Longitudinal Changes in Diffusion Tensor Imaging Following Mild Traumatic Brain Injury and Correlation With Outcome,Forceps Major;Left Anterior Limb of Internal Capsule;Body of Corpus Callosum;Splenium of Corpus Callosum;Right Inferior Fronto-Occipital Fasciculus;Right Anterior Corona Radiata;Left Posterior Thalamic Radiation,single study,yes,yes,no,
33651272,An elaborative NMR based plasma metabolomics study revealed metabolic derangements in patients with mild cognitive impairment: a study on north Indian population,Corpus Callosum;Fornix;Forceps Major,single study,yes,yes,no,Mild Cognitive Impairment
33855944,An official website of the United States government Heres how you know,,single study,yes,yes,yes,Alzheimers Disease;Autosomal Dominant Alzheimer'S Disease
31594223,Multicenter Tract-Based Analysis of Microstructural Lesions within the Alzheimers Disease Spectrum: Association with Amyloid Pathology and Diagnostic Usefulness,Uncinate Fasciculus;Superior Longitudinal Fasciculus;Inferior Longitudinal Fasciculus;Retrolenticular Part of Internal Capsule;Anterior Thalamic Radiation;Fornix;Internal Capsule;Corpus Callosum;Cingulum Bundle;External Capsule,single study,yes,yes,yes,Mild Cognitive Impairment;Alzheimers Disease;Dementia;Prodromal Alzheimers Disease
24111239,,Cingulum;Genu of Corpus Callosum (Left);Body of Corpus Callosum;Fornix;Cerebral Peduncle;Anterior Corona Radiate,single study,yes,yes,yes,Alzheimers Disease
24986110,c o m p u t e r m e t h o d s a n d p r o g r a m s i n b i o m e d i c i n,Splenium of Corpus Callosum (right);Fornix (left);Genu of Corpus Callosum (bilateral);Splenium of Corpus Callosum (left),single study,yes,yes,yes,Alzheimers Disease
40098158,Perivascular space and white matter hyperintensities in Alzheimers disease: associations with disease progression and cognitive function,,single study,yes,yes,yes,Mild Cognitive Impairment;Alzheimers Disease
17413027,Diffusion Tensor Imaging of Normal Appearing White Matter and Its Correlation with Cognitive Functioning in Mild Cognitive Impairment and Alzheimers Disease,,single study,yes,yes,yes,Mild Cognitive Impairment;Alzheimers Disease
31778276,Microstructural abnormalities of substantia nigra in Parkinsons disease: A neuromelanin sensitive MRI atlas based study,,single study,yes,yes,no,Parkinson Disease
31227891,"Structural integrity in subjective cognitive decline, mild cognitive impairment and Alzheimers disease based on multicenter diffusion tensor imaging",Posterior Thalamic Radiation;Inferior Fronto-Occipital Fasciculus;Superior Corona Radiata;Body of the Corpus Callosum;Cingulum;Sagittal Stratum;Inferior Longitudinal Fasciculus;Anterior Thalamic Radiation;Posterior Cingulum;Splenium of the Corpus Callosum;Anterior Corona Radiata;Superior Longitudinal Fasciculus;Genu of the Corpus Callosum,single study,yes,yes,yes,Mild Cognitive Impairment;Alzheimers Disease;Dementia
32808747,Small vessel disease more than Alzheimers disease determines diffusion MRI alterations in memory clinic patients,Global,single study,yes,yes,yes,Mild Cognitive Impairment;Alzheimers Disease;Cerebral Small Vessel Disease;Dementia
19100839,Decreased white matter integrity in late-myelinating fiber pathways in Alzheimers disease supports retrogenesis,Posterior Limb of the Internal Capsule;Inferior Fronto-Occipital Fasciculus;Uncinate Fasciculus;Cingulum;Forceps Major;Sagittal Stratum;Inferior Longitudinal Fasciculus;Stria Terminalis;Fornix;Splenium of the Corpus Callosum;Corona Radiata;Cerebral Peduncles;Superior Longitudinal Fasciculus,single study,yes,yes,yes,Alzheimers Disease
23876242,"Relationship between excitability, plasticity and thickness of the motor cortex in older adults",Pyramidal Tract,single study,yes,yes,no,
29923666,Regional structural hypo-and hyperconnectivity of frontalstriatal and frontal-thalamic pathways in behavioral variant frontotemporal dementia,Orbitofrontal Cortex to Striatum pathway;Medial Prefrontal Cortex to Thalamus pathway;External Capsule;Orbitofrontal Cortex to Thalamus pathway;Muratoff bundle;Anterior Thalamic Radiation;Dorsolateral Prefrontal Cortex to Striatum pathway;Dorsolateral Prefrontal Cortex to Thalamus pathway;Medial Prefrontal Cortex to Striatum pathway,single study,yes,yes,yes,Behavioral Variant Frontotemporal Dementia
22384251,Using Support Vector Machines with Multiple Indices of Diffusion for Automated Classification of Mild Cognitive Impairment,Fronto-Occipital Fasciculus;Global;Splenium;Forceps Major,single study,yes,yes,yes,Mild Cognitive Impairment;Alzheimers Disease
17200485,Diffusion tensor imaging of cingulum fibers in mild cognitive impairment and Alzheimer disease,Cingulum Bundle (parahippocampal/medial temporal portion);Cingulum Bundle (posterior cingulate portion);Internal Capsule (posterior limb);Corpus Callosum (splenium);Corpus Callosum (genu),single study,yes,yes,yes,Mild Cognitive Impairment;Alzheimers Disease
23613774,Mechanisms of Cognitive Impairment in Cerebral Small Vessel Disease: Multimodal MRI Results from the St Georges Cognition and Neuroimaging in Stroke (SCANS) Study,Global,single study,yes,yes,no,Cerebral Small Vessel Disease
21841260,"Multimodal Imaging in Diagnosis of Alzheimers Disease and Amnestic Mild Cognitive Impairment: Value of Magnetic Resonance Spectroscopy, Perfusion, and Diffusion Tensor Imaging of the Posterior Cingulate Region",(Posterior) Cingulum Bundle,single study,yes,yes,yes,Mild Cognitive Impairment;Alzheimers Disease
21168157,Comparison of diffusion tensor imaging and voxel-based morphometry to detect white matter damage in Alzheimers disease,Corpus Callosum;Cingulum Bundle,single study,yes,yes,yes,Alzheimers Disease
24121958,"Relationship among Diffusion Tensor Imaging, EEG Activity, and Cognitive Status in Mild Cognitive Impairment and Alzheimers Disease Patients",Corpus Callosum,single study,yes,yes,yes,Mild Cognitive Impairment;Alzheimers Disease
33661150,,Inferior Fronto-Occipital Fasciculus;Uncinate Fasciculus;Cingulum;Inferior Longitudinal Fasciculus;Thalamic Radiation;Internal Capsule;Corona Radiata;Corpus Callosum;Superior Longitudinal Fasciculus;External Capsule,single study,yes,yes,no,
15178944,MRI with Diffusion Tensor Imaging Post-Mortem at 3.0 T in a Patient with Frontotemporal Dementia,U-fibres,single study,yes,yes,yes,Frontotemporal Dementia
23787190,"Diffusion tensor imaging measures of normal appearing white matter in patients who are aging, or have amnestic mild cognitive impairment, or Alzheimers disease",Posterior limb of the internal capsule;Anterior limb of the internal capsule;Corpus Callosum (splenium),single study,yes,yes,yes,Mild Cognitive Impairment;Alzheimers Disease
26988810,A Diffusion Tensor Imaging Study on White Matter Abnormalities in Patients with Type 2 Diabetes Using Tract-Based Spatial Statistics,Posterior Thalamic Radiation;Superior Corona Radiata;Corticospinal Tract;External Capsule;Retrolenticular Part of Internal Capsule;Sagittal Striatum;Anterior Limb of Internal Capsule;Anterior Corona Radiata;Cerebral Peduncle;Cingulum (hippocampus),single study,yes,yes,no,Mild Cognitive Impairment
28764771,Sensitivity of restriction spectrum imaging to memory and neuropathology in Alzheimers disease,Inferior Fronto-Occipital Fasciculus;Inferior Longitudinal Fasciculus;Arcuate Fasciculus;Parahippocampal Cingulum;Fornix;Uncinate Fasciculus,single study,yes,yes,yes,Mild Cognitive Impairment;Alzheimers Disease
28754095,Comparison of neuropsychiatric symptoms and diffusion tensor imaging correlates among patients with subcortical ischemic vascular disease and Alzheimers disease,Uncinate Fasciculus;Forceps Major;Inferior Longitudinal Fasciculus;Anterior Thalamic Radiation;Corpus Callosum (Body);Forceps Minor;Corpus Callosum (Splenium);Superior Longitudinal Fasciculus;Corpus Callosum (Genu),single study,yes,yes,yes,Alzheimers Disease;Cerebral Small Vessel Disease
33393804,Neural Correlates of Daily Function: A Pilot Study of the White Matter Retrogenesis Hypothesis and Three Separate Performance-Based Functional Assessments,Retrolenticular Part of the Internal Capsule;Body of the Corpus Callosum;Superior Cerebellar Peduncle;Anterior Limb of the Internal Capsule;Fornix;Inferior Cerebellar Peduncle;Splenium of the Corpus Callosum;Uncinate Fasciculus;Superior Fronto-Occipital Fasciculus;Genu of the Corpus Callosum,single study,yes,yes,yes,Mild Cognitive Impairment;Alzheimers Disease;Dementia
33314416,Altered Regional Brain Homogeneity of BOLD Signal in CADASIL: A Resting State fMRI Study,,single study,yes,yes,no,Cerebral Small Vessel Disease
30461106,Diffusion Tensor Imaging of the Superior Thalamic Radiation and Cerebrospinal Fluid Distribution in Idiopathic Normal Pressure Hydrocephalus,Corticospinal Tract;Superior Thalamic Radiation;Dentatorubrothalamic Tract,single study,yes,yes,yes,Alzheimers Disease;Idiopathic Normal Pressure Hydrocephalus
24990445,A study of structural and functional connectivity in early Alzheimers disease using rest fMRI and diffusion tensor imaging,,single study,yes,yes,yes,Alzheimers Disease
19913331,Diffusion tensor imaging and Tract-Based Spatial Statistics in Alzheimers disease and mild cognitive impairment,Uncinate Fasciculus;Cerebellar tracts;Cingulum;Anterior arch of Fornix;Body of Fornix;Brainstem tracts;Inferior Longitudinal Fasciculus;Parahippocampal white matter;Body of Corpus Callosum;Fornix;Splenium of Corpus Callosum;Corpus Callosum;Superior Longitudinal Fasciculus;Genu of Corpus Callosum,single study,yes,yes,yes,Mild Cognitive Impairment;Alzheimers Disease
24251793,Clinical Investigative Study Use of Diffusion Tensor Imaging for Evaluating Changes in the Microstructural Integrity of White Matter Over 3 Years in Patients with Amnesic-Type Mild Cognitive Impairment Converting to Alzheimers Disease,Superior Longitudinal Fasciculus;Corpus Callosum;Inferior Fronto-Occipital Fasciculus;Cingulum Bundle,single study,yes,yes,yes,Mild Cognitive Impairment;Alzheimers Disease
27861154,Presence of lacunar infarctions is associated with the spatial navigation impairment in patients with mild cognitive impairment: a DTI study,Inferior Fronto-Occipital Fasciculus;Posterior Thalamic Radiation;Posterior Limb of Internal Capsule;Corticospinal Tract;Sagittal Stratum;Inferior Longitudinal Fasciculus;Retrolenticular Part of Internal Capsule;Anterior Thalamic Radiation;Uncinate Fasciculus;External Capsule,single study,yes,yes,no,Mild Cognitive Impairment;Cerebral Small Vessel Disease
25444597,DTI-based maximum density path analysis and classification of Alzheimers disease,Uncinate Fasciculus;Inferior Longitudinal Fasciculus;Cingulum Bundle;Corpus Callosum;Superior Longitudinal Fasciculus,single study,yes,yes,yes,Mild Cognitive Impairment;Alzheimers Disease;Dementia
23063453,APOE e4 polymorphism in young adults is associated with improved attention and indexed by distinct neural signatures,,single study,yes,yes,no,
29758374,Age and Alzheimers pathology disrupt default mode network functioning via alterations in white matter microstructure but not hyperintensities,Inferior Fronto-Occipital Fasciculus;Cingulum;Inferior Longitudinal Fasciculus;Fornix;Splenium of the Corpus Callosum;Superior Longitudinal Fasciculus;Genu of the Corpus Callosum,single study,yes,yes,no,Alzheimers Disease
39265269,Comparing the imaging characteristics of middle-aged patients with multiple sclerosis and CADASIL: A retrospective cross-sectional study,Body of the Corpus Callosum;Splenium of the Corpus Callosum;Corpus Callosum;Genu of the Corpus Callosum;External Capsule,single study,yes,yes,no,Cerebral Small Vessel Disease
30507747,Classification of amyloid PET images using novel features for early diagnosis of Alzheimers disease and mild cognitive impairment conversion,Global,single study,no,yes,yes,Mild Cognitive Impairment;Alzheimers Disease;Dementia
20881397,Diffusion Tensor Imaging Changes Correlate with Cognition Better than Conventional MRI Findings in Patients with Subcortical Ischemic Vascular Disease,Global,single study,yes,yes,yes,Vascular Cognitive Impairment and Dementia;Small Vessel Ischemic Disease;Vascular Dementia;Cerebral Small Vessel Disease;Dementia
16754694,Diffusion indices on magnetic resonance imaging and neuropsychological performance in amnestic mild cognitive impairment,Corticospinal Tract;Cingulum Bundle,single study,yes,yes,no,Mild Cognitive Impairment;Alzheimers Disease
23245561,"Longitudinal, region-specific course of diffusion tensor imaging measures in mild cognitive impairment and Alzheimers disease",Anterior Cingulum Bundle;Inferior Cingulum Bundle;Posterior Cingulum Bundle;Fornix;Splenium of the Corpus Callosum;Cerebral Peduncles,single study,yes,yes,yes,Mild Cognitive Impairment;Alzheimers Disease
24577476,Fractional Anisotropy Changes in Alzheimers Disease Depend on the Underlying Fiber Tract Architecture: A Multiparametric DTI Study using Joint Independent Component Analysis,Inferior Fronto-Occipital Fasciculus;Superior Longitudinal Fasciculus;Corticospinal Tract;Inferior Longitudinal Fasciculus;Anterior Thalamic Radiation;Corpus Callosum;Cingulum Bundle,single study,yes,yes,yes,Mild Cognitive Impairment;Alzheimers Disease;Dementia
24445093,Quantitative measurement to evaluate morphological changes of the corpus callosum in patients with subcortical ischemic vascular dementia,Corpus Callosum,single study,yes,yes,yes,Vascular Dementia;Cerebral Small Vessel Disease
38297073,,Cingulum (cingulate gyrus part);Superior Corona Radiata;Internal Capsule (anterior limb);Anterior Corona Radiata;Corpus Callosum;Superior Longitudinal Fasciculus;External Capsule,single study,yes,yes,yes,Vascular Cognitive Impairment and Dementia;Alzheimers Disease;Cerebral Small Vessel Disease
39107406,Microstructural brain assessment in late-life depression and apathy using diffusion MRI multi-compartments models and tractometry,Superior Longitudinal Fasciculus III (left);Superior Longitudinal Fasciculus I (right);Corticospinal Tract (right);Striato-Premotor Tract (left);Superior Longitudinal Fasciculus III (right);Corpus Callosum (CC_2);Uncinate Fasciculus (left);Anterior Thalamic Radiation (left);Corpus Callosum (CC_1),single study,no,yes,no,
12955221,,Splenium of Corpus Callosum;Corpus Callosum;Internal Capsule;Genu of Corpus Callosum,single study,yes,yes,yes,Alzheimers Disease
26505297,Application of neurite orientation dispersion and density imaging (NODDI) to a tau pathology model of Alzheimers disease,,single study,yes,no,yes,Alzheimers Disease
23224456,Diffusion Tensor Imaging of Neuropsychiatric Symptoms in Mild Cognitive Impairment and Alzheimers Dementia,Anterior Cingulum Bundle;Inferior Cingulum Bundle;Splenium (Corpus Callosum);Posterior Cingulum Bundle;Fornix;Cerebral Peduncles,single study,yes,yes,yes,Mild Cognitive Impairment;Alzheimers Disease
24237038,The association between biomarkers in cerebrospinal fluid and structural changes in the brain in patients with Alzheimers disease,,single study,yes,yes,yes,Mild Cognitive Impairment;Alzheimers Disease
36087430,Why can spontaneous intracranial hypotension cause behavioral changes? A case report and multimodality neuroimaging comparison with frontotemporal dementia,Superior Longitudinal Fasciculus;Corpus Callosum;Uncinate Fasciculus;Inferior Fronto-Occipital Fasciculus,single study,yes,yes,yes,Behavioral Variant Frontotemporal Dementia
21340578,"DTI studies in patients with Alzheimers disease, mild cognitive impairment, or normal cognition with evaluation of the intrinsic background gradients",Corpus Callosum;Cingulum Bundle,single study,yes,yes,yes,Mild Cognitive Impairment;Alzheimers Disease
25354135,Clinical Investigative Study Structural Connectivity Changes Underlying Altered Working Memory Networks in Mild Cognitive Impairment: A Three-Way Image Fusion Analysis,Inferior Fronto-Occipital Fasciculus;Uncinate Fasciculus;Forceps Major;Corticospinal Tract;Inferior Longitudinal Fasciculus;Anterior Thalamic Radiation;Forceps Minor;Cingulum Bundle;Corpus Callosum;Superior Longitudinal Fasciculus,single study,yes,yes,yes,Mild Cognitive Impairment;Alzheimers Disease;Dementia
15171548,"An official website of the United States government Heres how you know . 2004 Apr;26(2):134-8. Relationship between the data from MR-diffusion tensor imaging and the clinical cognitive evaluation in Alzheimers disease Article in Chinese Ye Sun , Xiang-ke Du, Zhen-xin Zhang, Xia Chen Affiliations PMID: 15171548",Corpus Callosum,single study,yes,yes,yes,Alzheimers Disease
31352218,NeuroImage: Clinical,Anterior Thalamic Projection;Cingulum;Nigro-caudate tract;Nigro-putamen tract;Uncinate Fasciculus;Nigro-accumbens tract,single study,yes,yes,no,
25076830,Mapping of ApoE4 Related White Matter Damage using Diffusion MRI,Corpus Callosum;Fornix,single study,yes,yes,yes,Vascular Cognitive Impairment and Dementia;Alzheimers Disease;Dementia
20404309,Gray and white matter water diffusion in the syndromic variants of frontotemporal dementia,Superior Longitudinal Fasciculus;Corticospinal Tract;Posterior Cingulate;Inferior Longitudinal Fasciculus;Splenium of the Corpus Callosum;Anterior Cingulate;Uncinate Fasciculus;Genu of the Corpus Callosum,single study,yes,yes,yes,Semantic Variant Of Primary Progressive Aphasia;Primary Progressive Aphasia;Behavioral Variant Frontotemporal Dementia
24636489,Lack of association of the rs1344706 ZNF804A variant with cognitive functions and DTI indices of white matter microstructure in two independent healthy populations,,single study,yes,yes,no,
34636637,Diffusion Tensor MRI Structural Connectivity and PET Amyloid Burden in Preclinical Autosomal Dominant Alzheimer Disease: The DIAN Cohort,,single study,yes,yes,yes,Alzheimers Disease;Autosomal Dominant Alzheimer'S Disease
33530016,Comparison of regional brain deficit patterns in common psychiatric and neurological disorders as revealed by big data,,single study,yes,yes,yes,Parkinson Disease;Alzheimers Disease;Dementia
33108404,Plasma neurofilament light protein correlates with diffusion tensor imaging metrics in frontotemporal dementia,Inferior Fronto-Occipital Fasciculus;Uncinate Fasciculus;Fronto-Occipital Fasciculus;Corticospinal Tract;Dorsal Cingulum Bundle;Anterior Thalamic Radiation;Inferior Hippocampal Portion of the Cingulum Bundle;Corpus Callosum;Superior Longitudinal Fasciculus,single study,yes,yes,yes,Behavioral Variant Frontotemporal Dementia
22430530,Multiple Diffusivities Define White Matter Degeneration in Amnestic Mild Cognitive Impairment and Alzheimers Disease,Inferior Fronto-Occipital Fasciculus;Uncinate Fasciculus;Anterior Cingulum;Inferior Longitudinal Fasciculus;Anterior Thalamic Radiation;Posterior Cingulum;Forceps minor;Corpus Callosum;Superior Longitudinal Fasciculus;Superior Fronto-Occipital Fasciculus,single study,yes,yes,yes,Mild Cognitive Impairment;Alzheimers Disease
23701948,APOE-related biomarker profiles in non-pathological aging and early phases of Alzheimers disease ଝ,,review,yes,yes,yes,Cerebral Amyloid Angiopathy;Vascular Dementia;Alzheimers Disease;Cerebral Small Vessel Disease;Mild Cognitive Impairment;Dementia
21803153,White matter integrity and vulnerability to Alzheimers disease: Preliminary findings and future directions,,review,yes,yes,yes,Mild Cognitive Impairment;Alzheimers Disease;Autosomal Dominant Alzheimer'S Disease
22617636,Discovering Alzheimers disease and bipolar disorder white matter effects building computer aided diagnostic systems on brain diffusion tensor imaging features,Uncinate Fasciculus;Cingulum (cingulate gyrus);Forceps Major;Corticospinal Tract;Inferior Longitudinal Fasciculus;Anterior Thalamic Radiation;Forceps Minor;Corpus Callosum;Superior Longitudinal Fasciculus;Cingulum (hippocampus),single study,yes,yes,yes,Alzheimers Disease
20339558,Surface-Based Analysis on Shape and Fractional Anisotropy of White Matter Tracts in Alzheimers Disease,Posterior thalamic radiation;Anterior external capsule;Anterior corona radiata;Superior longitudinal fasciculus;Sagittal stratum;Commissural tract (CC);Inferior fronto-occipital fasciculus;Inferior longitudinal fasciculus;Fornix;External capsule;Cingulum bundle;Corona radiata;Cingulum in the hippocampus (CgH),single study,yes,yes,yes,Alzheimers Disease
23149037,Structural and functional cortical disconnection in Alzheimers disease: A combined study using diffusion tensor imaging and transcranial magnetic stimulation,Inferior Fronto-Occipital Fasciculus;Anterior Thalamic Radiation;Fornix;Right Corticospinal Tract;Left Corticospinal Tract;Cingulum Bundle;Corpus Callosum;Superior Longitudinal Fasciculus;Genu of Corpus Callosum,single study,yes,yes,yes,Alzheimers Disease
23644540,In vivo quantitative whole-brain diffusion tensor imaging analysis of APPPS1 transgenic mice using voxel-based and atlas-based methods,,single study,yes,no,yes,Alzheimers Disease
28487471,Using DTI to assess white matter microstructure in cerebral small vessel disease (SVD) in multicentre studies,Global,single study,yes,yes,no,Small Vessel Ischemic Disease
21674695,Disruption of Limbic White Matter Pathways in Mild Cognitive Impairment and Alzheimers Disease: A DTIFDG-PET Study,Posterior limb of the internal capsule;Superior cingulum;Parietal projection fibers;Fornix;Descending cingulum;Cingulum bundle,single study,yes,yes,yes,Mild Cognitive Impairment;Alzheimers Disease
23370057,An unbiased longitudinal analysis framework for tracking white matter changes using diffusion tensor imaging with application to Alzheimers disease,Cingulum Bundle (left);Cingulum Bundle (right);Fornix;Corpus Callosum (splenium);Corpus Callosum (genu);Corpus Callosum (body),single study,yes,yes,yes,Alzheimers Disease
20724035,A complementary diffusion tensor imaging (DTI)-histological study in a model of Huntingtons disease,,single study,yes,no,no,
25537012,Diffusion Tensor Imaging Reveals Visual Pathway Damage in Patients with Mild Cognitive Impairment and Alzheimers Disease,Optic Nerve;Splenium of the Corpus Callosum;Optic Tract,single study,yes,yes,yes,Mild Cognitive Impairment;Alzheimers Disease
25016128,Structural and Microstructural Brain Changes Predict Impairment in Daily Functioning,Global,single study,yes,yes,no,
24480090,"White matter connectivity reflects clinical and cognitive status in Huntingtons disease  ,  ,",Putamen-Prefrontal Tract;Caudate-Paracentral Tract;Putamen-Primary Motor Tract;Fronto-Parietal Tract;Corpus Callosum,single study,yes,yes,no,
22569999,A diffusion tensor imaging and neuropsychological study of prospective memory impairment in South African HIV positive individuals,Superior Corona Radiata;Cingulum;Sagittal Stratum;Corpus Callosum;Superior Longitudinal Fasciculus;Genu of the Corpus Callosum,single study,yes,yes,no,
16552012,Diffusion Alterations in Corpus Callosum of Patients with HIV,Corpus Callosum (genu);Corpus Callosum (splenium),single study,yes,yes,yes,Dementia
24080382,in vivo quantification of white matter microstructure for use in aging: A focus on two emerging techniques,,review,yes,yes,yes,Cerebral Small Vessel Disease;Dementia
22078796,Multicenter stability of diffusion tensor imaging measures: A European clinical and physical phantom study,Posterior Thalamic Radiation;Uncinate Fasciculus;Superior Longitudinal Fasciculus;Sagittal Stratum;Fornix;Corpus Callosum (splenium);Corpus Callosum (genu);Corpus Callosum (body);Cingulum Bundle,single study,yes,yes,yes,Alzheimers Disease
36601694,Whole-brain DTI parameters associated with tau protein and hippocampal volume in Alzheimers disease,Posterior Thalamic Radiation;Inferior Fronto-Occipital Fasciculus;Superior Longitudinal Fasciculus;Sagittal Stratum;Thalamic Radiation;Sagittal Striatum;Hippocampal Cingulum;Fornix;Corona Radiata;Corpus Callosum;Cingulum Bundle,single study,yes,yes,yes,Mild Cognitive Impairment;Alzheimers Disease
20808130,Specific Anatomic Associations Between White Matter Integrity and Cognitive Reserve in Normal and Cognitively Impaired Elders,Inferior Fronto-Occipital Fasciculus;Body of the Corpus Callosum;Uncinate Fasciculus;Inferior Longitudinal Fasciculus;Internal Capsule;Splenium of the Corpus Callosum;Cingulum Bundle;Superior Longitudinal Fasciculus;Genu of the Corpus Callosum,single study,yes,yes,yes,Mild Cognitive Impairment;Alzheimers Disease;Dementia
22256149,,Corpus Callosum,single study,yes,yes,yes,Mild Cognitive Impairment;Alzheimers Disease
22383234,White Matter Alterations in Cognitively Normal apoE 2 Carriers: Insight into Alzheimer Resistance?,Posterior corpus callosum;Anterior thalamic radiations;Superior longitudinal fasciculus;Anterior cingulate white matter;Parahippocampal white matter;Posterior cingulate white matter;Anterior corpus callosum;Corticopontine tracts;Anterior limb of the internal capsule,single study,yes,yes,yes,Alzheimers Disease
32671535,Accelerated epigenetic aging in adolescents from low-income households is associated with altered development of brain structures,Longitudinal fasciculi;Fornix;Internal Capsule;Fronto-Occipital fasciculi,single study,yes,yes,no,
28017479,Psychiatry Research Neuroimaging,Fornix,single study,yes,yes,yes,Mild Cognitive Impairment;Alzheimers Disease
19546655,Diffusion Tensor Imaging of the Posterior Cingulate is a Useful Biomarker of Mild Cognitive Impairment,Anterior Cingulate White Matter;Superior Longitudinal Fasciculus;Occipital White Matter;Parahippocampal Subgyrus White Matter;Splenium of Corpus Callosum;Internal Capsule;Posterior Cingulate White Matter;Frontal White Matter;Genu of Corpus Callosum,single study,yes,yes,yes,Mild Cognitive Impairment;Alzheimers Disease
20947245,A primary study of diffusion tensor imaging-based histogram analysis in vascular cognitive impairment with no dementia,Global;Corpus Callosum,single study,yes,yes,no,Vascular Cognitive Impairment and Dementia;Cerebral Small Vessel Disease
24067771,White Matter Characteristics of Idiopathic Normal Pressure Hydrocephalus: A Diffusion Tensor Tract-Based Spatial Statistic Study,Posterior Limb of the Internal Capsule;Corpus Callosum;Cerebral Peduncle,single study,yes,yes,no,Idiopathic Normal Pressure Hydrocephalus
23344962,Full diffusion characterization implicates regionally disparate neuropathology in Mild Cognitive Impairment,Crus Cerebri (Corticospinal Tract);Posterior Limb of Internal Capsule;Temporal Stem;Fornix;Corpus Callosum (Splenium);Middle Cerebellar Peduncle,single study,yes,yes,yes,Mild Cognitive Impairment
25756991,The Semantic Variant of Primary Progressive Aphasia: Clinical and Neuroimaging Evidence in Single Subjects,Uncinate Fasciculus;Inferior Longitudinal Fasciculus,single study,yes,yes,yes,Frontotemporal Dementia;Semantic Variant Of Primary Progressive Aphasia
25346330,Neurobiological correlates of depressive symptoms in people with subjective and mild cognitive impairment,,single study,yes,yes,yes,Mild Cognitive Impairment;Alzheimers Disease;Prodromal Alzheimers Disease
23300797,Different Patterns of White Matter Degeneration Using Multiple Diffusion Indices and Volumetric Data in Mild Cognitive Impairment and Alzheimer Patients,Inferior Fronto-Occipital Fasciculus;Anterior Corona Radiata;Cingulum (cingulate gyrus);Superior Corona Radiata;Forceps Major;Superior Longitudinal Fasciculus;Corticospinal Tract;Inferior Longitudinal Fasciculus;External Capsule;Anterior Thalamic Radiation;Forceps Minor;Anterior Limb of Internal Capsule;Superior Longitudinal Fasciculus (temporal part);Corpus Callosum;Uncinate Fasciculus;Cingulum (hippocampus),single study,yes,yes,yes,Mild Cognitive Impairment;Alzheimers Disease
38626373,"Perivascular Spaces, Diffusivity Along Perivascular Spaces, and Free Water in Cerebral Small Vessel Disease",Global,single study,yes,yes,no,Cerebral Small Vessel Disease
18455835,White Matter Pathology Isolates the Hippocampal Formation in Alzheimers Disease,Uncinate Fasciculus;Perforant Pathway;Inferior Occipital Fasciculus;Parahippocampal Cingulum;Internal Capsule;Corpus Callosum;Superior Longitudinal Fasciculus;(Anterior) Cingulum Bundle,single study,yes,yes,yes,Alzheimers Disease
37503159,Magnetic resonance imaging of white matter response to diesel exhaust particles,,single study,yes,no,no,
23762308,"Associations between White Matter Hyperintensities and b Amyloid on Integrity of Projection, Association, and Limbic Fiber Tracts Measured with Diffusion Tensor MRI",Inferior Fronto-Occipital Fasciculus;Superior Longitudinal Fasciculus;Body of Corpus Callosum;Parahippocampal White Matter;Fornix;Internal Capsule;Corona Radiata;Splenium of Corpus Callosum;Cingulum Bundle;Superior Fronto-Occipital Fasciculus;Genu of Corpus Callosum,single study,yes,yes,yes,Mild Cognitive Impairment;Dementia;Alzheimers Disease;Cerebral Amyloid Angiopathy
21904533,Multi-modal MRI analysis with disease-specific spatial filtering: initial testing to predict mild cognitive impairment patients who convert to Alzheimers disease,Forceps Major;Forceps Minor;Fornix;Olfactory Radiation;Splenium of Corpus Callosum;Corpus Callosum;Cingulum Bundle;Genu of Corpus Callosum,single study,yes,yes,yes,Mild Cognitive Impairment;Alzheimers Disease
23960182,"Accelerated Aging, Decreased White Matter Integrity, and Associated Neuropsychological Dysfunction 25 Years After Pediatric Lymphoid Malignancies",Inferior Fronto-Occipital Fasciculus;Uncinate Fasciculus;Posterior Limb of Internal Capsule;Forceps Major;Superior Longitudinal Fasciculus;Inferior Longitudinal Fasciculus;Thalamic Radiation;Forceps Minor;Anterior Limb of Internal Capsule;Corona Radiata;Splenium of Corpus Callosum;Corpus Callosum;Cingulum Bundle,single study,yes,yes,no,
32607611,Connectome mapping with edge density imaging differentiates pediatric mild traumatic brain injury from typically developing controls: proof of concept,Inferior Fronto-Occipital Fasciculus;Posterior Thalamic Radiation;Superior Longitudinal Fasciculus;Sagittal Stratum;Inferior Longitudinal Fasciculus;Tapetum;Corpus Callosum (Body);Corpus Callosum (Splenium);Anterior Corona Radiata;Cingulum Bundle;Corpus Callosum (Genu),single study,yes,yes,no,
24052798,Imaging Findings Associated with Cognitive Performance in Primary Lateral Sclerosis and Amyotrophic Lateral Sclerosis,Corpus Callosum - Body;Corpus Callosum - Splenium;Inferior Fronto-Occipital Fasciculus;Uncinate Fasciculus;Posterior Thalamic Radiation;Corpus Callosum - Genu;Cingulum - Hippocampal (parahippocampal) portion;Fornix;Cingulum - Cingulate portion;Superior Longitudinal Fasciculus;Superior Fronto-Occipital Fasciculus,single study,yes,yes,no,
21818628,"Longitudinal changes of fractional anisotropy in Alzheimers disease patients treated with galantamine: a 12-month randomized, placebo-controlled, double-blinded study",Posterior Cingulate (white matter);Anterior Body of Corpus Callosum;Splenium of Corpus Callosum;Corpus Callosum;Posterior Body of Corpus Callosum;Genu of Corpus Callosum,single study,yes,yes,yes,Alzheimers Disease
38784911,Diffusion imaging markers of accelerated aging of the lower cingulum in subjective cognitive decline,Right Lower Cingulum Bundle;Left Lower Cingulum Bundle,single study,yes,yes,yes,Mild Cognitive Impairment;Alzheimers Disease;Dementia
38018509,Neuroimaging Characteristics of Hearing Loss in the Mayo Clinic Study of Aging,Splenium of the Corpus Callosum;Corpus Callosum;Body of the Corpus Callosum;Genu of the Corpus Callosum,single study,yes,yes,yes,Mild Cognitive Impairment;Vascular Dementia;Dementia
36710073,Regional Vulnerability of the Corpus Callosum in the Context of Cardiovascular Risk,Splenium of the Corpus Callosum;Genu of the Corpus Callosum,single study,yes,yes,no,
23625776,Diffusion tensor imaging (DTI) in the detection of white matter lesions in patients with mild cognitive impairment (MCI),Corpus Callosum;Anterior Cingulum;Splenium (Corpus Callosum);Posterior Cingulum;Genu (Corpus Callosum);Superior Longitudinal Fasciculus,single study,yes,yes,no,Mild Cognitive Impairment
37469125,MRI biomarkers for memory-related impairment in amyotrophic lateral sclerosis: a systematic review,,review,yes,yes,no,Mild Cognitive Impairment;Dementia;Frontotemporal Dementia;Behavioral Variant Frontotemporal Dementia
31803008,"Amyloid Load, Hippocampal Volume Loss, and Diffusion Tensor Imaging Changes in Early Phases of Brain Aging",,single study,yes,yes,no,
30827922,NeuroImage: Clinical,,single study,yes,yes,yes,Frontotemporal Dementia;Dementia
22362286,Diffusion Tensor Imaging of Idiopathic Normal Pressure Hydrocephalus: A Voxel-Based Fractional Anisotropy Study,Corticospinal Tract;Forceps Minor,single study,yes,yes,no,
22438841,Episodic memory function is associated with multiple measures of white matter integrity in cognitive aging,Thalamo-Frontal Projections;Uncinate Fasciculus;Corticospinal Tract;Inferior Longitudinal Fasciculus;Occipital Short Association Fibers;Dorsal Cingulum Bundle;Superior Longitudinal Fasciculus,single study,yes,yes,no,
29922120,Specific Patterns of White Matter Alterations Help Distinguishing Alzheimers and Vascular Dementia,Superior Longitudinal Fasciculus;Corticospinal Tract;Thalamic Radiations;Parahippocampal Tract;Anterior Body of Corpus Callosum;Splenium of Corpus Callosum;Cingulum Bundle;Posterior Body of Corpus Callosum;Genu of Corpus Callosum,single study,yes,yes,yes,Vascular Dementia;Alzheimers Disease
29356183,Whole Brain White Matter Histogram Analysis of Diffusion Tensor Imaging Data Detects Microstructural Damage in Mild Cognitive Impairment and Alzheimers Disease Patients,Global,single study,yes,yes,yes,Mild Cognitive Impairment;Alzheimers Disease
37954101,Markov model combined with MR diffusion tensor imaging for predicting the onset of Alzheimers disease,"Uncinate Fasciculus (right);Cingulum Bundle (right, hippocampal);Cingulum Bundle (left, hippocampal);Cingulum Bundle (left, cingulate);Cingulum Bundle (right, cingulate)",single study,yes,yes,yes,Mild Cognitive Impairment;Alzheimers Disease
26578952,structural connectivity is differently altered in dementia with lewy body and alzheimers disease,Cingulum — angular (infracallosal) bundle;Corpus Callosum — forceps major;Corpus Callosum — forceps minor;Corticospinal Tract;Cingulum — cingulate gyrus (supracallosal) bundle;Inferior Longitudinal Fasciculus;Anterior Thalamic Radiation;Superior Longitudinal Fasciculus — temporal bundle;Superior Longitudinal Fasciculus — parietal bundle;Uncinate Fasciculus,single study,yes,yes,yes,Lewy Body Dementia;Alzheimers Disease
36703699,"Fornix degeneration in risk factors of Alzheimers disease, possible trigger of cognitive decline",,review,no,no,yes,Vascular Cognitive Impairment and Dementia;Vascular Dementia;Alzheimers Disease;Mild Cognitive Impairment;Dementia
22452849,Changes in mild cognitive impairment and its subtypes as seen on diffusion tensor imaging,Anterior limb of the Internal Capsule;Posterior limb of the Internal Capsule;Splenium of the Corpus Callosum;Corona Radiata;Superior Longitudinal Fasciculus;Genu of the Corpus Callosum,single study,yes,yes,yes,Mild Cognitive Impairment
20847435,Individual Prediction of Cognitive Decline in Mild Cognitive Impairment Using Support Vector Machine-Based Analysis of Diffusion Tensor Imaging Data,Middle Cerebellar Peduncle;Superior Cerebellar Peduncle;Inferior Longitudinal Fasciculus;Cerebellar White Matter;Parahippocampal White Matter;Internal Capsule;Cingulum Bundle;Corpus Callosum;Uncinate Fasciculus;External Capsule,single study,yes,yes,yes,Mild Cognitive Impairment;Alzheimers Disease;Dementia
36324717,Cerebral Circulation -Cognition and Behavior,,single study,yes,yes,no,
27084223,Diffusion tensor imaging of idiopathic normal-pressure hydrocephalus and the cerebrospinal fluid tap test,Inferior Fronto-Occipital Fasciculus;Uncinate Fasciculus;Cingulum-Cingulate Gyrus;Forceps Major;Corticospinal Tract;Inferior Longitudinal Fasciculus;Anterior Thalamic Radiation;Cingulum-Hippocampus;Superior Longitudinal Fasciculus (temporal component);Forceps Minor;Superior Longitudinal Fasciculus,single study,yes,yes,no,Alzheimers Disease
22438182,Interindividual Variation in Serum Cholesterol is Associated with Regional White Matter Tissue Integrity in Older Adults,Middle Cerebellar Peduncle;Posterior Thalamic Radiation;Posterior Limb of Internal Capsule;Corticospinal Tract;Cerebral Peduncle;Retrolenticular Part of Internal Capsule;Anterior Superior Corona Radiata;Fornix;Anterior Limb of Internal Capsule;Anterior Corona Radiata;Corpus Callosum;Superior Longitudinal Fasciculus;External Capsule,single study,yes,yes,no,
39846567,Distinguishing Early from Late Mild Cognitive Impairment Using Magnetic Resonance Free-Water Diffusion Tensor Imaging,Forceps Major;Tapetum;Superior Longitudinal Fasciculus;Genu of the Corpus Callosum;Sagittal Stratum;Stria Terminalis;Forceps Minor;Fornix;Corona Radiata;Corticospinal Tract;Anterior Thalamic Radiation;Splenium of the Corpus Callosum;Corpus Callosum;Superior Fronto-Occipital Fasciculus;Posterior Thalamic Radiation;Inferior Fronto-Occipital Fasciculus;Inferior Longitudinal Fasciculus;Retrolenticular Part of Internal Capsule;Uncinate Fasciculus;External Capsule,single study,yes,yes,yes,Mild Cognitive Impairment
36418623,Free water corrected diffusion tensor imaging discriminates between good and poor outcomes of comatose patients after cardiac arrest,,single study,yes,yes,no,
23365919,Correlation between Uncinate Fasciculus and Memory Tasks in Healthy Individual using Diffusion Tensor Tractography,Uncinate Fasciculus,single study,yes,yes,no,
19428143,Cingulum fiber diffusivity and CSF T-tau in patients with subjective and mild cognitive impairment,Right Forceps Major;Left Forceps Major;Left Posterior Cingulum Bundle;Splenium of Corpus Callosum;Right Posterior Cingulum Bundle;Genu of Corpus Callosum,single study,yes,yes,yes,Mild Cognitive Impairment;Alzheimers Disease
31205489,Structural brain signature of cognitive decline in Parkinsons disease: DTI-based evidence from the LANDSCAPE study,Inferior Fronto-Occipital Fasciculus;Anterior Corona Radiata;Superior Corona Radiata;Optic Tract;Superior Longitudinal Fasciculus;Corticospinal Tract;Inferior Longitudinal Fasciculus;Thalamocortical Radiations;Internal Capsule;Posterior Corona Radiata;Corona Radiata;Cingulum Bundle;Corpus Callosum;Uncinate Fasciculus;Anterior Fronto-Occipital Fasciculus,single study,yes,yes,yes,Mild Cognitive Impairment;Dementia;Parkinson'S Disease Dementia;Parkinson Disease
25405990,"Diffusion Tensor Imaging of Parkinsons Disease, Multiple System Atrophy and Progressive Supranuclear Palsy: A Tract-Based Spatial Statistics Study",Anterior Corona Radiata;Superior Longitudinal Fasciculus;Medial Lemniscus;Arcuate Fasciculus;Superior Corona Radiata;Superior Cerebellar Peduncle;Cingulum;Corticospinal Tract;Anterior Thalamic Radiation;Anterior Limb of Internal Capsule;Middle Cerebellar Peduncle;Corpus Callosum;Posterior Corona Radiata;Posterior Thalamic Radiation;Posterior Limb of Internal Capsule;Retrolenticular Part of Internal Capsule;Inferior Cerebellar Peduncle;Cerebral Peduncle;External Capsule,single study,yes,yes,no,Parkinson Disease
39583646,Association of plasma neurofilament light chain with microstructural white matter changes in Down syndrome,Frontal Aslant Tract;Uncinate Fasciculus;Cingulum;Inferior Longitudinal Fasciculus;Arcuate Fasciculus;Acoustic Radiations;Fornix;U-fibers;Corticothalamic Pathway;Corpus Callosum;Superior Longitudinal Fasciculus;Optic Radiation;Corticostriatal Pathway,single study,yes,yes,no,Alzheimers Disease
25196863,"Diffusion Tensor Imaging, Intracranial Vascular Resistance and Cognition in Middle-Aged Asymptomatic Subjects",Corticospinal Tract;Fornix;Anterior Thalamic Radiation,single study,yes,yes,no,
29910747,Korsakoff Syndrome in Non-alcoholic Psychiatric Patients. Variable Cognitive Presentation and Impaired Frontotemporal Connectivity,Body of Corpus Callosum;Fornix;Subgenual Cingulum;Descending Fornix;Corpus Callosum;Uncinate Fasciculus;Genu of Corpus Callosum,single study,yes,yes,no,
35382232,"Instrumental validation of free water, peak-width of skeletonized mean diffusivity, and white matter hyperintensities: MarkVCID neuroimaging kits",Global,single study,yes,yes,yes,Vascular Cognitive Impairment and Dementia;Alzheimers Disease;Cerebral Small Vessel Disease;Mild Cognitive Impairment;Dementia
32182844,Tai Chi Training Evokes Significant Changes in Brain White Matter Network in Older Women,Global,single study,yes,yes,no,
21593440,Diffusion tensor imaging and cognitive function in older adults with no dementia,Anterior Cingulum;Inferior Longitudinal Fasciculus;Corticopontine Tracts;Fornix;Posterior Cingulum;Corpus Callosum;Superior Longitudinal Fasciculus,single study,yes,yes,no,Mild Cognitive Impairment
24650605,Improved DTI registration allows voxel-based analysis that outperforms Tract-Based Spatial Statistics,Posterior Thalamic Radiation;Uncinate Fasciculus;Inferior Fronto-Occipital Fasciculus;Inferior Longitudinal Fasciculus;Fornix;Splenium of the Corpus Callosum;Cingulum Bundle;Superior Longitudinal Fasciculus;Genu of the Corpus Callosum,single study,yes,yes,yes,Alzheimers Disease
28298891,White Matter Deterioration May Foreshadow Impairment of Emotional Valence Determination in Early-Stage Dementia of the Alzheimer Type,Posterior Thalamic Radiation;Anterior Commissure;Inferior Longitudinal Fasciculus;Stria Terminalis;Amygdalofugal pathway;Superior Longitudinal Fasciculus,single study,yes,yes,yes,Mild Cognitive Impairment;Alzheimers Disease;Dementia
39451989,White Matter Magnetic Resonance Diffusion Measures in Multiple Sclerosis with Overactive Bladder,Inferior Fronto-Occipital Fasciculus;Superior Corona Radiata;Inferior Longitudinal Fasciculus;Anterior Thalamic Radiation;Anterior Corona Radiata;Corpus Callosum;Superior Longitudinal Fasciculus,single study,yes,yes,no,
22210709,Diffuse Tract Damage in the Hemispheric Deep White Matter May Correlate with Global Cognitive Impairment and Callosal Atrophy in Patients with Extensive Leukoaraiosis,Corpus Callosum,single study,yes,yes,yes,Binswanger'S Disease;Small Vessel Ischemic Disease;Vascular Dementia;Cerebral Small Vessel Disease;Dementia
39170682,Exploring white matter microstructural alterations in mild cognitive impairment: a multimodal diffusion MRI investigation utilizing diffusion kurtosis and free-water imaging,Uncinate Fasciculus;Superior Longitudinal Fasciculus;Sagittal Stratum;(Hippocampal) Cingulum Bundle;Stria Terminalis;Fornix;Forceps Minor;Corpus Callosum;Cerebral Peduncle;Superior Fronto-Occipital Fasciculus,single study,yes,yes,no,Mild Cognitive Impairment
29696499,Longitudinal diffusion tensor imaging changes in early Parkinsons disease: ICICLE-PD study,Inferior Fronto-Occipital Fasciculus;Forceps Major;Superior Longitudinal Fasciculus;Corticospinal Tract;Inferior Longitudinal Fasciculus;Forceps Minor;Internal Capsule;Corona Radiata;Corpus Callosum;Cingulum Bundle;Superior Fronto-Occipital Fasciculus;External Capsule,single study,yes,yes,no,Mild Cognitive Impairment;Parkinson Disease
31617796,Diffusion Tensor MRI to Distinguish Progressive Supranuclear Palsy from a-Synucleinopathies,Uncinate Fasciculus;Superior Corona Radiata;Superior Cerebellar Peduncle;Fronto-Occipital Fasciculus;Anterior Limb of the Internal Capsule;Anterior Corona Radiata;Corpus Callosum;Superior Longitudinal Fasciculus;Cingulum Bundle;External Capsule,single study,yes,yes,yes,Parkinson'S Disease Dementia;Lewy Body Dementia;Parkinson Disease
32922282,"Changes Over Time of Diffusion MRI in the White Matter of Aging Brain, a Good Predictor of Verbal Recall",Fornix;Corpus Callosum;Forceps Minor,single study,yes,yes,no,
36632487,Spatial orientationa stable marker for vascular cognitive impairment?,Superior Longitudinal Fasciculus (parietal division);Superior Longitudinal Fasciculus (temporal division),single study,yes,yes,yes,Vascular Cognitive Impairment and Dementia
39479358,Diffusion tensor imaging in cerebral small vessel disease applications: opportunities and challenges,,review,yes,yes,no,Mild Cognitive Impairment;Vascular Cognitive Impairment and Dementia;Cerebral Small Vessel Disease
24179862,"Effectiveness of regional DTI measures in distinguishing Alzheimers disease, MCI, and normal aging",Inferior Fronto-Occipital Fasciculus;Uncinate Fasciculus;Superior Corona Radiata;Posterior Thalamic Radiations;Superior Longitudinal Fasciculus;Sagittal Stratum;Inferior Longitudinal Fasciculus;External Capsule;Total White Matter (Global);Tapetum;Corpus Callosum (splenium);Cingulum (hippocampal part);Corpus Callosum (genu);Corpus Callosum;Corpus Callosum (body);Cingulum (posterior);Fornix (crus)/Stria Terminalis,single study,yes,yes,yes,Mild Cognitive Impairment;Alzheimers Disease;Dementia
26346404,Machine Learning of DTI Structural Brain Connectomes for Lateralization of Temporal Lobe Epilepsy,,single study,yes,yes,no,