PMID,title,subjects,patient_groups,imaging_modalities,whitematter_tracts,analysis_software,study_type,diffusion_measures,template_space,results_method,white_integrity,question_of_study,DTI_study,Human_study,Dementia_study,Disease_study
36931328,Abnormal white matter changes in Alzheimers disease based on diffusion tensor imaging: A systematic review,humans,Mild Cognitive Impairment;Alzheimer's disease;Healthy controls,diffusion tensor imaging;MRI;dMRI,,FSL;PANDA;Diffusionkit;MRtrix3,review,AxD;FA;MD;RD,,ANCOVA;permutation tests;ANOVA;t-test,decrease,d-AD vs normal controls;MCI vs normal controls;SCD vs normal controls,yes,yes,yes,Alzheimers Disease
34454529,Attenuating vascular stenosis-induced astrogliosis preserves white matter integrity and cognitive function,mice,,diffusion MRI,Corpus Callosum;External Capsule,DSI Studio,single study,FA;MD;RD;AD,,ANOVA,decrease,,yes,no,no,
39129270,"Association of cortical morphology, white matter hyperintensity, and glymphatic function in frontotemporal dementia variants",humans,Behavioral variant frontotemporal dementia;Semantic variant primary progressive aphasia;Nonfluent variant primary progressive aphasia,Anatomical MRI,,SurfStat;FreeSurfer,single study,FA,JHU-ICBM-FA,correlation;ANOVA,no mention,bvFTD vs nfvPPA vs svPPA,yes,yes,yes,Frontotemporal Dementia
37174620,Basal Ganglia Compensatory White Matter Changes on DTI in Alzheimers Disease,humans,Alzheimer's disease;Healthy controls,diffusion MRI,,FSL,single study,FA;nQA;GFA;QA,MNI,ANOVA,decrease,Alzheimer's patients vs controls,yes,yes,yes,Alzheimers Disease
38465597,Relationship of Perivascular Space Markers With Incident Dementia in Cerebral Small Vessel Disease,humans,patients with confluent white matter hyperintensities;patients with lacunar stroke,MRI;diffusion MRI,,FSL,single study,MD,MNI,logistic regression;linear regression;Cox regression,decrease,PVS markers and DTI-ALPS association with cognitive decline and dementia,yes,yes,yes,Cerebral Small Vessel Disease
28552181,White Matter Integrity on DTI and the Pathologic Staging of Alzheimers Disease,humans,Alzheimer's disease,diffusion MRI,Entorhinal White Matter;Ventral Cingulum;Crus of Fornix;Precuneus,DIPY;SPM,single study,FA;MD,JHU,Spearman correlations;t-test,increase,patients with high NFT stage vs low NFT stage,yes,yes,yes,Alzheimers Disease
38365045,Diffusion MRI marks progressive alterations in fiber integrity in the zQ175DN mouse model of Huntingtons disease,mice,,diffusion weighted MRI;diffusion MRI,,FSL;AFNI;MRtrix3,single study,FA;MD;RD;FDC;AD;FC,,ANOVA;t-test,decrease,HET mice vs WT littermates,yes,no,no,
31012815,An official website of the United States government Heres how you know,humans,,MRI;diffusion MRI,,,single study,FA;MD,,linear regression,no mention,obesity and brain structure,yes,yes,no,
18157658,Diffusion Tensor Imaging (DTI)-based White Matter Mapping in Brain Research: A Review,humans,,diffusion MRI,,,review,FA,,,,,no,no,no,
24510641,Profiles of White Matter Tract Pathology in Frontotemporal Dementia,humans,behavioral variant frontotemporal dementia;Alzheimer's disease;Healthy controls,diffusion MRI,Superior Longitudinal Fasciculus;Inferior Longitudinal Fasciculus;Corpus Callosum;Uncinate Fasciculus;Anterior Thalamic Radiation;Cingulum Bundle;Corticospinal Tract;Fornix,FSL;SPM;Camino,single study,TR;FA;RD;AX,MNI,ANOVA;t-test,decrease,bvFTD patients vs Alzheimer's disease patients;bvFTD patients vs healthy controls,yes,yes,yes,Alzheimers Disease;Frontotemporal Dementia
28975068,NeuroImage: Clinical,humans,non-fluent variant primary progressive aphasia;Healthy controls;behavioral variant frontotemporal dementia;semantic variant PPA;Alzheimer's disease,diffusion MRI,Fornix;Corpus Callosum;Uncinate Fasciculus;Superior Longitudinal Fasciculus,FSL;DIPY;DTI-TK,single study,FA;MD,,permutation-based threshold;voxel-wise general linear model,decrease,AD patients vs Healthy controls;FTD patients vs Healthy controls,yes,yes,yes,Alzheimers Disease;Frontotemporal Dementia
38378607,"The relationship between amyloid pathology, cerebral small vessel disease, glymphatic dysfunction, and cognition: a study based on Alzheimers disease continuum participants",humans,Mild Cognitive Impairment;Alzheimer's disease;Cognitive Normal,T2 fluid-attenuated inversion-recovery (FLAIR);amyloid PET;diffusion tensor imaging (DTI),,SPM12;FreeSurfer,single study,DTI-ALPS,MNI,mediation analysis;correlation,no mention,AD pathologies and CSVD association with cognitive performance,yes,yes,yes,Alzheimers Disease
31585368,Association of white matter microstructural integrity with cognition and dementia,humans,Healthy controls,3T brain MRI;diffusion MRI,Posterior Corpus Callosum;Anterior Corpus Callosum,FSL;Freesurfer;ANTS;BrainSuite,single study,FA;MD,STAND400,multinomial logistic regression;linear mixed models,no mention,WM microstructural integrity and cognitive outcomes,yes,yes,yes,Mild Cognitive Impairment;Dementia
26515192,An advanced white matter tract analysis in frontotemporal dementia and early-onset Alzheimers disease,humans,Behavioral variant frontotemporal dementia;Early-onset Alzheimer's disease;Healthy controls,diffusion weighted MRI,Superior Longitudinal Fasciculus;Corpus Callosum;Uncinate Fasciculus;Anterior Thalamic Radiation;Inferior Fronto-Occipital Fasciculus;Cingulum Bundle,FSL;Camino,single study,FA;MD;RD;AX,,linear regression,decrease,EOAD vs controls;bvFTD vs controls;bvFTD vs EOAD,yes,yes,yes,Alzheimers Disease;Frontotemporal Dementia
19439421,White matter damage in frontotemporal dementia and Alzheimers disease measured by diffusion MRI,humans,Frontotemporal dementia;Alzheimer's disease;Cognitively normal,MRI;diffusion MRI,Bilateral Anterior Cingulum;Left Posterior Cingulum;Uncinate Fibres;Posterior Corpus Callosum;Bilateral Descending Cingulum;Left Descending Cingulum;Anterior Corpus Callosum,Volume-one;SPM;dTV,single study,FA;D ra;D ax,MNI,ANOVA;MANOVA,decrease,FTD vs cognitively normal;Alzheimer's disease vs cognitively normal;FTD vs Alzheimer's disease,yes,yes,yes,Dementia
38702626,BMC Medical Imaging,humans,Mild Cognitive Impairment,DTI;MRI;diffusion MRI,,FSL;DSI Studio,single study,FA;MD,AAL2,logistic regression;ROC curve,no mention,MCI patients progression to Alzheimer's disease,yes,yes,yes,Alzheimers Disease
33848693,White matter abnormalities of right hemisphere attention networks contribute to visual hallucinations in dementia with Lewy bodies,humans,Dementia with Lewy bodies;Healthy controls,rs-fMRI;Anatomical MRI;diffusion MRI,Superior Longitudinal Fasciculus;Inferior Fronto-Occipital Fasciculus;Uncinate Fasciculus;Inferior Longitudinal Fasciculus,JASP;BCB toolkit;TrackVis;FSL;ExploreDTI,single study,FA;MD,MNI,correlation;ANOVA;t-test,decrease,patients with visual hallucinations vs no visual hallucinations,yes,yes,yes,Lewy Body Dementia
31881858,"Multimodal MRI of grey matter, white matter, and functional connectivity in cognitively healthy mutation carriers at risk for frontotemporal dementia and Alzheimers disease",humans,controls;APOE4 carriers;MAPTGRN mutation carriers,MRI;diffusion MRI,Callosal Splenium;Uncinate Fasciculus;Anterior Thalamic Radiation;Forceps Minor;Right Inferior Fronto-Occipital Fasciculus,FSL,single study,AxD;FA;MD;RD,MNI,ANOVA;t-test,decrease,APOE4 carriers vs controls;MAPTGRN mutation carriers vs controls,yes,yes,no,
24150110,Regional Differences in White Matter Breakdown Between Frontotemporal Dementia and Early-Onset Alzheimers Disease 1,humans,behavioral variant frontotemporal dementia;healthy controls;early-onset Alzheimer's disease,diffusion MRI,Splenium of the Corpus Callosum;Frontal White Matter;Genu of the Corpus Callosum,SAS,single study,FA;AxD;RD;MD,,ANOVA;Spearman rank-order correlation,decrease,bvFTD patients vs early-onset AD patients,yes,yes,yes,Alzheimers Disease;Frontotemporal Dementia
38010204,"Associations Between White Matter Integrity of the Cingulum Bundle, Surrounding Gray Matter Regions, and Cognition Across the Dementia Continuum",humans,amnestic mild cognitive impairment;dementia;cognitively normal controls,MRI;diffusion MRI,Cingulum Dorsal;Corticospinal Tract;Cingulum Bundle;Cingulum Ventral,FreeSurfer;TRACULA,single study,FA;MD,,ANCOVA;ANOVA;multiple linear regression,decrease,controls vs aMCI vs dementia,yes,yes,yes,Alzheimers Disease
22952843,Grey and White Matter Changes across the Amyotrophic Lateral Sclerosis-Frontotemporal Dementia Continuum,humans,ALS-FTD;bvFTD;ALS;Healthy controls,diffusion tensor imaging;structural imaging,Forceps Minor;Inferior Longitudinal Fasciculus;Corticospinal Tract;Anterior Corpus Callosum,FSL,single study,,MNI,ANOVA,decrease,ALS vs ALS-FTD vs bvFTD,yes,yes,yes,Frontotemporal Dementia
33199431,Multi-shell Diffusion MRI Models for White Matter Characterization in Cerebral Small Vessel Disease,humans,,diffusion MRI,,,single study,,,,,characterization of microstructural alterations in cerebral small vessel disease,no,yes,no,Cerebral Small Vessel Disease
27436017,Functional connectivity and microstructural white matter changes in phenocopy frontotemporal dementia,humans,Healthy controls;behavioral variant FTD;phenocopy frontotemporal dementia,rs-fMRI;DTI,Superior Longitudinal Fasciculus;Inferior Frontopolar Fasciculus;Corpus Callosum;Uncinate Fasciculus;Cingulum,FSL;ExploreDTI,single study,AxD;FA;MD;RD,,ANOVA,decrease,phFTD patients vs bvFTD patients,yes,yes,yes,Frontotemporal Dementia
32032816,NeuroImage: Clinical,humans,Dementia with Lewy bodies;Healthy controls,11 C-Pittsburgh compound B amyloid PET;diffusion weighted imaging;11 C-PK11195 brain PET;3T structural MRI,Corona Radiata;Corpus Callosum;Superior Longitudinal Fasciculus;Cingulum,FSL;SPM;Computational Anatomy Toolbox,single study,FA;MD;RD,MNI,correlation;ANOVA,decrease,DLB vs controls,yes,yes,yes,Lewy Body Dementia
34230607,Neurobiology of loneliness: a systematic review,humans,clinical populations;healthy individuals,DTI;PET;CT;MRI;SPECT;fMRI;EEG,,,review,,,,,,no,yes,no,
25863527,White matter integrity in dementia with Lewy bodies: A Voxel-Based Analysis of Diffusion Tensor Imaging,humans,Cognitively normal controls;Alzheimer's disease;Dementia with Lewy Bodies,PET;diffusion MRI,Corpus Callosum;Inferior Longitudinal Fasciculus;Parieto-Occipital White Matter;Parahippocampal White Matter,SPM5,single study,FA,MNI,ANOVA;Spearman rank correlation,decrease,Dementia with Lewy Bodies vs Alzheimer's disease;Dementia with Lewy Bodies vs Cognitively normal controls,yes,yes,yes,Lewy Body Dementia
29901746,Brain MRI fiber-tracking reveals white matter alterations in hypertensive patients without damage at conventional neuroimaging,humans,hypertensive patients;normotensive individuals,MRI;diffusion MRI,Right Superior Longitudinal Fasciculus;Right Anterior Thalamic Radiation;Forceps Minor,FSL,single study,FA;MD;RD;AD,MNI,ANCOVA;t-test,decrease,hypertensive patients vs normotensive individuals,yes,yes,no,
30538047,MR approaches in neurodegenerative disorders,humans,dementia with Lewy bodies;Alzheimer's disease;mild cognitive impairment,DTI;MRI;diffusion MRI;MRS,,FSL;SPM;FreeSurfer,review,FA;MD,,voxel-based morphometry;ANOVA;groupwise statistical analysis,decrease,Alzheimer's disease vs dementia with Lewy bodies,yes,yes,yes,Alzheimers Disease;Dementia
25347157,"White Matter Integrity on DTI, Amyloid Load, and Neurodegeneration in Non-demented Elderly",humans,cognitively normal;mild cognitive impairment,PET;diffusion MRI,Fornix;Corpus Callosum;Cingulum,FSL;SPM;FreeSurfer,single study,FA,,correlation,decrease,cognitively normal vs mild cognitive impairment,yes,yes,no,
38091751,Neurite-based white matter alterations in MAPT mutation carriers: A multi-shell diffusion MRI study in the ALLFTD consortium,humans,non-carrier family controls;MAPT mutation carriers,diffusion tensor imaging;diffusion MRI,Superior Longitudinal Fasciculus;Inferior Temporal WM;Corpus Callosum;Uncinate Fasciculus;Entorhinal WM;Cingulum;Fornix,FSL;ANTS,single study,FA;MD;NDI;ODI,,regression;mixed-effects models,increase,MAPT mutation carriers vs non-carrier controls,yes,yes,no,
28338052,Dissociable diffusion MRI patterns of white matter microstructure and connectivity in Alzheimers disease spectrum,humans,Mild Cognitive Impairment;Subjective Cognitive Impairment;Alzheimer's disease,diffusion MRI;diffusion tensor imaging (DTI),Fornix;Corpus Callosum;Uncinate Fasciculus;Corticospinal Tract,FSL,single study,FA;MO;MD;L1;RD,,ANOVA,decrease,AD vs MCI vs SCI,yes,yes,yes,Alzheimers Disease
38481124,Widespread White Matter Abnormalities in Concussed Athletes Detected by 7T Diffusion Magnetic Resonance Imaging,humans,athletes with PPCS;healthy age-and sex-matched controls,DTI;7T MRI;DKI,,FSL;dipy;FreeSurfer,single study,FA;MD;RK;AK;RD;AD,,Mann-Whitney U test,no mention,athletes with PPCS vs healthy controls,yes,yes,no,
34864664,Association of Superficial White Matter Alterations with Cerebrospinal Fluid Biomarkers and Cognitive Decline in Neurodegenerative Dementia,humans,non-AD neurodegenerative dementia;Alzheimer's disease;Healthy controls,diffusion MRI,,,single study,,,Kruskal Wallis test;Spearman's correlation,no mention,AD vs non-AD neurodegenerative dementia,yes,yes,yes,Alzheimers Disease
23313563,Is there an association between peripheral immune markers and structuralfunctional neuroimaging findings?,mice;non-human primates;humans,major depressive disorder;schizophrenia;Alzheimer's disease;older adults,MRI;MR spectroscopy,,,review,,,,,association between peripheral immune markers and structuralfunctional neuroimaging findings,no,yes,yes,Alzheimers Disease
36641369,Adult lifespan maturation and degeneration patterns in gray and white matter: A mean apparent propagator (MAP) MRI study,humans,cognitively unimpaired participants,diffusion MRI,Superior Longitudinal Fasciculus;Anterior Corona Radiata;Superior Corona Radiata;External Capsule;Uncinate Fasciculus;Splenium of the Corpus Callosum;Stria Terminalis;Posterior Thalamic Radiation;Cingulate Gyrus;Anterior Limb of the Internal Capsule;Tapetum;Body of the Corpus Callosum;Sagittal Stratum;Fornix;Superior Cerebellar Peduncle;Superior Fronto-Occipital Fasciculus;Genu of the Corpus Callosum;Posterior Corona Radiata,FSL;TORTOISE,single study,FA;MD;AD;RD;NG;PA,MNI,multiple linear regression,increase,age-related differences in cerebral microstructure,yes,yes,no,
36692402,Peak Width of Skeletonized Mean Diffusivity: A Neuroimaging Marker for White Matter Injury,humans,patients with mild cognitive impairment;community-dwelling;patients with Alzheimer's disease;patients with cerebral small vessel disease;patients with late-life depression,diffusion-tensor imaging;MRI,,,review,MD,,statistical analysis,,the role of PSMD as a neuroimaging marker for vascular cognitive impairment and dementia,yes,yes,yes,Alzheimer Disease;Cerebral Small Vessel Disease
30414086,Regional Amyloid-β Load and White Matter Abnormalities Contribute to Hypometabolism in Alzheimers Dementia,humans,Alzheimer's disease;cognitively normal;mild cognitive impairment,diffusion tensor imaging;MRI;PET,Angular Bundle;Fornix,FSL,single study,FA,MNI,interaction models,decrease,AD patients vs cognitively normal individuals,yes,yes,yes,Alzheimers Disease
21219189,"Diffusion Imaging, White Matter, and Psychopathology",humans,attention deficit hyperactivity disorder;mild cognitive impairment;unipolar depression;bipolar disorder;Alzheimer's disease;autism;schizophrenia,diffusion tensor imaging;diffusion weighted MRI,Superior Longitudinal Fasciculus;Corpus Callosum;Uncinate Fasciculus;Cingulum;Infero-Frontal Occipital Fasciculus,,review,FA;MD;RD;AD,,,,,yes,yes,yes,Alzheimers Disease;Mild Cognitive Impairment
23404139,Relationship between cognitive impairment and white-matter alteration in Parkinsons disease with dementia: tract-based spatial statistics and tract-specific analysis,humans,Parkinson's disease with dementia;Healthy controls;Parkinson's disease,diffusion MRI,Superior Longitudinal Fasciculus;Inferior Longitudinal Fasciculus;Corpus Callosum;Uncinate Fasciculus;Substantia Nigra;Cingulum;Inferior Fronto-Occipital Fasciculus;Anterior Limb of the Internal Capsule,FSL,single study,FA;MD,MNI,regression;correlation;ANOVA,decrease,PDD patients vs healthy controls;PDD patients vs PD patients,yes,yes,yes,Parkinson'S Disease Dementia;Parkinson Disease
21092388,Pre-dementia Memory Impairment is Associated with White Matter Tract Affection,humans,non-amnestic MCI;amnestic MCI;less advanced MCI,DTI;MRI;diffusion MRI,Middle Temporal Cortex;Entorhinal Cortex;Parahippocampal Cortex,FSL;FreeSurfer,single study,FA;MD;DR,MNI,linear regression;Mann-Whitney U-test,increase,amnestic MCI vs less advanced MCI,yes,yes,yes,Alzheimers Disease
38757392,Alzheimers Disease and Small Vessel Disease Differentially Affect White Matter Microstructure,humans,cerebral small vessel disease;non-demented older adults;Alzheimer's disease,MRI;diffusion MRI,Superior Longitudinal Fasciculus;Inferior Longitudinal Fasciculus;Anterior Corona Radiata;Crus of Fornix;Splenium of Corpus Callosum;Column Body of Fornix;Posterior Limb of Internal Capsule;Anterior Limb of Internal Capsule;Genu of Corpus Callosum;Superior Fronto-Occipital Fasciculus;(Anterior) Cingulum;Posterior Corona Radiata;Body of Corpus Callosum,R,single study,FA;MD,,chi-square;multimodel inference;t-test;linear mixed-effects models,decrease,Alzheimer's disease vs cerebral small vessel disease,yes,yes,yes,Alzheimers Disease;Cerebral Small Vessel Disease
27104139,Linking white matter and deep gray matter alterations in premanifest Huntington disease,humans,Comparison subjects;Premanifest Huntington disease,MRI;diffusion MRI,Corpus Callosum;Posterior Thalamic Radiations,ROIEditor;DTIStudio;DiffeoMap,single study,FA;MD,JHU-MNI-SS,linear effects;permutation testing,increase,premanifest HD versus controls,yes,yes,no,Huntington Disease
30703627,The longitudinal decline of white matter microstructural integrity in behavioral variant frontotemporal dementia and its association with executive function,humans,Behavioral variant frontotemporal dementia;Healthy controls,diffusion MRI,Corpus Callosum;Anterior Corona Radiata,FSL,single study,FA;MD,,general linear model;t-test,decrease,bvFTD patients vs healthy controls,yes,yes,yes,Behavioral Variant Frontotemporal Dementia
35227709,Bilingual experience affects white matter integrity across the lifespan,humans,bilingual;monolingual,diffusion weighted MRI;diffusion MRI,Superior Longitudinal Fasciculus;Corpus Callosum;Inferior Fronto-Occipital Fasciculus,FSL,single study,FA;MD,MNI,GAM;GLM,decrease,bilingualism affects white matter integrity with aging,yes,yes,no,
38744041,Limbic-predominant age-related TDP-43 encephalopathy neuropathological change (LATE-NC) is associated with abnormalities in white matter structural integrity and connectivity: An ex-vivo diffusion MRI and pathology investigation,humans,Dementia;Alzheimer's disease,diffusion MRI,Temporo-temporal connections;Fronto-temporal connections;Temporo-basal ganglia connections,FSL;SPM,single study,FA,,linear regression,decrease,LATE-NC severity and cognitive decline,yes,yes,yes,Alzheimers Disease;Dementia
38290851,Temporal Alterations in White Matter in An App Knock-In Mouse Model of Alzheimers Disease,mice,,diffusion tensor imaging (DTI),,FSL,single study,FA,,ANOVA,decrease,,yes,no,no,Alzheimers Disease
29629498,Multifocal alterations of white matter accompany the transition from normal cognition to dementia in Parkinsons disease patients,humans,Parkinson's disease with dementia;Parkinson's disease without dementia,diffusion MRI,Superior Longitudinal Fasciculus;Inferior Longitudinal Fasciculus;Anterior Corona Radiata;Corona Radiata;Corpus Callosum;Uncinate Fasciculus;Anterior Thalamic Radiation;Superior Corona Radiata;Splenium of Corpus Callosum;Cingulum;Inferior Fronto-Occipital Fasciculus;Genu of Corpus Callosum;Forceps Minor,FSL,single study,FA;MD;RD;AD,MNI,GLM analysis;multiple regression,decrease,PDD patients vs PD-CTRL patients,yes,yes,yes,
18379765,Cerebral white matter damage in frontotemporal dementia assessed by diffusion tensor tractography,humans,Frontotemporal Dementia;Healthy controls,DTI;diffusion MRI,Corpus Callosum;Arcuate Fasciculus;Inferior Longitudinal Fasciculus;Uncinate Fasciculus,PRIDE,single study,FA,,ANOVA,decrease,Frontotemporal dementia patients vs controls,yes,yes,yes,Frontotemporal Dementia
38565289,Fixel-Based Analysis Reveals Tau-Related White Matter Changes in Early Stages of Alzheimers Disease,humans,cognitively unimpaired individuals;Aβ-positive individuals;Aβ-negative individuals;MCI;Alzheimer's disease,DTI;diffusion weighted MRI;FW-DTI;DKI,Uncinate Fasciculus;Anterior Thalamic Radiation;Cingulum Bundle;Forceps Minor;Parahippocampal Segment of the Cingulum,FreeSurfer;MRtrix3;FSL;DIPY;SPM,single study,FA;MD;MK,,voxel-wise analysis;GLM,decrease,Aβ-positive MCI vs Aβ-positive CU;Aβ-positive MCI vs Aβ-negative CU,yes,yes,yes,Alzheimers Disease
25307581,Structural and microstructral imaging of the brain in alcohol use disorders,humans,Alcoholics;Uncomplicated alcoholics,DTI;Structural MRI;Diffusion Tensor Imaging,Superior Longitudinal Fasciculus;Corticopontine Bundles;Corpus Callosum;External Capsule;Frontolimbic Fibers;Cingulum Bundle;Corticospinal Tract;Fornix;Internal Capsule;Centrum Semiovale,,single study,FA;MD,,,decrease,uncomplicated alcoholics vs controls,yes,yes,no,
18927145,Heterogeneity of white matter hyperintensities in Alzheimers disease: post-mortem quantitative MRI and neuropathology,humans,Non-demented controls;Alzheimer's disease,T 1 -relaxation time mapping;Fluid-attenuated inversion recovery;Diffusion tensor imaging;1.5 T MRI,,SPSS,single study,FA;ADC,,linear mixed model;t-test,decrease,Alzheimer's disease patients vs controls,yes,yes,yes,Alzheimers Disease
34435188,White matter abnormalities in active elite adult rugby players,humans,non-collision-sport athletic controls;non-sporting controls;elite rugby players,volumetric MRI;diffusion MRI;susceptibility weighted imaging,Corona Radiata;Corpus Callosum;Posterior Limb of Internal Capsule;Corticospinal Tract;Sagittal Stratum;Posterior Thalamic Radiation,FSL;SPM;FreeSurfer,single study,FA;MD;NDI;ODI,MNI,ANOVA;voxelwise analysis;t-test;permutation testing,decrease,elite rugby players vs controls,yes,yes,no,
19233296,Characterization of White Matter Degeneration in Elderly Subjects by Magnetic Resonance Diffusion and FLAIR Imaging Correlation,humans,elderly subjects,FLAIR;diffusion MRI,,FSL,single study,FA;MD,Talairach,correlation,no mention,correlation between DTI and FLAIR measurements in elderly subjects,yes,yes,no,
29649488,Proteomics based identification of differential plasma proteins and changes in white matter integrity as markers in early detection of mild cognitive impaired subjects at high risk of Alzheimers disease,humans,Mild Cognitive Impairment;Healthy controls,Anatomical MRI;diffusion MRI,Fornix;Corpus Callosum;Forceps Major,Neuro-3D;Image Master 2D platinum,single study,FA;ADC,,Mann-Whitney test;ANOVA,decrease,Mild Cognitive Impairment vs Healthy controls,yes,yes,yes,Alzheimers Disease
17444598,Diffusion tensor imaging of the brain in patients with Alzheimers disease and cerebrovascular lesions,humans,normal controls;Alzheimer's disease;ADV patients,diffusion MRI,Inferior Temporal Gyrus;Anterior Cingulate Gyrus;Corpus Callosum;Cingulum;Parahippocampal Gyrus;Middle Cingulate Gyrus;Hippocampus,functool LX,single study,FA;MD,,Mann-Whitney U tests;Spearman Rank Correlation Coefficient,increase;decrease,AD patients vs normal controls;AD patients vs ADV patients;ADV patients vs normal controls,yes,yes,yes,Alzheimers Disease
33328963,Acupuncture Improves White Matter Perfusion and Integrity in Rat Model of Vascular Dementia: An MRI-Based Imaging Study,rats,,MRI;diffusion MRI,,DSI Studio;Paravision,single study,FA;MD;RD;AD,,ANOVA,increase,acupuncture effects on white matter integrity in BCCAO rats,no,no,no,Vascular Dementia
25076831,The Power of HybridFusion Imaging Metrics in Future PACS Systems: A Case Study into the White Matter Hyperintensity Prenumbra using FLAIR and Diffusion MR,humans,cognitively normal aged subjects,FLAIR;diffusion MRI,,SPM8;FreeSurfer,single study,FA;MD,,histogram analyses,no mention,WMH load influence on diffusion properties,yes,yes,no,
19441023,Executive Dysfunction and Periventricular Diffusion Tensor Changes in Amnesic Mild Cognitive Impairment and Early Alzheimers Disease,humans,early Alzheimer's disease;amnesic mild cognitive impairment;control subjects,diffusion tensor imaging;MRI,Periventricular White Matter;Corpus Callosum;Superior Longitudinal Fasciculus,SPSS,single study,FA;MD,,regression;correlation;ANOVA,increase;decrease,amnesic MCI and early AD vs. control subjects,yes,yes,yes,Alzheimers Disease
25518577,An official website of the United States government Heres how you know,humans,controls;cerebral atrophy;idiopathic normal pressure hydrocephalus,diffusion MRI,Forceps Minor of Corpus Callosum;Cingulum,,single study,FA,,tract-based spatial statistics,significantly different,patients with idiopathic normal pressure hydrocephalus vs cerebral atrophy and controls,yes,yes,yes,Idiopathic Normal Pressure Hydrocephalus
21624226,An official website of the United States government Heres how you know Controlled Clinical Trial . 2011 May;50(5):411-5,humans,vascular cognitive impairment;control group,diffusion MRI;MRS,Centrum Semiovale,,single study,FA;ADC,,,decrease,VCI patients vs controls,yes,yes,no,Cerebral Small Vessel Disease
16434215,76-Space analysis of grey matter diffusivity: Methods and applications,humans,normal volunteers;patients with Creutzfeldt -Jakob disease,diffusion tensor imaging;diffusion weighted MRI,,Oxford FSL,single study,ADC,,,,patients with Creutzfeldt -Jakob disease vs normal controls,yes,yes,yes,Alzheimers Disease;Creutzfeldt -Jakob disease
29175203,Effects of bilingualism on white matter integrity in older adults,humans,bilingual;monolingual,diffusion MRI,Superior Longitudinal Fasciculus;Corpus Callosum;Bilateral Superior Longitudinal Fasciculi;Anterior Inferior Frontal Occipital Fasciculus;Left Superior Temporal Longitudinal Fasciculus;Inferior Fronto-Occipital Fasciculus;Anterior Corpus Callosum,FSL,single study,FA;RD;AD,,t-test,increase,bilinguals vs monolinguals,yes,yes,yes,Alzheimers Disease
30101061,NeuroImage: Clinical,humans,amnestic mild cognitive impairment,diffusion tensor imaging;fMRI,Uncinate Fasciculus,FSL;SPM;FreeSurfer,single study,FA;MD,MNI,mediation analysis;correlation;moderation analysis,no mention,aMCI patients LOC analysis,yes,yes,no,Mild Cognitive Impairment
39004653,White matter microstructural integrity as a key to effective propagation of gamma entrainment in humans,humans,cognitively normal volunteers,diffusion MRI,Right Middle Longitudinal Fasciculus;Left Vertical Occipital Fasciculus;Left Uncinate Fasciculus;Left Inferior Fronto-Occipital Fasciculus;Right Uncinate Fasciculus;Left Middle Longitudinal Fasciculus;Right Inferior Fronto-Occipital Fasciculus;Right Vertical Occipital Fasciculus,FSL;MATLAB,single study,AxD;FA;MD;RD,MNI,linear regression,increase,white matter integrity influence on gamma rhythm propagation,yes,yes,no,
34950511,Diffusion tension imaging is a good tool for assessing patients with dementia and behavioral problems and discriminating them from other dementia patients,humans,AD with behavioral symptoms;Alzheimer's disease,DTI;MRI,Superior Longitudinal Fasciculus;Frontal Lobe Tracts;Corpus Callosum,,single study,FA,,logistic regression,decrease,AD patients with behavioral symptoms vs controls,yes,yes,yes,Alzheimers Disease
38669532,Impaired Glymphatic Flow on Diffusion Tensor MRI as a Marker of Neurodegeneration in Alzheimers Disease: Correlation with Gray Matter Volume Loss and Cognitive Decline Independent of Cerebral Amyloid Deposition,humans,Alzheimer's disease;Cognitively normal,Anatomical MRI;diffusion MRI,,,single study,,,correlation,decrease,Alzheimer's patients vs cognitively normal controls,yes,yes,yes,Alzheimers Disease
27783100,Micro-structural white matter abnormalities in type 2 diabetic patients: a DTI study using TBSS analysis,humans,type 2 diabetes mellitus;Healthy controls,DTI;diffusion MRI,Superior Longitudinal Fasciculus;Inferior Longitudinal Fasciculus;Corpus Callosum;Uncinate Fasciculus;Anterior Thalamic Radiation;Cingulum;Posterior Thalamic Radiation;Fornix,FSL,single study,DA;FA;MD;RD,MNI,t-test,decrease,T2DM patients vs controls,yes,yes,no,Dementia
19938682,An official website of the United States government Heres how you know,humans,amyotrophic lateral sclerosis;ALS-D,diffusion tensor imaging;MRI,Corpus Callosum;Uncinate Fasciculus;Corticospinal Tract,,review,FA;ADC,,statistical analysis,decrease,ALS patients vs ALS-D patients,yes,yes,yes,Dementia
26252210,Microstructural White Matter Properties Mediate the Association between APOE and Perceptual Speed in Very Old Persons without Dementia,humans,Very old persons without dementia,diffusion MRI,Forceps Major;Corticospinal Tract,AMOS;FSL,single study,FA;MD,,structural equation modeling,decrease,APOE ε4 carriers vs non-carriers,yes,yes,no,
19547805,Binswangers disease and quantitative fractional anisotropy,humans,Normal controls;Binswangers disease,DTI;MR,,Functool,single study,FA,,ANOVA,decrease,Binswangers disease patients vs controls,yes,yes,yes,Binswanger'S Disease
35579236,Global changes in diffusion tensor imaging during acute ischemic stroke and post-stroke cognitive performance,humans,Patients with stroke;Transient Ischemic Attack (TIA) patients,MRI;diffusion MRI,,FSL;DIPY,single study,FA;MD;FW,,mixed-effects linear regression;t-test,increase,stroke patients' cognitive performance,yes,yes,no,
33263494,The role of diffusion tensor imaging in idiopathic normal pressure hydrocephalus: A literature review,humans,Alzheimer's disease;Parkinson disease;Healthy controls,MRI;diffusion MRI;CT,Superior Longitudinal Fasciculus;Corpus Callosum;Periventricular White Matter;Thalamic Radiation;Corticospinal Tract;Fornix;Forceps Minor;Internal Capsule,,review,FA;MD;RD;AD,,,,iNPH vs Alzheimer's disease;iNPH patients vs healthy controls;iNPH vs Parkinson disease,yes,yes,yes,Idiopathic Normal Pressure Hydrocephalus
38463962,Lifespan reference curves for harmonizing multi-site regional brain white matter metrics from diffusion MRI,humans,Healthy controls,diffusion weighted MRI;diffusion MRI,Corpus Callosum;Uncinate Fasciculus;Anterior Cingulum Bundle;Splenium of the Corpus Callosum;Hippocampal Cingulum;Posterior Thalamic Radiation;Tapetum;Sagittal Stratum;Corticospinal Tract;Anterior Commissure;Fornix;Posterior Corona Radiata,FSL;ComBat-GAM;eHarmonize,single study,FA,,linear regression;t-test,decrease,ApoE4 carriers vs non-carriers,yes,yes,yes,Alzheimers Disease
38433018,SPAK inhibitor ZT-1a attenuates reactive astrogliosis and oligodendrocyte degeneration in a mouse model of vascular dementia,mice,,MRI DTI,,Paravision,single study,FA;MD;RD,,ANOVA;Students t-test,decrease,BCAS mice vs sham controls,no,no,no,
22669012,An official website of the United States government Heres how you know,humans,Alzheimer's disease,functional MRI;MRI;diffusion tensor MRI,,,single study,,,,,genetic contributions to the neuropathology of AD,yes,yes,yes,Alzheimers Disease
28045213,Longitudinal Diffusion Changes in Prodromal and Early HD: Evidence of White-Matter Tract Deterioration,humans,Huntington's disease;Healthy controls,DWI;diffusion weighted MRI,Primary Motor-Putamen;Premotor-Putamen;Primary Motor-Caudate;Sensory-Putamen;Premotor-Caudate,Nipype;ANTs;BRAINSTools,single study,FA;MD;RD;AD,,linear mixed models,decrease,pre-HD individuals vs healthy controls,yes,yes,no,Dementia
19730350,Frontostriatal fiber bundle compromise in HIV infection without dementia,humans,HIV-infected;Healthy controls,diffusion MRI,Superior Longitudinal Fasciculus;Inferior Cingulate Bundle;Corpus Callosum;External Capsule;Occipital Forceps;Superior Cingulate Bundle;Fornix;Internal Capsule,FSL,single study,λ L;FA;MD;λ T,,ANOVA;t-test,increase,HIV-infected patients vs controls,yes,yes,no,
38108353,Interaction Between a High-Fat Diet and Tau Pathology in Mice: Implications for Alzheimers Disease,mice,,diffusion MRI;DTI;fMRI,Corpus Callosum;Cingulum Bundle,FSL;AFNI;MRtrix3,single study,AxD;FA;MD;RD,,correlation;Mann-Whitney U test;ANOVA;t-test,decrease,,yes,no,no,
24706734,The Corticospinal Tract in Huntingtons Disease,humans,Pre-HD;Huntington's disease;Healthy controls,T2-weighted MRI;diffusion MRI,Corticospinal Tract,FSL;TrackVis,single study,FA;RD;AD,FMRIB58_FA,correlation;MANOVA,decrease,Huntington's patients vs controls,yes,yes,no,Huntington's disease
28336929,Developmental Whole Brain White Matter Alterations in Transgenic Huntingtons Disease Monkey,monkeys,,diffusion MRI,,FSL,single study,Dr;FA;MD;Da,,ANOVA,decrease,HD monkeys vs controls,yes,no,no,Huntingtons Disease
32383552,Genetic risk for Alzheimer disease in children: Evidence from early-life IQ and brain white-matter microstructure,humans,,diffusion MRI,Superior Longitudinal Fasciculus;Inferior Longitudinal Fasciculus;Uncinate Fasciculus;Cingulum Bundle;Corticospinal Tract,Camino Diffusion MRI Toolkit;FMRIB Library,single study,FA,,regression;T-tests,decrease,genetic risk for late-onset AD and its association with IQ and cerebral white-matter microstructure,yes,yes,no,
24109737,,humans,Healthy controls,Proton MR Spectroscopy;diffusion MRI,Fornix;Uncinate Fasciculus,DTI Studio,single study,FA;ADC,,correlation,,correlation of DTI parameters with 1H-MRS,yes,yes,no,
26756590,Longitudinal Diffusion Tensor Imaging Shows Progressive Changes in White Matter in Huntingtons Disease,humans,Huntington's disease;Healthy controls,diffusion MRI,Corona Radiata;Corpus Callosum;Anterior Limb of Internal Capsule,FSL;Camino;DTI-TK,single study,FA;RD;AD,,generalised least squares regression,decrease,Huntington's disease patients vs controls,yes,yes,no,Dementia
28266655,Intact sensory-motor network structure and function in far from onset premanifest Huntingtons disease,humans,far from onset preHD;healthy controls,diffusion tensor imaging;resting-state functional MRI;volumetric structural magnetic resonance imaging,Thalamocortical Pathway;Corticospinal Tract,SPM,single study,FA;RD;AD,MNI,t-test,no mention,far from onset preHD vs healthy controls,yes,yes,no,
19332141,In vivo evidence for the selective subcortical degeneration in Huntingtons disease,humans,Huntingtons disease;Healthy controls,T1-weighted MRI;diffusion weighted MRI,Corticostriatal Pathways;Putaminopallidal Projections;Striatopallidal Projections,SPM;BrainVISA,single study,FA;MD,MNI,ANCOVA,increase,Huntingtons disease patients vs controls,yes,yes,yes,Huntingtons disease
19850138,Altered White Matter Microstructure in the Corpus Callosum in Huntingtons Disease: implications for cortical disconnection,humans,Huntington's disease;Healthy controls,diffusion tensor imaging;T1-weighted,Corpus Callosum,FreeSurfer,single study,FA;Radial Diffusivity;Axial Diffusivity,,linear regression;ANOVA,decrease,Huntington's disease patients vs controls,yes,yes,no,Dementia
19320010,Longitudinal Diffusion Tensor Imaging in Huntingtons Disease,humans,Huntingtons Disease;Healthy controls,diffusion MRI,Superior Corona Radiata;Corpus Callosum;Internal Capsule,FSL,single study,FA;RD;AD,MNI,ANOVA;t-test,decrease,Huntingtons Disease patients vs controls,yes,yes,no,Dementia
18056161,White matter connections reflect changes in voluntary-guided saccades in pre-symptomatic Huntingtons disease,humans,matched controls;pre-symptomatic gene carriers,diffusion MRI,Corpus Callosum,SPM,single study,FA,MNI,correlation;t-test,decrease,pre-symptomatic gene carriers vs controls,yes,yes,no,Huntington's Disease
21264990,Early Changes in White Matter Pathways of the Sensorimotor Cortex in Premanifest Huntingtons Disease,humans,premanifest gene carriers;healthy controls;early HD,diffusion MRI,Corpus Callosum;Sensorimotor Cortex;Superior Prefrontal Cortex,FibreTrak,single study,FA;ADC,,correlation;t-test,increase,early HD vs controls;premanifest gene carriers vs controls,yes,yes,no,Huntingtons Disease
24019913,Tractography of the Corpus Callosum in Huntingtons Disease,humans,Pre-HD;Huntington's disease;Healthy controls,DTI;MRI,orbital frontal;Corpus Callosum;anterior frontal;superior frontal;temporal;occipital;superior parietal;posterior parietal,FSL;TrackVis,single study,FA;RD;AD,,correlation;MANOVA,decrease,Huntington's disease patients vs controls,yes,yes,no,Huntington's disease
20488902,Regional Distribution and Clinical Correlates of White Matter Structural Damage in Huntington Disease: A Tract-Based Spatial Statistics Study,humans,Huntington disease;Healthy controls,DTI;T1-weighted images,Inferior Longitudinal Fasciculus;Corona Radiata;Corpus Callosum;External Capsule;Inferior Fronto-Occipital Fasciculus;Corticospinal Tract;Fornix,FSL;SPM,single study,FA;MD,,regression;ANOVA,decrease,Huntington disease gene carriers vs controls,yes,yes,no,Dementia
16755582,Diffusion Tensor Imaging in Presymptomatic and Early Huntingtons Disease: Selective White Matter Pathology and Its Relationship to Clinical Measures,humans,Huntingtons disease;Pre-HD;Healthy controls,DTI;diffusion MRI,Corpus Callosum;Internal Capsule,FSL;FreeSurfer,single study,FA;ADC,,t-test,decrease,Pre-HD individuals vs Healthy controls;Huntingtons disease patients vs Healthy controls,yes,yes,no,Dementia
15589514,Detection of age-dependent brain injury in a mouse model of brain amyloidosis associated with Alzheimers disease using magnetic resonance diffusion tensor imaging,mice,,diffusion MRI,,Matlab,single study,Tr(D);k t;k 8,,ANOVA;t-test,,,yes,no,no,Alzheimers Disease
30771034,Detection of axonal degeneration in a mouse model of Huntingtons disease: comparison between diffusion tensor imaging and anomalous diffusion metrics,mice,,diffusion MRI,,MAS,single study,FA;MD;RD;AD,,Mann-Whitney test;t-test,decrease,,yes,no,no,
33765430,Neurobiology of Aging,mice,,diffusion tensor imaging;Ultra-High Field Diffusion MRI;diffusion MRI;neurite orientation dispersion and density imaging,,FSL;DSI Studio,single study,FA;MD;IsoVF;ICVF;ODI,,Tukey's post-hoc test;ANOVA,decrease,R61 mice vs WT controls,yes,no,no,Huntingtons Disease
15056472,Diffusion tensor imaging detects age-dependent white matter changes in a transgenic mouse model with amyloid deposition,mice,,diffusion tensor imaging,,Imagebrowser,single study,FA;MD,,ANOVA,,,yes,no,no,
29545212,"T 1 , diffusion tensor, and quantitative magnetization transfer imaging of the hippocampus in an Alzheimers disease mouse model",mice,,,,,single study,,,ANOVA,,,no,no,no,
23877934,Voxel-Based Diffusion Tensor Imaging of an APPPS1 Mouse Model of Alzheimers Disease,mice,,diffusion MRI,,FSL,single study,DA;FA;MD;DR,,t-test,increase,,yes,no,no,Alzheimers Disease
31472250,Neurite Orientation Dispersion and Density Imaging Reveals White Matter and Hippocampal Microstructure Changes Produced by Interleukin-6 in the TgCRND8 Mouse Model of Amyloidosis,mice,,dMRI;diffusion MRI,,FSL,single study,FA;MD;RD;AD,,ANOVA,,,no,no,no,
30077647,"Multifaceted assessment of the APPPS1 mouse model for Alzheimers disease: Applying MRS, DTI, and ASL",mice,,DTI;ASL;MRS,,Topspin;Paravision,single study,FA;MD,,t-test,,,no,no,no,
33975312,Diffusion Tensor Imaging Reveals Whole-Brain Microstructural Changes in the P301L Mouse Model of Tauopathy,mice,,,,Nora medical imaging platform;SPM;DTIFibertools,single study,FA;MD;RD;AD,,ANOVA;t-test,,,no,no,no,
34455171,"Grip training improves handgrip strength, cognition, and brain white matter in minor acute ischemic stroke patients",humans,acute mild ischemic stroke patients,diffusion MRI,,GRETNA;PANDA,single study,FA,,paired t-test;t-test,increase,grip training vs control group,yes,yes,no,
31705427,Predictors of Lesion Cavitation After Recent Small Subcortical Stroke,humans,,diffusion tensor imaging;FLAIR;T2-weighted;T1-weighted;dynamic contrast-enhanced MRI,,NiftyReg;Mango;TractoR,single study,FA;MD,,chi-square test;Mann-Whitney U test;Spearman correlation;linear regression;correlation;Student's t test,no mention,RSSI patients' tissue damage at 1 year post-stroke,yes,yes,no,
37808483,Di usion tensor free water MRI predicts progression of FLAIR white matter hyperintensities after ischemic stroke,humans,Patients with ischemic stroke;Patients with TIA,diffusion MRI;FLAIR MRI,,FSL;DIPY;FreeSurfer;QIT,single study,FA;MD,,logistic regression;area under the curve,increase,evaluating predictive value of DTI metrics for WMH progression,yes,yes,no,Cerebral Small Vessel Disease
39170078,Longitudinal assessment of glymphatic changes following mild traumatic brain injury: Insights from perivascular space burden and DTI-ALPS imaging,humans,mTBI patients;orthopedic controls;healthy controls,diffusion MRI,,FSL;ANTs;FreeSurfer;MRtrix3,single study,ALPS,MNI,Pearson correlation;t-test;logistic regression;linear regression;ANOVA,increase,mTBI patients vs controls,yes,yes,no,Alzheimers Disease
37533476,"Association between intracranial vessel calcifications, structural brain damage, and cognitive impairment after minor strokes: a prospective study",humans,cognitively intact mild stroke survivors,MRI;CT,,FSL;SPSS;FreeSurfer,single study,FA;MD,Talairach,regression;ANOVA,decrease,high ICCS vs low ICCS for PSCI risk,yes,yes,no,Dementia
37654137,,humans,aMCI;vMCI;Healthy controls,,,,single study,FA;MD,,,,aMCI vs vMCI vs HC,yes,yes,no,
32147939,Age-dependent amyloid deposition is associated with white matter alterations in cognitively normal adults during the adult life span,humans,cognitively normal adults,amyloid PET;diffusion tensor imaging (DTI),Inferior Frontooccipital Fasciculus;Anterior Thalamic Radiation;Superior Longitudinal Fasciculus;Forceps Major,FSL;ExploreDTI,single study,MD,MNI,regression;t-test,increase,cognitively normal adults with abnormal amyloid PET vs cognitively normal adults with normal amyloid PET,yes,yes,no,
26650629,Correlating quantitative tractography at 3T MRI and cognitive tests in healthy older adults,humans,Healthy controls,3T MRI;diffusion MRI,Long Association Fibers;Corpus Callosum;Cingulum;Corticospinal Tract;Thalamic Projection Fibers,FSL;TrackVis;Slicer 3D;Diffusion Toolkit,single study,FA;MD,,regression,decrease,cognitive function vs white matter integrity in healthy older adults,yes,yes,no,
28934374,The effect of white matter hyperintensities on statistical analysis of diffusion tensor imaging in cognitively healthy elderly and prodromal Alzheimers disease,humans,prodromal Alzheimer's disease;cognitively healthy elderly,diffusion MRI,Superior Longitudinal Fasciculus;Ventral Cingulum;Dorsal Cingulum;Corticospinal Tract,SPM;MATLAB,single study,FA;MD,MNI,multivariate linear regression;Mann-Whitney U-test;t-test,increase;decrease,prodromal Alzheimer's disease subjects vs cognitively healthy elderly,yes,yes,yes,Alzheimers Disease
27662320,Quantitative Magnetic Resonance Abnormalities in Creutzfeldt-Jakob Disease and Fatal Insomnia,humans,fatal insomnia;Creutzfeldt-Jakob disease;Healthy controls,Anatomical MRI;diffusion MRI,Superior Longitudinal Fasciculus;Corpus Callosum;Anterior Cingulum Bundle;Corticospinal Tract;Fornix,FSL;SPM12,single study,FA;MD;RD;AD,Montreal Neurological Institute,t-test,increase,CJD patients vs FI patients,yes,yes,yes,Dementia
34241815,Rates of cognitive impairment in a South African cohort of people with HIV: variation by definitional criteria and lack of association with neuroimaging biomarkers,humans,people with HIV,structural MRI;diffusion MRI,Corpus Callosum;Uncinate Fasciculus;Anterior Thalamic Radiation;Cingulum Bundle,FSL;FreeSurfer,single study,FA;MD;RD;AD,Desikan-Killiany atlas,logistic regression,no mention,rates of cognitive impairment in people with HIV,yes,yes,no,
22701578,CSF T-TauAb 42 Predicts White Matter Microstructure in Healthy Adults at Risk for Alzheimers Disease,humans,Healthy adults at risk for Alzheimer's Disease,T1-weighted imaging;diffusion MRI,Superior Longitudinal Fasciculus;Corpus Callosum;Cingulum,FSL;SPM,single study,FA;MD;RD;AD,MNI,ANCOVA;voxel-wise regression;linear correlation analysis,increase,healthy adults at risk vs controls,yes,yes,no,
28970540,Microstructural network alterations of olfactory dysfunction in newly diagnosed Parkinsons disease,humans,Healthy controls;Parkinson's disease,DTI;diffusion MRI,,FSL;DSI Studio,single study,FA;MD,MNI,ANOVA;t-test,decrease,hyposmic PD patients vs controls,yes,yes,no,Parkinson Disease
23062795,Correlation between cognitive function and the association fibers in patients with Alzheimers disease using diffusion tensor imaging,humans,Alzheimer's disease;Healthy controls,diffusion tensor imaging;MRI,Superior Longitudinal Fasciculus;Inferior Fronto-Occipital Fasciculus,MRI Studio,single study,FA,,correlation;t-test,decrease,Alzheimer's patients vs controls,yes,yes,yes,Alzheimers Disease
38635499,Impact of APOE-ε alleles on brain structure and cognitive function in healthy older adults: A VBM and DTI replication study,humans,Healthy controls,DTI;Structural MRI,,FSL,single study,FA;MD,MNI,Randomise;MANCOVA,no mention,APOE-ε4 carriers vs APOE-ε3ε3 controls,yes,yes,no,
32521475,NeuroImage: Clinical,humans,normal control;Alzheimer's disease;mild cognitive impairment;cerebral amyloid angiopathy,MR imaging;diffusion MRI,,FSL,single study,MD,,ANOVA,increase,CAA patients vs MCI;CAA patients vs controls;CAA patients vs AD,yes,yes,yes,Mild Cognitive Impairment;Alzheimers Disease;Cerebral Amyloid Angiopathy
34784526,Postural and gait symptoms in de novo Parkinsons disease patients correlate with cholinergic white matter pathology,humans,Healthy controls;Parkinson's disease,DTI-MRI;diffusion MRI,NBM-WM,FSL,single study,FA;MD,MNI,regression;ANOVA;t-test,decrease,PIGD-PD vs TD-PD,yes,yes,no,
22416261,The value of diffusion tensor imaging in the differential diagnosis of subcortical ischemic vascular dementia and Alzheimers disease in patients with only mild white matter alterations on T2-weighted images,humans,normal controls;Alzheimer's disease;subcortical ischemic vascular dementia,Anatomical MRI;diffusion MRI,Superior Longitudinal Fasciculus;Splenium of the Corpus Callosum;Inferior-Fronto-Occipital Fasciculus;Genu of the Corpus Callosum;Cingulate Fasciculus,Fiber Trak,single study,FA;ADC,,ANOVA,decrease,SIVD patients vs AD patients vs normal controls,yes,yes,yes,Alzheimers Disease;Vascular Dementia
32035186,Cholinergic white matter pathways make a stronger contribution to attention and memory in normal aging than cerebrovascular health and nucleus basalis of Meynert,humans,cognitively normal individuals,Anatomical MRI;diffusion MRI,External Capsule;Uncinate Fasciculus;Corpus Callosum;Cingulum Bundle;Anterior Commissure,FSL;FreeSurfer,single study,MD,MNI,ANCOVA,decrease,relationship between NBM white matter projections and cognitive performance,yes,yes,no,
24895252,MRI Measures of Corpus Callosum Iron and Myelin in Early Huntingtons Disease,humans,premanifest gene carriers;Huntington's disease;healthy controls,MRI;diffusion MRI,Corpus Callosum,FSL,single study,FA;MD;RD;AD,,voxelwise statistics;ANOVA,decrease,early Huntington's disease vs healthy controls;premanifest gene carriers vs healthy controls,yes,yes,no,Huntingtons disease
37582732,Plasma neurofilament light admission levels and development of axonal pathology in mild traumatic brain injury,humans,mTBI;orthopedic injury,DW-MRI;diffusion tensor imaging,,ExploreDTI;FMRIB Software Library (FSL),single study,FA;MD;RD;AD,MNI,correlation,decrease,NF-L levels association with DTI metrics in mTBI,yes,yes,no,
16394146,Age-Related Changes in Prefrontal White Matter Measured by Diffusion Tensor Imaging,humans,older adults;young adults,diffusion MRI,Corpus Callosum;Anterior Limb of the Internal Capsule;Prefrontal White Matter;Posterior Limb of the Internal Capsule,,single study,FA,,correlation,decrease,older adults vs young adults,yes,yes,no,
26815786,Alterations in white matter volume and integrity in obesity and type 2 diabetes,humans,obese T2DM patients;lean individuals;normoglycemic obese,T1-weighted MRI;T2-weighted MRI;diffusion MRI,Superior Longitudinal Fasciculus;Inferior Fronto-Occipital Tract;Forceps Major;Corticospinal Tract,FSL;SPM,single study,FA;MD;RD;AD,MNI,ANOVA,decrease,normoglycemic obese vs lean subjects;obese T2DM patients vs lean subjects,yes,yes,no,Dementia
21767653,Genotype specific age related changes in a transgenic rat model of Huntingtons disease,rats,,PET;diffusion MRI,,AMIRA,single study,FA;MD;RD;AD,,ANOVA,no mention,TgHD rats vs Wt rats,no,no,no,
27001211,Anterior Cingulum White Matter Is Altered in Tobacco Smokers,humans,tobacco smokers;healthy non-smoker controls,DTI;diffusion MRI,Cingulum,TrackVis;Diffusion Toolkit,single study,FA,,linear regression;t-test,decrease,tobacco smokers vs non-smoker controls,yes,yes,no,
30531675,Use of Multimodal Magnetic Resonance Imaging Techniques to Explore Cognitive Impairment in Leukoaraiosis,humans,patients with leukoaraiosis,sMRI;DTI;DCE-MRI;MRS;rs-fMRI,,,review,FA;MD,,,,relationship between leukoaraiosis and cognitive impairment,yes,yes,no,
28657159,Mapping the Order and Pattern of Brain Structural MRI Changes Using Change-Point Analysis in Premanifest Huntingtons Disease,humans,premanifest HD;controls,diffusion tensor imaging;structural MRI,Inferior White Matter;Corpus Callosum;Limbic White Matter;Posterior White Matter,MriCloud;DtiStudio,single study,FA;MD,MNI,permutation test;multivariate linear regression,increase,premanifest HD vs controls,yes,yes,no,Huntington's disease
26881100,Multilevel Deficiency of White Matter Connectivity Networks in Alzheimers Disease: A Diffusion MRI Study with DTI and HARDI Models,humans,Alzheimer's disease;Healthy controls,DTI;diffusion weighted MRI;HARDI,Superior Longitudinal Fasciculus;Inferior Longitudinal Fasciculus;Corpus Callosum;Uncinate Fasciculus;Cingulum;Fornix,FSL;GRETNA,single study,FA;MD,AAL,linear regression;permutation test,decrease,Alzheimer's patients vs controls,yes,yes,yes,Alzheimers Disease
31549530,International Journal of Neuroscience,humans,Mild Cognitive Impairment;Alzheimer's disease;Healthy controls,diffusion MRI,Superior Longitudinal Fasciculus;Inferior Longitudinal Fasciculus;Corpus Callosum;Uncinate Fasciculus;Cingulum;Fornix,FMRIBS Diffusion Toolbox,review,DA;FA;MD;DR,,,decrease,Alzheimer's disease progression and white matter changes,yes,yes,yes,Alzheimers Disease
34509999,Prediction of dementia using diffusion tensor MRI measures: the OPTIMAL collaboration,humans,cerebral small vessel disease;mild cognitive impairment,diffusion tensor MRI,,,single study,MD,,correlation,no mention,DTI measures and dementia risk,yes,yes,yes,Dementia;Vascular Dementia
38442778,Altered structural and functional connectivity in Posterior Cortical Atrophy and Dementia with Lewy bodies,humans,Cognitively Unimpaired;Posterior Cortical Atrophy;Dementia with Lewy Bodies,PiB PET;Anatomical MRI;rsfMRI;FDG PET;diffusion MRI,Superior Longitudinal Fasciculus;Saggital Stratum;Uncinate Fasciculus;Fornix;Splenium of Corpus Callosum;Cingulum;Inferior Fronto-Occipital Fasciculus;Retrolenticular Part of Internal Capsule;Posterior Thalamic Radiation;Superior Fronto-Occipital Fasciculus,SPM12;CONN,single study,FA;MD,MNI,t-test;multivariate linear regression,decrease,PCA vs DLB;DLB vs cognitively unimpaired;PCA vs cognitively unimpaired,yes,yes,yes,Dementia
34958911,Alterations in white matter fiber in Parkinson disease across different cognitive stages,humans,PD-CC;PD-NC;PD-MCI;PDD,diffusion MRI,Corpus Callosum;Corticospinal Tract;(Anterior) Cingulum Bundle,MRtrix3,single study,FA;MD,,correlation;ANOVA,decrease,cognitive impairment stages in Parkinson disease,yes,yes,yes,Parkinson Disease
20083207,Dementia Induces Correlated Reductions in White Matter Integrity and Cortical Thickness: A Multivariate Neuroimaging Study with Sparse Canonical Correlation Analysis,humans,frontotemporal dementia;Alzheimer's disease;Healthy controls,T1-weighted imaging;DTI,Superior Longitudinal Fasciculus;Anterior Corona Radiata;Corpus Callosum;Uncinate Fasciculus;Inferior Fronto-Occipital Fasciculus,PipeDream;ANTS;Camino,single study,FA,,T-tests;linear regression;permutation testing,decrease,AD vs controls;FTD vs controls,yes,yes,yes,Alzheimers Disease;Frontotemporal Dementia
38461504,White Matter Microstructure Analysis in Subjective Memory Complaints and Cognitive Impairment: Insights from Diffusion Kurtosis Imaging and Free-Water DTI,humans,Subjective memory complaints;Cognitively impaired;Healthy controls,diffusion MRI,,,single study,kurtosis,,,,cognitively impaired vs healthy controls;subjective memory complaints vs healthy controls,yes,yes,no,Alzheimers Disease;Mild Cognitive Impairment
37028608,Magnetic Resonance Imaging,mice,,,,,single study,FA,,t-test,,,no,no,no,
15028645,Differential Vulnerability of Anterior White Matter in Nondemented Aging with Minimal Acceleration in Dementia of the Alzheimer Type: Evidence from Diffusion Tensor Imaging,humans,individuals diagnosed with very mild-to-mild DAT;young adults;nondemented older adults,diffusion MRI,Occipital Lobe White Matter;Parietal Lobe White Matter;Posterior Corpus Callosum;Frontal White Matter;Temporal Lobe White Matter;Anterior Corpus Callosum,Analyze,single study,FA;MD,Talairach,ANOVA,decrease,nondemented older adults vs DAT vs young adults,yes,yes,yes,Dementia;Autosomal Dominant Alzheimer'S Disease
35147158,Longitudinal multimodal MRI characterization of a knock-in mouse model of Huntingtons disease reveals early gray and white matter alterations,mice,,MRI;diffusion weighted MRI,,FSL;Sammba-MRI,single study,FA;MD;RD;AD,,ANOVA,decrease,,yes,no,no,
39185685,A glympse into neurodegeneration: Diffusion MRI and cerebrospinal fluid aquaporin-4 for the assessment of glymphatic system in Alzheimers disease and other dementias,humans,other neurodegenerative diseases;Alzheimer's disease;cognitively unimpaired elderly;mild cognitive impairment,MRI;diffusion MRI,,DIPY;SPM;FreeSurfer,single study,FA;MD;FW;MK,,,increase,Alzheimer's disease patients vs cognitively unimpaired subjects,yes,yes,yes,Alzheimers Disease
38427191,Diffusion Tensor Imaging in Alzheimers Studies,humans,amnestic mild cognitive impairment;Alzheimer's disease;familial AD mutation carriers,diffusion weighted MRI,,,single study,,,,,Alzheimer's disease patients and at-risk individuals,yes,yes,yes,Alzheimers Disease
22538073,"The Contributions of MRI-Based Measures of Gray Matter, White Matter Hyperintensity, and White Matter Integrity to Late-Life Cognition",humans,Mild Cognitive Impairment;Dementia;Cognitively normal,Anatomical MRI;diffusion MRI,"Corpus Callosum;Uncinate Fasciculus;Cingulum;Fornix;Superior Longitudinal Fasciculus, Frontal Part",JMP,single study,FA,minimum deformation template,regression;ANOVA,no mention,cognitive performance across diagnostic groups,yes,yes,yes,Alzheimers Disease
27487766,Astroglial NF-kB contributes to white matter damage and cognitive impairment in a mouse model of vascular dementia,mice,,,,Paravision,single study,FA;RD;AD;ADC,,Mann-Whitney test;Kruskal-Wallis test,,,no,no,no,
37940789,Lateralized brunt of sleep deprivation on white matter injury in a rat model of Alzheimers disease,rats,,diffusion MRI,,FSL;SPM,single study,FA;AxD;RD;ADC,,ANOVA,decrease,effects of sleep deprivation and AβO on cognitive decline,yes,no,no,Alzheimers Disease
34902714,White matter microstructure associations to amyloid burden in adults with Down syndrome,humans,Adults with Down syndrome,PET;diffusion MRI,Superior Longitudinal Fasciculus;Corpus Callosum;Inferior Longitudinal Fasciculus;Fornix,FSL;DiPy,single study,FA;MD,,tract-based spatial statistics;general linear model,decrease,white matter microstructure associations to amyloid burden in adults with Down syndrome,yes,yes,no,Alzheimers Disease
26792028,White matter hyperintensity microstructure in amyloid dysmetabolism,humans,subjective cognitive decline;mild cognitive impairment,diffusion MRI;magnetic resonance imaging,Cingulum,FSL;FreeSurfer,single study,DA;FA;MD;DR,,linear regression;t-test,decrease,low CSF Ab 42 vs normal CSF Ab 42,yes,yes,no,Alzheimers Disease
10582990,Clinical Severity in CADASIL Related to Ultrastructural Damage in White Matter In Vivo Study With Diffusion Tensor MRI,humans,healthy controls;CADASIL,diffusion MRI,,Statview,single study,MD,,regression;correlation;ANOVA,increase,CADASIL patients vs controls,yes,yes,yes,Dementia
33998562,White matter connectivity for early prediction of Alzheimers disease,humans,Mild Cognitive Impairment;Alzheimer's disease;controls,diffusion MRI,Right Frontal Superior Medial;Right Anterior Cingulum,,single study,,,,,MCI-AD vs MCI-control,yes,yes,yes,Alzheimers Disease
28596117,DISRUPTED WHITE MATTER STRUCTURAL NETWORKS IN HEALTHY OLDER ADULT APOE e4 CARRIERS -AN INTERNATIONAL MULTICENTER DTI STUDY,humans,APOE e4 non-carriers;APOE e4 carriers;Healthy controls,diffusion MRI,Superior Longitudinal Fasciculus;Inferior Longitudinal Fasciculus;Corona Radiata;Corpus Callosum;External Capsule;Cingulum;Inferior Fronto-Occipital Fasciculus;Internal Capsule,FSL,single study,FA;MD;axD;radD,MNI,linear regression;Mann-Whitney U-test;Chi-Square test,increase;decrease,APOE e4 carriers vs APOE e4 non-carriers,yes,yes,no,
26801955,The Superficial White Matter in Alzheimers Disease,humans,Alzheimer's disease;Healthy controls,Anatomical MRI;diffusion MRI,,FSL;BrainSuite,single study,FA;MD;RD;AD,,General Linear Model;t-test,increase,Alzheimer's patients vs controls,yes,yes,yes,Alzheimers Disease
29992469,White matter correlates of temporal discounting in older adults,humans,older adults without dementia,diffusion MRI,,FSL,single study,FA;trace,IIT Human Brain Atlas,linear regression,decrease,temporal discounting and white matter integrity in older adults,yes,yes,no,
33317422,White-matter integrity predicts electrical stimulation (tDCS) and language therapy effects in primary progressive aphasia,humans,primary progressive aphasia,diffusion MRI,Superior Longitudinal Fasciculus;Uncinate Fasciculus;Cingulate Gyrus,MRICloud,single study,FA;MD,,multiple regression;mixed effects model,increase,tDCS and language therapy effects in primary progressive aphasia,yes,yes,yes,Primary Progressive Aphasia
23741425,Robust Automated Detection of Microstructural White Matter Degeneration in Alzheimers Disease Using Machine Learning Classification of Multicenter DTI Data,humans,Alzheimer's disease;Healthy controls,diffusion MRI;anatomical MRI,Fornix;Corpus Callosum;Anterior Cingulum Bundle,FSL;SPM;WEKA,single study,FA;MD,MNI,cross-validation;t-test,decrease,Alzheimer's patients vs controls,yes,yes,yes,Alzheimers Disease
34526957,Brain Network Integrity Changes in Subjective Cognitive Decline: A Possible Physiological Biomarker of Dementia,humans,Dementia;Subjective Cognitive Decline;Healthy controls;amnestic Mild Cognitive Impairment,DTI;MRI,Corona Radiata;Corpus Callosum;Fronto-Occipital Fasciculus;Cingulum;Fornix,SPM,single study,FA;MD,ICBM-MORI,ANOVA,decrease,SCD patients vs Healthy controls,yes,yes,yes,Mild Cognitive Impairment;Dementia
39703304,Exploring Tractography: An Analysis of Brain Connectivity Patterns in Men,humans,men,diffusion MRI,Superior Longitudinal Fasciculus;Inferior Longitudinal Fasciculus;Uncinate Fasciculus;Anterior Thalamic Radiation;Forceps Major;Cingulum;Inferior Fronto-Occipital Fasciculus;Corticospinal Tract;Forceps Minor;Superior Fronto-Occipital Fasciculus,SPSS,single study,FA;MD,,Kruskal-Wallis test,decrease,age-related changes in white matter integrity,yes,yes,yes,Alzheimers Disease
33867969,White Matter Structural Network Analysis to Differentiate Alzheimers Disease and Subcortical Ischemic Vascular Dementia,humans,Normal control;Subcortical ischemic vascular dementia;Alzheimer's disease,diffusion tensor imaging;3.0T MRI,,GRETNA;PANDA,single study,FA,AAL,ROC;ANOVA;t-test,decrease,Alzheimer's disease vs. subcortical ischemic vascular dementia,yes,yes,yes,Alzheimers Disease;Vascular Dementia
33192454,"Inflammation, Cognition, and White Matter in Older Adults: An Examination by Race",humans,non-Latino White;non-Latino Black,MRI;diffusion MRI,,FSL,single study,FA;MD;MWF,MNI,regression,decrease,inflammation and cognition in Black vs White older adults,yes,yes,no,
27047376,Hippocampal Pathway Plasticity Is Associated with the Ability to Form Novel Memories in Older Adults,humans,healthy older adults,MRI;diffusion MRI,Fornix;Uncinate Fasciculus;Parahippocampal Cingulum,FSL;FreeSurfer,single study,FA;MD,,linear mixed model;paired t-test,increase,training success and fornix microstructure,yes,yes,yes,Alzheimers Disease;Mild Cognitive Impairment
30837858,Diffusion MRI Indices and Their Relation to Cognitive Impairment in Brain Aging: The Updated Multi-protocol Approach in ADNI3,humans,Mild Cognitive Impairment;Cognitively Normal controls;Alzheimer's disease,diffusion weighted MRI;diffusion MRI,Fornix (Crus) Stria Terminalis;Uncinate Fasciculus;Full WM;Hippocampal-Cingulum;Genu of Corpus Callosum,ComBat,single study,FA;MD;RD;AD,,ANCOVA;random-effects regression,decrease,Cognitively Normal vs Mild Cognitive Impairment vs Alzheimer's Disease,yes,yes,yes,Alzheimers Disease;Mild Cognitive Impairment
37457665,The association of diffusion tensor MRI measures of normal appearing white matter and cognition,humans,No Cognitive Impairment;Vascular CIND;Cognitive Impairment No Dementia,MRI;diffusion MRI,Global,STATA;FMRIBs Diffusion Toolbox,single study,FA;MD,,logistic regression;linear regression,decrease,normal cognition and cognitive impairment vs decline,yes,yes,no,
21760989,"Joint Assessment of Structural, Perfusion, and Diffusion MRI in Alzheimers Disease and Frontotemporal Dementia",humans,Alzheimer's disease;Frontotemporal Dementia;Healthy controls,T1-weighted MRI;ASL-MRI;diffusion MRI,Corpus Callosum;Cingulum,dTV.II;SPM8;Volume-one,single study,FA,MNI,general linear model,increase,Alzheimer's disease vs Frontotemporal Dementia,yes,yes,yes,Alzheimers Disease;Frontotemporal Dementia
34408645,White Matter Integrity Underlies the Physical-Cognitive Correlations in Subjective Cognitive Decline,humans,subjective cognitive decline;cognitively normal older adults,diffusion tensor imaging;diffusion MRI,Bilateral Inferior Cerebellar Peduncles;Inferior Cerebellar Peduncles;Corticospinal Tract;Right Posterior Corona Radiata;Left Superior Corona Radiata,FSL,single study,FA;MD,FMRIB58_FA,regression;correlation,decrease,subjective cognitive decline vs cognitive performance,yes,yes,no,
39479180,Large-scale Normative Modeling of Brain Microstructure,humans,carriers of 22q11.2 copy number variants;Alzheimer's disease;mild cognitive impairment;Parkinson's disease,diffusion MRI,Cingulum of the Hippocampus;Fornix;Superior Fronto-Occipital Fasciculus;Anterior Corona Radiata;External Capsule;Splenium of Corpus Callosum;Genu of Corpus Callosum;Sagittal Stratum;Body of Corpus Callosum;Crus of the Fornix-Stria Terminalis;Superior Corona Radiata;Posterior Limb of Internal Capsule;Posterior Thalamic Radiation;Superior Longitudinal Fasciculus;Tapetum of the Corpus Callosum;Uncinate Fasciculus;Cingulum of the Cingulate Gyrus;Retrolenticular part of Internal Capsule;Anterior Limb of Internal Capsule,DIPY;FSL,single study,FA;MD,,permutation tests;AUC,,Alzheimer's disease vs mild cognitive impairment vs Parkinson's disease vs carriers of 22q11.2 variants,yes,yes,yes,Alzheimers Disease;Mild Cognitive Impairment;Parkinson Disease
32425831,Age-Related Changes of Peak Width Skeletonized Mean Diffusivity (PSMD) Across the Adult Lifespan: A Multi-Cohort Study,humans,,diffusion weighted MRI;diffusion MRI,,FSL,single study,FA;MD;PSMD;RD;AD,,ANOVA,increase,,yes,yes,no,
24367331,Structural hippocampal network alterations during healthy aging: a multi-modal MRI study,humans,Healthy aging subjects,Anatomical MRI;diffusion MRI,Fornix;Cingulum Bundle,FSL;SPSS,single study,FA,,regression,decrease,hippocampal atrophy vs fornix FA values,yes,yes,no,
36479018,Associations between diffusion MRI microstructure and cerebrospinal fluid markers of Alzheimers disease pathology and neurodegeneration along the Alzheimers disease continuum,humans,aging adults,diffusion tensor imaging;NODDI;diffusion weighted MRI;mean apparent propagator MRI,Superior Longitudinal Fasciculus;Corpus Callosum;Cingulum,Diffusion Microstructure Imaging in Python;neuroHarmonize,single study,FA;ISO;MSD;RTAP;QIV;MD;RTOP;NG;AxD;RD;ODI;NDI;RTPP,MNI,linear modeling,no mention,associations between diffusion metrics and CSF markers of AD,yes,yes,yes,Alzheimers Disease
25431558,Fractional anisotropy of the fornix and hippocampal atrophy in Alzheimers disease,humans,Mild Cognitive Impairment;Alzheimer's disease,diffusion MRI,Fornix,,review,FA,,,decrease,Mild Cognitive Impairment and Alzheimer's disease,yes,yes,yes,Alzheimers Disease
26413203,AUTOMATED MULTI-ATLAS LABELING OF THE FORNIX AND ITS INTEGRITY IN ALZHEIMERS DISEASE,humans,Mild Cognitive Impairment;Cognitively normal elderly;Alzheimer's disease,diffusion MRI,Inferior Longitudinal Fasciculus;Fronto-Occipital Fasciculus;Corpus Callosum;Forceps Major;Cingulum;Fornix,Camino,single study,FA;MD,,regression;t-test,increase,Alzheimer's disease patients vs cognitively normal elderly,yes,yes,yes,Alzheimers Disease;Mild Cognitive Impairment
38712293,Microstructural Mapping of Neural Pathways in Alzheimers Disease using Macrostructure-Informed Normative Tractometry,humans,Mild Cognitive Impairment;Alzheimer's disease;Healthy controls,DTI;diffusion MRI,,FSL;DiPy,single study,AxD;FA;MD;RD,MNI,linear regression,increase,MCI and dementia vs controls,yes,yes,yes,Alzheimers Disease
22545143,Assessing Corpus Callosum Changes in Alzheimers Disease: Comparison between Tract-Based Spatial Statistics and Atlas-Based Tractography,humans,Alzheimer's disease;elderly healthy controls;amnestic Mild Cognitive Impairment,diffusion MRI,Corpus Callosum,FSL;SPM;Diffusion Toolkit,single study,FA,MNI,ANOVA,decrease,aMCI vs. HC;AD vs. aMCI;AD vs. HC,yes,yes,yes,Alzheimers Disease;Mild Cognitive Impairment
18593276,Brain Magnetic Resonance Imaging Structural Changes in a Pedigree of Asymptomatic Progranulin Mutation Carriers,humans,controls;asymptomatic PGRN mutation carriers,MRI;diffusion MRI,Arcuate Fasciculus;Left Inferior Occipitofrontal Fasciculus;Genus of Corpus Callosum;Left Uncinate Fasciculus,SPM2;BrainVisa,single study,FA,MNI,ANCOVA;t-test,decrease,asymptomatic PGRN mutation carriers vs controls,yes,yes,no,Frontotemporal Dementia
18246334,Diffusion abnormalities of the uncinate fasciculus in Alzheimers disease: diffusion tensor tract-specific analysis using a new method to measure the core of the tract,humans,Alzheimer's disease;Healthy controls,MRI;diffusion MRI,Uncinate Fasciculus,VOLUME-ONE;dTV II,single study,FA;MD,,t-test,decrease,Alzheimer's patients vs controls,yes,yes,yes,Alzheimers Disease
26836182,CSF markers of Alzheimers pathology and microglial activation are associated with altered white matter microstructure in asymptomatic adults at risk for Alzheimers disease,humans,asymptomatic adults at risk for Alzheimer's disease,T1-weighted imaging;diffusion MRI,Right Internal Capsule;Right Post-Central Gyrus White Matter;Left Precuneus;Right Corona Radiata;Left Anterior Internal Capsule;Right External Capsule,FSL;SPM,single study,FA;MD,,linear regression,no mention,neuroinflammation and neural damage in asymptomatic individuals at risk for Alzheimer's disease,yes,yes,no,Alzheimers Disease
23347602,Correlations between microstructural alterations and severity of cognitive deficiency in Alzheimers disease and mild cognitive impairment: a diffusional kurtosis imaging study,humans,Mild cognitive impairment;Alzheimer's disease,diffusion MRI,,FSL;SPSS,single study,FA;MD;RD;AD,,Mann-Whitney U test;Pearson's correlation,increase;decrease,AD patients vs MCI patients,yes,yes,yes,Alzheimers Disease;Mild Cognitive Impairment
25491469,Clinical Investigative Study The Uncinate Fasciculus as a Predictor of Conversion from aMCI to Alzheimer Disease,humans,amnestic mild cognitive impairment;Alzheimer's disease,Anatomical MRI;diffusion MRI,Uncinate Fasciculus,DTIStudio,single study,FA,,correlation;ANOVA;t-test,decrease,aMCI patients converting to AD vs aMCI patients remaining stable,yes,yes,yes,Alzheimers Disease
22685067,Relationship between apathy and diffusion tensor imaging metrics of the brain in Alzheimers disease,humans,Alzheimer's disease,diffusion MRI,Anterior Cingulate,DtiStudio;SPM5,single study,FA,,correlation,decrease,Apathy in Alzheimer's disease,yes,yes,yes,Alzheimers Disease
20164559,Diagnostic Utility of Novel MRI-Based Biomarkers for Alzheimers Disease: Diffusion Tensor Imaging and Deformation-Based Morphometry,humans,Alzheimer's disease;Healthy controls,Anatomical MRI;diffusion MRI,Corpus Callosum;(Anterior) Cingulum Bundle,FSL;SPM,single study,FA;MD,MNI,logistic regression;ANOVA,decrease,AD patients vs controls,yes,yes,yes,Alzheimers Disease
23586325,,humans,healthy controls;patients with ALS,DW-MRI;DTI;HARDI;diffusion MRI,Superior Longitudinal Fasciculus;Corpus Callosum;Uncinate Fasciculus;Anterior Thalamic Radiation;Anterior Cingulate;Inferior Fronto-Occipital Fasciculus;Corticospinal Tract;Fornix,FSL;SPM,single study,FA;MD;RD;AD,MNI,TBSS;GLM,decrease,ALS patients vs healthy controls,yes,yes,no,ALS
31747967,"Testing the therapeutic effects of transcranial direct current stimulation (tDCS) in semantic dementia: a double blind, sham controlled, randomized clinical trial",humans,semantic dementia,DTI;MRI;PET;fMRI,Corpus Callosum;Uncinate Fasciculus;Inferior Longitudinal Fasciculus,SPM,single study,FA;MD,MNI,ANOVA;t-test,no mention,semantic dementia patients vs healthy controls,yes,yes,yes,Semantic Variant Of Primary Progressive Aphasia
21816921,Altered Microstructure in Corticospinal Tract in Idiopathic Normal Pressure Hydrocephalus: Comparison with Alzheimer Disease and Parkinson Disease with Dementia,humans,Healthy controls;Alzheimer's disease;Idiopathic Normal Pressure Hydrocephalus;Parkinson Disease with Dementia,diffusion MRI,Corticospinal Tract,VOLUME-ONE;dTV II,single study,FA;radial eigenvalues;axial eigenvalues,,ANOVA,increase,iNPH patients vs AD and PDD patients vs controls,yes,yes,yes,Alzheimer Disease;Parkinson Disease;Idiopathic Normal Pressure Hydrocephalus
24657781,Multi-site study of additive genetic effects on fractional anisotropy of cerebral white matter: comparing meta and mega analytical approaches for data pooling,humans,,diffusion tensor imaging (DTI),,SOLAR-Eclipse;FSL,single study,FA,,ANOVA,,heritability of FA across diverse cohorts,yes,yes,no,
22768288,Sexual Dimorphism in Healthy Aging and Mild Cognitive Impairment: A DTI Study,humans,Mild cognitive impairment;Healthy controls,diffusion MRI,Superior Longitudinal Fasciculus;Corpus Callosum;Uncinate Fasciculus;Anterior Thalamic Radiation;Midcingulum Bundle;Forceps Major;Corticospinal Tract;Forceps Minor,FSL,single study,FA;MD;RD;AD,MNI,ANOVA,decrease,male MCI vs female MCI;male controls vs female controls,yes,yes,no,
31092880,"Food knowledge depends upon the integrity of both sensory and functional properties: a VBM, tBss and DtI tractography study",humans,primary progressive aphasia;frontotemporal dementia;healthy controls;Alzheimer's disease,MRI;diffusion MRI,Left Inferior Longitudinal Fasciculus;Left Arcuate Fasciculus;Right Cingulum;Corticospinal Tract;Inferior Frontotemporal Fasciculus;Anterior Corpus Callosum,SPM;FMRIB,single study,FA,MNI,correlation;ANOVA;t-test,decrease,Alzheimer's disease patients vs healthy controls;frontotemporal dementia patients vs healthy controls,yes,yes,yes,Alzheimers Disease;Frontotemporal Dementia
17633702,Incorporating DTI data as a Constraint in Deformation Tensor Morphometry Between T1 MR Images,humans,Alzheimer's disease,Anatomical MRI;diffusion MRI,,rview,single study,FA,,mutual information,increase,Alzheimer's disease tissue loss patterns,yes,yes,yes,Alzheimers Disease
22594996,Modeling the interactions of Alzheimer-related genes from the whole brain microarray data and diffusion tensor images of human brain,humans,Alzheimer's disease,fMRI;diffusion MRI,,FSL;BEDPOSTX,single study,FA;MD,MNI,probabilistic tractography,no mention,Alzheimer-related genes in fiber pathways,yes,yes,yes,Alzheimers Disease
24136984,"Relationship between cerebrospinal fluid flow, ventricles morphology, and DTI properties in internal capsules: differences between Alzheimers disease and normal-pressure hydrocephalus",humans,Normal-pressure hydrocephalus;Alzheimer's disease,3-Tesla MRI;diffusion MRI,Internal Capsule,FSL,single study,FA;ADC,,Mann-Whitney test;Spearmans rank correlation;Wilcoxons test,no mention,Alzheimer's disease vs Normal-pressure hydrocephalus,yes,yes,yes,Alzheimers Disease;Normal-pressure hydrocephalus
18975047,Diffusion abnormality in posterior cingulate fi ber tracts in Alzheimers disease: tract-specifi c analysis,humans,Alzheimer's disease;Healthy controls,DTI;diffusion MRI,Posterior Cingulate Fiber Tracts,VOLUME-ONE 1.72;dTV II,single study,FA;MD,,t-test,increase;decrease,Alzheimer's patients vs normal controls,yes,yes,yes,Alzheimers Disease
30440340,,humans,Early Mild Cognitive Impairment;Alzheimer's disease;Late Mild Cognitive Impairment;Healthy controls,diffusion MRI,,FSL,single study,FA;MD,,SVM,no mention,MCI vs controls;AD vs MCI;AD patients vs controls,yes,yes,yes,Alzheimers Disease;Mild Cognitive Impairment
20979788,An official website of the United States government Heres how you know . 2010 Aug;49(8):680-3. Multi-modality magnetic resonance imaging features of cognitive function in mild cognitive impairment Article in Chinese,humans,mild probable AD;amnestic MCI;cognitively normal controls,diffusion-tensor imaging;multi-modality MRI,,Optimized voxel-based morphometry,single study,FA;ADC,,correlation,no mention,mild cognitive impairment vs Alzheimer's disease vs controls,yes,yes,yes,Mild Cognitive Impairment;Alzheimers Disease
27714552,"Mapping Temporo-parietal and Temporo-occipital Corticocortical Connections of the Human Middle Longitudinal Fascicle in Subject-Specific, Probabilistic, and Stereotaxic Talairach Spaces",humans,healthy subjects,HARDI;diffusion MRI,Middle Longitudinal Fascicle,3D Slicer;FreeSurfer,single study,FA;RD;AD,Talairach;MNI,probabilistic mapping,no mention,connections of Middle Longitudinal Fasciculus,yes,yes,no,
22027780,An official website of the United States government Heres how you know,humans,Healthy controls;subcortical ischemic vascular disease,diffusion MRI,,,single study,FA;ADC,,,increase,subcortical ischemic vascular disease patients vs controls,yes,yes,no,Cerebral Small Vessel Disease
36440281,"Peak width of skeletonized mean diffusivity in cerebral amyloid angiopathy: Spatial signature, cognitive, and neuroimaging associations",humans,non-cSVD;Cerebral Amyloid Angiopathy;Arteriolosclerosis,diffusion MRI,,FSL;FreeSurfer,single study,FA;MD,MNI,linear regression;ANOVA,no mention,Cerebral Amyloid Angiopathy vs Arteriolosclerosis vs non-cSVD,yes,yes,no,Cerebral Amyloid Angiopathy
38854000,Longitudinal Assessment of Glymphatic Changes Following Mild Traumatic Brain Injury: Insights from PVS burden and DTI-ALPS Imaging,humans,mTBI patients;healthy controls;orthopedic control patients,T1-weighted MRI;T2-weighted MRI;diffusion MRI,,FSL;ANTs;FreeSurfer;MRtrix3,single study,ALPS,MNI,logistic regression;linear regression;t-test,increase,mTBI patients vs controls,yes,yes,no,Alzheimers Disease
32671621,The relationship of parental longevity with the aging brain-results from UK Biobank,humans,,DTI;MRI,Posterior Thalamic Radiation;Superior Thalamic Radiation;Uncinate Fasciculus;Anterior Thalamic Radiation,FSL,single study,MD,,linear regression,no mention,participants with parental longevity vs participants without parental longevity,yes,yes,no,
28293162,Ensemble Classification of Alzheimers Disease and Mild Cognitive Impairment Based on Complex Graph Measures from Diffusion Tensor Images,humans,Mild Cognitive Impairment;Alzheimer's disease;Healthy controls,diffusion MRI,,DSI Studio;SPM8,single study,FA,,t-test,,AD patients vs healthy controls;MCI patients vs healthy controls;AD patients vs MCI patients,yes,yes,yes,Alzheimers Disease;Mild Cognitive Impairment
31507085,1 C-PK11195 PET imaging and white matter changes in Parkinsons disease dementia,humans,Parkinson's disease dementia,PET;diffusion MRI,Corpus Callosum,FSL;FreeSurfer,single study,FA;MD;RD,Hammers atlas,regression,preservation,PDD subjects vs controls,yes,yes,yes,Parkinson'S Disease Dementia
29283048,Compensatory Shift of Subcallosal Area and Paraterminal Gyrus White Matter Parameters on DTI in Patients with Alzheimer Disease,humans,Alzheimer's disease;Healthy controls,diffusion MRI,Fornix,,single study,FA,,,decrease,Alzheimer's patients vs controls,yes,yes,yes,Alzheimers Disease
19847044,Diffusion tensor imaging in Alzheimers disease and mild cognitive impairment,humans,Mild Cognitive Impairment;Alzheimer's disease,DTI;structural MRI;diffusion MRI,Posterior Cingulum;Superior Longitudinal Fasciculus;Parahippocampal White Matter;Corpus Callosum;Uncinate Fasciculus,,single study,FA;MD,,,increase,Alzheimer's disease vs Mild Cognitive Impairment,yes,yes,yes,Alzheimers Disease;Mild Cognitive Impairment
26536311,White Matter Degeneration with aging: Longitudinal Diffusion MR Imaging Analysis 1,humans,community-dwelling participants without dementia,Anatomical MRI;diffusion MRI,Fornix;Corona radiata;Sensorimotor pathway;Global,FSL;ExploreDTI,single study,FA;MD,MNI,regression,decrease,aging,yes,yes,no,
24583036,DIFFUSION TENSOR IMAGING OF WHITE MATTER DEGENERATION IN ALZHEIMERS DISEASE AND MILD COGNITIVE IMPAIRMENT,humans,Mild Cognitive Impairment;Alzheimer's disease,diffusion tensor imaging,Superior Longitudinal Fasciculus;Corpus Callosum;Uncinate Fasciculus;Cingulum;Fornix,,review,DA;FA;MD;DR,,,increase,Alzheimer's disease vs Mild Cognitive Impairment vs controls,yes,yes,yes,Alzheimers Disease;Mild Cognitive Impairment
27938433,Deep microbleeds and periventricular white matter disintegrity are independent predictors of attentionexecutive dysfunction in non-dementia patients with small vessel disease,humans,vascular mild cognitive impairment (VaMCI);non-dementia SVD patients;no cognitive impairment (NCI),MRI;diffusion MRI,Periventricular White Matter;Centrum Semiovale,SPM,single study,MD,,regression,decrease,VaMCI patients vs NCI patients,yes,yes,no,Cerebral Small Vessel Disease
28066707,Longitudinal changes in microstructural white matter metrics in Alzheimers disease,humans,Alzheimer's disease;Healthy controls,diffusion MRI,Superior Longitudinal Fasciculus;Inferior Longitudinal Fasciculus;Corona Radiata;Corpus Callosum;External Capsule;Fronto-Occipital Fasciculus;Uncinate Fasciculus;Hippocampal Cingulum;Fornix;Tapetum;Posterior Thalamic Radiation;Internal Capsule,FSL,single study,FA;MD,FMRIB58_FA,TBSS;Randomise,decrease,Alzheimer's patients vs controls,yes,yes,yes,Alzheimers Disease
28234631,DTI measurements for Alzheimers classification,humans,Mild cognitive impairment;Alzheimer's disease;Healthy controls,diffusion MRI,Superior Longitudinal Fasciculus;Inferior Longitudinal Fasciculus;Anterior Corona Radiata;Uncinate Fasciculus;Inferior Fronto Occipital Fasciculus;Anterior Thalamic Radiation;Forceps Major;Cingulum;Corticospinal Tract;Fornix;Forceps Minor,FSL,single study,FA;MD,MNI,Wilcoxon rank sum test,decrease,Healthy controls vs Mild cognitive impairment;Healthy controls vs Alzheimer's disease,yes,yes,yes,Alzheimers Disease
39088212,ω-3 PUFA for Secondary Prevention of White Matter Lesions and Neuronal Integrity Breakdown in Older Adults A Randomized Clinical Trial,humans,older adults without dementia;APOE4 carriers,diffusion tensor imaging;magnetic resonance imaging,,FreeSurfer,single study,FA,,linear mixed-effects models,no mention,ω-3 treatment vs placebo for white matter lesions,yes,yes,no,Dementia
12975695,Diffusion MRI studies in vascular cognitive impairment and dementia Estudos de ressonância magnética funcional (imagens tensores de difusão) nos quadros de prejuízo cognitivo vasculares e demências,humans,vascular cognitive impairment;vascular dementia,DWI;DTI;diffusion MRI,,,single study,FA;MD,,,no mention,vascular dementia in elderly,yes,yes,yes,Dementia;Vascular Dementia
34891164,Hippocampus-and thalamus-related fiber-specific white matter reductions in mild cognitive impairment,humans,Mild Cognitive Impairment;Normal Control,DTI;T1-weighted MRI;diffusion MRI;resting-state functional MRI,Hippocampal fibers;Anterior limb of the internal capsule;Anterior thalamic radiation;Superior corona radiata;Inferior longitudinal fasciculus;Fornix;Supero-lateral medial forebrain bundle,SVM,single study,MD,,ranksum test,increase,MCI patients vs normal controls,yes,yes,no,
23179680,Patterns of White Matter Injury in HIV Infection after Partial Immune Reconstitution: A DTI Tract-Based Spatial Statistics Study,humans,HIV positive;healthy controls,DTI;diffusion MRI,Superior Longitudinal Fasciculus;Anterior Corona Radiata;Corpus Callosum;External Capsule;Bilateral Sagittal Stratum;Splenium of Corpus Callosum;Cingulum;Posterior Limb of Internal Capsule;Anterior Limb of Internal Capsule;Bilateral Superior Corona Radiata;Bilateral Posterior Thalamic Radiation;Posterior Corona Radiata,FSL,single study,FA;MD;RD;AD,MNI,logistic regression;permutation tests,increase,HIV positive individuals with severe immune suppression vs healthy controls,yes,yes,no,
37582307,Mixed longitudinal and cross-sectional analyses of deep gray matter and white matter using diffusion weighted images in premanifest and manifest Huntingtons disease,humans,Huntington's disease;Healthy controls,diffusion weighted MRI,Superior Longitudinal Fasciculus;Superior Corona Radiata;Corpus Callosum;Uncinate Fasciculus;Inferior Fronto-Occipital Fasciculus;Corticospinal Tract;Sagittal Stratum;Posterior Thalamic Radiation;Internal Capsule,MRICloud;DtiStudio,single study,FA;MD;RD;AD,,regression,decrease,Huntington's disease participants vs controls,yes,yes,no,Huntington's disease
35612774,Association of cerebral microvascular dysfunction and white matter injury in Alzheimers disease,humans,Alzheimer's disease,MRI;diffusion MRI,Prefrontal White Matter,ITK-snap,single study,FA;ADC,,correlation,decrease,Alzheimer's patients with microvascular brain injury vs controls,yes,yes,yes,Alzheimers Disease
35908307,Determining the OPTIMAL DTI analysis method for application in cerebral small vessel disease,humans,cerebral small vessel disease;healthy elderly community subjects;mild cognitive impairment,MRI;diffusion weighted MRI;diffusion MRI,,FSL;SPM,single study,FA;MD;RD;AD,MNI,logistic regression;linear regression;Cox proportional-hazard regression,no mention,different DTI analysis strategies comparison;predict future dementia risk in SVD,yes,yes,yes,Mild Cognitive Impairment;Cerebral Small Vessel Disease
26236629,White matter tract signatures of impaired social cognition in frontotemporal lobar degeneration,humans,behavioral variant frontotemporal dementia;healthy older individuals;semantic variant primary progressive aphasia,diffusion MRI,Inferior Longitudinal Fasciculus;Corpus Callosum;Uncinate Fasciculus;Anterior Thalamic Radiation;Cingulum Bundle;Fornix,FSL;SPM;Camino;TBSS,single study,TR;FA;RD;AX,MNI,ANOVA,decrease,bvFTD and svPPA patients vs healthy controls,yes,yes,yes,Behavioral Variant Frontotemporal Dementia;Semantic Variant Of Primary Progressive Aphasia
29084064,OPINION New insights into cerebral small vessel disease and vascular cognitive impairment from MRI,humans,patients with cerebral small vessel disease,MRI;diffusion MRI,,,review,CBF,,,,cerebral small vessel disease and cognitive impairment,yes,yes,yes,Vascular Cognitive Impairment;Cerebral Small Vessel Disease
33935073,Structural gray and white matter correlates of awareness in Alzheimers disease,humans,Alzheimer's disease,DTI;MRI,Anterior Cingulum;Right Forceps Minor;Right Superior Longitudinal Fasciculus;Right Anterior Thalamic Radiation;Right Inferior Fronto-Occipital Tract,FSL;ExploreDTI;FreeSurfer,single study,AxD;FA;MD;RD,Talairach,ANCOVA;voxel-wise correlation,decrease,awareness of disease in Alzheimer's patients,yes,yes,yes,Alzheimers Disease
23161191,Diffusion tensor imaging in Alzheimer disease and mild cognitive impairment Obrazowanie tensora dyfuzji u pacjentów z chorob¹ Alzheimera i ³agodnymi zaburzeniami poznawczymi,humans,Alzheimer's disease;mild cognitive impairment,diffusion tensor imaging;MRI,Superior Longitudinal Fasciculus;Inferior Longitudinal Fasciculus;Corpus Callosum;Uncinate Fasciculus;Cingulum;Fornix,FSL,review,FA;MD;RD;AD,,,decrease,AD vs controls;AD vs MCI,yes,yes,yes,Alzheimers Disease;Mild Cognitive Impairment
36854050,Local white matter abnormalities in Parkinsons disease with mild cognitive impairment: Assessed with neurite orientation dispersion and density imaging,humans,Parkinson's disease with normal cognition;Parkinson's disease with mild cognitive impairment;Healthy controls,diffusion MRI,Superior Longitudinal Fasciculus;Anterior Corona Radiata;Corpus Callosum;Uncinate Fasciculus;Inferior Fronto-Occipital Fasciculus;Cingulum Bundle;Thalamo-Frontal,FSL,single study,FA;MD;NDI;ODI,MNI,t-test;ROC analysis,decrease,Parkinson's disease with mild cognitive impairment vs Parkinson's disease with normal cognition vs healthy controls,yes,yes,no,Mild Cognitive Impairment
31306117,Relationships Between Diffusion Tensor Imaging and Cerebrospinal Fluid Metrics in Early Stages of the Alzheimers Disease Continuum,humans,Mild Cognitive Impairment;Alzheimer's disease;Cognitively normal,diffusion MRI,Superior Longitudinal Fasciculus;Inferior Longitudinal Fasciculus;Corpus Callosum;Uncinate Fasciculus;Cingulum;Fornix,,review,DA;FA;MD;RD,,,,Does the combination of CSF markers with DTI data yield more accurate prediction models of AD progression?;Are there reliable correlations between CSF and DTI indices?;Do combined studies of CSF and DTI metrics yield consistent group differences?;Are there relationships between DTI measures and behavior?,yes,yes,yes,Alzheimers Disease
25367029,White matter involvement in sporadic Creutzfeldt-Jakob disease,humans,healthy control subjects;sporadic Creutzfeldt-Jakob disease,diffusion tensor imaging;volumetric T 1 -weighted,Inferior Superior Longitudinal Fasciculus;Uncinate Fasciculus;Anterior Thalamic Radiations;Inferior Fronto-Occipital Fasciculus;Anterior Limb of the Internal Capsule;Corticospinal Tract;Fornix;Genu of the Corpus Callosum,FSL;FreeSurfer,single study,FA;MD;RD;AD,,t-test,decrease,sporadic Creutzfeldt-Jakob disease vs healthy controls,yes,yes,yes,Dementia
28222523,U n c o r r e c t e d A u t h o r P r o o f,humans,Down syndrome;Healthy controls,diffusion MRI,Frontal-subcortical circuits,SPM,single study,FA,,t-test,decrease,Down syndrome patients vs healthy controls,yes,yes,no,
28978655,Change in multimodal MRI markers predicts dementia risk in cerebral small vessel disease,humans,Cerebral small vessel disease,diffusion MRI,,MLwiN;SPSS,single study,MD,,linear mixed effect;discriminant analysis;Cox regression,increase,cerebral small vessel disease patients' MRI measures relationship with cognitive decline,yes,yes,yes,Dementia;Cerebral Small Vessel Disease
21971468,DTI Analyses and Clinical Applications in Alzheimers Disease,humans,Alzheimer's disease;Healthy controls,diffusion MRI,Fornix;Corpus Callosum;Cingulum Bundle,,single study,FA;MD,,,,AD patients vs controls,yes,yes,yes,Alzheimers Disease
25340651,Deep White Matter in Huntingtons Disease,humans,Pre-HD;Huntington's disease;Healthy controls,MRI;Diffusion Tensor Imaging,Superior Longitudinal Fasciculus;Inferior Longitudinal Fasciculus;Cingulate;Arcuate Fasciculus;Uncinate Fasciculus;Anterior Thalamic Radiation;Corpus Callosum;Corticospinal Tract;Inferior Occipital Fasciculus,FSL;TrackVis,single study,FA;RD;AD,,ANOVA;t-test,decrease,Pre-HD vs HD subjects;HD patients vs controls,yes,yes,no,
38365046,Cognitively healthy APOE44 carriers show white matter impairment associated with serum NfL and amyloid-PET,humans,APOE34;APOE33;APOE44,PET;Anatomical MRI;diffusion MRI,Corpus Callosum;Cingulum Bundle,FSL,single study,FA;MD;RD;AD,MNI,ANCOVA,increase,APOE44 carriers vs APOE34 and APOE33 carriers,yes,yes,no,Alzheimers Disease
26691551,White matter structure alterations in HIV-1-infected men with sustained suppression of viraemia on treatment,humans,HIV-infected men;HIV-uninfected controls,diffusion tensor imaging,Superior Longitudinal Fasciculus;Inferior Longitudinal Fasciculus;Uncinate Fasciculus;Anterior Thalamic Radiation;Forceps Major;Cingulum;Inferior Frontop-occipital Fasciculus;Corticospinal Tract;Forceps Minor,FSL;SPM,single study,FA;MD,,TBSS;linear regression;t-test,decrease,HIV-infected patients vs controls,yes,yes,no,
33032831,Cerebral microinfarcts disruption of remote cortical thickness,humans,,DWI;DTI;MRI,,FSL;FreeSurfer,single study,,,t-test,decrease,cerebral microinfarcts impact on cortical thickness,yes,yes,no,Vascular Cognitive Impairment;Cerebral Small Vessel Disease
30502079,NeuroImage: Clinical,humans,Alzheimer's disease;cognitively asymptomatic;mild cognitive impairment,DTI;diffusion weighted MRI,,FSL;DTI-TK;Camino,single study,FA;MD,IIT-DTI,multivariate general linear model;regression,decrease,relationship between neurofibrillary tangles and connectivity,yes,yes,yes,Alzheimers Disease
32925045,White Matter Changes on Diffusion Tensor Imaging in the FINGER Randomized Controlled Trial,humans,at-risk older individuals,diffusion MRI,Cingulum;Corpus Callosum;Anterior Commissure,FSL,single study,AxD;FA;MD;RD,FMRIB58,regression;ANOVA;t-test,decrease,intervention group vs control group,yes,yes,no,
33551234,Association of White Matter Integrity with Executive Function and Antidepressant Treatment Outcome in Patients with Late Life Depression,humans,patients with late life depression,diffusion MRI,Superior Longitudinal Fasciculus;Corpus Callosum;Uncinate Fasciculus;Anterior Thalamic Radiation;Cingulum;Corticospinal Tract,FSL,single study,FA;MD;RD;AD,,linear regression;permutation-based nonparametric inference,increase,white matter integrity and executive function in late life depression,yes,yes,no,
33454416,Proximity to dementia onset and multi-modal neuroimaging changes: The prevent-dementia study,humans,first-degree relatives of people with dementia,ASL;FLAIR;MR imaging;MPRAGE;DWI,Superior Longitudinal Fasciculus;Inferior Longitudinal Fasciculus;Corpus Callosum;Uncinate Fasciculus;Anterior Thalamic Radiation;Inferior Fronto-Occipital Fasciculus;Cingulum Bundle,FSL;SPM;Freesurfer,single study,FA;MD;RD,MNI,ANOVA;LME;SwE,decrease,EYO and white matter changes,yes,yes,no,
30659829,"White matter lesions, cerebral inflammation and cognitive function in a mouse model of cerebral hypoperfusion",mice,,diffusion MRI,,SPSS,single study,FA;MD,,ANOVA;t-test,decrease,BCAS mice vs control mice,yes,no,no,
19828477,A comparative analysis of cognitive profiles and white-matter alterations using voxel-based diffusion tensor imaging between patients with Parkinsons disease dementia and dementia with Lewy bodies,humans,Parkinson's disease dementia;dementia with Lewy bodies,diffusion tensor imaging,Superior Longitudinal Fasciculus;Visual Association Fibres;Posterior Cingulate Fibres;Corpus Callosum;Uncinate Fasciculus;Bilateral Insular White Matter;Cingulum Bundle;Corticospinal Tract;Anterior Commissure;Fornix;Bilateral Occipital White Matter;Bilateral Temporal White Matter,SPM,single study,FA,MNI,ANCOVA;t-test,decrease,Parkinson's disease dementia vs dementia with Lewy bodies,yes,yes,yes,
27624391,Diffusion imaging studies of Huntingtons disease: A meta-analysis,humans,pre-symptomatic HD;symptomatic HD;controls,diffusion MRI,Caudate;Corpus Callosum;Putamen;Globus Pallidus,CMA2;Comprehensive Meta-Analysis version2,review,FA;MD;RD;AD,,random effect models,increase,pre-symptomatic HD vs controls;symptomatic HD vs controls,yes,yes,no,Huntington's disease
21843379,Other magnetic resonance imaging techniques,humans,vascular dementia;mild cognitive impairment;dementia with Lewy bodies;frontotemporal dementia;healthy controls;Alzheimer's disease,functional MRI;diffusion tensor imaging,Superior Longitudinal Fasciculus;Posterior Cingulum;Inferior Longitudinal Fasciculus;Corpus Callosum;Uncinate Fasciculus;Anterior Cingulate,,review,FA;MD;RD;AD,,ANOVA,decrease,Alzheimer's patients vs healthy controls,yes,yes,yes,Alzheimers Disease;Dementia with Lewy Bodies;Mild Cognitive Impairment;Frontotemporal Dementia;Vascular Dementia
23919775,An official website of the United States government Heres how you know,,Alzheimer's disease,magnetic resonance elastography;diffusion tensor imaging;MRI;chemical shift imaging;magnetic resonance spectroscopy;arterial spin labeling;susceptibility weighted imaging;fMRI,,,review,,,,,,no,no,yes,Alzheimers Disease
19419776,Alzheimers disease (AD) and executive dysfunction. A case-control study on the significance of frontal white matter changes detected by diffusion tensor imaging (DTI),humans,Alzheimer's disease;Healthy controls,MRI;diffusion MRI,Deep Frontal White Matter,SPSS,single study,FA,,Spearman rank correlation;Mann-Whitney U-test,decrease,AD patients vs controls,yes,yes,yes,Alzheimers Disease
32924608,Degeneration of gray and white matter differs between hypometabolic and hypermetabolic brain regions in a patient with ALS-FTD: a longitudinal MRI 2 PET multimodal study,humans,ALS patients with frontotemporal lobe dementia,18F-FDG PET;MRI;diffusion tensor imaging,Corticospinal Tract,SPM;Freesurfer;ExploreDTI,single study,,MNI,graph theory-based network analysis,no mention,hypometabolic vs hypermetabolic brain regions in patients with ALS-FTD,yes,yes,yes,Frontotemporal Dementia
30063250,In Vivo Characterization of White Matter Pathology in Premanifest Huntingtons Disease,humans,premanifest Huntingtons disease;controls,NODDI;DTI;diffusion weighted MRI,Superior Longitudinal Fasciculus;Posterior Cingulum;Corona Radiata;Corpus Callosum;External Capsule;Uncinate Fasciculus;Middle Cerebellar Peduncle;Posterior Limb of Internal Capsule;Anterior Limb of Internal Capsule;Posterior Thalamic Radiation,FSL;DTI-TK;NODDI MATLAB toolbox,single study,FA;MD;RD;ODI;NDI;AD,,t-test,decrease,premanifest Huntingtons disease vs controls,yes,yes,no,Huntingtons Disease
39934085,Neuroimaging Findings in Nondemented Frail Individuals: A Systematic Review,,,DTI;MRI;PET;fMRI,,,review,FA;RD;AD,,,,,no,no,no,
29159043,NeuroImage: Clinical,humans,Alzheimer's disease;Down syndrome,DTI;sMRI;PET;FDG-PET;EEG,,,review,,,,,Down syndrome patients with Alzheimer's disease,yes,yes,yes,Alzheimers Disease
31030675,White Matter Damage in the Semantic Variant of Primary Progressive Aphasia,humans,semantic variant of primary progressive aphasia;Healthy controls,Anatomical MRI;diffusion MRI,Superior Longitudinal Fasciculus;External Capsule;Uncinate Fasciculus,FSL;FreeSurfer,single study,FA,,Wilcoxon rank-sum test,decrease,svPPA patients vs controls,yes,yes,yes,Primary Progressive Aphasia
33879062,White matter microstructure associations with episodic memory in adults with Down syndrome: a tract-based spatial statistics study,humans,adults with Down syndrome,diffusion MRI,Superior Longitudinal Fasciculus;Uncinate Fasciculus;Inferior Longitudinal Fasciculus;Cingulum,FSL;DiPy;Mrtrix,single study,FA;MD,,Pearson's r,decrease,associations of white matter integrity with episodic memory in adults with Down syndrome,yes,yes,no,Dementia
34332220,Age Affects White Matter Microstructure and Episodic Memory Across the Older Adult Lifespan,humans,oldest-old adults;younger-old adults,diffusion weighted MRI,Superior Longitudinal Fasciculus;Corpus Callosum;External Capsule;Uncinate Fasciculus;Inferior Sagittal Stratum;Hippocampal Cingulum;Corticospinal Tract;Fornix,FSL;AFNI,single study,FA;RD;AD,MNI,nonlinear regression;linear regression,decrease,age-related differences in white matter microstructure,yes,yes,no,
35568345,Free water diffusion MRI and executive function with a speed component in healthy aging,humans,Healthy controls,Anatomical MRI;diffusion MRI,"Fornix;Corpus Callosum (body prefrontal, body premotor, genu)",FSL;FreeSurfer,single study,FA;MD;RD;AD,,random forest regression;linear regression,no mention,executive function with a speed component in healthy aging,yes,yes,no,
30094168,NeuroImage: Clinical,humans,presymptomatic FTD mutation carriers;familial controls,diffusion tensor imaging;Anatomical MRI;resting-state functional MRI,,FSL;SPM,single study,FA;MD;RD,MNI,AUC,no mention,presymptomatic FTD mutation carriers vs controls,yes,yes,yes,Frontotemporal Dementia
32062565,NeuroImage: Clinical,humans,Mild cognitive impairment;Alzheimer's disease;Cognitively normal,diffusion weighted MRI;diffusion MRI,Fusiform White Matter;Superior Temporal White Matter;Hippocampal Cingulum;Cingulum;Parahippocampal Gyrus;Sagittal Stratum;Anterior Commissure;Fornix,FSL;MEGENA,single study,FA;MD;L1;RD;ODI,JHU-MNI SS Type-I Mori Atlas,correlation;principal component analysis,decrease,AD patients vs controls,yes,yes,yes,Alzheimer's Disease
29353280,Microstructure of Strategic White Matter Tracts and Cognition in Memory Clinic Patients with Vascular Brain Injury,humans,memory clinic patients;vascular brain injury,diffusion MRI,Left Corticospinal Tract;Right Superior Longitudinal Fasciculus;Left Uncinate Fasciculus,ExploreDTI;MeVisLab,single study,FA;MD,,linear regression;Bayesian network analysis,increase,cognitive functioning vs white matter microstructure,yes,yes,no,
38715429,Diabetes-related clinical and microstructural white matter changes in patients with Alzheimers disease,humans,Alzheimer's disease;Type-2 diabetes mellitus,diffusion MRI,Left Superior Longitudinal Fasciculus,FSL,single study,FA;MD,,linear regression,decrease,AD patients with T2DM vs AD patients without T2DM,yes,yes,yes,Alzheimers Disease
29054917,Longitudinal diffusion imaging across the C9orf72 clinical spectrum,humans,C9orf72 mutation carriers;Healthy controls,diffusion MRI,Superior Longitudinal Fasciculus;Corpus Callosum;Uncinate Fasciculus;Cingulum;Corticospinal Tract,FSL;TORTOISE;DTI Studio,single study,FA;MD,,ANCOVA;correlation;ANOVA,decrease,C9orf72 mutation carriers vs controls,yes,yes,no,
26116521,Simultaneous changes in grey matter volume and white matter fractional anisotropy in Alzheimers disease revealed by multimodal CCA and joint ICA,humans,Alzheimer's disease;Normal controls,diffusion tensor imaging;structural MRI,Superior Longitudinal Fasciculus;Corpus Callosum;Corona Radiata;Cingulum,FSL;SPM,single study,FA,MNI,t-test,decrease,Alzheimer's patients vs Normal controls,yes,yes,yes,Alzheimers Disease
32524428,Reproducible Evaluation of Diffusion MRI Features for Automatic Classification of Patients with Alzheimers Disease,humans,Mild Cognitive Impairment;Cognitively Normal;Alzheimer's disease,diffusion MRI,,FSL;Clinica;scikit-learn,single study,FA;MD,BIDS;MNI,ANOVA;SVM;Nested CV,increase,Cognitively normal vs Alzheimer's disease;sMCI vs pMCI;Cognitively normal vs Mild Cognitive Impairment,yes,yes,yes,Alzheimers Disease
34271425,Diffusion along perivascular spaces reveals evidence supportive of glymphatic function impairment in Parkinson disease,humans,essential tremor;Parkinson disease,MRI;diffusion MRI,,FSL,single study,ALPS-index,,Wilcoxon rank-sum test;GLM;Fisher exact test,no mention,Parkinson disease vs essential tremor,yes,yes,no,
30036759,Neurofilament relates to white matter microstructure in older adults,humans,early mild cognitive impairment;normal cognition;MCI,3T brain MRI;diffusion MRI,Anterior Corona Radiata;Superior Corona Radiata;Fusiform Gyrus;Inferior Fronto-Occipital Fasciculus;Posterior Thalamic Radiation;Striatum,FSL,single study,FA;mean diffusivity;axial diffusivity;radial diffusivity,,general linear models;correlation,decrease,NFL concentrations vs white matter microstructure across cognitive diagnoses,yes,yes,yes,Mild Cognitive Impairment;Alzheimers Disease
39160467,White matter structure and derived network properties are used to predict the progression from mild cognitive impairment of older adults to Alzheimers disease,humans,Mild Cognitive Impairment,DTI;diffusion MRI,Superior Longitudinal Fasciculus;Uncinate Fasciculus;Middle Cerebellar Peduncle;Cingulum Bundle;Fornix,FSL;DSI-studio,single study,FA;MD;RD;rAD,AAL2,logistic regression,no mention,MCI patients at high risk of progressing to Alzheimer's disease,yes,yes,yes,Alzheimers Disease
26239997,Cardiorespiratory fitness and white matter integrity in Alzheimers disease,humans,Alzheimer's disease,diffusion MRI,Inferior Fronto-Occipital Fasciculus;Cingulum,FSL,single study,FA;MD;RD;AD,MNI,correlation,increase,cardiorespiratory fitness in Alzheimer's disease,yes,yes,yes,Alzheimers Disease
35696810,Causal structure discovery identifies risk factors and early brain markers related to evolution of white matter hyperintensities,humans,cognitively unimpaired;dementia;mild cognitive impairment,diffusion MRI;FLAIR MRI,Superior Longitudinal Fasciculus;Inferior Temporal WM;Uncinate Fasciculus;Parahippocampal Cingulum;Splenium of the Corpus Callosum;Cingulum;Inferior Front-Occipital Fasciculus;Anterior Limb of the Internal Capsule;Body of the Corpus Callosum;Corticospinal Tract;Genu of the Corpus Callosum,dipy;SPM;R,single study,FA,JHU,regression;mediation analysis;ANOVA;t-test,decrease,midlife risk factors vs white matter hyperintensities,yes,yes,yes,
30264168,White matter involvement in young non-demented Downs syndrome subjects: a tract-based spatial statistic analysis,humans,Down syndrome;Healthy controls,diffusion MRI,Superior Longitudinal Fasciculus;Inferior Longitudinal Fasciculus;Uncinate Fasciculus;Anterior Thalamic Radiation;Cingulum;Inferior Fronto-Occipital Fasciculus;Corticospinal Tract,FSL,single study,FA;MD;RD;AD,MNI,t-test,decrease,Down syndrome subjects vs controls,yes,yes,no,
37957768,Divergent brain regional atrophy and associated fiber disruption in amnestic and non-amnestic MCI,humans,normal controls;aMCI;naMCI,DTI MRI;T1 MRI,Right Superior Longitudinal Fasciculus;Right Anterior Thalamic Radiation;Right Inferior Frontooccipital Fasciculus,SPM12;PANDA,single study,FA,MNI,correlation;mediation,no mention,aMCI vs naMCI,yes,yes,no,
27079832,"Longitudinal Assessment of Subcortical Gray Matter Volume, Cortical Thickness, and White Matter Integrity in HIV-Positive Patients",humans,HIV-positive patients,diffusion tensor imaging;T1 three-dimensional (3D) Gradient echo-weighted imaging,,FSL;FreeSurfer,single study,FA;MD;RD;AD,Talairach,paired samples t-test;permutation-based inference,no mention,longitudinal differences in white matter integrity in HIV-positive patients,yes,yes,no,
38100518,Free Water MR Imaging of White Matter Microstructural Changes is a Sensitive Marker of Amyloid Positivity in Alzheimers Disease,humans,MCI-p;cognitively healthy controls;MCI-n;AD patients,Aβ PET;diffusion MRI,,SVM,single study,FW;tissue radial diffusivity,,linear SVM;receiver operating characteristic curve analysis;Chi-squared test;one-way analysis of covariance;nonparametric permutation tests;partial Pearsons correlation;general linear regression analyses,no mention,Alzheimer's disease patients vs MCI patients vs controls,yes,yes,yes,Alzheimers Disease
30355607,Neurite density is reduced in the presymptomatic phase of C9orf72 disease,humans,presymptomatic C9orf72 mutation carriers;non-carriers,Anatomical MRI;diffusion MRI,Left Inferior Fronto-Occipital Fasciculus;Right Uncinate Fasciculus;Corticospinal Tract,NODDI Matlab toolbox;FreeSurfer,single study,FA;MD;FWF;RD;ODI;NDI;AD,JHU,linear mixed-effects models,decrease,C9orf72 carriers vs non-carriers,yes,yes,no,
22576896,Cerebral White Matter Disruption in Creutzfeldt-Jakob Disease,humans,Creutzfeldt-Jakob Disease;Healthy controls,diffusion MRI,External Capsule;Posterior Thalamic Radiation;Corticospinal Tract;Fornix;Internal Capsule,FSL,single study,FA;MD;RD;AD,MNI,t-test,decrease,CJD patients vs controls,yes,yes,yes,Dementia
26899784,Financial Literacy is Associated with White Matter Integrity in Old Age,humans,non-demented older adults,DTI;diffusion MRI,Superior Longitudinal Fasciculus;Cingulum Bundle,FSL,single study,FA,IIT Human Brain Atlas,linear regression,increase,financial literacy and white matter integrity,yes,yes,no,
21512742,White matter involvement in idiopathic normal pressure hydrocephalus: a voxel-based diffusion tensor imaging study,humans,idiopathic Parkinson's disease;Alzheimer's disease;idiopathic normal pressure hydrocephalus,MRI;diffusion MRI,Superior Longitudinal Fasciculus;Corona Radiata;Corpus Callosum;Frontal Subcortical White Matter;Anterior Limb of the Internal Capsule;Sagittal Stratum;Periventricular White Matter;Internal Capsule;Left Supplementary Motor Area,FSL;SPM,single study,FA;MD,,regression;correlation;ANOVA;t-test,increase,INPH patients vs Alzheimer's disease patients;INPH patients vs idiopathic Parkinson's disease patients,yes,yes,no,Dementia
32791876,Diffuse white matter loss in a transgenic rat model of cerebral amyloid angiopathy,rats,,MRI,,SPM12,single study,FA,,t-test,decrease,rTg-DI rats vs WT controls,yes,no,no,Cerebral Amyloid Angiopathy
28291839,Microstructural white matter alterations in preclinical Alzheimers disease detected using free water elimination diffusion tensor imaging,humans,late-middle-aged adults without dementia,diffusion weighted MRI;diffusion MRI,Fornix;Corpus Callosum;Cingulum,FSL;DTI-TK;Camino,single study,FA;MD,MNI,regression;correlation,no mention,preclinical AD pathology and white matter microstructure,yes,yes,yes,Alzheimers Disease
21152911,White Matter Hyperintensities and Changes in White Matter Integrity in Patients with Alzheimers Disease,humans,Alzheimer's disease;controls,diffusion tensor imaging,Posterior Cingulum;Bilateral Uncinate Fibers;Posterior Internal Capsule;Posterior Corpus Callosum;Anterior Internal Capsule;Fornix,FSL,single study,FA;MD;RD;AD,,ANOVA;ROC analysis,decrease,AD patients with severe WMHs vs AD patients with mild WMHs;AD patients with mild WMHs vs controls,yes,yes,yes,Alzheimers Disease
30429273,White matter abnormalities in the corpus callosum with cognitive impairment in Parkinson disease,humans,Parkinson disease;Healthy controls,Anatomical MRI;diffusion MRI,Corpus Callosum,FSL;DTI-TK,single study,FA;MD;RD;AD,IIT Human Brain Atlas,regression;ANOVA,increase,Parkinson disease patients with cognitive impairment vs healthy controls,yes,yes,yes,Dementia
36048971,White matter integrity and key structures affected in Alzheimers disease characterized by diffusion tensor imaging,humans,healthy controls;Alzheimer's disease,diffusion tensor imaging;functional MRI,Corpus Callosum;Uncinate Fasciculus;Cingulum;Posterior Thalamic Radiation;Inferior Fronto-Occipital Fasciculus;Sagittal Stratum;Fornix,SAS,single study,AxD;FA;MD;RD,,multivariable general linear model;t-test,increase,AD patients vs controls,yes,yes,yes,Alzheimers Disease
23432714,Diffusion Tensor Imaging to Determine Effects of Antidementive Treatment on Cerebral Structural Connectivity in Alzheimers Disease,humans,Alzheimer's disease,diffusion MRI,,SPM,review,FA;MD,MNI,ANOVA,decrease,effects of antidementive treatment on structural connectivity in Alzheimer's disease,yes,yes,yes,Alzheimers Disease
36063346,Multi-modality MRI for Alzheimers disease detection using deep learning,humans,Mild cognitive impairment;Alzheimer's disease;Cognitively normal,structural MRI;diffusion MRI,Mean Diffusivity;Fractional Anisotropy,FSL;SPM,single study,FA;MD,,accuracy,increase,Alzheimer's patients vs cognitively normal;Alzheimer's patients vs mild cognitive impairment;mild cognitive impairment vs cognitively normal,yes,yes,yes,Alzheimers Disease
21182970,DTI measures in crossing-fibre areas: Increased diffusion anisotropy reveals early white matter alteration in MCI and mild Alzheimers disease,humans,Mild Cognitive Impairment;Alzheimer's disease;Healthy controls,diffusion weighted MRI;diffusion MRI,Superior Longitudinal Fasciculus;Corpus Callosum;Uncinate Fasciculus;Cingulum Bundle;Corticospinal Tract;Anterior Commissure,FSL,single study,FA;MD;MO,MNI,F-test,increase,AD patients vs Healthy controls;MCI patients vs Healthy controls,yes,yes,yes,Alzheimers Disease
31279793,Behavioural Brain Research,humans,Healthy controls,DTI;diffusion MRI,Left Superior Longitudinal Fasciculus;Left Anterior Thalamic Radiation;Left Inferior Longitudinal Fasciculus;Left Forceps Major;Left Uncinate Fasciculus;Left Inferior Fronto-Occipital Fasciculus;Left Anterior Corona Radiata,FSL,single study,FA;MD,MNI,t-test,decrease,Healthy sedentary older adults before and after aerobic exercise intervention,yes,yes,no,
28108320,Modulation on brain gray matter activity and white matter integrity by APOE 4 risk gene in cognitively intact elderly: A multimodal neuroimaging study,humans,APOE 4 non-carriers;APOE 4 carriers;cognitively intact elderly,DTI;MRI;fMRI,Corona Radiata;Corpus Callosum,PANDA;DPABI;FSL;REST;SPM,single study,FA;MD;RD;AD,MNI,t-test,decrease,APOE 4 carriers vs non-carriers,yes,yes,no,
34581847,F-florbetapir PET as a marker of myelin integrity across the Alzheimers disease spectrum,humans,Alzheimer's disease;cognitively impaired subjects;cognitively normal;non-AD amnestic patients,diffusion tensor imaging;MRI;PET,,SPM,single study,FA,MNI,linear regression;paired t tests;linear mixed models,decrease,cognitively impaired vs cognitively normal;AD continuum,yes,yes,yes,Alzheimers Disease
26923015,White Matter Abnormalities Track Disease Progression in PSEN1 Autosomal Dominant Alzheimers Disease,humans,symptomatic (SMC);PSEN1 mutation carriers;asymptomatic (AMC);non-carriers (NC),MRI;diffusion MRI,Superior Longitudinal Fasciculus;Inferior Longitudinal Fasciculus;Anterior Corona Radiata;Corpus Callosum;Uncinate Fasciculus;Anterior Thalamic Radiation;Splenium of Corpus Callosum;Forceps Major;Cingulum;Posterior Thalamic Radiation;Inferior Fronto-Occipital Fasciculus;Fornix;Forceps Minor,FSL;SPM12,single study,AxD;FA;MD;RD,MNI,linear regression;t-test,decrease,symptomatic vs non-carriers;PSEN1 mutation carriers vs non-carriers,yes,yes,yes,Alzheimers Disease
34961443,White Matter Microstructure is Associated with Serum Clusterin and Everyday Functioning in a Sample of Nondemented Older Adults,humans,nondemented older adults,MRI,Superior Longitudinal Fasciculus;Posterior Internal Capsule;External Capsule;Posterior Thalamic Radiation;Anterior Internal Capsule,,single study,FA,,multiple linear regression,decrease,associations between serum clusterin and white matter microstructure,yes,yes,no,
27384985,Quantitative T2 mapping of white matter: applications for ageing and cognitive decline,humans,Mild Cognitive Impairment;Alzheimer's disease;Healthy controls,MRI;diffusion MRI,Temporal part of superior longitudinal fasciculus;Inferior fronto-occipital fasciculus;Anterior thalamic radius;Forceps minor;Inferior longitudinal fasciculus;Corticospinal Tract;Superior longitudinal fasciculus,FSL;SPM,single study,AxD;FA;MD;RD,,ANCOVA,increase,Alzheimer's disease patients vs Mild Cognitive Impairment vs Healthy controls,yes,yes,yes,Alzheimers Disease;Mild Cognitive Impairment
39294052,"Integrative MR Imaging Interpretation in Cognitive Impairment with Alzheimers Disease, Small Vessel Disease, and Glymphatic Function-Related MR Parameters",humans,patients with cognitive impairment,DTI;MRI;FLAIR;T2WI;susceptibility-weighted imaging;3D-T1WI,,Neurophet AQUA,single study,ALPS,,logistic regression;Chi-square automatic interaction detection,no mention,cognitive impairment stages prediction,yes,yes,yes,Alzheimers Disease;Cerebral Small Vessel Disease
34775867,White matter damage due to pulsatile versus steady blood pressure differs by vascular territory: A cross-sectional analysis of the UK Biobank cohort study,humans,middle-aged community-based individuals,dMRI;diffusion MRI,Pontine Crossing Tract;Inferior Cerebellar Peduncle;Medial Lemniscus;Corona Radiata;Corpus Callosum;Anterior Cingulum Bundle;Splenium of the Corpus Callosum;Middle Cerebellar Peduncle;Corticospinal Tract;Cerebral Peduncle;Superior Cerebellar Peduncle,FSL;AMICO,single study,FA;MD;OD;ICVF;ISOVF,JHU ICBM-DTI-81,general linear models;mixed-effect linear models,increase,blood pressure and white matter injury,yes,yes,no,
22700749,FLAIR and Diffusion MRI Signals Are Independent Predictors of White Matter Hyperintensities,humans,cognitively healthy;Alzheimer's disease;mild cognitive impairment,DTI;FLAIR,,R,single study,FA,MDT,logistic regression,decrease,baseline normal-appearing WM voxels risk for conversion to WMH,yes,yes,yes,Alzheimers Disease;Mild Cognitive Impairment
24448846,White matter integrity and cognition in Parkinsons disease: a cross-sectional study,humans,healthy elderly normal controls;patients with mild cognitive impairment due to incipient Alzheimer's disease;non-demented Parkinson's disease,diffusion MRI,Corpus Callosum;Cingulum Bundle,FSL,single study,FA;DR,MNI,ANOVA,decrease,non-demented Parkinson's patients vs controls,yes,yes,no,Alzheimers Disease;Dementia
39214853,Temporal dynamics of white and gray matter plasticity during motor skill acquisition: a comparative diffusion tensor imaging and multiparametric mapping analysis,humans,Healthy controls,diffusion MRI;multiparametric mapping MRI,Corticospinal Tract,SPM;MATLAB,single study,FA;MD;RD;AD,MNI,general linear model;Wilcoxon rank-sum test;t-test,increase,motor training effects on brain structure,yes,yes,no,
25610761,Increased cortical curvature reflects white matter atrophy in individual patients with early multiple sclerosis,humans,patients with early and advanced relapsing-remitting MS;patients with Alzheimers disease;patients with clinically isolated syndrome;age-matched control subjects,Anatomical MRI;diffusion weighted MRI,Corpus Callosum,FreeSurfer;STATISTICA,single study,FA,MNI,ANOVA;t-test;discriminant function analysis,decrease,multiple sclerosis patients vs control subjects;multiple sclerosis patients vs Alzheimers disease,yes,yes,yes,Alzheimers Disease
26443926,Neuropsychiatry and White Matter Microstructure in Huntingtons Disease,humans,premanifest HD;Huntington's disease,diffusion MRI,Superior Longitudinal Fasciculus;Inferior Longitudinal Fasciculus;Anterior Corona Radiata;Right Internal Capsule;Superior Corona Radiata;Corpus Callosum;Left Posterior Thalamic Radiation;Inferior Fronto-Occipital Fasciculus;Fornix;Posterior Corona Radiata,FSL,single study,FA;MD,,regression,decrease,neuropsychiatric symptoms in Huntington's disease,yes,yes,no,Dementia
29158187,White Matter Structural Integrity and Trans-Cranial Doppler Blood Flow Pulsatility in Normal Aging,humans,,MRI;diffusion MRI,Superior Longitudinal Fasciculus;Basilar Artery;Vertebral Artery;Posterior Cerebral Artery;Anterior Cerebral Artery;Middle Cerebral Artery;Corticospinal Tract,FSL;FreeSurfer,single study,FA,,t-test,decrease,elevated PI related to lower FA in elderly,yes,yes,no,
19376246,White matter abnormalities revealed by diffusion tensor imaging in non-demented and demented HIV patients,humans,Non-demented HIV patients;HIV Associated Dementia;Healthy controls,diffusion tensor imaging;T1-weighted MRI,Corona Radiata;Corpus Callosum;Optic Radiation;External Capsule;Occipital White Matter;Frontal White Matter;Parietal White Matter;Internal Capsule;Temporal White Matter,FSL;SPM,single study,FA;MD;RD;AD,,Mann-Whitney U test;Kruskal-Wallis test,decrease,HAD patients vs HND patients,yes,yes,yes,Dementia
24330534,The Role of Diffusion Tensor Imaging in Detecting Microstructural Changes in Prodromal Alzheimers Disease,humans,Mild Cognitive Impairment;Prodromal Alzheimer's Disease,diffusion MRI,Posterior Cingulum;Anterior Cingulum;Inferior Longitudinal Fasciculus;Corpus Callosum;Cingulum;Fornix,FSL;SPM,single study,FA;MD,,regression,decrease,Prodromal Alzheimer's Disease vs Mild Cognitive Impairment,yes,yes,yes,Prodromal Alzheimers Disease
29226864,Cardiorespiratory Fitness and White Matter Neuronal Fiber Integrity in Mild Cognitive Impairment,humans,amnestic MCI;cognitively normal older adults,diffusion MRI,Superior Longitudinal Fasciculus;Corpus Callosum;Uncinate Fasciculus;Cingulum,FSL;FreeSurfer,single study,AxD;FA;MD;RD,JHU-ICBM-FA,independent t-test;multiple linear regression;partial correlation,no mention,MCI patients vs cognitively normal older adults,yes,yes,no,
26484929,Divergent Longitudinal Propagation of White Matter Degradation in Logopenic and Semantic Variants of Primary Progressive Aphasia,humans,logopenic variant of primary progressive aphasia;healthy controls;semantic variant of primary progressive aphasia,diffusion weighted MRI,Superior Longitudinal Fasciculus;Corpus Callosum;Uncinate Fasciculus;Inferior Longitudinal Fasciculus,TBSS;DTI-TK,single study,FA,,t-test;Mann-Whitney tests;Wilcoxon tests;ANOVA;Kruskal-Wallis test,decrease,logopenic variant vs semantic variant,yes,yes,yes,Alzheimers Disease;Frontotemporal Dementia
34888964,Microstructural changes in prodromal dementia with Lewy bodies compared to normal ageing: Multiparametric quantitative MRI evidences,humans,Healthy elderly;Dementia with Lewy bodies,diffusion MRI;quantitative MRI,Cingulum-Cingulate Gyrus Bundle;Inferior Longitudinal Fasciculus;Right Anterior Thalamic Radiation,SPM12;MRtrix3,single study,AxD;FA;MD;RD,,voxel-based analysis;multivariate analysis,decrease,DLB patients vs healthy elderly,yes,yes,yes,Lewy Body Dementia
39793681,A systematic review of diffusion tensor imaging and tractography in dementia with Lewy bodies and Parkinsons disease dementia,humans,Parkinson's disease without cognitive impairment;Parkinson's Disease Dementia;Dementia with Lewy Bodies;Healthy controls,diffusion tensor imaging;tractography,,FSL,review,FA;MD;RD;axD,MNI,narrative synthesis,no mention,PDD vs controls;DLB and PDD vs healthy controls;DLB vs AD,yes,yes,yes,Lewy Body Dementia
35942744,Coupling analysis between functional and structural brain networks in Alzheimers disease,humans,Alzheimer's disease;Mild cognitive impairment;Healthy controls,diffusion tensor imaging;fMRI,,GRETNA;DPARSF;PANDA;SPSS,single study,FA,MNI,ANOVA;t-test;Pearsons correlation,no mention,MCI vs AD vs Healthy controls,yes,yes,yes,Alzheimers Disease
35850650,Application of Diffusion Tensor Imaging Based on Automatic Fiber Quantification in Alzheimers Disease,humans,Alzheimer's disease;Healthy controls,diffusion MRI,Superior Longitudinal Fasciculus;Uncinate Fasciculus;Cingulum,,single study,FA;MD,,logistic regression,increase,Alzheimer's patients vs healthy controls,yes,yes,yes,Alzheimers Disease
31585367,Tracking white matter degeneration in asymptomatic and symptomatic MAPT mutation carriers,humans,MAPT mutation carriers;noncarriers,diffusion MRI,Superior Frontal WM;Gyrus Rectus WM;Anterior Corona Radiata;Superior Corona Radiata;Corpus Callosum;Uncinate Fasciculus;Internal Capsule Anterior Limb;Middle Temporal WM;Entorhinal WM;Inferior Temporal WM;Cingulum;Medial and Lateral Fronto-Orbital WM;Inferior Fronto-Occipital Fasciculus;Fornix;Superior Temporal WM,DIPY;ANTs-SyN,single study,FA;MD,JHU,logistic mixed effect models;multiple linear regression;linear mixed effect models,increase;decrease,symptomatic MAPT mutation carriers vs noncarriers;asymptomatic MAPT mutation carriers vs noncarriers,yes,yes,yes,Dementia;Behavioral Variant Frontotemporal Dementia
37670319,Orphanet Journal of Rare Diseases,humans,Phelan-McDermid syndrome,T1-weighted imaging;diffusion tensor imaging,Corticospinal Tract;Cingulum,SPM;TIFT,single study,FA,MNI,correlation,decrease,Phelan-McDermid syndrome patients' biomarkers and brain integrity,yes,yes,no,
39132759,Leptin bioavailability and markers of brain atrophy and vascular injury in the middle age,humans,cognitively healthy middle-aged adults,MRI;diffusion MRI,,FSL,single study,PSMD;FA;FW,,regression,increase,leptin markers and their association with cognitive function and MRI measures,yes,yes,no,
24282593,Associations between White Matter Microstructure and Cognitive Performance in Old and Very Old Age,humans,elderly persons;old-old,diffusion MRI;magnetic resonance imaging,Superior Longitudinal Fasciculus;Cingulum to hippocampus;Forceps Major;Inferior Fronto-Occipital Fasciculus;Corticospinal Tract;Cingulate gyrus part of cingulum;Forceps Minor,FSL;AMOS,single study,FA;MD,,structural equation modeling,decrease,associations between white matter microstructure and cognitive performance in elderly persons,yes,yes,no,
24838230,Cognitive impairments associated with periventricular white matter hyperintensities are mediated by cortical atrophy,humans,stroke-and dementia-free subjects with PWMHs;healthy control subjects,MRI;diffusion MRI,,SPSS,single study,FA,,regression;t-test,decrease,subjects with PWMHs vs healthy controls,yes,yes,no,
38796858,Loss of white matter integrity mediates the association between cortical cerebral microinfarcts and cognitive dysfunction: A longitudinal study,humans,cognitive impairment no dementia;no cognitive impairment,Anatomical MRI;diffusion MRI,,FMRIBs Diffusion Toolbox,single study,FA;MD,,regression;linear mixed-effect models,decrease,cortical CMIs vs cognitive function,yes,yes,no,Cerebral Small Vessel Disease
32814228,"Diffusion imaging in dementia with Lewy bodies: Associations with amyloid burden, atrophy, vascular factors and clinical features",humans,dementia with Lewy bodies;Alzheimer's disease;Healthy controls,PET;Anatomical MRI;diffusion MRI,Superior Longitudinal Fasciculus;Corona Radiata;Corpus Callosum;Sagittal Stratum;Fornix;Internal Capsule,FSL;SPM,single study,FA;MD,,ANOVA;t-test,decrease,dementia with Lewy bodies vs Alzheimer’s disease vs controls,yes,yes,yes,Lewy Body Dementia
29276677,NeuroImage: Clinical,humans,hypertensive patients with subjective memory complaints,diffusion MRI;FDG-PET,,SPM;FreeSurfer,single study,ADC,MNI,correlation;t-test,no mention,variations in white brain matter and grey matter metabolism,yes,yes,no,
23839862,In Vivo Parahippocampal White Matter Pathology as a Biomarker of Disease Progression to Alzheimers Disease,humans,Mild Cognitive Impairment;Alzheimer's disease;No Cognitive Impairment,diffusion MRI,Parahippocampal White Matter,FMRIB Diffusion Toolbox,single study,FA;MD;RD,,discriminant analysis;Shapiro-Wilks test;Hotelling T2 test,decrease,MCI subjects risk of converting to AD,yes,yes,yes,Alzheimers Disease
32310161,Structural Brain Changes in Pre-Clinical FTD MAPT Mutation Carriers,humans,MAPT mutation carriers;controls,DTI;MRI;FLAIR,,FSL;FreeSurfer,single study,FA,,Wilcoxon test,no mention,MAPT mutation carriers vs controls,yes,yes,no,
37284868,Presumed periventricular venous infarction on magnetic resonance imaging and its association with increased white matter edema in CADASIL,humans,CADASIL,Magnetic resonance imaging,,SPM;BCBtoolkit;FreeSurfer,single study,FA;MD;FW,MNI,Mann-Whitney U test;t-test;Pearson's correlation;linear mixed-effects models,increase,PPVI patients vs non-PPVI patients,yes,yes,no,Cerebral Small Vessel Disease
32170607,White matter changes from mild cognitive impairment to Alzheimers disease: a meta-analysis,humans,Mild cognitive impairment;Alzheimer's disease,DTI,Superior Longitudinal Fasciculus;Inferior Longitudinal Fasciculus;Corpus Callosum;Uncinate Fasciculus;Inferior Fronto-Occipital Fasciculus;Cingulum Bundle;Fornix,STATA,review,FA,,standardized mean difference,decrease,MCI patients vs AD patients,yes,yes,yes,Alzheimers Disease
29236820,Integrity of white matter structure is related to episodic memory performance in the low-educated elderly Memória e integridade da substância branca em idosos de baixa escolaridade,humans,cognitively healthy;cognitive impairment-no dementia,MRI;diffusion MRI,Superior Longitudinal Fasciculus;Posterior Cingulum;Anterior Cingulum;Inferior Longitudinal Fasciculus;Uncinate Fasciculus;Hippocampal Part of the Cingulum;Dorsal Cingulum Bundle,FSL,single study,FA;MD,MNI,multiple regression,no mention,low-educated elderly vs cognitive performance,yes,yes,no,
38538220,Association of Retinal Nerve Fiber Layer Thickness with Brain Microstructural Changes in Participants with White Matter Hyperintensities,humans,Older adults with WMH;Healthy controls,optical coherence tomography;MRI;diffusion MRI,Superior Longitudinal Fasciculus;Corpus Callosum,FSL,single study,FA,MNI,correlation;t-test,decrease,Older adults with WMH vs Healthy controls,yes,yes,no,
33067382,"Normalization of Cerebral Blood Flow, Neurochemicals, and White Matter Integrity after Kidney Transplantation",humans,patients with ESKD;healthy controls,Magnetic Resonance Spectroscopic Imaging;Arterial Spin Labeling;Diffusion Tensor Imaging,,SAS;R Studio,single study,FA;MD,,linear mixed model;ANOVA;t-test,decrease,patients with ESKD vs healthy controls,yes,yes,no,
35226303,Plasma neurofilament light levels correlate with white matter damage prior to Alzheimers disease: results from ADNI,humans,mild cognitive impairment,DTI;MRI,Fronto-Occipital Fasciculus;Corpus Callosum;Uncinate Fasciculus;Corona Radiata;Hippocampal Cingulum;Cingulum;Thalamic Radiation;Fornix;Internal Capsule,FSL;SPSS,single study,AxD;FA;MD;RD,MNI,linear regression,increase;decrease,plasma NFL levels and white matter microstructure in MCI patients,yes,yes,no,Mild Cognitive Impairment
32898610,Diffusion Tensor ImagingeBased Analysis of Baseline Neurocognitive Function and Posttreatment White Matter Changes in Pediatric Patients With Craniopharyngioma Treated With Surgery and Proton Therapy,humans,pediatric patients with craniopharyngioma,diffusion MRI;anatomical MRI,Corona Radiata;Corpus Callosum;External Capsule;Cingulum Bundle;Corticospinal Tract;Cerebral Peduncle;Internal Capsule,FSL;Brain Connectivity Toolbox;Diffusion Toolkit,single study,FA,MNI,ANCOVA;GEE;TBSS,decrease,baseline performance vs below average performance,yes,yes,no,
25497085,Longitudinal change in white matter microstructure in Huntingtons disease: The IMAGE-HD study,humans,Huntingtons disease;controls,diffusion MRI,Corpus Callosum;Cingulum,FSL;DTI-TK,single study,FA;RD;AD,ICBM-152,regression;t-test,decrease,symptomatic HD vs controls;premanifest HD vs controls,yes,yes,no,
25374100,Effects of Amyloid and Small Vessel Disease on White Matter Network Disruption,humans,subcortical vascular dementia;probable AD dementia;amnestic mild cognitive impairment;subcortical vascular MCI,MRI;PET;diffusion MRI,,FSL;SPM,single study,FA;MD,MNI,multiple linear regression,decrease,amyloid and SVD burdens vs cognitive impairment,yes,yes,yes,Dementia;Alzheimers Disease
26335798,Robust MR-based approaches to quantifying white matter structure and structurefunction alterations in Huntingtons disease,humans,Huntington's disease;Healthy controls,diffusion MRI,Corpus Callosum,Explore DTI,single study,FA;MD;RD;AD,,t-test,decrease,Huntington's disease patients vs controls,yes,yes,no,Dementia
37656372,,humans,Mild Cognitive Impairment;Healthy controls,diffusion MRI,Superior Longitudinal Fasciculus;Corpus Callosum;Inferior Longitudinal Fasciculus;Corticospinal Tract,SDM,single study,FA;MD;RD;AD,Talairach;MNI,meta-regression,decrease,MCI patients vs healthy controls,yes,yes,yes,Mild Cognitive Impairment
21700790,Differential Diagnosis of Idiopathic Normal Pressure Hydrocephalus from Other Dementias Using Diffusion Tensor Imaging,humans,subcortical vascular dementia;healthy controls;Alzheimer's disease;Idiopathic Normal Pressure Hydrocephalus,diffusion tensor imaging;MR imaging,Superior Longitudinal Fasciculus;Inferior Longitudinal Fasciculus;Corpus Callosum;Posterior Limb of the Internal Capsule;Anterior Limb of the Internal Capsule;Periventricular White Matter,DTIStudio,single study,FA;MD,,ANOVA;Wilcoxon signed rank test,increase,Idiopathic Normal Pressure Hydrocephalus vs Alzheimer's disease vs subcortical vascular dementia vs healthy controls,yes,yes,yes,subcortical vascular dementia;Alzheimer's Disease;Idiopathic Normal Pressure Hydrocephalus
30549156,"Regional multimodal relationships between tau, hypometabolism, atrophy, and fractional anisotropy in atypical Alzheimers disease",humans,atypical AD,DTI;MRI;FDG-PET;tau-PET;Aβ-PET,Posterior Thalamic Radiation;Right Sagittal Striatum;Splenium of the Corpus Callosum;Cingulum,ANTs;SPM12,single study,FA,MCALT,correlation;SCCA,decrease,atypical AD patients' neurodegeneration correlations,yes,yes,yes,Alzheimers Disease
34019710,"The relationship between white matter microstructure, cardiovascular fitness, gross motor skills, and neurocognitive functioning in children",humans,healthy children,diffusion tensor imaging,Corpus Callosum;Posterior Corona Radiata,FSL,single study,FA;RD;AD,MNI,linear regression;spatial regression,increase,cardiovascular fitness and motor skills vs neurocognitive functioning,yes,yes,no,
31214916,Clinical and neuroimaging correlates of cognition in HIV,humans,HIV-positive;HIV-negative,diffusion tensor imaging;magnetic resonance imaging,Corona Radiata;Corpus Callosum;Internal Capsule;Posterior Thalamic Radiation,FSL;SPM,single study,FA;MD,MNI,regression;ANOVA,increase;decrease,HIV-positive participants vs controls,yes,yes,no,
32065792,Cerebellar White Matter Disruption in Alzheimers Disease Patients: A Diffusion Tensor Imaging Study,humans,Alzheimer's disease;Healthy subjects,diffusion MRI,Middle Cerebellar Peduncle;Superior Cerebellar Peduncle Right;Superior Cerebellar Peduncle Left,,single study,FA;MD;RD;Dax,,,decrease,Alzheimer's patients vs healthy subjects,yes,yes,yes,Alzheimers Disease
24319654,White matter tract integrity metrics reflect the vulnerability of late-myelinating tracts in Alzheimers disease,humans,amnestic mild cognitive impairment;normal control;Alzheimer's disease,diffusional kurtosis imaging;diffusion MRI,Superior Longitudinal Fasciculus;Posterior Limb of the Internal Capsule;Inferior Longitudinal Fasciculus;Cerebral Peduncles,FSL;DKE,single study,FA;MD;RD;AD,MNI,correlation;ANOVA,decrease,AD vs aMCI;AD patients vs controls;aMCI vs controls,yes,yes,yes,Alzheimers Disease
33635906,Retrospective study of late radiation-induced damages after focal radiotherapy for childhood brain tumors,humans,children with malignant brain tumor,diffusion MRI,Insula;Cingulum,3D Slicer;TORTOISE,single study,FA;MD;RD;AD,,Kruskal Wallis test;Spearman correlation coefficient,no mention,low RT doses associated with cognitive impairment,yes,yes,no,
35073256,Impact of long-and short-range fibre depletion on the cognitive deficits of fronto-temporal dementia,humans,Semantic Variant of Primary Progressive Aphasia;Behavioral Variant Frontotemporal Dementia;Progressive Non-fluent Aphasia;Healthy controls,MRI;diffusion MRI,Superior Longitudinal Fasciculus;Inferior Longitudinal Fasciculus;Superior Corona Radiata;Corpus Callosum;Uncinate Fasciculus;Cingulum;Inferior Frontotemporal Fasciculus;Aslant Tract,SPM;MRtrix3,single study,FD;FC,MNI,network-based statistical enhancement method;maximum likelihood common factor analysis,decrease,Semantic and executive function deficits in FTD patients,yes,yes,yes,Frontotemporal Dementia
26539011,Gray and White Matter Degenerations in Subjective Memory Impairment: Comparisons with Normal Controls and Mild Cognitive Impairment,humans,Subjective memory impairment;Mild cognitive impairment;Normal controls,DTI;3D-MRI,Corpus Callosum;Cingulum,Volume-One;Analyze;SPM5;dTVII,single study,FA;MD,,ANOVA;t-test,decrease,Subjective memory impairment vs mild cognitive impairment;Subjective memory impairment vs normal controls,yes,yes,yes,Alzheimers Disease
22952880,Improved Sensitivity to Cerebral White Matter Abnormalities in Alzheimers Disease with Spherical Deconvolution Based Tractography,humans,amnestic mild cognitive impairment;Alzheimer's disease,DTI;diffusion MRI,Superior Longitudinal Fasciculus;Corpus Callosum,ExploreDTI,single study,DA;FA;MD;DR,MNI,paired-samples T-test;linear regression,increase,Alzheimer's patients vs controls,yes,yes,yes,Alzheimers Disease;Mild Cognitive Impairment
31282416,Interplay Between Macular Retinal Changes and White Matter Integrity in Early Alzheimers Disease,humans,Alzheimer's disease;Healthy controls,optical coherence tomography;diffusion MRI,Retrolenticular Part of the Internal Capsule;Corona Radiata;Corpus Callosum;Optic Radiation;Posterior Thalamic Radiation,FSL;Iowa Reference Algorithm,single study,FA;MD;RD;AD,MNI,partial correlation;t-test,decrease,Alzheimer's patients vs controls,yes,yes,yes,Alzheimers Disease
34272684,Inflammatory Markers and Tract-Based Structural Connectomics in Older Adults with a Preliminary Exploration of Associations by Race,humans,Healthy controls,DTI;MRI;T2-weighted;T1-weighted,Superior Longitudinal Fasciculus;Uncinate Fasciculus;Cingulum Bundle,Brain Connectivity Toolbox,single study,,,linear regression;t-test,no mention,peripheral inflammatory markers and structural connectivity by race,yes,yes,no,
22895591,Characterizing dementia with Lewy bodies by means of diffusion tensor imaging,humans,dementia with Lewy bodies;Alzheimer disease;elderly controls,diffusion tensor imaging;diffusion MRI,Corpus Callosum;Inferior Longitudinal Fasciculus;Cingulum,FSL,single study,FA;MD,Talairach;MNI,ANOVA;t-test,increase;decrease,DLB vs controls;DLB vs AD,yes,yes,yes,Dementia
32289706,Altered speech-related cortical network in frontotemporal dementia,humans,non-fluent variant of primary progressive aphasia;behavioral variant of frontotemporal dementia;frontotemporal dementia;healthy subjects,diffusion tensor imaging;MRI,Superior Longitudinal Fasciculus;Uncinate Fasciculus;Inferior Longitudinal Fasciculus,FSL,single study,FA,MNI,ANOVA;t-test,decrease,FTD patients vs healthy subjects;nfv-PPA vs bv-FTD,yes,yes,yes,Frontotemporal Dementia
37718813,Acculturation in context and brain health in older Latino adults: A diffusion tensor imaging study,humans,Latino adults,diffusion MRI,,FSL;TORTOISE,single study,FA,IIT Human Brain Atlas,TBSS;linear regression,decrease,acculturation in context and white matter integrity,yes,yes,no,
24405816,White matter integrity in premanifest and early Huntingtons disease is related to caudate loss and disease progression,humans,premanifest HD gene carriers;early manifest HD gene carriers;controls,diffusion weighted MRI,Superior Longitudinal Fasciculus;Inferior Longitudinal Fasciculus;Corpus Callosum;External Capsule;Cingulum,FSL;SIENAX;FIRST,single study,FA;MD,,regression,decrease,premanifest and manifest HD gene carriers vs controls,yes,yes,no,Huntingtons Disease
27555109,A Multimodal Structural and Functional Neuroimaging Study of Amnestic Mild Cognitive Impairment,humans,Amnestic Mild Cognitive Impairment;Elderly Cognitively Healthy Comparison Subjects,fMRI;Anatomical MRI;diffusion MRI,,FSL,single study,FA,MNI,regression;t-test,no mention,amnestic MCI patients vs elderly cognitively healthy controls,yes,yes,yes,Alzheimers Disease
28644998,Olfactory identification deficit predicts white matter tract impairment in Alzheimers disease,humans,normal controls;amnestic mild cognitive impairment;Alzheimer's disease,diffusion MRI,Olfactory Tract,FSL,single study,"λ 2,3 D;FA;MD;λ 1 D",,ANCOVA;correlation;ANOVA,decrease,amnestic mild cognitive impairment and Alzheimer's disease vs normal controls,yes,yes,yes,Alzheimers Disease
20592582,Microstructural White Matter Abnormalities Independent of White Matter Lesion Burden in Amnestic Mild Cognitive Impairment and Early Alzheimer Disease Among Han Chinese Elderly,humans,mild probable AD;normal controls;amnestic MCI,DTI;diffusion MRI,Parietal WM;Frontal WM;Parahippocampal fibers;Posterior cingulate fibers;Splenium of corpus callosum;Temporal WM,DTI Task Card,single study,FA;MD,,ANOVA;canonical correlation,decrease,amnestic MCI and AD vs normal controls,yes,yes,yes,Alzheimers Disease
30251380,"Association of hospitalization, critical illness, and infection with brain structure in older adults",humans,Older adults,3T MRI;Axial DTI;MP-RAGE;Axial T2GRE;Axial T2 FLAIR,,Freesurfer,single study,FA;MD,,linear regression,decrease,hospitalized adults vs non-hospitalized adults,yes,yes,no,Dementia
18618077,Evaluation of white matter damage in patients with Alzheimers disease and in patients with mild cognitive impairment by using diffusion tensor imaging Risonanza magnetica con tensori di diffusione nella valutazione delle alterazioni della sostanza bianca nei pazienti con malattia di Alzheimer e nei pazienti con mild cognitive impairment,humans,Mild cognitive impairment;Alzheimer's disease;Healthy controls,MRI;diffusion MRI,Corpus Callosum,DTI Studio,single study,FA,,Spearman's rank test;Mann-Whitney U test,decrease,Alzheimer's disease patients vs mild cognitive impairment vs controls,yes,yes,yes,Alzheimers Disease;Mild Cognitive Impairment
22976075,Pathophysiology of the behavioral variant of frontotemporal lobar degeneration: a study combining MRI and FDG-PET,humans,behavioral variant frontotemporal degeneration;Healthy controls,MRI;FDG-PET,,SPM,single study,,MNI,t-test,no mention,bv-FTD patients vs controls,no,yes,yes,Frontotemporal Dementia
20595067,White matter integrity in mild cognitive impairment: A tract-based spatial statistics study,humans,non-amnestic MCI;amnestic MCI;cognitively normal,MRI;diffusion MRI,Posterior Cingulum;Superior Longitudinal Fasciculus;Inferior Frontoccipital Fasciculus;Anterior Corona Radiata;Crus of Fornix;Corona Radiata;Corpus Callosum;Uncinate Fasciculus;Superior Corona Radiata;Thalamic Radiation;Anterior Limb of Internal Capsule;Sagittal Stratum,FSL,single study,FA,MNI,logistic regression;ANOVA,decrease,naMCI vs CN;aMCI vs CN,yes,yes,no,Alzheimers Disease
25031413,Frontal White Matter Tracts Sustaining Speech Production in Primary Progressive Aphasia,humans,Primary Progressive Aphasia;Healthy controls,MRI;diffusion weighted MRI,Superior Longitudinal Fasciculus;Inferior Longitudinal Fasciculus;Inferior Frontal-Occipital Fasciculus;Left BA44-Putamen;Arcuate Fasciculus;Uncinate Fasciculus;Bilateral SMAc-Caudate;Left BA6vPMC-SMAc;Left BA44-SMAc,FSL;SPM;DIPY,single study,FA;MD;RD;AD,MNI,ANCOVA;post hoc Tukey,decrease,nfvPPA vs healthy controls,yes,yes,no,Primary Progressive Aphasia
16005548,White matter changes in mild cognitive impairment and AD: A diffusion tensor imaging study ଝ,humans,amnestic mild cognitive impairment;Alzheimer's disease;Healthy controls,diffusion MRI,Superior Longitudinal Fasciculus;Posterior Cingulate Bundle;Arcuate Fibers;Sub-lobar Extra-nuclear White Matter;Posterior Thalamic Peduncle;Superior Thalamic Peduncle,SPM,single study,FA,Talairach;MNI,ANOVA;t-test,decrease,patients with AD vs controls;patients with MCI vs controls,yes,yes,yes,Alzheimers Disease;Mild Cognitive Impairment
30240840,Brain Research Bulletin,humans,normal cognition;Alzheimer's disease,diffusion tensor imaging,Superior Longitudinal Fasciculus;Inferior Longitudinal Fasciculus;Corpus Callosum;Uncinate Fasciculus;Cingulum;Fornix,FSL,single study,FA;MD,MNI,regression;t-test,decrease,Alzheimer's disease patients vs normal cognition,yes,yes,yes,Alzheimers Disease
32125614,"Default mode network integrity changes contribute to cognitive deficits in subcortical vascular cognitive impairment, no dementia",humans,subcortical VCIND;Healthy elderly subjects,diffusion MRI,,Brainnetome diffusion toolkit,single study,FA;MD,MNI,regression;correlation;t-test,decrease,subcortical VCIND patients vs healthy elderly subjects,yes,yes,no,Dementia
34842185,Sex differences in Alzheimers disease revealed by free-water DTI and voxel-based morphometry,humans,Alzheimer's disease;Healthy controls,voxel-based morphometry;diffusion MRI,Superior Longitudinal Fasciculus;Anterior Corona Radiata;Forces Minor;Corpus Callosum;Uncinate Fasciculus;Anterior Thalamic Radiation;Cerebral Peduncle;Fornix,FSL;ANTs;FreeSurfer;Mrtrix3,single study,FA;AxD;RD,MNI,ANCOVA,decrease,males vs females with AD,yes,yes,yes,Alzheimers Disease
29027841,Diffusion tensor tractography in cerebral small vessel disease: correlation with cognitive function,humans,cerebral small vessel disease;healthy volunteers,diffusion MRI;conventional MRI,Superior Longitudinal Fasciculus;Inferior Longitudinal Fasciculus;Superior Thalamic Radiation;Inferior Cerebellar Peduncle;Corpus Callosum;Uncinate Fasciculus;Anterior Thalamic Radiation;Middle Cerebellar Peduncle;Cingulum;Posterior Thalamic Radiation;Inferior Fronto-Occipital Fasciculus;Corticospinal Tract;Fornix;Superior Cerebellar Peduncle,SPSS,single study,FA;MD,,correlation;t-test,decrease,cerebral small vessel disease patients vs healthy controls,yes,yes,no,Cerebral Small Vessel Disease
26444762,Diffusion Kurtosis Imaging: A Possible MRI Biomarker for AD Diagnosis?,humans,cognitively healthy controls;mild cognitive impairment due to AD;dementia due to AD,DTI;diffusion MRI;DKI,Superior Longitudinal Fasciculus;Inferior Longitudinal Fasciculus;Corona Radiata;Corpus Callosum;Uncinate Fasciculus;Cingulum;Corticospinal Tract;Cerebellar Peduncles,SPM8,single study,FA;MD;MK,population-specific atlas,t-test,decrease,AD patients vs cognitively healthy controls,yes,yes,yes,Alzheimers Disease
38905054,White Matter Microstructure Changes Revealed by Diffusion Kurtosis and Diffusion Tensor Imaging in Mutant Huntingtin Gene Carriers,humans,healthy controls;mutant huntingtin carriers,diffusion tensor imaging;diffusion MRI;diffusion kurtosis imaging,Left Superior Longitudinal Fasciculus;Right Posterior Corona Radiate;Genu of Corpus Callosum;Right Superior Corona Radiate;Body of Corpus Callosum,FSL,single study,FA;MK,MNI,ROC;Spearman analysis;ANCOVA,decrease,mutant huntingtin carriers vs controls,yes,yes,no,Huntington's disease
31613387,Brain structure changes in nondemented seniors after sixmonth dance-exercise intervention,humans,Mild cognitive impairment;Healthy seniors,MRI;diffusion MRI,Superior Longitudinal Fasciculus;Corpus Callosum;Fornix;Corticospinal Tract,FSL;FreeSurfer,single study,FA;MD;RD;AD,MNI,regression;ANOVA,increase,dance-exercise intervention vs lifestyle activities,yes,yes,no,
30192691,Diffusion tensor imaging based white matter changes and antioxidant enzymes status for early identification of mild cognitive impairment,humans,Mild Cognitive Impairment;Healthy controls,DTI;diffusion MRI,Forcep Major;Corpus Callosum;Left Frontal Lobe;Right Frontal Lobe;Fornix,Neuro-3D,single study,FA;ADC,,Mann-Whitney test,decrease,MCI vs controls,yes,yes,no,Mild Cognitive Impairment
23142262,Contribution of Neuroimaging to the Diagnosis of Alzheimers Disease and Vascular Dementia Q3,humans,vascular dementia;Alzheimer's disease;mild cognitive impairment,PET;CT;diffusion MRI;MRI;MRS;SPECT;fMRI,Superior Longitudinal Fasciculus;Corpus Callosum;Uncinate Fasciculus;Parahippocampal Cingulum;Cingulum,,review,,,,,neuroimaging in Alzheimer's disease and vascular dementia,yes,yes,yes,Alzheimers Disease;Dementia;Vascular Dementia
22592372,White matter imaging contributes to the multimodal diagnosis of frontotemporal lobar degeneration,humans,Alzheimer's disease;frontotemporal lobar degeneration,Anatomical MRI;diffusion MRI,Superior Longitudinal Fasciculus;Inferior Longitudinal Fasciculus;Corpus Callosum;Uncinate Fasciculus;Inferior Fronto-Occipital Fasciculus;Corticospinal Tract,FSL;DTI-TK;PipeDream,single study,FA,,ROC curves,decrease,FTLD vs AD,yes,yes,yes,Alzheimers Disease;Frontotemporal Dementia
26228096,Short-Term White Matter Alterations in Alzheimers Disease Characterized by Diffusion Tensor Imaging,humans,Alzheimer's disease,MRI;diffusion MRI,Superior Longitudinal Fasciculus;Corpus Callosum,FSL;DTI-TK,single study,FA;MD;RD;AD,,general linear model;Wilcoxon signed rank test,increase;decrease,mild-moderate Alzheimer's patients' white matter changes over 6 months,yes,yes,yes,Alzheimers Disease
36300327,Retinal capillary microvessel morphology changes are associated with vascular damage and dysfunction in cerebral small vessel disease,humans,Cerebral small vessel disease;patients with minor stroke,OCTA;MRI;diffusion MRI,,FSL;MATLAB,single study,FA;MD,,regression,increase,vascular damage associated with SVD,yes,yes,no,Cerebral Small Vessel Disease
25230999,"Depression in small-vessel disease relates to white matter ultrastructural damage, not disability",humans,Non-SVD stroke group;Cerebral small vessel disease;Healthy controls,diffusion tensor imaging;MRI,,FSL;AMOS;SPSS,single study,FA,,structural equation modeling;path analysis,decrease,Cerebral small vessel disease patients vs non-SVD stroke patients,yes,yes,no,Cerebral Small Vessel Disease
36530082,Diffusion Changes in Hippocampal Cingulum in Early Biologically Defined Alzheimers Disease,humans,Alzheimer's disease;cognitively normal;mild cognitive impairment,PET;diffusion MRI,Superior Longitudinal Fasciculus;Corpus Callosum;Uncinate Fasciculus;Hippocampal Cingulum;Cingulum of the Cingulate Gyrus;Fornix,FSL;FreeSurfer,single study,FA;MD,MNI,ANCOVA;Mann-Whitney U test;ANOVA;Kruskal-Wallis test,decrease,Alzheimer's continuum with and without AD pathology,yes,yes,yes,Alzheimers Disease
22992380,Anatomical MRI and DTI in the Diagnosis of Alzheimers Disease: A European Multicenter Study,humans,Alzheimer's disease;Healthy controls,DTI;Anatomical MRI;diffusion MRI,Parahippocampal White Matter;Lateral Temporal Lobe White Matter;Corpus Callosum;Prefrontal Lobe White Matter;Cingulum Bundle;Fornix,FSL;SPM,single study,FA;MD,MNI,regression;t-test,decrease,Alzheimer's patients vs controls,yes,yes,yes,Alzheimers Disease
20615058,Diagnostic Utility of Cerebral White Matter Integrity in Early Alzheimers Disease,humans,cognitively normal subjects;very mild dementia,diffusion tensor imaging;structural magnetic resonance imaging,Left Internal Capsule;Right Parahippocampal Gyrus,SPM;FMRIB Software Library,single study,FA;MD,MNI,Pearson correlation;discriminant analysis;receiver operator characteristic curves;t-test,decrease,very mild dementia vs cognitively normal subjects,yes,yes,yes,Alzheimers Disease
28818116,Distinct white matter microstructural abnormalities and extracellular water increases relate to cognitive impairment in Alzheimers disease with and without cerebrovascular disease,humans,vascular dementia;healthy controls;Alzheimer's disease,DTI;FLAIR;diffusion weighted MRI;T1-weighted MRI,,FSL,single study,DA;FA;DR,MNI,correlation;ANOVA;GLM,increase,Alzheimer's patients with cerebrovascular disease vs without cerebrovascular disease,yes,yes,yes,Alzheimers Disease;Vascular Dementia
38825988,Multimodal cross-examination of progressive apraxia of speech by diffusion tensor imaging-based tractography and Tau-PET scans,humans,non-fluent variant agrammatic primary progressive aphasia;primary progressive apraxia of speech;Healthy controls,diffusion MRI;Tau-PET,SMA Commissural Fibers;Inferior Longitudinal Fasciculus;Frontal Aslant Tract;Arcuate Fasciculus;Inferior Fronto-Occipital Fasciculus;Middle Longitudinal Fasciculus,DSI-studio;SPM12,single study,FA;MD,Mayo Clinic Adult Lifespan Template,t-test,decrease,PAOS patients vs controls,yes,yes,no,
28600739,"Association of longitudinal white matter degeneration and cerebrospinal fluid biomarkers of neurodegeneration, inflammation and Alzheimers disease in late-middle-aged adults",humans,late-middle-aged adults at increased risk for AD,DTI;diffusion MRI,Corpus Callosum;Cingulum Bundle,Stata,single study,FA;MD,,linear mixed effects model,decrease,relationship between CSF biomarkers and white matter health,yes,yes,yes,Alzheimers Disease
16614789,White matter damage of patients with Alzheimers disease correlated with the decreased cognitive function,humans,Alzheimer's disease;Healthy controls,T1 fluid attenuated inversion recovery;T2-FLAIR;diffusion MRI,Occipital Lobe White Matter;Parietal Lobe White Matter;Corpus Callosum;Frontal Lobe White Matter;Posterior Limb of Internal Capsule;Anterior Limb of Internal Capsule;Temporal Lobe White Matter,Functool 2,single study,FA;MD,,Pearson's correlation coefficient;t-test,increase;decrease,Alzheimer's patients vs healthy controls,yes,yes,yes,Alzheimers Disease
34841903,Olfactory Function and Diffusion Tensor Imaging as Markers of Mild Cognitive Impairment in Early Stages of Parkinsons Disease,humans,Parkinson's disease with normal cognition;Parkinson's disease with mild cognitive impairment;Parkinson's disease,MRI;diffusion MRI,Olfactory Bulbs;Olfactory Tracts,FSL;Jamovi,single study,FA;MD;RD;AD,,ANOVA;t-test,decrease,Parkinson's disease with mild cognitive impairment vs Parkinson's disease with normal cognition,yes,yes,no,Dementia
28695358,Retained executive abilities in mild cognitive impairment are associated with increased white matter network connectivity,humans,Mild Cognitive Impairment (MCI) Low Executive Ability;Mild Cognitive Impairment (MCI) High Executive Ability,diffusion tensor imaging (DTI),Superior Longitudinal Fasciculus;Inferior Longitudinal Fasciculus;Corpus Callosum;Uncinate Fasciculus;Corticospinal Tract,DSI Studio;FreeSurfer,single study,FA;RD,,t-test;permutation testing,increase,MCI high executive ability vs MCI low executive ability,yes,yes,no,Mild Cognitive Impairment
25151438,White Matter Integrity and Depressive Symptoms in Cerebral Small Vessel Disease: The RUN DMC Study,humans,depressed participants;non-depressed participants;elderly with cerebral small vessel disease,diffusion MRI,Corona Radiata;Corpus Callosum;Uncinate Fasciculus;Inferior Fronto-Occipital Fasciculus,FSL,single study,FA;MD;RD;AD,,t-test,decrease,depressed vs non-depressed participants,yes,yes,no,Cerebral Small Vessel Disease
25318544,Atlas-Based Diffusion Tensor Imaging Correlates of Executive Function,humans,normal controls;Alzheimer's disease;MCI,diffusion MRI,Bilateral angular gyrus WM;Bilateral superior parietal gyrus WM;Left lateral fronto-orbital gyrus WM;Bilateral middle frontal gyri WM;Left superior frontal gyrus WM;Right inferior frontal gyrus WM,DtiStudio,single study,FA;MD,JHU-MNI,linear regression;ANOVA,decrease,MCI and AD participants vs normal controls,yes,yes,yes,Alzheimers Disease;Mild Cognitive Impairment
14966162,Diffusion tensor MRI correlates with executive dysfunction in patients with ischaemic leukoaraiosis,humans,healthy volunteers;patients with ischaemic leukoaraiosis,T2 weighted MRI;diffusion MRI,,Analyze,single study,FA;MD,,regression;correlation;Mann-Whitney U test;t-test,increase,ischaemic leukoaraiosis patients vs controls,yes,yes,no,
36710670,Fully Connected Multi-Kernel Convolutional Neural Network Based on Alzheimers Disease Diagnosis,humans,Mild Cognitive Impairment;Alzheimer's disease;Normal controls,diffusion MRI,Corpus Callosum;Uncinate Fasciculus;Global;(Anterior) Cingulum Bundle,DSI-Studio,single study,FA;MD,,ANOVA,increase,Alzheimer's disease vs Mild Cognitive Impairment vs Normal controls,yes,yes,yes,Alzheimers Disease;Mild Cognitive Impairment
34891857,Altered Connection and Diagnosis Utility of White Matter in Alzheimers Disease: A Multi-site Automated Fiber Quantification Study,humans,Mild Cognitive Impairment;Alzheimer's disease;Normal controls,diffusion MRI,Superior Longitudinal Fasciculus;Inferior Longitudinal Fasciculus;Minor Callosum Forceps;Arcuate Fasciculus;Uncinate Fasciculus;Major Callosum Forceps;Cingulum Cingulate;Thalamic Radiation;Corticospinal Tract;Bilateral Inferior Fronto-Occipital Fasciculus,VISTASOFT;Scikit-learn;AFQ,single study,AxD;FA;MD;RD,,classification;correlation;meta-analysis,decrease,Alzheimer's disease patients vs normal controls,yes,yes,yes,Alzheimers Disease;Mild Cognitive Impairment
34062262,MRI characterization of rat brain aging at structural and functional level: Clues for translational applications,rats,,diffusion MRI;MRI;fMRI,,FSL;ParaVision,single study,FA;RD;AD;ADC,,ANOVA,increase,,yes,no,no,
23876903,Initial study of magnetic resonance diffusion tensor imaging in brain white matter of early AIDS patients,humans,AIDS patients;healthy volunteers,diffusion MRI,Occipital Lobe White Matter;Parietal Lobe White Matter;Corpus Callosum;Frontal Lobe White Matter;Posterior Limb of Internal Capsule;Anterior Limb of Internal Capsule;Periventricular White Matter,,single study,FA;ADC,,comparison,decrease,symptomatic vs asymptomatic AIDS patients vs controls,yes,yes,no,Dementia
29959265,Loss of white matter integrity reflects tau accumulation in Alzheimer disease defined regions,humans,cognitively impaired individuals;cognitively normal participants,PET;diffusion MRI,Anterior Temporal WM,FSL;FreeSurfer,single study,FA;MD,MNI,linear regression,decrease,tau accumulation impact on white matter integrity in Alzheimer disease,yes,yes,yes,Alzheimers Disease
24947353,,humans,Type 2 diabetes mellitus;Healthy controls,diffusion MRI,Superior Longitudinal Fasciculus;Inferior Longitudinal Fasciculus;Fornix-Striateminalis;Corona Radiata;Corpus Callosum;External Capsule;Uncinate Fasciculus;Cingulum;Anterior Limb of the Internal Capsule;Tapetum;Posterior Thalamic Radiation;Internal Capsule;Superior Fronto-Occipital Fasciculus,FSL;PANDA,single study,FA;MD;l1;l23,MNI,t-test,decrease,T2DM patients vs controls,yes,yes,no,
26288751,Altered whole-brain white matter networks in preclinical Alzheimer3s disease,humans,preclinical Alzheimer's disease;Healthy controls,MRI;PET;diffusion MRI,,CAMINO;SPM8;Freesurfer,single study,FA;MD,,ANCOVA;t-test,decrease,preclinical AD vs normal controls,yes,yes,no,Alzheimers Disease
26028932,"Comparison of Regional Gray Matter Atrophy, White Matter Alteration, and Glucose Metabolism as a Predictor of the Conversion to Alzheimers Disease in Mild Cognitive Impairment",humans,Mild Cognitive Impairment,diffusion tensor imaging;MRI;FDG-PET,,FSL;SPM,single study,FA,MNI,logistic regression;ANOVA,no mention,MCI converters vs MCI non-converters,yes,yes,yes,Alzheimers Disease
33772083,Free-water diffusion tensor imaging improves the accuracy and sensitivity of white matter analysis in Alzheimers disease,humans,Alzheimer's disease;Healthy controls,diffusion MRI,Superior Longitudinal Fasciculus;Inferior Longitudinal Fasciculus;Corpus Callosum;Anterior Thalamic Radiation;Corticospinal Tract;Fornix,FSL;MATLAB,single study,FA;AxD;RD,ICBM-152,ANCOVA;t-test,decrease,Alzheimer's patients vs controls,yes,yes,yes,Alzheimers Disease
34334777,Changes in the connection network of whole-brain fiber tracts in patients with Alzheimers disease have a tendency of lateralization,humans,normal controls;Alzheimer's disease,DTI;diffusion MRI,,,single study,,,support vector machine classification;network-based statistical analysis,decrease,Alzheimer's disease patients vs normal controls,yes,yes,yes,Alzheimers Disease
28180075,Independent value added by diffusion MRI for prediction of cognitive function in older adults,humans,early mild cognitive impairment;dementia;late MCI;cognitively normal,MRI;PET;diffusion MRI,Fornix;Corpus Callosum;Superior Longitudinal Fasciculus;Cingulum,FreeSurfer,single study,AxD;FA;MD;RD,,regression;ridge regression;linear mixed models,decrease,association of white matter integrity with executive function in older adults,yes,yes,yes,Mild Cognitive Impairment;Dementia
23583480,Longitudinal white matter changes in Alzheimers disease: A tractography-based analysis study,humans,normal controls;Alzheimer's disease,magnetic resonance diffusion tensor imaging (DTI),Uncinate Fasciculus;Inferior Longitudinal Fasciculus;Inferior Occipitofrontal Fasciculus,dTV II,single study,DA;FA;DR;ADC,,ANOVA,decrease,Alzheimer's patients vs controls,yes,yes,yes,Alzheimers Disease
21356112,Causes and consequences of cerebral small vessel disease. The RUN DMC study: a prospective cohort study. Study rationale and protocol,humans,non-demented elderly with cerebral SVD,DTI;MRI;resting state fMRI;CT,,SPM,single study,FA;MD,ICBM152,Cox proportional hazard models,no mention,cerebral SVD and cognitive/motor outcomes,yes,yes,yes,Cerebral Small Vessel Disease
32730718,Brain microstructural changes and cognitive function in non-demented essential tremor patients: a diffusion tensor imaging study,humans,non-demented essential tremor patients,Anatomical MRI;diffusion MRI,Superior Longitudinal Fasciculus;Inferior Longitudinal Fasciculus;Corpus Callosum;Anterior Thalamic Radiation;Frontooccipital Fasciculus,SPSS,single study,FA;ADC,,correlation,no mention,non-demented ET patients cognitive function,yes,yes,no,
15087585,Ultrastructural Hippocampal and White Matter Alterations in Mild Cognitive Impairment: A Diffusion Tensor Imaging Study,humans,Mild Cognitive Impairment;Alzheimer's disease;Healthy controls,diffusion weighted MRI;diffusion MRI,Corpus Callosum;Centrum Semiovale,SPSS,single study,FA;MD,,ANCOVA;Mann-Whitney U test,increase,MCI patients vs controls,yes,yes,yes,Mild Cognitive Impairment;Alzheimers Disease
21872362,Distinctive disruption patterns of white matter tracts in Alzheimers disease with full diffusion tensor characterization,humans,amnestic mild cognitive impairment;Alzheimer's disease;Healthy controls,Anatomical MRI;diffusion MRI,Superior Longitudinal Fasciculus;Anterior Corona Radiata;Superior Corona Radiata;Corpus Callosum;External Capsule;Splenium of Corpus Callosum;Posterior Limb of Internal Capsule;(Anterior) Cingulum Bundle;Genu of Corpus Callosum;Anterior Limb of Internal Capsule;Fornix;Superior Fronto-Occipital Fasciculus;Posterior Corona Radiata;Body of Corpus Callosum,FSL;DTIStudio,single study,AxD;FA;MD;RD,ICBM-DTI-81,t-test,decrease,Alzheimer's disease patients vs controls;amnestic mild cognitive impairment patients vs controls,yes,yes,yes,Alzheimers Disease;Mild Cognitive Impairment
25444606,Network and connectivity Connectivity network measures predict volumetric atrophy in mild cognitive impairment,humans,mild cognitive impairment,diffusion weighted MRI;magnetic resonance imaging,,FSL;FreeSurfer,single study,FA,Colin27,linear regression,decrease,MCI subjects and controls,yes,yes,yes,Mild Cognitive Impairment
39740225,MRI free water mediates the association between diffusion tensor image analysis along the perivascular space and executive function in four independent middle to aged cohorts,humans,Mild cognitive impairment;Healthy controls,diffusion tensor imaging,Fornix;Corpus Callosum,RStudio,single study,FA;MD,,regression,no mention,cognitive impairment vs normal cognition,yes,yes,yes,Vascular Cognitive Impairment and Dementia;Cerebral Small Vessel Disease
34921119,The heritability of amyloid burden in older adults: the Older Australian Twins Study,humans,older adults,MRI;amyloid PET;diffusion tensor imaging (DTI),,,single study,mean diffusivity,,structural equation modelling,,heritability of amyloid burden,yes,yes,yes,Alzheimers Disease
32574842,Characterizing white matter connectivity in Alzheimers disease and mild cognitive impairment: An automated fiber quantification analysis with two independent datasets,humans,normal controls;amnestic mild cognitive impairment;Alzheimer's disease,diffusion MRI,Superior Longitudinal Fasciculus;Inferior Longitudinal Fasciculus;Arcuate Fasciculus;Uncinate Fasciculus;Inferior Fronto-Occipital Fasciculus;Cingulum Bundle;Callosum Forceps Minor,VISTASOFT;AFQ,single study,AxD;FA;MD;RD,,ANOVA;t-test,decrease,amnestic mild cognitive impairment patients vs normal controls;Alzheimer's disease patients vs normal controls,yes,yes,yes,Alzheimers Disease;Mild Cognitive Impairment
19342541,White Matter Involvement in Idiopathic Parkinson Disease: A Diffusion Tensor Imaging Study,humans,idiopathic Parkinson disease;Healthy controls,DTI;diffusion MRI,Superior Longitudinal Fasciculus;Corpus Callosum;Corticospinal Tract;Cingulum,ImageJ,single study,FA;MD,,ANOVA,increase,patients with idiopathic Parkinson disease vs healthy controls,yes,yes,no,Parkinson Disease
35358703,CSF Tau phosphorylation at Thr205 is associated with loss of white matter integrity in autosomal dominant Alzheimer disease,humans,ADAD noncarriers;Alzheimer's disease;ADAD mutation carriers,Anatomical MRI;diffusion MRI,Corpus Callosum;Forceps Major;Cingulum,FSL;FreeSurfer,single study,FA;MD;RD;AD,,linear regression,decrease,ADAD mutation carriers vs noncarriers,yes,yes,yes,Alzheimers Disease
33681461,Systematic Assessment of the Impact of DTI Methodology on Fractional Anisotropy Measures in Alzheimers Disease,humans,Mild Cognitive Impairment;Alzheimer's disease;Healthy controls,diffusion MRI,Fornix;Corpus Callosum;Anterior Thalamic Radiation;Cingulum,FSL;CAMINO;DSI-Studio;AFNI,single study,FA;AxD;RxD,MNI,ANCOVA;Spearman's correlation,decrease,AD vs MCI;AD vs HC,yes,yes,yes,Alzheimers Disease
27357066,Diffusion Tensor Imaging to Map Brain Microstructural Changes in CADASIL,humans,CADASIL;Healthy controls,MRI;diffusion MRI,Superior Longitudinal Fasciculus;WM of the Temporal Poles;Inferior Longitudinal Fasciculus;Inferior Frontal-Occipital Fasciculus;Thalamic Radiations;External Capsule;Uncinate Fasciculus;Corpus Callosum;Forceps Major;Cingulum;Forceps Minor;Internal Capsule;Corticospinal Tracts,FSL;CAMINO,single study,FA;MO;MD;RD;AD,MNI,Permutation-based nonparametric inference;GLM,increase;decrease,CADASIL patients vs controls,yes,yes,no,Cerebral Small Vessel Disease
30685818,Alterations of White Matter Integrity in Subcortical Ischemic Vascular Disease with and Without Cognitive Impairment: a TBSS Study,humans,normal controls;subcortical ischemic vascular disease with cognitive impairment;subcortical ischemic vascular disease without cognitive impairment,diffusion MRI,Superior Longitudinal Fasciculus;Inferior Longitudinal Fasciculus;Anterior Thalamic Radiation;Splenium of Corpus Callosum;Inferior Fronto-Occipital Fasciculus;Genu of Corpus Callosum;Corticospinal Tract,FSL,single study,FA;MD;RD;AD,,ANOVA;Spearman correlation,decrease,subcortical ischemic vascular disease with cognitive impairment vs without cognitive impairment,yes,yes,no,Vascular Cognitive Impairment
24936411,Associations between white matter microstructure and amyloid burden in preclinical Alzheimers disease: A multimodal imaging investigation,humans,Healthy controls,PET;Diffusion Tensor Imaging,Superior Longitudinal Fasciculus;Inferior Longitudinal Fasciculus;Corpus Callosum;Cingulum Bundle;Lateral Fornix,FSL;SPM8,single study,Dr;FA;MD;Da,,ANCOVA,increase,Amyloid positive vs amyloid negative,yes,yes,no,Alzheimers Disease
17522104,Diffusion tensor imaging in preclinical and presymptomatic carriers of familial Alzheimers disease mutations,humans,non-carriers;familial Alzheimer's disease mutation carriers,diffusion MRI,Columns of the Fornix;Perforant Pathway;Genu of the Corpus Callosum;Left Frontal White Matter,FSL,single study,FA,Talairach,logistic regression;linear regression;t-test,decrease,FAD mutation carriers vs non-carriers,yes,yes,yes,Alzheimers Disease
33778998,Neural correlates of the impulse dyscontrol domain of mild behavioral impairment,humans,Normal cognition;Mild cognitive impairment;Alzheimer's disease,T1-weighted MRI;diffusion MRI,Fornix;Uncinate Fasciculus;Superior Fronto-Occipital Fasciculus;Cingulum,FreeSurfer,single study,AxD;FA;MD;RD,,linear mixed effect models,decrease,"Impulse dyscontrol in normal cognition, mild cognitive impairment, and Alzheimer's disease",yes,yes,yes,Alzheimers Disease
25700953,In vivo imaging of tau pathology using multi-parametric quantitative MRI,mice,Alzheimer's disease;rTg4510 transgenic mice,glucose CEST;MRI;Arterial Spin Labelling (ASL);Chemical Exchange Saturation Transfer (CEST);diffusion MRI;diffusion tensor imaging (DTI),,Aperio ImageScope;NiftyReg,single study,FA;MD;radial diffusivity,Right Antero-Superior,Spearmans rank correlation;t-test;Pearsons correlation,decrease,rTg4510 mice vs control mice,yes,no,yes,Alzheimers Disease
33612351,Comparative Evaluation of Diffusion Kurtosis Imaging and Diffusion Tensor Imaging in Detecting Cerebral Microstructural Changes in Alzheimer Disease,humans,Alzheimer's disease;Healthy controls,DTI;MRI;diffusion MRI;DKI,Superior Longitudinal Fasciculus;Corona Radiata;Corpus Callosum;Uncinate Fasciculus;External Capsule;Inferior Fronto-Occipital Fasciculus;Fornix;Internal Capsule,Diffusion kurtosis estimator;ROIEditor;DiffeoMap,single study,FA;MD;RK;AK;MK;RD;AD,MNI,Mann-Whitney test;t-test,increase,Alzheimer's disease patients vs controls,yes,yes,yes,Alzheimers Disease
32471036,White Matter Brain Network Research in Alzheimers Disease Using Persistent Features,humans,normal controls;Mild cognitive impairment;Alzheimer's disease,DTI;diffusion MRI,,FSL;PANDA,single study,FA;MD,MNI,permutation test;Kruskal-Wallis test,decrease,AD vs MCI vs controls,yes,yes,yes,Alzheimers Disease;Mild Cognitive Impairment
31484188,Diffuse Tract Damage in CADASIL Is Correlated with Global Cognitive Impairment,humans,CADASIL;Healthy controls,diffusion MRI,Superior Longitudinal Fasciculus;Inferior Longitudinal Fasciculus;Anterior Corona Radiata;Corona Radiata;Corpus Callosum;External Capsule;Superior Corona Radiata;Stria Terminalis;Cingulum;Inferior Fronto-Occipital Fasciculus;Thalamic Radiation;Anterior Limb of Internal Capsule;Tapetum;Fornix;Internal Capsule,FSL,single study,FA;MD;RD;AD,MNI,general linear models;voxelwise cross-subject statistics,decrease,CADASIL patients vs controls,yes,yes,yes,Dementia;Cerebral Small Vessel Disease
33416206,Discriminating subcortical ischemic vascular disease and Alzheimers disease by diffusion kurtosis imaging in segregated thalamic regions,humans,normal cognition;Alzheimer's disease;subcortical ischemic vascular disease,diffusion tensor imaging;diffusion kurtosis imaging;magnetic resonance imaging,,DSI Studio;AFNI,single study,FA;K radial;K axial;MK,MNI,discriminant analysis;ANOVA;chi-square test,no mention,"discrimination of SIVD, AD, and NC",yes,yes,yes,Alzheimers Disease;Dementia
21905080,White Matter Lesions Defined by Diffusion Tensor Imaging in Older Adults,humans,Individuals diagnosed with dementia;Alzheimer's disease;Cognitively normal individuals,diffusion tensor imaging,Prefrontal Cortex,GraphPad Prism,single study,D_;FA;ADC,,regression;correlation;ANOVA;t-test,decrease,Alzheimer's disease and vascular brain injury in older adults,yes,yes,yes,Alzheimers Disease;Dementia
28729016,Learning-Based Structurally-Guided Construction of Resting-State Functional Correlation Tensors,humans,normal controls;Alzheimer's disease;mild cognitive impairment,diffusion-weighted MRI;fMRI,Inferior Longitudinal Fasciculus;Arcuate Fasciculus;Corpus Callosum;Inferior Front-occipital Fasciculus;Corticospinal Tract;Internal Capsule,FSL;SPM,single study,FA;MD;RD;AD,MNI,LASSO;SVM,increase,eMCI patients vs normal controls,yes,yes,yes,Alzheimers Disease;Mild Cognitive Impairment
19385016,Atlas-based whole brain white matter analysis using large deformation diffeomorphic metric mapping: Application to normal elderly and Alzheimers disease participants,humans,Alzheimer's disease;normal elderly,DTI;diffusion MRI,,SPM;DtiStudio,single study,FA;ADC,Talairach;ICBM-152,kappa analysis,no mention,normal elderly vs Alzheimer's patients,yes,yes,yes,Alzheimers Disease
24866404,White matter integrity is associated with CSF markers of AD in normal adults,humans,cognitively normal older adults,Anatomical MRI;diffusion MRI,Superior Longitudinal Fasciculus;Inferior Longitudinal Fasciculus;Corpus Callosum;Inferior Front Occipital Fasciculus;Fornix,FSL;FreeSurfer,single study,DA;FA;MD;DR,MNI,correlation,decrease,cognitively normal older adults' WM integrity vs CSF AD markers,yes,yes,no,
25499674,White Matter Microstructural Integrity Is Associated with Executive Function and Processing Speed in Older Adults with Coronary Artery Disease,humans,Coronary artery disease patients,diffusion MRI,Left Superior Longitudinal Fasciculus;Left Inferior Longitudinal Fasciculus;Left Parahippocampal Cingulum;Left Inferior Fronto-Occipital Fasciculus;Right Parahippocampal Cingulum,FSL;DtiStudio,single study,FA;MD,,linear regression;ANOVA,increase,CAD patients cognitive performance predictors,yes,yes,no,
18050329,Gray and White Matter Changes in Alzheimers Disease: A Diffusion Tensor Imaging Study,humans,Alzheimer's disease;aged-matched control participants,diffusion weighted MRI;diffusion MRI,,Montreal Neurological Institute software,single study,FA;MD,ICBM152,t-test,increase,Alzheimer's patients vs controls,yes,yes,yes,Alzheimers Disease
37541841,Association of Olfaction and Microstructural Integrity of Brain Tissue in Community-Dwelling Adults Atherosclerosis Risk in Communities Neurocognitive Study,humans,cognitively normal adults;mild cognitive impairment,diffusion MRI,Anterior Corona Radiata;Corpus Callosum;Uncinate Fasciculus;Stria Terminalis;Hippocampal Cingulum;Cingulum;Inferior Fronto-Occipital Fasciculus;Internal Capsule,FreeSurfer,single study,FA;MD,Johns Hopkins University;Lobar-22,linear regression,decrease,microstructural integrity of the brain and olfaction,yes,yes,yes,Alzheimers Disease;Mild Cognitive Impairment
29980072,Prosodic and Phonetic Subtypes of Primary Progressive Apraxia of Speech,humans,Primary Progressive Apraxia of Speech;Healthy controls,DTI;MRI;FDG-PET,Superior Longitudinal Fasciculus;Corpus Callosum;Cingulum,SPM,single study,FA,Mayo Clinic Adult Lifespan Template,voxel-based morphometry,decrease,Phonetic vs Prosodic PPAOS,yes,yes,no,
32522711,Neurobiology of Disease,humans,mutation carriers;familial non-carrier controls,MRI;PET;diffusion weighted MRI,Superior Longitudinal Fasciculus;Posterior Corpus Callosum;Corticospinal Tract;Cingulum,FSL;FreeSurfer;MedINRIA,single study,DA;FA;MD;RD,MNI,linear mixed effect models;voxel-wise analyses,decrease,serum NfL levels and white matter health in mutation carriers,yes,yes,yes,Alzheimers Disease
24936424,White matter microstructure in late middle-age: Effects of apolipoprotein E4 and parental family history of Alzheimers disease,humans,cognitively healthy adults;participants with parental family history of AD,diffusion MRI,Superior Longitudinal Fasciculus;Corpus Callosum;Uncinate Fasciculus;Cingulum;Fornix,FSL;Camino,single study,FA;MD;RD;AD,not mentioned,MANOVA,increase,family history positive vs negative;APOE4 carriers vs non-carriers,yes,yes,no,
28826185,White Matter Degradation is Associated with Reduced Financial Capacity in Mild Cognitive Impairment and Alzheimers Disease,humans,Mild Cognitive Impairment;Alzheimer's disease;Healthy controls,diffusion MRI,Superior Longitudinal Fasciculus;Corpus Callosum;Uncinate Fasciculus;External Capsule;Cingulum;Anterior Thalamic Radiations;Inferior Fronto-Occipital Fasciculus,FSL,single study,FA;MD;RD;AD,MNI,ANOVA;t-test,decrease,MCI and AD patients vs healthy controls,yes,yes,yes,Alzheimers Disease;Mild Cognitive Impairment
19012862,White Matter Integrity Linked To Functional Impairments in Aging and Early Alzheimers Disease,humans,Alzheimer's disease;Healthy controls,diffusion MRI,Superior Longitudinal Fasciculus;Corpus Callosum;Cingulum,,single study,FA;MD,,ANOVA;t-test,decrease,AD patients vs OA controls,yes,yes,yes,Alzheimers Disease
20619504,A meta-analysis of diffusion tensor imaging in mild cognitive impairment and Alzheimers disease,humans,healthy controls;Alzheimer's disease;mild cognitive impairment,diffusion tensor imaging,Superior Longitudinal Fasciculus;Corpus Callosum;Uncinate Fasciculus;Posterior Limb of the Internal Capsule;Cingulum Bundle,Comprehensive Meta-Analysis,review,FA;MD,,meta-analysis,increase;decrease,mild cognitive impairment vs controls;Alzheimer's disease vs controls,yes,yes,yes,Alzheimers Disease;Mild Cognitive Impairment
39420261,Investigating the association between the GAP-43 concentration with diffusion tensor imaging indices in Alzheimers dementia continuum,humans,Mild Cognitive Impairment;Alzheimer's disease,diffusion MRI,Retrolenticular Part of the Internal Capsule;Superior Corona Radiata;Cingulum;Sagittal Stratum;Fornix;Superior Fronto-Occipital Fasciculus;Genu of the Corpus Callosum,FSL;FreeSurfer,single study,FA;MD;RD;AD,ICBM,Kruskal-Wallis H;Friedman test;ANOVA;Spearman correlation,increase,"GAP-43 levels in relation to diffusion tensor imaging measures among normal, early, and late MCI, and AD patients",yes,yes,yes,Alzheimers Disease
29689722,Quantitative Magnetization Transfer of White Matter Tracts Correlates with Diffusion Tensor Imaging Indices in Predicting the Conversion from Mild Cognitive Impairment to Alzheimers Disease,humans,amnestic mild cognitive impairment;healthy controls;Alzheimer's disease,Magnetization Transfer Imaging;diffusion MRI,Superior Cingulum Bundle;Uncinate Fasciculus;Inferior Longitudinal Fasciculus;Inferior Cingulum Bundle,FSL;SPSS,single study,FA;MD;RD;AD,,ANOVA,decrease,aMCI converters vs MCI stable,yes,yes,yes,Alzheimers Disease
31271489,The joint effect of aging and HIV infection on microstructure of white matter bundles,humans,HIV-seropositive;HIV-seronegative,diffusion weighted MRI,Inferior Longitudinal Fasciculus;Arcuate Fasciculus;Corpus Callosum;Anterior Thalamic Radiation;Inferior Fronto-Occipital Fasciculus;Cingulate Bundle;Corticospinal Tract;Fornix,FSL;Camino,single study,FA;MD;RD;AD,,ANOVA,decrease,HIV participants vs controls,yes,yes,no,
16483571,Evaluation of white matter integrity in ex vivo brains of amyloid plaque-bearing APPsw transgenic mice using magnetic resonance diffusion tensor imaging,mice,,diffusion MRI,,Matlab,single study,RA;mean diffusivity;axial diffusivity;radial diffusivity,,ANOVA;t-test,no mention,,yes,no,no,
15007117,Diffusion tensor imaging of thalamus correlates with cognition in CADASIL without dementia,humans,CADASIL,DTI;diffusion MRI,,Analyze,single study,FA;MD,,correlation,increase,nondemented CADASIL patients,yes,yes,no,Cerebral Small Vessel Disease
28604016,Triglycerides are Negatively Correlated with Cognitive Function in Non-demented Aging Adults,humans,non-demented aging adults,Anatomical MRI;diffusion MRI,Superior Longitudinal Fasciculus;Parahippocampal White Matter;Corona Radiata;Corpus Callosum;Uncinate Fasciculus;External Capsule;Posterior Thalamic Radiation;Inferior Fronto-Occipital Fasciculus;Cingulum Bundle;Fornix;Internal Capsule;Sagittal Striatum,FSL;SPM,single study,FA,SPM8,linear regression,decrease,serum triglycerides vs cognitive function,yes,yes,no,
33638111,"Decreased myelin content of the fornix predicts poorer memory performance beyond vascular risk, hippocampal volume, and fractional anisotropy in nondemented older adults",humans,nondemented older adults,Anatomical MRI;diffusion MRI,Fornix,SPSS,single study,FA,,linear regression,decrease,lower fornix MWF vs memory performance,yes,yes,no,
37926082,Prediction of Mild Cognitive Impairment Progression to Alzheimers Disease Based on Diffusion Tensor Imaging-Derived Diffusion Parameters: Construction and Validation of a Nomogram,humans,Mild Cognitive Impairment;Alzheimer's disease,diffusion MRI,Superior Longitudinal Fasciculus;Left Inferior Cerebellar Peduncle;Uncinate Fasciculus;Right Cingulate Tract;Cingulum Bundle,FSL,single study,FA;MD;RD;AD,MNI,logistic regression;ROC analysis,no mention,MCI patients who progressed to AD vs stable MCI patients,yes,yes,yes,Alzheimers Disease
33648793,Apolipoprotein E homozygous ε 4 allele status: Effects on cortical structure and white matter integrity in a young to mid-age sample,humans,non-ε4 carriers;MDD patients;healthy controls;homozygous APOE ε4 carriers,Anatomical MRI;diffusion MRI,Corona Radiata;Corpus Callosum;External Capsule;Fornix;Internal Capsule,FSL;FreeSurfer,single study,FA,MNI,non-parametric permutation testing;GLM,decrease,homozygous APOE ε4 carriers vs non-ε4 carriers,yes,yes,no,
31421507,NeuroImage: Clinical,humans,Mild Cognitive Impairment,diffusion MRI,Superior Longitudinal Fasciculus;Inferior Longitudinal Fasciculus;Corpus Callosum;Uncinate Fasciculus;Anterior Thalamic Radiation;Forceps Major;Left Inferior Fronto-Occipital Fasciculus;Corticospinal Tract;Forceps Minor,FSL,single study,FA;MD;RD;AD,MNI,ANCOVA;ANOVA;regression,decrease,MCI individuals with a history of falls vs non-fallers,yes,yes,no,
20429751,Diffusion tensor imaging (DTI) in dementia patients with frontal lobe symptoms,humans,vascular dementia;frontal lobe dementia;Healthy controls;Alzheimer's disease;Lewy body dementia,diffusion MRI,Right Frontal Lobe;Left Frontal Lobe;Genu of the Corpus Callosum,nordicICE,single study,FA,,correlation,decrease,frontal lobe symptoms in dementia patients vs controls,yes,yes,yes,Alzheimers Disease;Lewy Body Dementia;Frontotemporal Dementia;Vascular Dementia
23475817,White Matter Imaging Helps Dissociate Tau from TDP-43 in Frontotemporal Lobar Degeneration,humans,FTLD-TDP;FTLD-TAU,T1-weighted MRI;diffusion MRI,Superior Longitudinal Fasciculus;Anterior Corpus Callosum,Eigenanatomy;ANTs,single study,FA,,logistic regression;ROC curve,increase,FTLD-TAU vs FTLD-TDP,yes,yes,yes,Frontotemporal Dementia
26646649,Difference in white matter microstructure in differential diagnosis of normal pressure hydrocephalus and Alzheimers disease,humans,Normal pressure hydrocephalus;Alzheimer's disease;Healthy controls,diffusion tensor imaging,Corona Radiata;Corpus Callosum;Corticofugal Fibres,FSL,single study,FA;MD;RD;AD,,correlation;ANOVA,decrease,NPH patients vs AD patients vs controls,yes,yes,yes,Alzheimers Disease;Idiopathic Normal Pressure Hydrocephalus
25363208,Longitudinal Diffusion Tensor Imaging in Frontotemporal Dementia,humans,behavioral variant frontotemporal dementia;Healthy controls,diffusion MRI,Corpus Callosum;Uncinate Fasciculus;Paracallosal Cingulum;Corticospinal Tract;Fornix,FSL;CAMINO;DTI-TK,single study,FA;MD;RD;AX,,linear regression;mixed-effects linear regression,increase;decrease,behavioral variant frontotemporal dementia patients vs controls,yes,yes,yes,Frontotemporal Dementia
16301485,Damage within a network of white matter regions underlies executive dysfunction in CADASIL,humans,CADASIL,DTI;diffusion MRI,Superior Longitudinal Fasciculus;Inferior Longitudinal Fasciculus;Cingulum Bundle,SPM,single study,FA;MD,Talairach,correlation,no mention,executive function in CADASIL,yes,yes,no,Cerebral Small Vessel Disease
28448817,Psychiatry Research: Neuroimaging,humans,Alzheimer's disease;Healthy controls,diffusion weighted MRI;diffusion MRI,Corpus Callosum;Anterior Cingulum Bundle;Posterior Cingulum Bundle;Cingulum Bundle;Internal Capsule,FSL;DTIPrep;DKE;LIBSVM,single study,FA;MD;RD;AK,,permutation tests;SVM;ROC analysis,increase,Alzheimer's patients vs controls,yes,yes,yes,Alzheimers Disease
22850313,Cognitive Function in Small Vessel Disease: The Additional Value of Diffusion Tensor Imaging to Conventional Magnetic Resonance Imaging: The RUN DMC Study,humans,Cerebral Small Vessel Disease,MRI;diffusion MRI,,SPM,single study,FA;MD,,regression,no mention,Cerebral Small Vessel Disease and cognitive function,yes,yes,no,
30798166,NeuroImage: Clinical,humans,Mild Cognitive Impairment;Alzheimer's disease;Normal controls,Anatomical MRI;diffusion MRI,Superior Longitudinal Fasciculus;Inferior Longitudinal Fasciculus;Uncinate Fasciculus;Anterior Thalamic Radiation;Left Cingulum Hippocampus;Splenium of the Corpus Callosum;Cingulum Cingulate;Left Arcuate Fasciculus;Inferior Fronto-Occipital Fasciculus;Corticospinal Tract;Genu of the Corpus Callosum,FSL;AFQ,single study,FA;MD,MNI,ANOVA,increase;decrease,AD patients vs NC;MCI patients vs NC;AD patients vs MCI patients,yes,yes,yes,Alzheimers Disease
19398016,Multi-contrast large deformation diffeomorphic metric mapping for diffusion tensor imaging,humans,Alzheimer's disease;Healthy controls,diffusion MRI,,DtiStudio,single study,FA,ICBM-152,surface matching;landmark matching,decrease,Alzheimer's disease patients vs controls,yes,yes,yes,Alzheimers Disease
39316311,Mengmeng Feng and Ziyang Song contributed equally to this work,humans,normal controls;subcortical ischemic vascular disease,DTI;diffusion MRI,Splenium of the Corpus Callosum;Left External Capsule;Body of the Corpus Callosum;Bilateral Superior Longitudinal Fasciculus;Bilateral Superior Corona Radiata;Genu of the Corpus Callosum;Bilateral Anterior Corona Radiata,FSL,single study,FA;MD,,Mann-Whitney U-test;non-parametric permutation analysis,decrease,SIVD patients vs normal controls,yes,yes,no,Dementia
28266059,Fractional Anisotropy Derived from the Diffusion Tensor Distribution Function Boosts Power to Detect Alzheimers Disease Deficits,humans,Mild cognitive impairment;Alzheimer's disease;Healthy controls,Anatomical MRI;diffusion MRI;PET,Superior Longitudinal Fasciculus;Corpus Callosum;Uncinate Fasciculus;Cingulum Bundle,FreeSurfer,single study,FA;MD,,ANOVA;t-test,decrease,Alzheimer's patients vs healthy controls,yes,yes,yes,Alzheimers Disease
27062691,Neuroanatomical correlates of verbal fluency in early Alzheimers disease and normal aging,humans,Alzheimer's disease;Healthy elderly controls,MRI,Superior Longitudinal Fasciculus;Corpus Callosum;Uncinate Fasciculus;Anterior Thalamic Radiation;Inferior Fronto-Occipital Fasciculus;Fornix;Forceps Minor,FSL,single study,FA;MD,,linear regression;ANOVA,decrease,AD patients vs healthy elderly controls,yes,yes,yes,Alzheimers Disease
31865024,NeuroImage: Clinical,humans,Primary Progressive Aphasia;Healthy controls,diffusion MRI,Middle Longitudinal Fascicle,FSL;TrackVis,single study,FA;MD;RD;AD,,correlation;t-test,decrease,PPA patients vs controls,yes,yes,yes,Primary Progressive Aphasia
37519167,Diffusion tensor imaging (DTI) Analysis Based on Tract-based spatial statistics (TBSS) and Classification Using Multi-Metric in Alzheimers Disease,humans,Alzheimer's disease;Healthy controls,diffusion MRI,Corona Radiata;Corpus Callosum;Superior Longitudinal Fasciculus,FSL;PANDA;Diffusion Toolkit,single study,DA;FA;MD;RD,MNI,SVM-RFE;t-test,decrease,Alzheimer's patients vs controls,yes,yes,yes,Alzheimers Disease
24997672,Serum Cholesterol and Variant in Cholesterol-Related Gene CETP Predict White Matter Microstructure,humans,elderly individuals;young adults;healthy individuals,diffusion MRI,Inferior Longitudinal Fasciculus;Corona Radiata;Corpus Callosum;Arcuate Fasciculus;Uncinate Fasciculus;Inferior Fronto-Occipital Fasciculus;Fornix;Internal Capsule,FSL,single study,FA;D mean;D ax;D rad,MNI,multiple comparisons correction;multi-SNP analysis,increase,cholesterol levels influence white matter microstructure,yes,yes,no,
31981370,Prospective Associations Between Diffusion Tensor Imaging Parameters and Frailty in Older Adults,humans,community-dwelling older adults,diffusion MRI,Superior Longitudinal Fasciculus;Superior Frontal Occipital Fasciculus;Superior Corona Radiata;External Capsule;Anterior Limb of Internal Capsule;Posterior Thalamic Radiation;Posterior Corona Radiata,FSL;SPM,single study,AxD;FA;MD;RD,,mixed-effect ordinal logistic regression,increase,frailty worsening in older adults,yes,yes,no,
25664619,Multimodal Analysis of Functional and Structural Disconnection in Alzheimers Disease Using Multiple Kernel SVM,humans,Alzheimer's disease;Healthy controls,rs-fMRI;structural MRI;diffusion MRI,Fornix;Corpus Callosum;Ventral Cingulum,FSL;SPM,single study,FA;MD;MO,MNI,ANOVA;t-test,no mention,Alzheimer's patients vs controls,yes,yes,yes,Alzheimers Disease
31706220,NeuroImage: Clinical,humans,Cerebral small vessel disease,diffusion MRI,,FSL,single study,,MNI,regression;ANOVA,decrease,rich club connectivity's effect on cognitive decline,yes,yes,yes,Cerebral Small Vessel Disease
19835655,,humans,Mild Cognitive Impairment,diffusion MRI,Fornix;Corpus Callosum;Cingulum,FreeSurfer,single study,FA;DR,,,,MCI patients with normal T-tau vs MCI patients with pathological T-tau,yes,yes,no,
20950559,Neuroimagerie de la maladie dAlzheimer : synthèse et apport à la compréhension des mécanismes physiopathologiques,humans,Alzheimer's disease,Anatomical MRI;diffusion MRI;PET,,,review,,MNI,,,Alzheimer's disease mechanisms,yes,yes,yes,Alzheimers Disease
16520023,Diffusion tensor imaging in early Alzheimers disease,humans,Alzheimer's disease;Healthy controls,diffusion MRI,Corpus Callosum;Splenium of the Corpus Callosum;Cingulum;Frontal White Matter;Parietal White Matter;Internal Capsule;Temporal White Matter,Functool Performance,single study,FA;MD,,Mann-Whitney test;t-test,decrease,early Alzheimer's patients vs controls,yes,yes,yes,Alzheimers Disease
31175374,Microstructural White Matter Alterations in Mild Cognitive Impairment and Alzheimers Disease Study Based on Neurite Orientation Dispersion and Density Imaging (NODDI),humans,Mild Cognitive Impairment;Alzheimer's disease;Healthy controls,DTI;diffusion MRI,Superior Longitudinal Fasciculus;Uncinate Fasciculus;Splenium of Corpus Callosum;Cingulum;Corticospinal Tract;Cerebral Peduncle,FSL;NODDI_toolbox,single study,Viso;FA;NDI;ODI,MNI,ROC;ANOVA,decrease,MCI and AD patients vs Healthy controls,yes,yes,yes,Alzheimers Disease;Mild Cognitive Impairment
31901155,Microstructural disruption of the right inferior fronto-occipital and inferior longitudinal fasciculus contributes to WMHrelated cognitive impairment,humans,WMH with mild cognitive impairment;WMH with normal cognition;Healthy controls,DTI;diffusion MRI,Superior Longitudinal Fasciculus;Inferior Fronto-Occipital Fasciculus;Anterior Thalamic Radiation;Inferior Longitudinal Fasciculus,FSL;AFQ,single study,FA;MD;RD;AD,,ANOVA;partial correlation,no mention,WMH with mild cognitive impairment vs WMH with normal cognition vs healthy controls,yes,yes,no,Cerebral Small Vessel Disease
18412132,White Matter Tract Integrity in Aging and Alzheimers Disease,humans,Mild Cognitive Impairment;Healthy elderly;Healthy young;Alzheimer's disease,MRI;diffusion MRI,Corpus Callosum;Uncinate Fasciculus,FSL,single study,FA,MNI,t-test,decrease,healthy aging vs Alzheimer's disease,yes,yes,yes,Alzheimers Disease
31954961,Diffusion tensor imaging evidence of corticospinal pathway involvement in frontotemporal lobar degeneration,humans,healthy controls;frontotemporal lobar degeneration,MRI;Diffusion Tensor Imaging (DTI),Corpus Callosum;Corticospinal Tract,FSL,single study,FA;MD;RD;AD,MNI,Chi-square test;ANOVA,decrease,FTLD patients vs healthy controls,yes,yes,yes,
23706516,The ε4 genotype of apolipoprotein E and white matter integrity in Alzheimers disease,humans,Alzheimer's disease;Healthy controls,diffusion tensor imaging;MRI,Corpus Callosum,FSL;SPM,single study,FA;MD,MNI,ANOVA;t-test,decrease,Alzheimer's patients vs healthy controls,yes,yes,yes,Alzheimers Disease
32008281,Study on the white matter neuronal integrity in amnestic mild cognitive impairment based on automating fiber-tract quantification Article in Chinese,humans,normal controls;amnestic mild cognitive impairment;naMCI,Anatomical MRI;diffusion MRI,Inferior Longitudinal Fasciculus;Cingulum Bundle;Corticospinal Tract,AFQ,single study,FA;MD,,pointwise comparison,increase;decrease,aMCI patients vs naMCI patients;aMCI patients vs normal controls,yes,yes,yes,Mild Cognitive Impairment
25859933,Microstructural White Matter Abnormalities and Cognitive Dysfunction in Subcortical Ischemic Vascular Disease: an Atlas-Based Diffusion Tensor Analysis Study,humans,vascular cognitive impairment on dementia;normal cognition,diffusion MRI,fornix;genu of corpus callosum;superior longitudinal fasciculus;superior corona radiata;superior fronto-occipital fasciculus;retrolenticular part of internal capsule;splenium of corpus callosum;posterior corona radiata;sagittal stratum;body of corpus callosum;stria terminalis;posterior limb of internal capsule;posterior thalamic radiation;anterior corona radiata;anterior limb of internal capsule;bilateral tapetum of corpus callosum;cingulum;uncinate fasciculus;external capsule,PANDA,single study,FA;MD,MNI,Spearman correlations;Mann-Whitney U test;t-test,increase;decrease,VCIND patients vs NC patients,yes,yes,yes,Vascular Cognitive Impairment
28067183,Hippocampal and entorhinal structures in subjective memory impairment: a combined MRI volumetric and DTI study,humans,Subjective memory impairment;Healthy controls,Anatomical MRI;diffusion MRI,,Analyze;dTVII,single study,FA;MD,,regression;ANOVA;t-test,decrease,SMI patients vs elderly controls,yes,yes,no,
19442496,Diffusion tensor changes in patients with amnesic mild cognitive impairment and various dementias,humans,amnesic mild cognitive impairment;subcortical ischemic vascular dementia;frontotemporal dementia;healthy controls;Alzheimer's disease,DTI;diffusion MRI,Temporal Subcortical Areas;Corpus Callosum;Frontal Subcortical Areas;Posterior Periventricular White Matter;Anterior Periventricular White Matter;Anterior Commissure,SPSS;FuncTool,single study,FA;MD,,Mann-Whitney U test;ANOVA;Spearman correlation,decrease,mild cognitive impairment vs Alzheimer's disease vs subcortical ischemic vascular dementia vs frontotemporal dementia vs controls,yes,yes,yes,Alzheimers Disease;Subcortical Ischemic Vascular Dementia;Frontotemporal Dementia
22825739,Relationship between apolipoprotein E4 genotype and white matter integrity in HIV-positive young adults in South Africa,humans,HIV-positive young adults,diffusion tensor imaging,Corpus Callosum,FSL;MATLAB,single study,FA;MD,,Mann-Whitney U tests;ANOVA,decrease,ApoE e4 carriers vs non-carriers in HIV-positive subjects,yes,yes,no,
19584447,Impact of APOE on the Healthy Aging Brain: A Voxel-Based MRI and DTI Study,humans,nondemented older adults,diffusion tensor imaging;MRI,Parahippocampal Gyrus;Corpus Callosum;Cingulum Bundle;Occipitofronto Fasciculus,FSL;SPM,single study,FA,MNI,ANOVA;t-test,decrease,APOEε4 carriers vs noncarriers,yes,yes,no,Alzheimers Disease
37673749,Assessment of gray matter microstructure and synaptic density in Alzheimers disease: A multimodal imaging study with DTI and SV2A PET,humans,Alzheimer's disease;Cognitively normal,PET;diffusion MRI,,FSL;FreeSurfer,single study,MD,MNI,regression;unpaired t-test,increase,AD patients vs cognitively normal participants,yes,yes,yes,Alzheimers Disease
40016624,Association Between Single Nucleotide Polymorphisms in the Aquaporin-4 Gene and Longitudinal Changes in White Matter Free Water and Cognitive Function in Non-Demented Older Adults,humans,non-demented older adults;cognitively unimpaired participants;mild cognitive impairment,DTI;MRI,,FSL;SPSS,single study,DTI;FW,MNI,multiple linear regression;linear mixed models,no mention,association between AQP4 SNPs and glymphatic markers,yes,yes,no,
29126669,Psychiatry Research: Neuroimaging,humans,non-amnestic MCI;healthy controls;amnestic MCI,diffusion weighted MRI;3D T1W,Fornix;Corpus Callosum;Stria Terminalis;Cingulum,SPM;ExploreDTI,single study,FA;MD,MNI,ANCOVA;logistic regression,increase;decrease,non-amnestic MCI vs controls;amnestic MCI vs controls,yes,yes,yes,Alzheimers Disease
28315741,Individual classification of Alzheimers disease with diffusion magnetic resonance imaging,humans,Alzheimer's disease;Healthy controls,diffusion MRI,,FSL,single study,FA;MD;RD;AD,MNI,AUC,no mention,Alzheimer's patients vs controls,yes,yes,yes,Alzheimers Disease
39737627,Microstructural mapping of neural pathways in Alzheimers disease using macrostructure-informed normative tractometry,humans,Alzheimer's disease;mild cognitive impairment,DTI;diffusion weighted MRI,Inferior Longitudinal Fasciculus;Corpus Callosum;Uncinate Fasciculus;Arcuate Fasciculus;Cingulum;Fornix,FSL;DiPy,single study,AxD;FA;MD;RD,MNI,linear regression;partial correlation,increase,MCI and dementia vs cognitively normal controls,yes,yes,yes,Alzheimers Disease;Dementia;Mild Cognitive Impairment
26567744,Eigenanatomy on Fractional Anisotropy Imaging Provides White Matter Anatomical Features Discriminating Between Alzheimers Disease and Late Onset Bipolar Disorder,humans,Bipolar;Alzheimer's disease,diffusion weighted MRI,Superior Corona Radiata;Posterior Limb of the Internal Capsule;Superior Longitudinal Fasciculus,FSL;ANTS,single study,FA,,cross-validation;support vector machine,increase,Alzheimer's disease vs late onset bipolar disorder,yes,yes,yes,Alzheimers Disease
24970026,Discriminative analysis of multivariate features from structural MRI and diffusion tensor images,humans,Alzheimer's disease;Healthy controls,Anatomical MRI;diffusion MRI,Corpus Callosum to Lingual Gyrus (CC_LG);Inferior Fronto-Occipital Fasciculus Left (IFO_L);Corpus Callosum to Middle Occipital Gyrus (CC_MOG);Cingulum of Hippocampus Right (CGH_R);Fronto-Occipital Fasciculus Right (IFO_R);Corpus Callosum to Pre-Central Gyrus (CC_PrCG);Uncinate Fasciculus Left (UNC_L);Corpus Callosum to Gyrus Rectus (CC_RG);Superior Longitudinal Fasciculus-Frontal Lobe to Temporal Lobe Right (SLF_FT_R);Superior Longitudinal Fasciculus-Frontal Lobe to Parietal Lobe Right (SLF_FP_R);Uncinate Fasciculus Right (UNC_R);Corpus Callosum to Cingulate Gyrus (CC_CingG);Corpus Callosum to Middle Frontal Gyrus (CC_MFG);Corpus Callosum to Superior Frontal Gyrus (CC_SFG);Cingulum of Cingulate Gyrus Left (CGC_L),DTIstudio;SVM,single study,FA;MD,MNI,cross-validation,increase,Alzheimer's disease patients vs normal controls,yes,yes,yes,Alzheimers Disease
25693199,Microstructural White Matter Tissue Characteristics Are Modulated by Homocysteine: A Diffusion Tensor Imaging Study,humans,Healthy controls,MRI;diffusion MRI,Forceps Minor;Inferior Longitudinal Fasciculus;Pyramidal Tracts;Ponto-Cerebellar Tracts,FSL;ExploreDTI,single study,FA;MD;AD;TD,MNI,linear regression;correlation,increase,homocysteine levels influence on white matter microstructure,yes,yes,no,
31741143,Cerebellar cognitive-affective syndrome preceding ataxia associated with complex extrapyramidal features in a Turkish SCA48 family,humans,SCA48,diffusion tensor imaging;Brain MRI;SPECT,Superior Longitudinal Fasciculus;Superior Cerebellar Peduncle;Middle Cerebellar Peduncle;Cerebello-Frontal Tracts,,single study,,,,,SCA48 patients with cognitive impairment vs healthy controls,yes,yes,yes,
28948070,Predicting neurocognitive function with hippocampal volumes and DTI metrics in patients with Alzheimers dementia and mild cognitive impairment,humans,Mild Cognitive Impairment;Alzheimer's disease;Healthy controls,Anatomical MRI;diffusion MRI,Anterior Corona Radiata;Left Retrolenticular Part of the Internal Capsule;Sagittal Stratum;Superior Fronto-Occipital Fasciculus;Anterioposterior Limb of the Internal Capsule;Genu of the Corpus Callosum;Posterior Corona Radiata;Left Fornix,FSL;FreeSurfer,single study,FA;MD,Montreal Neurological Institute 152,PLSR,no mention,Alzheimer's patients vs Mild Cognitive Impairment vs Healthy controls,yes,yes,yes,Alzheimers Disease;Mild Cognitive Impairment
37158918,Detection of mild cognitive impairment in Parkinsons disease using gradient boosting decision tree models based on multilevel DTI indices,humans,PD-NC;PD-MCI,diffusion MRI,Fornix;Pontine Crossing Tract;Medial Lemniscus;Cingulum,FSL;PANDA,single study,FA;MD;RD;AD,,AUC,increase,PD-MCI vs PD-NC,yes,yes,no,Parkinson Disease
30684740,Medical Image Analysis,humans,Mild Cognitive Impairment;Alzheimer's disease;Healthy controls,diffusion MRI,Corpus Callosum;Cingulum,Nifty-Reg;TORTOISE;iRESTORE,single study,FA,,t-test,no mention,MCI and AD patients vs Healthy controls,yes,yes,yes,Alzheimers Disease;Mild Cognitive Impairment
33022474,Reduced fractional anisotropy of genu of corpus callosum as a predictor of longitudinal cognition in MCI,humans,mild cognitive impairment,Anatomical MRI;diffusion MRI,Hippocampal Cingulum Bundle;Genu of Corpus Callosum,FreeSurfer,single study,FA;MD,,linear mixed effect models,decrease,cognitive decline in MCI individuals,yes,yes,no,Mild Cognitive Impairment
17905894,Diffusion Tensor Imaging of Normal-Appearing White Matter in Mild Cognitive Impairment and Early Alzheimer Disease: Preliminary Evidence of Axonal Degeneration in the Temporal Lobe,humans,normal cognition;Alzheimer's disease;mild cognitive impairment,diffusion MRI,Parietal NAWM;Temporal NAWM;Frontal NAWM,DTIStudio,single study,DA;FA;DR,,Mann-Whitney U test;Spearman rank correlation;Kruskal-Wallis test,decrease,AD and MCI vs controls,yes,yes,yes,Alzheimers Disease;Mild Cognitive Impairment
27103138,Multivariate Statistical Analysis of Diffusion Imaging Parameters using Partial Least Squares: Application to White Matter Variations in Alzheimers Disease,humans,healthy controls;Alzheimer's disease;mild cognitive impairment,diffusion weighted MRI;diffusion MRI,,FSL,single study,FA;MD;AD,MNI,permutation testing,no mention,Alzheimer's disease vs healthy controls;mild cognitive impairment vs healthy controls,yes,yes,yes,Alzheimers Disease
27761397,Interhemispheric connectivity in amyotrophic lateral sclerosis: A near-infrared spectroscopy and diffusion tensor imaging study,humans,amyotrophic lateral sclerosis;Healthy controls,diffusion tensor imaging;near-infrared spectroscopy,Corpus Callosum;Corticospinal Tract;Forceps Minor,FSL,single study,FA,MNI,correlation;ANOVA,decrease,ALS patients vs controls,yes,yes,no,
20371138,"Multiple DTI index analysis in normal aging, amnestic MCI and AD. Relationship with neuropsychological performance",humans,Healthy elders;Alzheimer's disease;a-MCI,diffusion MRI,Superior Longitudinal Fasciculus;Inferior Longitudinal Fasciculus;Corpus Callosum;Uncinate Fasciculus;Cingulum;Inferior Frontocipital Fasciculus,FSL,single study,DA;FA;MD;DR,,correlation;ANOVA,decrease,a-MCI patients vs healthy elders and Alzheimer's disease patients,yes,yes,yes,Alzheimers Disease;Mild Cognitive Impairment
25963506,Changes in anatomical and functional connectivity of Parkinsons disease patients according to cognitive status,humans,Parkinson's disease dementia;healthy controls;cognitively unimpaired Parkinson's disease patients,rs-fMRI;DTI,Superior Longitudinal Fasciculus;Inferior Longitudinal Fasciculus;Corpus Callosum;Uncinate Fasciculus;Cingulum Bundle;Superior Fronto-Occipital Fasciculus,FSL;PANDA,single study,FA;MD,MNI,correlation;ANOVA,decrease,Parkinson's disease dementia vs cognitively unimpaired Parkinson's disease vs healthy controls,yes,yes,yes,Parkinson'S Disease Dementia;Parkinson Disease
25644739,Predicting Prodromal Alzheimers Disease in Subjects with Mild Cognitive Impairment Using Machine Learning Classification of Multimodal Multicenter Diffusion-Tensor and Magnetic Resonance Imaging Data,humans,healthy controls;mild cognitive impairment,Anatomical MRI;diffusion MRI,Corpus Callosum;Posterior Cingulate,FSL;SPM;WEKA,single study,FA;MD;MO,MNI,t-test,increase,MCI-Aβ42 positive vs healthy controls;MCI-Aβ42 positive vs MCI-Aβ42 negative,yes,yes,yes,Prodromal Alzheimers Disease
20977535,Voxel-Based Analysis of Diffusion Tensor Imaging in Patients with Subcortical Vascular Cognitive Impairment: Correlates with Cognitive and Motor Deficits,humans,subcortical vascular dementia;mild cognitive impairment,Anatomical MRI;diffusion MRI,Periventricular White Matter;Corpus Callosum;Internal Capsule;Corona Radiata,FSL;SPM,single study,FA;MD,Talairach,correlation,decrease,SVaD and svMCI patients correlation with cognitive and motor deficits,yes,yes,yes,Vascular Dementia
32244028,Network topology and machine learning analyses reveal microstructural white matter changes underlying Chinese medicine Dengzhan Shengmai treatment on patients with vascular cognitive impairment,humans,Vascular cognitive impairment,DTI;MRI,,GRETNA;SPSS;PANDA,single study,FA,MNI,ANCOVA;t-test,increase,DZSM treatment vs placebo on vascular cognitive impairment,yes,yes,no,Vascular Cognitive Impairment
31958093,Reduced Hippocampal Glutamate and Posterior Cingulate N-Acetyl Aspartate in Mild Cognitive Impairment and Alzheimers Disease Is Associated with Episodic Memory Performance and White Matter Integrity in the Cingulum: A Pilot Study,humans,Alzheimer's disease;normal elderly controls;mild cognitive impairment,diffusion tensor imaging;MRI;1 H-MRS,Cingulum,FSL,single study,FA;AxD;RD,MNI,ANOVA,increase;decrease,MCI and AD patients vs NEC,yes,yes,yes,Alzheimers Disease;Mild Cognitive Impairment
27903333,Diffusion Tensor Imaging Predictors of Episodic Memory Decline in Healthy Elders at Genetic Risk for Alzheimers Disease,humans,APOE ε4 carriers;healthy elders,Anatomical MRI;diffusion MRI,Fornix-Stria Terminalis;Cingulate-Hippocampal;Uncinate Fasciculus,FSL;AFNI,single study,DA;FA;MD;DR,,regression;correlation,decrease,healthy elders at genetic risk vs cognitively intact elders,yes,yes,yes,Alzheimers Disease
25775003,Independent Component Analysis-Based Identification of Covariance Patterns of Microstructural White Matter Damage in Alzheimers Disease,humans,Alzheimer's disease;Healthy controls,diffusion MRI,Superior Longitudinal Fasciculus;Bilateral Corona Radiata;Corpus Callosum;Cingulum;Hippocampal Commissure,FSL;Fusion ICA toolbox,single study,FA;MD;RD;AD,MNI,t-test;ROC analysis,decrease,Alzheimer's patients vs controls,yes,yes,yes,Alzheimers Disease
25938561,Interhemispheric Functional and Structural Disconnection in Alzheimers Disease: A Combined Resting-State fMRI and DTI Study,humans,Mild cognitive impairment;Alzheimer's disease;Cognitive normal healthy subjects,diffusion MRI;DTI;fMRI,Corpus Callosum,SPM;DTI-Studio,single study,FA;MD,MNI,correlation;ANOVA,decrease,Alzheimer's disease vs Mild cognitive impairment vs Cognitive normal healthy subjects,yes,yes,yes,Alzheimers Disease
23109096,Microstructural changes in the hippocampus and posterior cingulate in mild cognitive impairment and Alzheimers disease: a diffusion tensor imaging study,humans,normal controls;amnestic mild cognitive impairment;Alzheimer's disease,diffusion tensor imaging;MRI,,Volume-One;dTVII,single study,FA;MD,,ANOVA,decrease,MCI vs normal controls;aMCI vs AD,yes,yes,yes,Alzheimers Disease;Mild Cognitive Impairment
15917103,Color-coded diffusion-tensor-imaging of posterior cingulate fiber tracts in mild cognitive impairment,humans,amnestic mild cognitive impairment;healthy controls;Alzheimer's dementia,diffusion MRI;color-coded diffusion-tensor-imaging,Posterior Cingulum Bundle,Image-J;SPSS,single study,FA;MD,,Spearman's rank correlation;Mann-Whitney U-test,decrease,MCI patients vs controls,yes,yes,yes,Mild Cognitive Impairment;Alzheimers Disease
27873148,Local texture descriptors for the assessment of differences in diffusion magnetic resonance imaging of the brain,humans,healthy controls;Alzheimer's disease;mild cognitive impairment,diffusion weighted MRI;diffusion MRI,,,single study,FA;MD;RD,,,,mild cognitive impairment vs Alzheimer's disease vs healthy controls,yes,yes,yes,Alzheimers Disease
23874403,Diffusion Tensor Tractography versus Volumetric Imaging in the Diagnosis of Behavioral Variant Frontotemporal Dementia,humans,Behavioral Variant Frontotemporal Dementia;Healthy controls,diffusion MRI,Superior Longitudinal Fasciculus;Inferior Longitudinal Fasciculus;Corpus Callosum;Uncinate Fasciculus;Cingulum Bundle,FSL;Freesurfer;TrackVis,single study,FA;MD;RD;AD,MNI,binary logistic regression;t-test;ROC analysis,decrease,bvFTD patients vs controls,yes,yes,yes,Behavioral Variant Frontotemporal Dementia
31133818,Longitudinal Changes in Diffusion Tensor Imaging Following Mild Traumatic Brain Injury and Correlation With Outcome,humans,mild TBI;Healthy controls,diffusion MRI,Left Anterior Limb of Internal Capsule;Right Anterior Corona Radiata;Forceps Major;Right Inferior Fronto-Occipital Fasciculus;Body of Corpus Callosum,FSL;SPM,single study,FA;MD;RD;AD,MNI,ANOVA;t-test,decrease,mild TBI patients vs Healthy controls,yes,yes,no,
33651272,An elaborative NMR based plasma metabolomics study revealed metabolic derangements in patients with mild cognitive impairment: a study on north Indian population,humans,Mild cognitive impairment;Healthy controls,diffusion tensor imaging,Forcip Major;Right Temporal Lobe;Corpus Callosum;Left Frontal Lobe;Right Frontal Lobe;Fornix,Metaboanalyst;CHENOMX;Neuro-3D,single study,FA;ADC,,ROC curve;Mann-Whitney U test;univariate analysis;multivariate analysis,decrease,MCI patients vs Healthy controls,yes,yes,yes,Mild Cognitive Impairment
33855944,An official website of the United States government Heres how you know,humans,Alzheimer's disease,DTI;PET;MR imaging,,,single study,,,,,,yes,yes,yes,Autosomal Dominant Alzheimer'S Disease
31594223,Multicenter Tract-Based Analysis of Microstructural Lesions within the Alzheimers Disease Spectrum: Association with Amyloid Pathology and Diagnostic Usefulness,humans,Alzheimer's disease dementia;Subjective cognitive decline;Mild cognitive impairment;Healthy controls,diffusion MRI,Corpus Callosum;Uncinate Fasciculus;Cingulum Bundle;Fornix;Internal Capsule,FSL,single study,FA;MD;mode of anisotropy,MNI,t-test,decrease,MCI vs controls;AD dementia vs controls,yes,yes,yes,Alzheimers Disease
24111239,,humans,Alzheimer's disease;Normal controls,DTI;diffusion MRI,Genu of Corpus Callosum Left;Anterior Corona Radiate;Cingulum;Cerebral Peduncle;Fornix;Body of Corpus Callosum,Adaptive Boosting,single study,FA;MD,JHU DTI atlas,classification accuracy,decrease,Alzheimer patients vs Normal controls,yes,yes,yes,Alzheimers Disease
24986110,c o m p u t e r m e t h o d s a n d p r o g r a m s i n b i o m e d i c i n,humans,Alzheimer's disease;Healthy controls,diffusion MRI,Fornix;Splenium of Corpus Callosum;Genu of Corpus Callosum,FSL;MATLAB,single study,DA;FA;MD;RD,JHU DTI atlas,linear fit;logistic classifier;SVM;decision stumps,decrease,Alzheimer's patients vs controls,yes,yes,yes,Alzheimers Disease
40098158,Perivascular space and white matter hyperintensities in Alzheimers disease: associations with disease progression and cognitive function,humans,Alzheimer's disease;Healthy controls,DTI MRI;FLAIR MRI,,SPM,single study,ALPS-Index,,ANCOVA;linear regression,decrease,Alzheimer's patients vs controls,yes,yes,yes,Alzheimers Disease
17413027,Diffusion Tensor Imaging of Normal Appearing White Matter and Its Correlation with Cognitive Functioning in Mild Cognitive Impairment and Alzheimers Disease,humans,Mild Cognitive Impairment;Alzheimer's disease;Healthy controls,MRI;diffusion MRI,Normal Appearing White Matter,DTI Studio,single study,DA;FA;DR,,ANOVA;Spearman's ranks correlation;Kruskal-Wallis test,decrease,MCI and AD vs Normal controls,yes,yes,yes,Alzheimers Disease;Mild Cognitive Impairment
31778276,Microstructural abnormalities of substantia nigra in Parkinsons disease: A neuromelanin sensitive MRI atlas based study,humans,Healthy controls;Parkinson's disease,DTI;diffusion MRI;Neuromelanin Sensitive MRI,,FSL;ANTs;FreeSurfer,single study,FA;MD;RD;AD,MNI,t-test;MANCOVA,increase,Parkinson's patients vs controls,yes,yes,no,Parkinson Disease
31227891,"Structural integrity in subjective cognitive decline, mild cognitive impairment and Alzheimers disease based on multicenter diffusion tensor imaging",humans,healthy controls;Alzheimer's disease;subjective cognitive decline;mild cognitive impairment,diffusion MRI,Superior Longitudinal Fasciculus;Inferior Longitudinal Fasciculus;Anterior Corona Radiata;Splenium of the Corpus Callosum;Cingulum;Body of the Corpus Callosum;Genu of the Corpus Callosum,FSL;SPM12,single study,FA;MD;MO,MNI,ANOVA;t-test;elastic-net penalized regression,decrease,SCD vs CON;MCI vs CON;AD vs CON,yes,yes,yes,Alzheimers Disease
32808747,Small vessel disease more than Alzheimers disease determines diffusion MRI alterations in memory clinic patients,humans,Cerebral small vessel disease;Mild dementia;Healthy controls;Amnestic mild cognitive impairment;Alzheimer's disease,diffusion MRI,,R,single study,FA;MD,,linear regression;random forest,increase;decrease,Alzheimer's disease vs small vessel disease,yes,yes,yes,Alzheimers Disease;Cerebral Small Vessel Disease
19100839,Decreased white matter integrity in late-myelinating fiber pathways in Alzheimers disease supports retrogenesis,humans,Alzheimer's disease;Healthy controls,diffusion MRI,Superior Longitudinal Fasciculus;Inferior Longitudinal Fasciculus;Cerebral Peduncles;Uncinate Fasciculus;Splenium of the Corpus Callosum;Forceps Major;Cingulum;Posterior Limb of Internal Capsule;Fornix,FSL;AFNI,single study,FA;DR,MNI,ANOVA,decrease,Alzheimer's patients vs controls,yes,yes,yes,Alzheimers Disease
23876242,"Relationship between excitability, plasticity and thickness of the motor cortex in older adults",humans,healthy older adults,MRI;diffusion-weighted images,Pyramidal Tract,FSL;FreeSurfer,single study,FA,Talairach,multiple linear regression,no mention,associations between brain structure and cortical physiology,yes,yes,no,
29923666,Regional structural hypo-and hyperconnectivity of frontalstriatal and frontal-thalamic pathways in behavioral variant frontotemporal dementia,humans,Behavioral Variant Frontotemporal Dementia;Healthy controls,diffusion MRI,Frontal-Striatal Tracts;Frontal-Thalamic Tracts,ANALYZE;FreeSurfer;ITK-SNAP;FSL;BedpostX,single study,FA;MD;RD;AD,MNI,linear mixed models;generalized mixed models,decrease,bvFTD patients vs controls,yes,yes,yes,Frontotemporal Dementia
22384251,Using Support Vector Machines with Multiple Indices of Diffusion for Automated Classification of Mild Cognitive Impairment,humans,MCIa;MCIna;MCI;Healthy controls,Anatomical MRI;diffusion MRI,Fronto-Occipital Fasciculus;Forceps Major,WEKA;Matlab;SVM,single study,DA;FA;MD;DR,,cross-validation,no mention,Control vs MCI classification,yes,yes,no,Mild Cognitive Impairment
17200485,Diffusion tensor imaging of cingulum fibers in mild cognitive impairment and Alzheimer disease,humans,Mild Cognitive Impairment;Cognitively Normal;Alzheimer's disease,structural MRI;diffusion MRI,Corpus Callosum;Cingulum Bundle,DTIstudioV2,single study,FA;D,, logistic regressions;ANOVA,decrease,MCI and AD pathology vs healthy aging,yes,yes,yes,Alzheimers Disease;Mild Cognitive Impairment
23613774,Mechanisms of Cognitive Impairment in Cerebral Small Vessel Disease: Multimodal MRI Results from the St Georges Cognition and Neuroimaging in Stroke (SCANS) Study,humans,Cerebral Small Vessel Disease;Stroke patients;Healthy controls,MRI;diffusion MRI,,FSL;SPM,single study,FA;MD;RD;AD,,regression;ANOVA;t-test,decrease,Cerebral Small Vessel Disease patients vs controls,yes,yes,yes,Cerebral Small Vessel Disease;Vascular Dementia
21841260,"Multimodal Imaging in Diagnosis of Alzheimers Disease and Amnestic Mild Cognitive Impairment: Value of Magnetic Resonance Spectroscopy, Perfusion, and Diffusion Tensor Imaging of the Posterior Cingulate Region",humans,amnestic mild cognitive impairment;Alzheimer's disease;Healthy controls,DTI;MRI;PWI;MRS,Cingulum Bundle,Functool,single study,FA,,ANOVA,decrease,AD patients vs aMCI vs controls,yes,yes,yes,Alzheimers Disease;Mild Cognitive Impairment
21168157,Comparison of diffusion tensor imaging and voxel-based morphometry to detect white matter damage in Alzheimers disease,humans,Alzheimer's disease;Healthy controls,diffusion tensor imaging;MRI,Orbitofrontal;Corpus Callosum;Splenium of the Corpus Callosum;Cingulum;Medial Frontal,SPM;MATLAB;MRIcro,single study,FA;MD,Talairach;MNI,t-test,decrease,Alzheimer's patients vs controls,yes,yes,yes,Alzheimers Disease
24121958,"Relationship among Diffusion Tensor Imaging, EEG Activity, and Cognitive Status in Mild Cognitive Impairment and Alzheimers Disease Patients",humans,Mild Cognitive Impairment;Alzheimer's disease;Healthy controls,diffusion MRI,Corpus Callosum;Frontal White Matter,FSL;MRIcro;MRIcron,single study,FA,,correlation;ANOVA,decrease,Alzheimer's disease vs Mild Cognitive Impairment vs Healthy controls,yes,yes,yes,Alzheimers Disease;Mild Cognitive Impairment
33661150,,humans,CADASIL;Healthy controls,magnetic resonance imaging,Superior Longitudinal Fasciculus;Inferior Longitudinal Fasciculus;Corona Radiata;Corpus Callosum;Uncinate Fasciculus;External Capsule;Cingulum;Inferior Fronto-Occipital Fasciculus;Thalamic Radiation;Internal Capsule,,single study,FA;MO;MD;RD;AD,,,decrease,CADASIL patients vs healthy controls,yes,yes,no,Cerebral Small Vessel Disease
15178944,MRI with Diffusion Tensor Imaging Post-Mortem at 3.0 T in a Patient with Frontotemporal Dementia,humans,Frontotemporal Dementia,DTI;MRI;diffusion MRI,,IDL,single study,FA;MD,,,no mention,Frontotemporal Dementia,yes,yes,yes,Frontotemporal Dementia
23787190,"Diffusion tensor imaging measures of normal appearing white matter in patients who are aging, or have amnestic mild cognitive impairment, or Alzheimers disease",humans,amnestic mild cognitive impairment;Alzheimer's disease;Healthy controls,diffusion MRI,Corpus Callosum,Functool2,single study,FA;MD,,regression;ANOVA,decrease,amnestic mild cognitive impairment vs Alzheimer's disease,yes,yes,yes,Alzheimers Disease
26988810,A Diffusion Tensor Imaging Study on White Matter Abnormalities in Patients with Type 2 Diabetes Using Tract-Based Spatial Statistics,humans,healthy controls;patients with type 2 diabetes mellitus with mild cognitive impairment;patients with type 2 diabetes mellitus with normal cognition,diffusion MRI,Anterior Corona Radiata;Superior Corona Radiata;External Capsule;Cingulum;Anterior Limb of Internal Capsule;Corticospinal Tract;Retrolenticular Part of Internal Capsule;Posterior Thalamic Radiation;Sagittal Striatum,FSL;Tract-Based Spatial Statistics,single study,FA;MD;RD;AD,,receiver operating characteristic analysis,decrease,patients with type 2 diabetes mellitus with mild cognitive impairment vs patients with type 2 diabetes mellitus with normal cognition,yes,yes,no,
28764771,Sensitivity of restriction spectrum imaging to memory and neuropathology in Alzheimers disease,humans,Alzheimer's disease;mild cognitive impairment;Healthy controls,MRI;diffusion MRI,Inferior Longitudinal Fasciculus;Arcuate Fasciculus;Uncinate Fasciculus;Parahippocampal Cingulum;Inferior Fronto-Occipital Fasciculus;Fornix,FreeSurfer,single study,ND;FA;MD;IF,,regression;correlation;ANOVA,increase;decrease,memory impaired participants vs healthy participants,yes,yes,yes,Alzheimers Disease
28754095,Comparison of neuropsychiatric symptoms and diffusion tensor imaging correlates among patients with subcortical ischemic vascular disease and Alzheimers disease,humans,Alzheimers disease;subcortical ischemic vascular disease,diffusion tensor imaging,Superior Longitudinal Fasciculus;Corpus Callosum;Uncinate Fasciculus;Splenium of Corpus Callosum;Forceps Major;Genu of Corpus Callosum;Body of Corpus Callosum,Functool,single study,FA;MD,,regression;correlation;t-test,decrease,SIVD patients vs AD patients,yes,yes,yes,Alzheimers Disease
33393804,Neural Correlates of Daily Function: A Pilot Study of the White Matter Retrogenesis Hypothesis and Three Separate Performance-Based Functional Assessments,humans,cognitively normal;mild cognitive impairment,DTI;diffusion MRI,genu of the corpus callosum;splenium of the corpus callosum;fornix;body of the corpus callosum;uncinate fasciculus;Late-myelinated fibers,FSL,single study,FA,IXI Aging DTI Template,linear regression,increase,cognitively normal vs mild cognitive impairment,yes,yes,yes,Alzheimers Disease
33314416,Altered Regional Brain Homogeneity of BOLD Signal in CADASIL: A Resting State fMRI Study,humans,CADASIL;Healthy controls,diffusion MRI;fMRI,Corpus Callosum,FSL;RESTORE;CAMINO,single study,MD,MNI,regression;t-test,decrease,CADASIL patients vs healthy controls,yes,yes,yes,Dementia;Cerebral Small Vessel Disease
30461106,Diffusion Tensor Imaging of the Superior Thalamic Radiation and Cerebrospinal Fluid Distribution in Idiopathic Normal Pressure Hydrocephalus,humans,iNPH patients;Alzheimer's disease;Healthy controls,MRI;T1-weighted MRI;diffusion weighted MRI,Dentatorubrothalamic Tract;Superior Thalamic Radiation;Corticospinal Tract,MRI Cloud;DTI Studio,single study,FA;MD;RD;AD,,correlation;t-test,increase,iNPH patients vs Alzheimer's patients vs healthy controls,yes,yes,yes,Alzheimers Disease;Idiopathic Normal Pressure Hydrocephalus
24990445,A study of structural and functional connectivity in early Alzheimers disease using rest fMRI and diffusion tensor imaging,humans,mild Alzheimer's disease;cognitively healthy controls,diffusion tensor imaging;rest fMRI,,FSL,single study,FA,MNI,Mann-Whitney U-test;t-test,no mention,mild AD vs cognitively healthy controls,yes,yes,yes,Alzheimers Disease
19913331,Diffusion tensor imaging and Tract-Based Spatial Statistics in Alzheimers disease and mild cognitive impairment,humans,Mild cognitive impairment;Alzheimer's disease;Healthy controls,diffusion MRI,Superior Longitudinal Fasciculus;Inferior Longitudinal Fasciculus;Corpus Callosum;Uncinate Fasciculus;Cingulum;Fornix,FSL,single study,FA,,ANOVA,decrease,MCI subjects vs controls;AD patients vs controls,yes,yes,yes,Alzheimers Disease;Mild Cognitive Impairment
24251793,Clinical Investigative Study Use of Diffusion Tensor Imaging for Evaluating Changes in the Microstructural Integrity of White Matter Over 3 Years in Patients with Amnesic-Type Mild Cognitive Impairment Converting to Alzheimers Disease,humans,Amnesic mild cognitive impairment;Normal controls,diffusion tensor imaging;MRI,Superior Longitudinal Fasciculus;Corpus Callosum;Inferior Fronto-Occipital Fasciculus;Cingulate Fasciculus,FiberTrak,single study,FA;ADC,,,decrease,Amnesic MCI patients vs normal controls,yes,yes,yes,Alzheimers Disease
27861154,Presence of lacunar infarctions is associated with the spatial navigation impairment in patients with mild cognitive impairment: a DTI study,humans,lacunar infarction;mild cognitive impairment,DTI;diffusion MRI,Left Inferior Longitudinal Fasciculus;Right Corticospinal Tract;Left Uncinate Fasciculus;Left Inferior Fronto-Occipital Fasciculus;Right Uncinate Fasciculus;Right Anterior Thalamic Radiation;Right Inferior Fronto-Occipital Fasciculus,FSL;PANDA,single study,FA;MD,,linear regression;ANOVA;t-test,decrease,lacunar infarction patients with MCI vs controls,yes,yes,no,Mild Cognitive Impairment
25444597,DTI-based maximum density path analysis and classification of Alzheimers disease,humans,Alzheimer's disease;Mild cognitive impairment;Healthy controls,DWI;diffusion MRI,Superior Longitudinal Fasciculus;Inferior Longitudinal Fasciculus;Corpus Callosum;Uncinate Fasciculus;Cingulum,FSL;FreeSurfer,single study,FA;MD,Colin27,point-wise linear regression,decrease,AD patients vs Healthy controls;MCI patients vs Healthy controls,yes,yes,yes,Alzheimers Disease
23063453,APOE e4 polymorphism in young adults is associated with improved attention and indexed by distinct neural signatures,humans,Healthy controls,diffusion MRI;fMRI,,FSL;SPM,single study,FA;MD;AD,Talairach,ANOVA,no mention,e4 carriers vs non-e4 carriers,yes,yes,no,
29758374,Age and Alzheimers pathology disrupt default mode network functioning via alterations in white matter microstructure but not hyperintensities,humans,younger adults;cognitively normal older adults,diffusion tensor imaging;fMRI,Superior Longitudinal Fasciculus;Inferior Longitudinal Fasciculus;Corpus Callosum Genu;Cingulum;Corpus Callosum Splenium;Inferior Frontoparietal Fasciculus;Fornix,FSL;FreeSurfer,single study,FA,MNI,linear regression;ANOVA,decrease,age and AD pathology influence DMN deactivation,yes,yes,no,Alzheimers Disease
39265269,Comparing the imaging characteristics of middle-aged patients with multiple sclerosis and CADASIL: A retrospective cross-sectional study,humans,multiple sclerosis;CADASIL,diffusion tensor imaging;3D T1-weighted imaging;susceptibility-weighted imaging;FLAIR,Corpus Callosum;External Capsule;Brainstem,SPM,single study,FA;MD,,t-test,no mention,multiple sclerosis vs CADASIL,yes,yes,no,
30507747,Classification of amyloid PET images using novel features for early diagnosis of Alzheimers disease and mild cognitive impairment conversion,humans,Mild cognitive impairment;Alzheimer's disease;Healthy volunteers,PET,,FSL;SPM;FreeSurfer,single study,,Montreal Neurological Institute,sensitivity;specificity,decrease,MCI patients vs pAD patients,no,yes,yes,Alzheimers Disease;Mild Cognitive Impairment
20881397,Diffusion Tensor Imaging Changes Correlate with Cognition Better than Conventional MRI Findings in Patients with Subcortical Ischemic Vascular Disease,humans,VaD patients;SIVD patients;cognitively normal patients,diffusion MRI;T2-weighted imaging,,SPM,single study,FA;MD,,correlation;ANOVA,decrease,SIVD patients vs cognitively normal patients,yes,yes,no,Vascular Cognitive Impairment
16754694,Diffusion indices on magnetic resonance imaging and neuropsychological performance in amnestic mild cognitive impairment,humans,healthy elderly adults;amnestic mild cognitive impairment,diffusion MRI,,,single study,FA;MD,ICBM152,t-test,increase;decrease,amnestic MCI vs controls,yes,yes,yes,Mild Cognitive Impairment;Alzheimers Disease
23245561,"Longitudinal, region-specific course of diffusion tensor imaging measures in mild cognitive impairment and Alzheimers disease",humans,Alzheimer's disease;amnestic MCI;Healthy controls,3-Tesla MRI;diffusion MRI,Fornix;Splenium;Cingulum Bundle,MriStudioRoiEditor;DtiStudio,single study,FA;MD,,ANOVA;t-test,increase,AD vs MCI vs NC,yes,yes,yes,Alzheimers Disease;Mild Cognitive Impairment
24577476,Fractional Anisotropy Changes in Alzheimers Disease Depend on the Underlying Fiber Tract Architecture: A Multiparametric DTI Study using Joint Independent Component Analysis,humans,Alzheimer's disease;Healthy elderly controls;mild cognitive impairment,Anatomical MRI;diffusion MRI,Superior Longitudinal Fasciculus;Inferior Longitudinal Fasciculus;Posterior Corpus Callosum;Anterior Thalamic Radiation;Inferior Fronto-Occipital Fasciculus;Cingulum Bundle;Corticospinal Tract;Anterior Corpus Callosum,FSL;SPM;DSI-Studio,single study,FA;Mode,MNI,ANCOVA,decrease,MCI patients vs controls;AD patients vs controls,yes,yes,yes,Alzheimers Disease;Mild Cognitive Impairment
24445093,Quantitative measurement to evaluate morphological changes of the corpus callosum in patients with subcortical ischemic vascular dementia,humans,healthy controls;subcortical ischemic vascular dementia,DTI;MRI,Corpus Callosum,SPSS;FuncTool,single study,FA,,ANOVA;t-test,decrease,SIVD patients vs healthy controls,yes,yes,yes,Vascular Dementia
38297073,,humans,Subcortical ischemic vascular disease;Alzheimer's disease;Healthy controls,diffusion MRI;DKI,Superior Longitudinal Fasciculus;Anterior Corona Radiata;Superior Corona Radiata;Corpus Callosum;Cingulum (Cingulate Gyrus Part);Anterior Limb of the Internal Capsule,AFNI,single study,FA;MD;MK;K radial;D radial;D axial,MNI,correlation;discriminant analysis;ANOVA;ROC curves,decrease,SIVD vs AD vs NC,yes,yes,yes,Subcortical ischemic vascular disease;Alzheimer's Disease
39107406,Microstructural brain assessment in late-life depression and apathy using diffusion MRI multi-compartments models and tractometry,humans,late-life depression;Healthy controls,diffusion MRI,Superior Longitudinal Fasciculus;Arcuate Fasciculus;Corpus Callosum;Anterior Cingulum Bundle;Uncinate Fasciculus;Striato-Premotor Tract;Corticospinal Tract;Anterior Commissure,TractSeg,single study,FA;MD;RD;AD,MNI,Hotellings T2;PCA,increase,late-life depression patients vs healthy controls,no,yes,yes,Dementia
12955221,,humans,Alzheimer's disease;Healthy controls,diffusion tensor imaging;diffusion weighted MRI,Corpus Callosum,,single study,FA;ADC,,t-test,decrease,Alzheimer's patients vs controls,yes,yes,yes,Alzheimers Disease
26505297,Application of neurite orientation dispersion and density imaging (NODDI) to a tau pathology model of Alzheimers disease,mice,,diffusion weighted MRI;diffusion MRI,Corpus Callosum,Matlab;DTI-TK;NODDI toolbox;Camino,single study,FA;MD;NDI;ODI,,correlation;t-test,decrease,tau pathology in TG mice vs WT controls,yes,no,no,Alzheimers Disease
23224456,Diffusion Tensor Imaging of Neuropsychiatric Symptoms in Mild Cognitive Impairment and Alzheimers Dementia,humans,Mild Cognitive Impairment;Alzheimer's disease,diffusion MRI,Fornix;Anterior Cingulum;Cingulum Bundle,MriStudioRoiEditor;DtiStudio,single study,FA,,logistic regression,decrease,MCI and AD patients with neuropsychiatric symptoms vs. those without,yes,yes,yes,Alzheimers Disease;Mild Cognitive Impairment
24237038,The association between biomarkers in cerebrospinal fluid and structural changes in the brain in patients with Alzheimers disease,humans,Subjective cognitive impairment;Mild cognitive impairment;Alzheimer's disease,MRI;diffusion MRI,,FSL,single study,FA;MD,MNI,correlation,no mention,CSF biomarkers vs GM volume and microstructural changes in AD,yes,yes,yes,Alzheimers Disease
36087430,Why can spontaneous intracranial hypotension cause behavioral changes? A case report and multimodality neuroimaging comparison with frontotemporal dementia,humans,Frontotemporal dementia;Healthy controls,DTI;MRI;fMRI,Superior Longitudinal Fasciculus;Corpus Callosum;Uncinate Fasciculus;Inferior Fronto-Occipital Fasciculus,FSL,single study,FA,MNI,t-test,decrease,FBSS patient vs bvFTD patients and healthy controls,yes,yes,yes,Dementia
21340578,"DTI studies in patients with Alzheimers disease, mild cognitive impairment, or normal cognition with evaluation of the intrinsic background gradients",humans,Mild cognitive impairment;Alzheimer's disease;Cognitively normal,diffusion MRI,Parahippocampal Gyrus;Corpus Callosum;Cingulum,SPM,single study,FA;MD,SPM2,ANOVA,increase,Alzheimer's patients vs MCI and CN,yes,yes,yes,Alzheimers Disease
25354135,Clinical Investigative Study Structural Connectivity Changes Underlying Altered Working Memory Networks in Mild Cognitive Impairment: A Three-Way Image Fusion Analysis,humans,Mild Cognitive Impairment;Alzheimer's disease;Healthy controls,diffusion tensor imaging;fMRI,Superior Longitudinal Fasciculus;Inferior Longitudinal Fasciculus;Corpus Callosum;Uncinate Fasciculus;Cingulum;Corticospinal Tract,FSL;SPM,single study,FA;mode,MNI,t-test,decrease,ADMCI subjects vs controls,yes,yes,yes,Alzheimers Disease;Mild Cognitive Impairment
15171548,"An official website of the United States government Heres how you know . 2004 Apr;26(2):134-8. Relationship between the data from MR-diffusion tensor imaging and the clinical cognitive evaluation in Alzheimers disease Article in Chinese Ye Sun , Xiang-ke Du, Zhen-xin Zhang, Xia Chen Affiliations PMID: 15171548",humans,Alzheimer's disease;Healthy controls,MR-diffusion tensor imaging,Genu of Corpus Callosum,,single study,FA,,correlation;t-test,,Alzheimer's patients vs controls,yes,yes,yes,Alzheimers Disease
31352218,NeuroImage: Clinical,humans,TBI patients;Healthy controls,diffusion tensor imaging;MRI;PET,Uncinate Fasciculus;Cingulum,FSL;SPM8;MIAKAT,single study,FA,MNI,ANOVA;t-test,decrease,TBI-MDD vs TBI-NON vs controls,yes,yes,no,
25076830,Mapping of ApoE4 Related White Matter Damage using Diffusion MRI,humans,ApoE-ε4 carriers;ε4 negative individuals,diffusion MRI,Fornix;Corpus Callosum;Parahippocampal Regions,SPM,single study,FA,,Statistical Parametric Mapping,decrease,ApoE-ε4 carriers vs ε4 negative individuals,yes,yes,yes,Alzheimers Disease
20404309,Gray and white matter water diffusion in the syndromic variants of frontotemporal dementia,humans,behavioral variant frontotemporal dementia;semantic dementia;controls;progressive nonfluent aphasia,DTI,Superior Longitudinal Fasciculus;Inferior Longitudinal Fasciculus;Uncinate Fasciculus;Posterior Cingulate;Splenium of the Corpus Callosum;Anterior Cingulate;Corticospinal Tract;Genu of the Corpus Callosum,SPM5,single study,DA;FA;MD;DR,Montreal Neurological Institute,ANOVA,increase,bvFTD vs SMD vs PNFA vs controls,yes,yes,yes,Frontotemporal Dementia
24636489,Lack of association of the rs1344706 ZNF804A variant with cognitive functions and DTI indices of white matter microstructure in two independent healthy populations,humans,Healthy controls,diffusion tensor imaging,,FSL,single study,FA;RD,,linear regression,no mention,rs1344706 variant effects on cognitive traits and DTI indices,yes,yes,no,
34636637,Diffusion Tensor MRI Structural Connectivity and PET Amyloid Burden in Preclinical Autosomal Dominant Alzheimer Disease: The DIAN Cohort,humans,mutation carriers;noncarriers,PET;diffusion MRI,Frontoparietal Control Network,DSI Studio;FreeSurfer,single study,FA,,ANOVA,decrease,mutation carriers vs noncarriers,yes,yes,yes,Alzheimers Disease
33530016,Comparison of regional brain deficit patterns in common psychiatric and neurological disorders as revealed by big data,humans,major depressive disorder;Parkinson's disease;bipolar disorder;anxiety disorder;stroke;Alzheimer's disease,diffusion MRI,,SOLAR-Eclipse;UKBB parser,single study,FA,,ANOVA,decrease,MDD vs AD;PD vs AD;bipolar vs MDD;anxiety vs MDD;stroke vs AD,yes,yes,yes,Alzheimers Disease
33108404,Plasma neurofilament light protein correlates with diffusion tensor imaging metrics in frontotemporal dementia,humans,behavioral variant frontotemporal dementia,Anatomical MRI;diffusion weighted MRI,Superior Longitudinal Fasciculus;Fronto-Occipital Fasciculus;Uncinate Fasciculus;Anterior Thalamic Radiation;Corticospinal Tract;Dorsal Cingulum Bundle,FMRIB Software Library,single study,FA;MD;RD;AD,MNI,regression,decrease,plasma NfL levels vs DTI metrics in bvFTD,yes,yes,yes,
22430530,Multiple Diffusivities Define White Matter Degeneration in Amnestic Mild Cognitive Impairment and Alzheimers Disease,humans,normal controls;amnestic mild cognitive impairment;Alzheimer's disease,structural MRI;diffusion MRI,Superior Longitudinal Fasciculus;Parahippocampal WM;Anterior Cingulum;Inferior Longitudinal Fasciculus;Inferior Frontooccipital Fasciculus;Corpus Callosum;Uncinate Fasciculus;Right Anterior Thalamic Radiation;Forceps Minor;Superior Fronto-occipital Fasciculus,FSL;SPM,single study,DA;FA;MD;DR,MNI,ANCOVA;ANOVA,decrease,aMCI patients vs AD patients,yes,yes,yes,Alzheimers Disease;Mild Cognitive Impairment
23701948,APOE-related biomarker profiles in non-pathological aging and early phases of Alzheimers disease ଝ,humans,Healthy controls,MRI;diffusion MRI,,,review,FA;MD;RD,,,,E4 carriers vs non-carriers,no,yes,yes,Alzheimers Disease
21803153,White matter integrity and vulnerability to Alzheimers disease: Preliminary findings and future directions,humans,amnestic mild cognitive impairment;Alzheimer's disease,diffusion weighted MRI;diffusion MRI,Parahippocampal WM;Splenium of the Corpus Callosum;Cingulum;Inferior Fronto-Occipital Fasciculus;Forix,FSL;SPM,review,FA;MD;RD;AD,,,decrease,individuals at high AD-risk vs symptomatic AD,yes,yes,yes,Alzheimers Disease
22617636,Discovering Alzheimers disease and bipolar disorder white matter effects building computer aided diagnostic systems on brain diffusion tensor imaging features,humans,Alzheimer's disease;Healthy controls;Bipolar disorder,MRI;diffusion weighted MRI,Superior Longitudinal Fasciculus;Inferior Longitudinal Fasciculus;Cingulum-Hippocampus Gyrus;Uncinate Fasciculus;Anterior Thalamic Radiation;Forceps Major;Corticospinal Tract;Cingulum-Cingulate Gyrus;Forceps Minor,FSL,single study,FA;MD,,SVM,no mention,AD vs HC;AD vs BD;BD vs HC,yes,yes,yes,Alzheimers Disease;Behavioral Variant Frontotemporal Dementia
20339558,Surface-Based Analysis on Shape and Fractional Anisotropy of White Matter Tracts in Alzheimers Disease,humans,Alzheimer's disease;Healthy controls,diffusion MRI,Superior Longitudinal Fasciculus;Anterior Corona Radiata;Anterior External Capsule;Cingulum Bundle;Sagittal Stratum;Fornix,,single study,FA,,linear regression;permutation tests,decrease,Alzheimer's patients vs healthy controls,yes,yes,yes,Alzheimers Disease
23149037,Structural and functional cortical disconnection in Alzheimers disease: A combined study using diffusion tensor imaging and transcranial magnetic stimulation,humans,Alzheimer's disease;Healthy controls,diffusion MRI,Superior Longitudinal Fasciculus;Corpus Callosum;Anterior Thalamic Radiation;Inferior Front-Occipital Fasciculus;Cingulum Bundle;Corticospinal Tract;Fornix,FSL;SPM,single study,FA;MD,MNI,ANOVA;t-test,decrease,Alzheimer's patients vs controls,yes,yes,yes,Alzheimers Disease
23644540,In vivo quantitative whole-brain diffusion tensor imaging analysis of APPPS1 transgenic mice using voxel-based and atlas-based methods,,,,,,,,,,,,no,no,no,
28487471,Using DTI to assess white matter microstructure in cerebral small vessel disease (SVD) in multicentre studies,humans,confluent white matter hyperintensities;symptomatic lacunar infarction,3T-MRI;diffusion MRI,,FSL;SPM,single study,FA;MD,,linear regression,increase,DTI metrics vs cognition,yes,yes,no,Cerebral Small Vessel Disease
21674695,Disruption of Limbic White Matter Pathways in Mild Cognitive Impairment and Alzheimers Disease: A DTIFDG-PET Study,humans,Mild Cognitive Impairment;normal control;Alzheimer's disease,diffusion MRI;FDG-PET,Fornix;Cingulum Bundle,FSL;Cortex ID;MRI Studio,single study,FA,,correlation;ANOVA;t-test,decrease,MCI and AD patients vs normal controls,yes,yes,yes,Alzheimers Disease;Mild Cognitive Impairment
23370057,An unbiased longitudinal analysis framework for tracking white matter changes using diffusion tensor imaging with application to Alzheimers disease,humans,Alzheimer's disease;Healthy controls,diffusion MRI,Fornix;Corpus Callosum;Cingulum Bundle,FSL;DTI-TK,single study,FA;MD;RD;AD,,linear regression;t-test,decrease,Alzheimer's patients vs controls,yes,yes,yes,Alzheimers Disease
20724035,A complementary diffusion tensor imaging (DTI)-histological study in a model of Huntingtons disease,rats,,diffusion MRI,,SPM8;AMIRA,single study,FA;MD;RD;AD,,ANOVA,decrease,,yes,no,no,
25537012,Diffusion Tensor Imaging Reveals Visual Pathway Damage in Patients with Mild Cognitive Impairment and Alzheimers Disease,humans,Alzheimers disease;Mild cognitive impairment;Healthy controls,diffusion MRI,Corpus Callosum;Optic Tract;Optic Nerve,DTIPrep;3D Slicer,single study,TR;FA;λII;λ,,ANOVA,decrease,MCI and AD patients vs controls,yes,yes,yes,Alzheimers Disease;Mild Cognitive Impairment
25016128,Structural and Microstructural Brain Changes Predict Impairment in Daily Functioning,humans,,MRI;diffusion MRI,,,single study,FA;MD;RD;AD,,logistic regression;linear regression,decrease,structural and microstructural brain changes associated with daily functioning,yes,yes,no,
24480090,"White matter connectivity reflects clinical and cognitive status in Huntingtons disease  ,  ,",humans,premanifest Huntington's disease;healthy controls;symptomatic Huntington's disease,diffusion MRI,Putamen-prefrontal Tract;Corpus Callosum;Putamen-primary Motor Tract;Caudate-paracentral Tract;Fronto-parietal Tract,FDT;Diffusion toolkit,single study,FA;RD,MNI,correlation;ANOVA;t-test,increase,premanifest vs symptomatic Huntington's disease;Huntington's disease vs controls,yes,yes,no,Huntingtons Disease
22569999,A diffusion tensor imaging and neuropsychological study of prospective memory impairment in South African HIV positive individuals,humans,HIV positive;Healthy controls,diffusion MRI,Superior Corona Radiata;Corpus Callosum;Superior Longitudinal Fasciculus;Cingulum,FSL,single study,FA;MD,,regression;t-test,decrease,HIV positive patients vs controls,yes,yes,no,
16552012,Diffusion Alterations in Corpus Callosum of Patients with HIV,humans,HIV patients;Healthy controls,DTI;diffusion MRI,Corpus Callosum (splenium);Frontal White Matter;Corpus Callosum (genu),DPTools,single study,FA;MD,,ANOVA,increase;decrease,HIV patients vs controls,yes,yes,yes,Dementia
24080382,in vivo quantification of white matter microstructure for use in aging: A focus on two emerging techniques,humans,non-demented healthy controls,T2-weighted MRI;diffusion MRI;FLAIR MRI,,,review,FA;RD;AD,,,,white matter microstructure in aging,yes,yes,no,
22078796,Multicenter stability of diffusion tensor imaging measures: A European clinical and physical phantom study,humans,Alzheimer's disease;Healthy controls,diffusion MRI,Superior Longitudinal Fasciculus;Corpus Callosum;Uncinate Fasciculus;Cingulum;Fornix,FSL;SPM,single study,FA;MD,MNI,t-test,no mention,AD patients vs healthy controls,yes,yes,yes,Alzheimers Disease
36601694,Whole-brain DTI parameters associated with tau protein and hippocampal volume in Alzheimers disease,humans,amnestic mild cognitive impairment;Alzheimer's disease;Healthy controls,diffusion MRI,Superior Longitudinal Fasciculus;Corona Radiata;Corpus Callosum;Hippocampal Cingulum;Inferior Fronto-Occipital Fasciculus;Right Hippocampal-Cingulum;Right Fornix;Fornix,MRICloud;FreeSurfer,single study,AxD;FA;MD;RD,MNI,ANCOVA;linear regression;t-test,decrease,Alzheimer's disease vs controls;amnestic mild cognitive impairment vs controls,yes,yes,yes,Alzheimers Disease
20808130,Specific Anatomic Associations Between White Matter Integrity and Cognitive Reserve in Normal and Cognitively Impaired Elders,humans,Healthy elders;Alzheimers disease;amnestic mild cognitive impairment,DTI;diffusion MRI,Superior Longitudinal Fasciculus;Inferior Longitudinal Fasciculus;Genus of the Corpus Callosum;Uncinate Fasciculus;Splenium of the Corpus Callosum;Inferior Fronto-Occipital Bundle;Cingulate Bundle;Internal Capsule,FSL,single study,FA,,correlation,decrease,cognitive reserve and white matter integrity associations in healthy elders and patients with a-MCI and AD,yes,yes,yes,Alzheimers Disease;Mild Cognitive Impairment
22256149,,humans,amnestic Mild Cognitive Impairment;mild Alzheimer's Disease;Healthy controls,DTI;diffusion weighted MRI,Corpus Callosum,FSL;SPM;Diffusion Toolkit,single study,FA,MNI,ANOVA,decrease,AD vs HC;AD vs aMCI,yes,yes,yes,Alzheimers Disease
22383234,White Matter Alterations in Cognitively Normal apoE 2 Carriers: Insight into Alzheimer Resistance?,humans,apoE 33 controls;apoE 2 carriers,diffusion MRI,Superior Longitudinal Fasciculus;Corpus Callosum;Posterior Cingulate White Matter;Anterior Limb of the Internal Capsule;Anterior Corpus Callosum,FSL;MRIcro,single study,FA;MD;RD;AD,Montreal Neurologic Institute,regression;t-test,increase,apoE 2 carriers vs apoE 33 controls,yes,yes,no,
32671535,Accelerated epigenetic aging in adolescents from low-income households is associated with altered development of brain structures,humans,healthy adolescents,diffusion weighted MRI,Fornix;Internal Capsule;Superior Fronto-Occipital Fasciculus;Longitudinal Fasciculus,FSL;FreeSurfer,single study,FA;MD;RD;AD,MNI,regression,decrease,epigenetic age acceleration and brain structure,yes,yes,no,
28017479,Psychiatry Research Neuroimaging,humans,Mild cognitive impairment;Alzheimer's disease;Healthy controls,DTI;diffusion MRI,Fornix;Corpus Callosum;Cingulum Bundle;Corticospinal Tract,FSL;Explore DTI,single study,FA;MD,,linear regression;ANOVA;correlation,decrease,MCI patients vs controls;AD patients vs controls,yes,yes,yes,Alzheimers Disease
19546655,Diffusion Tensor Imaging of the Posterior Cingulate is a Useful Biomarker of Mild Cognitive Impairment,humans,Mild Cognitive Impairment;Normal Cognition,DTI;Anatomical MRI;diffusion MRI,Parahippocampal White Matter;Posterior Cingulate;Splenium of Corpus Callosum;Occipital White Matter;Frontal White Matter;Internal Capsule,FSL,single study,FA;MD,,logistic regression;analysis of variance,decrease,nonamnestic MCI vs normal cognition;amnestic MCI vs normal cognition,yes,yes,no,
20947245,A primary study of diffusion tensor imaging-based histogram analysis in vascular cognitive impairment with no dementia,humans,cognitive-normal subjects;vascular cognitive impairment with no dementia,diffusion MRI;magnetic resonance imaging,Corpus Callosum,FSL;SPM5,single study,FA;MD,,General Linear Models;ANOVA,decrease,VCIND patients vs cognitive-normal subjects,yes,yes,no,Cerebral Small Vessel Disease
24067771,White Matter Characteristics of Idiopathic Normal Pressure Hydrocephalus: A Diffusion Tensor Tract-Based Spatial Statistic Study,humans,idiopathic normal pressure hydrocephalus;elderly controls,diffusion MRI,Corpus Callosum;Posterior Limb of the Internal Capsule,FSL,single study,FA,standard brain template,Spearmans rank correlation;t-test,decrease,inPH patients vs elderly controls,yes,yes,yes,Idiopathic Normal Pressure Hydrocephalus
23344962,Full diffusion characterization implicates regionally disparate neuropathology in Mild Cognitive Impairment,humans,Mild Cognitive Impairment,diffusion MRI,Fornix;Corpus Callosum;Temporal Stem,AFNI;SPM,single study,FA;MD;RD;AD,,regression;correlation;t-test,decrease,MCI participants vs controls,yes,yes,no,Mild Cognitive Impairment
25756991,The Semantic Variant of Primary Progressive Aphasia: Clinical and Neuroimaging Evidence in Single Subjects,humans,Semantic Variant of Primary Progressive Aphasia;Healthy controls,18 F-FDG-PET;Diffusion Tensor Imaging,Uncinate Fasciculus;Inferior Longitudinal Fasciculus,FSL;SPM,single study,FA;MD,,t-test,decrease,patients with svPPA vs healthy controls,yes,yes,yes,Frontotemporal Dementia
25346330,Neurobiological correlates of depressive symptoms in people with subjective and mild cognitive impairment,humans,subjective cognitive impairment;mild cognitive impairment,DTI;MRI;FDG-PET,,FSL,single study,FA;DR,MNI,Mann-Whitney U-test;ANOVA;MANOVA;t-test,no mention,patients with SCI and MCI with depressive symptoms vs non-depressed,yes,yes,no,
23300797,Different Patterns of White Matter Degeneration Using Multiple Diffusion Indices and Volumetric Data in Mild Cognitive Impairment and Alzheimer Patients,humans,Mild cognitive impairment;Alzheimer's disease;Healthy controls,MRI;diffusion MRI,Superior Longitudinal Fasciculus;Inferior Longitudinal Fasciculus;Anterior Corona Radiata;Corpus Callosum;Uncinate Fasciculus;Anterior Thalamic Radiation;Cingulum;Corticospinal Tract;Inferior Occipital Frontal Fasciculus;Forceps Minor,FSL,single study,Radial diffusivity;FA;MD;Axial diffusivity,MNI,ANOVA;t-test,decrease,AD vs Controls;MCI vs Controls,yes,yes,yes,Alzheimers Disease;Mild Cognitive Impairment
38626373,"Perivascular Spaces, Diffusivity Along Perivascular Spaces, and Free Water in Cerebral Small Vessel Disease",humans,Cerebral Small Vessel Disease,Anatomical MRI;diffusion MRI,,FSL;DIPY;FreeSurfer,single study,FA;MD,,linear regression;mixed model,increase,SVD progression and cognitive decline,yes,yes,yes,Cerebral Small Vessel Disease
18455835,White Matter Pathology Isolates the Hippocampal Formation in Alzheimers Disease,humans,non-demented older adults;Alzheimer's disease,diffusion MRI,Parahippocampal WM;Superior Longitudinal Fasciculus;Corpus Callosum;Cingulum;Inferior Occipital Fasciculus,FSL,single study,FA;MD;RD;AD,MNI,ANOVA;t-test,decrease,Alzheimer's patients vs non-demented older adults,yes,yes,yes,Alzheimers Disease
37503159,Magnetic resonance imaging of white matter response to diesel exhaust particles,mice,,diffusion tensor imaging;ex-vivo MRI,,DSI Studio,single study,FA,,ANOVA;t-test,decrease,,yes,no,no,
23762308,"Associations between White Matter Hyperintensities and b Amyloid on Integrity of Projection, Association, and Limbic Fiber Tracts Measured with Diffusion Tensor MRI",humans,Mild Cognitive Impairment;Healthy controls,MRI;PET;diffusion MRI,Superior Longitudinal Fasciculus;Parahippocampal White Matter;Corona Radiata;Corpus Callosum;Cingulum;Inferior Fronto-Occipital Fasciculus;Fornix;Internal Capsule;Superior Fronto-Occipital Fasciculus,FSL;SPM;FreeSurfer,single study,FA,,MANCOVA,decrease,Amyloid deposition and WMH pathology on FA,yes,yes,yes,Mild Cognitive Impairment;Alzheimers Disease
21904533,Multi-modal MRI analysis with disease-specific spatial filtering: initial testing to predict mild cognitive impairment patients who convert to Alzheimers disease,humans,amnestic mild cognitive impairment;Alzheimer's disease;cognitively normal elderly,Anatomical MRI;diffusion MRI,Fornix;Corpus Callosum;Cingulum,SPM,single study,FA;MD,JHU-MNI,linear discriminant analysis;t-test,increase;decrease,aMCI-converters vs aMCI-stable patients,yes,yes,yes,Alzheimers Disease
23960182,"Accelerated Aging, Decreased White Matter Integrity, and Associated Neuropsychological Dysfunction 25 Years After Pediatric Lymphoid Malignancies",humans,ALL survivors;lymphoma survivors,MR;diffusion MRI,Superior Longitudinal Fasciculus;Inferior Frontooccipital Fasciculus;Corpus Callosum;Uncinate Fasciculus;Forceps Major;Cingulum;Forceps Minor,SPM8;ExploreDTI,single study,FA,population-based DTI atlas,correlation;ANOVA,decrease,ALL survivors vs controls,yes,yes,no,
32607611,Connectome mapping with edge density imaging differentiates pediatric mild traumatic brain injury from typically developing controls: proof of concept,humans,typically developing controls;mild traumatic brain injury,Magnetic resonance imaging;diffusion MRI,Bilateral Tapetum;Splenium of the Corpus Callosum;Bilateral Sagittal Stratum,FSL;FreeSurfer,single study,FA,MNI,t-test,decrease,children with mild TBI vs controls,yes,yes,no,
24052798,Imaging Findings Associated with Cognitive Performance in Primary Lateral Sclerosis and Amyotrophic Lateral Sclerosis,humans,ALS;Healthy controls;PLS,Anatomical MRI;diffusion MRI,Superior Longitudinal Fasciculus;Corpus Callosum;Uncinate Fasciculus;Inferior Fronto-occipital Fasciculus;Fornix;Posterior Thalamic Radiation;Superior Frontooccipital Fasciculus,SPM;MRI Studio,single study,FA;RD;AD,MNI,linear regression;ANOVA,no mention,cognitive function in PLS vs ALS patients,yes,yes,no,
21818628,"Longitudinal changes of fractional anisotropy in Alzheimers disease patients treated with galantamine: a 12-month randomized, placebo-controlled, double-blinded study",humans,Alzheimer's disease;Healthy controls,diffusion MRI,Corpus Callosum;Posterior Cingulate,DTIstudio,single study,FA,,ANCOVA;repeated measures ANOVA,decrease,Alzheimer's patients vs healthy controls,yes,yes,yes,Alzheimers Disease
38784911,Diffusion imaging markers of accelerated aging of the lower cingulum in subjective cognitive decline,humans,cognitively normal participants;subjective cognitive decline,DTI;T1-weighted MRI;diffusion MRI,Lower Cingulum,FSL;MRtrix;FreeSurfer;MATLAB,single study,AxD;FA;MD;RD,ICBM-DTI-81,linear regression;chi-squared tests;t-test,no mention,SCD participants vs controls,yes,yes,yes,Alzheimers Disease
38018509,Neuroimaging Characteristics of Hearing Loss in the Mayo Clinic Study of Aging,humans,Mild Cognitive Impairment;cognitively unimpaired,sMRI;DTI-MRI;FDG-PET;FLAIR-MRI,Genu Corpus Callosum;Splenium Corpus Callosum;Corpus Callosum;Anterior Cingulate Cortex;Body of Corpus Callosum,SAS,single study,FA,,logistic regression;linear regression;linear mixed-effects models,decrease,audiometric performance and neuroimaging outcomes,yes,yes,no,
36710073,Regional Vulnerability of the Corpus Callosum in the Context of Cardiovascular Risk,humans,older adults without dementia,MRI;diffusion MRI,Corpus Callosum,FSL;DIPY,single study,FA;MD,ICBM-DTI-81,multiple linear regression,decrease,higher systolic blood pressure vs lower white matter integrity,yes,yes,no,
23625776,Diffusion tensor imaging (DTI) in the detection of white matter lesions in patients with mild cognitive impairment (MCI),humans,cognitively normal (NC) controls;amnestic single domain (a-MCI);amnestic multi domain (md-MCI),diffusion MRI,Posterior Cingulum;Corpus Callosum;Anterior Cingulum;Superior Longitudinal Fasciculus,Functool,single study,FA;ADC,,ANOVA;MANOVA,increase,amnestic MCI subtypes vs cognitively normal controls,yes,yes,no,
37469125,MRI biomarkers for memory-related impairment in amyotrophic lateral sclerosis: a systematic review,humans,Motor neuron disease;Amyotrophic lateral sclerosis;ALS frontotemporal dementia,diffusion tensor imaging;MRI;fMRI;sMRI,Corpus Callosum;Uncinate Fasciculus;Cingulum Bundle;Corticospinal Tract,,review,FA;MD;RD;AD,,,,MRI biomarkers for memory-related impairment in ALS patients,yes,yes,yes,Dementia
31803008,"Amyloid Load, Hippocampal Volume Loss, and Diffusion Tensor Imaging Changes in Early Phases of Brain Aging",humans,Healthy controls,DTI;MRI;Amyloid PET,,FSL,single study,FA;RD;AD,,regression,no mention,healthy elderly controls,yes,yes,no,
30827922,NeuroImage: Clinical,humans,presymptomatic FTD mutation carriers;familial controls,diffusion tensor imaging;Anatomical MRI;resting-state functional MRI,Radial Diffusivity;White Matter Density;Mean Diffusivity,FSL;SPM,single study,AxD;FA;MD;RD,MNI,ROC analysis,increase,presymptomatic FTD mutation carriers vs controls,yes,yes,yes,Frontotemporal Dementia
22362286,Diffusion Tensor Imaging of Idiopathic Normal Pressure Hydrocephalus: A Voxel-Based Fractional Anisotropy Study,humans,Idiopathic Normal Pressure Hydrocephalus;Healthy controls,diffusion MRI,Forceps Minor;Corticospinal Tract,FSL,single study,FA,ICBM DTI-81 Atlas,Spearman's rank correlation;t-test,decrease,INPH patients vs controls,yes,yes,yes,Idiopathic Normal Pressure Hydrocephalus
22438841,Episodic memory function is associated with multiple measures of white matter integrity in cognitive aging,humans,"young adults;Healthy, cognitively normal older adults;Healthy controls",Anatomical MRI;diffusion MRI,Superior Longitudinal Fasciculus;Inferior Longitudinal Fasciculus;Thalamo-Frontal Projections;Uncinate Fasciculus;Dorsal Cingulum Bundle,FSL,single study,FA,MNI,regression;ANOVA;t-test,decrease,Young adults vs high WMH older adults vs low WMH older adults,yes,yes,no,
29922120,Specific Patterns of White Matter Alterations Help Distinguishing Alzheimers and Vascular Dementia,humans,vascular dementia;healthy controls;Alzheimer's disease,diffusion tensor imaging;MRI,Superior Longitudinal Fasciculus;Parahippocampal Tracts;Thalamic Radiations;Splenium of the Corpus Callosum;Genu of the Corpus Callosum;Corticospinal Tract;Cingulum Bundles,FSL,single study,AxD;FA;MD;RD,MNI,correlation;ANOVA;t-test,decrease,Alzheimer's patients vs vascular dementia patients,yes,yes,yes,Alzheimers Disease;Vascular Dementia
29356183,Whole Brain White Matter Histogram Analysis of Diffusion Tensor Imaging Data Detects Microstructural Damage in Mild Cognitive Impairment and Alzheimers Disease Patients,humans,Mild Cognitive Impairment;Alzheimer's disease;Healthy subjects,diffusion MRI,,FSL;SPM,single study,FA;MD;AXD;RD,,ANOVA;t-test,increase,AD vs MCI vs healthy controls,yes,yes,yes,Alzheimers Disease;Mild Cognitive Impairment
37954101,Markov model combined with MR diffusion tensor imaging for predicting the onset of Alzheimers disease,humans,normal controls;Alzheimers disease;amnestic mild cognitive impairment,diffusion MRI;DTI;MR,Uncinate Fasciculus;Cingulum Bundle,MATLABSimulink,single study,FA,,ANOVA;t-test,decrease,aMCI vs NCs;AD vs NCs,yes,yes,yes,Alzheimers Disease
26578952,structural connectivity is differently altered in dementia with lewy body and alzheimers disease,humans,dementia with Lewy bodies;Alzheimer's disease;Healthy controls,FLAIR;DWI-SE;T1-W;Diffusion Tensor Imaging,Superior Longitudinal Fasciculus;Inferior Longitudinal Fasciculus;Uncinate Fasciculus;Anterior Thalamic Radiation;Corticospinal Tract;Cingulum-Cingulate Gyrus;Cingulum-Angular Bundle,FSL;FreeSurfer,single study,DA;FA;MD;RD,MNI,T-tests;ANOVA;Correlation,no mention,AD vs controls;DLB vs controls;DLB vs AD,yes,yes,yes,Dementia;Alzheimers Disease
36703699,"Fornix degeneration in risk factors of Alzheimers disease, possible trigger of cognitive decline",humans,Alzheimer's disease,diffusion weighted MRI,Fornix;Corpus Callosum;Uncinate Fasciculus,DTI,review,FA;MD;RD,,,decrease,risk factors of Alzheimer's disease and fornix degeneration,yes,yes,yes,Alzheimers Disease
22452849,Changes in mild cognitive impairment and its subtypes as seen on diffusion tensor imaging,humans,Mild Cognitive Impairment;Cognitively normal,diffusion MRI,Corona Radiata;Splenium of the Corpus Callosum;Anterior Limb of the Internal Capsule;Right Putamen;Genu of the Corpus Callosum,FSL,single study,FA;MD,,ANCOVA;logistic regression,increase,MCI vs controls,yes,yes,no,
20847435,Individual Prediction of Cognitive Decline in Mild Cognitive Impairment Using Support Vector Machine-Based Analysis of Diffusion Tensor Imaging Data,humans,Mild Cognitive Impairment;Healthy controls,diffusion MRI,Corpus Callosum;Uncinate Fasciculus;Inferior Longitudinal Fasciculus;Cingulum,FSL,single study,FA;MD;RD;LD,MNI,Kruskal-Wallis;Wilcoxon matched-pairs signed-ranks test;SVM,decrease,stable MCI vs progressive MCI,yes,yes,no,
36324717,Cerebral Circulation -Cognition and Behavior,humans,sporadic SVDs;healthy controls;Cerebral Autosomal Dominant Arteriopathy with Subcortical Infarcts and Leukoencephalopathy,7T MRI;3T brain MRI,Semioval Centre;Cerebral Perforating Arteries;Basal Ganglia,SPM,single study,,,regression,no mention,SVD patients vs controls,yes,yes,yes,Cerebral Small Vessel Disease
27084223,Diffusion tensor imaging of idiopathic normal-pressure hydrocephalus and the cerebrospinal fluid tap test,humans,idiopathic normal-pressure hydrocephalus,diffusion MRI,Inferior Longitudinal Fasciculus;Anterior Thalamic Radiation;Inferior Fronto-Occipital Fasciculus;Corticospinal Tract;Cingulum-Hippocampus,FSL,single study,FA;MD;RD;AD,,correlation;t-test,decrease,CSFTT responders vs non-responders,yes,yes,no,Dementia
22438182,Interindividual Variation in Serum Cholesterol is Associated with Regional White Matter Tissue Integrity in Older Adults,humans,generally healthy older adults,diffusion MRI,Superior Longitudinal Fasciculus;Anterior Superior Corona Radiata;External Capsule;Corpus Callosum;Ventral Diencephalon;Thalamic Pathways;Posterior Limb of the Internal Capsule;Anterior Limb of the Internal Capsule;Cerebral Peduncle;Fornix,FSL;FreeSurfer,single study,FA;RD;AD,MNI,regression,decrease,serum lipids vs white matter integrity,yes,yes,no,
39846567,Distinguishing Early from Late Mild Cognitive Impairment Using Magnetic Resonance Free-Water Diffusion Tensor Imaging,humans,Early Mild Cognitive Impairment (EMCI);Late Mild Cognitive Impairment (LMCI);Healthy controls,diffusion MRI;Magnetic Resonance Imaging (MRI);diffusion tensor imaging (DTI),Superior Longitudinal Fasciculus;Right Corticospinal Tract;Corona Radiata;Left Tapetum;External Capsule;Anterior Thalamic Radiation;Forceps Major;Right Uncinate Fasciculus;Corticospinal Tract;Sagittal Stratum;Superior Fronto-Occipital Fasciculus;Genu of the Corpus Callosum;Forinx,FSL;MATLAB;R;Mrtrix3,single study,f-index;fw-fractional anisotropy (fw-FA),MNI,ANCOVA;Spearmans rank correlation;t-test;ROC analysis,decrease,MCI stages comparison (EMCI vs LMCI vs CN),yes,yes,yes,
36418623,Free water corrected diffusion tensor imaging discriminates between good and poor outcomes of comatose patients after cardiac arrest,humans,comatose patients after cardiac arrest,diffusion weighted MRI;diffusion MRI,,FSL;MRtrix;MATLAB,single study,FA;MD,,regression;ANOVA;t-test,no mention,prediction of neurological outcome after cardiac arrest,yes,yes,no,
23365919,Correlation between Uncinate Fasciculus and Memory Tasks in Healthy Individual using Diffusion Tensor Tractography,humans,Healthy controls,diffusion MRI,Uncinate Fasciculus,DTI Studio,single study,L1;FA;ADC,,Spearman correlations,,correlation between DTI parameter of UF and memory tasks,yes,yes,no,
19428143,Cingulum fiber diffusivity and CSF T-tau in patients with subjective and mild cognitive impairment,humans,cognitively healthy controls;subjective cognitive impairment;mild cognitive impairment,diffusion MRI,Posterior Cingulum;Corpus Callosum;Forceps Major,SPM,single study,DA;FA;DR,MNI,regression;Mann-Whitney U-test,decrease,SCIMCI patients with vs without CSF T-tau pathology vs controls;MCI vs controls,yes,yes,yes,Alzheimers Disease
31205489,Structural brain signature of cognitive decline in Parkinsons disease: DTI-based evidence from the LANDSCAPE study,humans,Parkinson's Disease;Healthy controls,diffusion MRI,Superior Longitudinal Fasciculus;Corona Radiata;Corpus Callosum;Uncinate Fasciculus;Cingulum;Inferior Fronto-Occipital Fasciculus;Corticospinal Tract,Tensor imaging and fibre tracking software,single study,FA;MD;RD;AD,MNI,ANOVA,decrease,Parkinson's Disease patients with cognitive impairment vs cognitively normal Parkinson's Disease patients,yes,yes,yes,Parkinson Disease
25405990,"Diffusion Tensor Imaging of Parkinsons Disease, Multiple System Atrophy and Progressive Supranuclear Palsy: A Tract-Based Spatial Statistics Study",humans,Progressive Supranuclear Palsy;Multiple System Atrophy;Healthy controls;Parkinson's disease,diffusion MRI,Superior Longitudinal Fasciculus;Right Posterior Thalamic Radiation;Left Posterior Limb of the Internal Capsule;Medial Lemniscus;Corona Radiata;Corpus Callosum;External Capsule;Anterior Thalamic Radiation;Retrolenticular;Anterior Limb of the Internal Capsule;Corticospinal Tract;Cerebral Peduncle;Superior Cerebellar Peduncle,FSL;ExploreDTI,single study,FA;MD,MNI,ANOVA,decrease,PSP vs controls;MSA vs controls;PD vs controls,yes,yes,no,
39583646,Association of plasma neurofilament light chain with microstructural white matter changes in Down syndrome,humans,Down syndrome,diffusion weighted MRI,Superior Longitudinal Fasciculus;Inferior Longitudinal Fasciculus;Corticothalamic;Corpus Callosum;Uncinate Fasciculus;Fornix;Cingulum;Corticostriatal,FSL;DSI Studio,single study,AxD;FA;MD;RD,MNI,Spearman correlation,decrease,Cognitively stable adults with Down syndrome,yes,yes,no,
25196863,"Diffusion Tensor Imaging, Intracranial Vascular Resistance and Cognition in Middle-Aged Asymptomatic Subjects",humans,asymptomatic middle-aged subjects,MRI;diffusion MRI,Fornix;Anterior Thalamic Radiation;Corticospinal Tract,FSL,single study,FA,MNI,multivariate linear regression,decrease,MCA-PI and cognitive performance in asymptomatic middle-aged subjects,yes,yes,no,
29910747,Korsakoff Syndrome in Non-alcoholic Psychiatric Patients. Variable Cognitive Presentation and Impaired Frontotemporal Connectivity,humans,psychiatric patients;Korsakoff syndrome patients,diffusion MRI,Corpus Callosum;Uncinate Fasciculus;Subgenual Cingulum,,single study,FA,,,decrease,neuropsychological findings in Korsakoff syndrome patients,yes,yes,no,
35382232,"Instrumental validation of free water, peak-width of skeletonized mean diffusivity, and white matter hyperintensities: MarkVCID neuroimaging kits",humans,,T1-weighted;FLAIR;diffusion MRI,,FSL,single study,FA;MD;RD;AD,FMRIB 1-mm FA template,test-retest repeatability;inter-scanner reproducibility;inter-rater reliability,,,yes,yes,yes,Alzheimers Disease
32182844,Tai Chi Training Evokes Significant Changes in Brain White Matter Network in Older Women,humans,Healthy controls,fMRI;diffusion MRI,,FSL;GRETNA;PANDA,single study,FA,ICBM152,correlation;t-test,increase,Tai Chi practitioners vs walking participants,yes,yes,yes,Alzheimers Disease;Dementia;Mild Cognitive Impairment
21593440,Diffusion tensor imaging and cognitive function in older adults with no dementia,humans,older adults without dementia;cognitively normal subjects;MCI,diffusion tensor imaging,Posterior Cingulum;Superior Longitudinal Fasciculus;Anterior Cingulum;Inferior Longitudinal Fasciculus;Corpus Callosum;Corticopontine Tracts;Fornix,Analyze;DTIStudio;SPM5,single study,FA;MD,,partial Spearman rank-order correlation;voxel-based regression analysis,decrease,MCI vs cognitively normal,yes,yes,no,
24650605,Improved DTI registration allows voxel-based analysis that outperforms Tract-Based Spatial Statistics,humans,Alzheimer's disease;Progressive supranuclear palsy;Healthy controls,diffusion MRI,Superior Longitudinal Fasciculus;Inferior Longitudinal Fasciculus;Uncinate Fasciculus;Inferior Fronto-Occipital;Splenium of the Corpus Callosum;Posterior Thalamic Radiation;Cingulum Bundle;Fornix;Genu of the Corpus Callosum,FSL;ANTS,single study,FA,MNI,ANOVA;t-test,increase,PSP patients vs controls;Alzheimer's patients vs controls,yes,yes,yes,Alzheimers Disease;Progressive Supranuclear Palsy
28298891,White Matter Deterioration May Foreshadow Impairment of Emotional Valence Determination in Early-Stage Dementia of the Alzheimer Type,humans,Alzheimer's disease;neurotypicals,diffusion MRI;fMRI,Superior Longitudinal Fasciculus;Posterior Cingulum Bundle,FSL,single study,FA,MNI,t-test,decrease,CDDAT vs neurotypicals,yes,yes,yes,Alzheimers Disease
39451989,White Matter Magnetic Resonance Diffusion Measures in Multiple Sclerosis with Overactive Bladder,humans,Healthy controls;Multiple Sclerosis without LUT symptoms;Multiple Sclerosis with Overactive Bladder,diffusion MRI,Superior Longitudinal Fasciculus;Inferior Longitudinal Fasciculus;Anterior Corona Radiata;Superior Corona Radiata;Corpus Callosum;Inferior Fronto-Occipital Fasciculus,FSL,single study,FA;MD;RD;AD,MNI,regression;ANOVA,decrease,MS-OAB patients vs MS-no-LUTS patients;MS-OAB patients vs Healthy controls,yes,yes,no,
22210709,Diffuse Tract Damage in the Hemispheric Deep White Matter May Correlate with Global Cognitive Impairment and Callosal Atrophy in Patients with Extensive Leukoaraiosis,humans,patients with extensive leukoaraiosis,diffusion MRI,Corpus Callosum,FMRIB Software Library,single study,FA;MD,MNI,multiple regression analyses;Spearman rank correlation,decrease,patients with extensive leukoaraiosis,yes,yes,yes,Binswanger'S Disease;Vascular Dementia
39170682,Exploring white matter microstructural alterations in mild cognitive impairment: a multimodal diffusion MRI investigation utilizing diffusion kurtosis and free-water imaging,humans,Mild Cognitive Impairment;Cognitively Normal,free water imaging;mean signal diffusion kurtosis imaging;diffusion MRI;diffusion kurtosis imaging,Superior Longitudinal Fasciculus;Corpus Callosum;Right Uncinate Fasciculus;Right Fornix;Sagittal Stratum;Superior Fronto-Occipital Fasciculus;Left Cingulum,DIPY;SPM;ANTs;FSL,single study,FA;MD;RK;KFA;AK;MK,MNI,Mann-Whitney U test;t-test,decrease,MCI vs CN,yes,yes,no,Mild Cognitive Impairment
29696499,Longitudinal diffusion tensor imaging changes in early Parkinsons disease: ICICLE-PD study,humans,Parkinson's disease with normal cognition;Parkinson's disease with mild cognitive impairment;controls,diffusion tensor imaging,Superior Longitudinal Fasciculus;Inferior Longitudinal Fasciculus;Corona Radiata;Corpus Callosum;External Capsule;Cingulum;Inferior Fronto-Occipital Fasciculus;Corticospinal Tract;Forceps Minor;Internal Capsule;Superior Fronto-Occipital Fasciculus,FSL,single study,FA;MD,MNI,ANOVA,increase,Parkinson's disease patients vs controls,yes,yes,no,Parkinson Disease
31617796,Diffusion Tensor MRI to Distinguish Progressive Supranuclear Palsy from a-Synucleinopathies,humans,Progressive Supranuclear Palsy;Lewy body disorders;Healthy controls,diffusion MRI,Superior Longitudinal Fasciculus;Anterior Cingulum;Fronto-Occipital Fasciculus;Corpus Callosum;Superior Cerebellar Peduncle,FMRIB Software Library,single study,FA;MD;RD;AD,,logistic regression;receiver operating characteristic analysis;general linear analysis,no mention,PSP vs Lewy body disorders,yes,yes,no,
32922282,"Changes Over Time of Diffusion MRI in the White Matter of Aging Brain, a Good Predictor of Verbal Recall",humans,elderly subjects without dementia,FLAIR;diffusion MRI;T1-weighted sequences,Fornix;Corpus Callosum;Frontal White Matter,FSL,single study,FA;MD,IXI,regression;t-test,increase,changes in MD predicting verbal recall,yes,yes,no,
36632487,Spatial orientationa stable marker for vascular cognitive impairment?,humans,Vascular cognitive impairment,diffusion weighted MRI,Superior Longitudinal Fasciculus,FSL;FreeSurfer,single study,FA,,t-test,decrease,VCI patient spatial orientation deficits over three years,yes,yes,yes,Vascular Cognitive Impairment
39479358,Diffusion tensor imaging in cerebral small vessel disease applications: opportunities and challenges,humans,Cerebral Small Vessel Disease,diffusion tensor imaging,Inferior Longitudinal Fasciculus;Corpus Callosum;Anterior Thalamic Radiation;Inferior Fronto-Occipital Fasciculus;Forceps Minor,,review,FA;MD;MK,,,,Cerebral Small Vessel Disease,yes,yes,yes,Cerebral Small Vessel Disease
24179862,"Effectiveness of regional DTI measures in distinguishing Alzheimers disease, MCI, and normal aging",humans,Mild Cognitive Impairment;Alzheimer's disease;Healthy controls,Anatomical MRI;diffusion MRI,Superior Longitudinal Fasciculus;Inferior Longitudinal Fasciculus;Corpus Callosum;Cingulum;Fornix,FSL;FreeSurfer,single study,AxD;FA;MD;RD,MNI,ANOVA,decrease,AD vs controls;MCI vs controls,yes,yes,yes,Alzheimers Disease;Mild Cognitive Impairment
26346404,Machine Learning of DTI Structural Brain Connectomes for Lateralization of Temporal Lobe Epilepsy,humans,Temporal Lobe Epilepsy,Anatomical MRI;diffusion MRI,,FSL;Connectome Mapper;FreeSurfer;Diffusion Toolkit,single study,FA,,SVM;nonparametric permutation test,decrease,Temporal Lobe Epilepsy patients vs controls,yes,yes,no,
